[run number],staying-power,percent-inappropriate-land,informalityindex,percent-prime-land,initialcitylimit,popgrowthrate,SimulationRuntime,Politics,Develop,price-sensitivity,diffusion-rate,economicgrowthrate,initialinequality,[step],slumpoppercent,centralslumpoppercent,peripheryslumpoppercent,num-slums,central-num-slums,peripheral-num-slums,slumareapercent,centralslumareapercent,peripheryslumareapercent,slum-density,central-slum-density,periphery-slum-density,red-density,blue-density,green-density,smallest-slum,largest-slum
1,0.3,10.0,0.7,10.0,9,3.0,50,True,True,0.1,0.03,2.0,10.0,0,0.0,0.0,0.0,0,0,0,0.0,0.0,0.0,0.0,0.0,0.0,1.0,1.0,1.0,0,0
1,0.3,10.0,0.7,10.0,9,3.0,50,True,True,0.1,0.03,2.0,10.0,1,0.03234501347708895,4.040404040404041,0.0,4,4,0,1.1019283746556474,1.384083044982699,0.0,3.0,3.0,0.0,1.069364161849711,1.0,1.0,2,2
1,0.3,10.0,0.7,10.0,9,3.0,50,True,True,0.1,0.03,2.0,10.0,2,0.060209424083769635,6.95364238410596,2.5,9,8,1,2.4456521739130435,2.768166089965398,1.2658227848101267,2.5555555555555554,2.625,2.0,1.1369047619047619,1.0,1.0,2,2
1,0.3,10.0,0.7,10.0,9,3.0,50,True,True,0.1,0.03,2.0,10.0,3,0.09669211195928754,11.920529801324504,2.197802197802198,14,13,1,3.7940379403794036,4.659498207885305,1.1111111111111112,2.7142857142857144,2.769230769230769,2.0,1.2375,1.0,1.0,2,2
1,0.3,10.0,0.7,10.0,9,3.0,50,True,True,0.1,0.03,2.0,10.0,4,0.1311881188118812,16.39871382636656,2.1505376344086025,19,18,1,5.191256830601093,6.545454545454546,1.098901098901099,2.789473684210526,2.8333333333333335,2.0,1.3758389261744965,1.0,1.0133333333333334,2,2
1,0.3,10.0,0.7,10.0,9,3.0,50,True,True,0.1,0.03,2.0,10.0,5,0.13942307692307693,17.55485893416928,2.0618556701030926,21,20,1,5.675675675675676,7.2727272727272725,1.0526315789473684,2.761904761904762,2.8,2.0,1.435374149659864,1.0161290322580645,1.0128205128205128,2,2
1,0.3,10.0,0.7,10.0,9,3.0,50,True,True,0.1,0.03,2.0,10.0,6,0.15186915887850466,18.711656441717793,3.9215686274509802,24,22,2,6.486486486486487,8.088235294117647,2.0408163265306123,2.7083333333333335,2.772727272727273,2.0,1.5714285714285714,1.0161290322580645,1.0123456790123457,2,2
1,0.3,10.0,0.7,10.0,9,3.0,50,True,True,0.1,0.03,2.0,10.0,7,0.17272727272727273,21.492537313432834,3.8095238095238098,27,25,2,7.277628032345014,9.25925925925926,1.9801980198019802,2.814814814814815,2.88,2.0,1.6788321167883211,1.016260162601626,1.0119047619047619,2,2
1,0.3,10.0,0.7,10.0,9,3.0,50,True,True,0.1,0.03,2.0,10.0,8,0.17218543046357615,21.574344023323615,3.6363636363636362,28,26,2,7.446808510638298,9.62962962962963,1.8867924528301887,2.7857142857142856,2.8461538461538463,2.0,1.7426470588235294,1.016,1.0229885057471264,2,2
1,0.3,10.0,0.7,10.0,9,3.0,50,True,True,0.1,0.03,2.0,10.0,9,0.1781115879828326,23.142857142857142,1.7241379310344827,30,29,1,7.853403141361256,10.74074074074074,0.8928571428571428,2.7666666666666666,2.793103448275862,2.0,1.8148148148148149,1.0236220472440944,1.0224719101123596,2,2
1,0.3,10.0,0.7,10.0,9,3.0,50,True,True,0.1,0.03,2.0,10.0,10,0.18162839248434237,23.18435754189944,3.3057851239669422,32,30,2,8.226221079691516,10.989010989010989,1.7241379310344827,2.71875,2.7666666666666666,2.0,1.8518518518518519,1.037313432835821,1.0227272727272727,2,2
1,0.3,10.0,0.7,10.0,9,3.0,50,True,True,0.1,0.03,2.0,10.0,11,0.19066937119675456,24.456521739130434,3.2,34,32,2,8.651399491094146,11.72161172161172,1.6666666666666667,2.764705882352941,2.8125,2.0,1.9259259259259258,1.053030303030303,1.0217391304347827,2,2
1,0.3,10.0,0.7,10.0,9,3.0,50,True,True,0.1,0.03,2.0,10.0,12,0.1893491124260355,24.46808510638298,3.0534351145038165,35,33,2,8.75,12.043795620437956,1.5873015873015872,2.742857142857143,2.787878787878788,2.0,1.9496402877697843,1.0610687022900764,1.0210526315789474,2,2
1,0.3,10.0,0.7,10.0,9,3.0,50,True,True,0.1,0.03,2.0,10.0,13,0.19348659003831417,25.260416666666668,2.898550724637681,37,35,2,9.068627450980392,12.727272727272727,1.5037593984962405,2.72972972972973,2.7714285714285714,2.0,1.979020979020979,1.0692307692307692,1.0204081632653061,2,2
1,0.3,10.0,0.7,10.0,9,3.0,50,True,True,0.1,0.03,2.0,10.0,14,0.19180633147113593,25.190839694656486,2.7777777777777777,38,36,2,9.090909090909092,12.903225806451612,1.4388489208633095,2.710526315789474,2.75,2.0,1.9795918367346939,1.0666666666666667,1.0408163265306123,2,2
1,0.3,10.0,0.7,10.0,9,3.0,50,True,True,0.1,0.03,2.0,10.0,15,0.19529837251356238,25.5,3.9215686274509802,40,37,3,9.411764705882353,13.261648745519713,2.054794520547945,2.7,2.7567567567567566,2.0,2.0405405405405403,1.0740740740740742,1.0392156862745099,2,2
1,0.3,10.0,0.7,10.0,9,3.0,50,True,True,0.1,0.03,2.0,10.0,16,0.1968365553602812,26.108374384236456,3.6809815950920246,42,39,3,9.610983981693364,13.87900355871886,1.9230769230769231,2.6666666666666665,2.717948717948718,2.0,2.045751633986928,1.0719424460431655,1.0388349514563107,2,2
1,0.3,10.0,0.7,10.0,9,3.0,50,True,True,0.1,0.03,2.0,10.0,17,0.19283276450511946,25.67237163814181,4.519774011299435,43,39,4,9.57683741648107,13.780918727915195,2.4096385542168677,2.627906976744186,2.6923076923076925,2.0,2.025,1.0863309352517985,1.0373831775700935,2,2
1,0.3,10.0,0.7,10.0,9,3.0,50,True,True,0.1,0.03,2.0,10.0,18,0.19071310116086235,24.514563106796118,7.329842931937172,45,38,7,9.761388286334057,13.333333333333334,3.977272727272727,2.5555555555555554,2.6578947368421053,2.0,2.0552147239263805,1.0833333333333333,1.0467289719626167,2,2
1,0.3,10.0,0.7,10.0,9,3.0,50,True,True,0.1,0.03,2.0,10.0,19,0.19162640901771336,24.819277108433734,7.766990291262135,47,39,8,10.042735042735043,13.684210526315791,4.371584699453552,2.5319148936170213,2.641025641025641,2.0,2.0838323353293413,1.096551724137931,1.0458715596330275,2,2
1,0.3,10.0,0.7,10.0,9,3.0,50,True,True,0.1,0.03,2.0,10.0,20,0.18935837245696402,24.759615384615387,8.071748878923767,48,39,9,9.95850622406639,13.588850174216027,4.615384615384616,2.5208333333333335,2.641025641025641,2.0,2.0508474576271185,1.096551724137931,1.0446428571428572,2,2
1,0.3,10.0,0.7,10.0,9,3.0,50,True,True,0.1,0.03,2.0,10.0,21,0.19756838905775076,25.41966426858513,9.95850622406639,52,40,12,10.526315789473683,14.035087719298245,5.741626794258373,2.5,2.65,2.0,2.101123595505618,1.0939597315436242,1.0521739130434782,2,2
1,0.3,10.0,0.7,10.0,9,3.0,50,True,True,0.1,0.03,2.0,10.0,22,0.20088626292466766,26.60332541567696,9.375,55,43,12,10.805500982318271,15.034965034965033,5.381165919282512,2.4727272727272727,2.604651162790698,2.0,2.0802139037433154,1.1041666666666667,1.048780487804878,2,2
1,0.3,10.0,0.7,10.0,9,3.0,50,True,True,0.1,0.03,2.0,10.0,23,0.20373027259684362,26.25298329355609,11.510791366906476,57,42,15,10.89866156787763,14.736842105263156,6.302521008403361,2.491228070175439,2.619047619047619,2.1333333333333333,2.082474226804124,1.1027397260273972,1.056,2,2
1,0.3,10.0,0.7,10.0,9,3.0,50,True,True,0.1,0.03,2.0,10.0,24,0.19804741980474197,26.25298329355609,10.738255033557047,57,42,15,10.516605166051662,14.736842105263156,5.836575875486381,2.491228070175439,2.619047619047619,2.1333333333333333,2.034313725490196,1.0903225806451613,1.0555555555555556,2,2
1,0.3,10.0,0.7,10.0,9,3.0,50,True,True,0.1,0.03,2.0,10.0,25,0.2018970189701897,27.400468384074944,10.289389067524116,58,43,15,10.431654676258994,14.982578397212542,5.5762081784386615,2.5689655172413794,2.7209302325581395,2.1333333333333333,2.037914691943128,1.0886075949367089,1.054263565891473,2,2
1,0.3,10.0,0.7,10.0,9,3.0,50,True,True,0.1,0.03,2.0,10.0,26,0.20394736842105263,27.33644859813084,11.44578313253012,61,43,18,10.645724258289704,15.034965034965033,6.2717770034843205,2.540983606557377,2.7209302325581395,2.111111111111111,2.013452914798206,1.0949367088607596,1.0534351145038168,2,2
1,0.3,10.0,0.7,10.0,9,3.0,50,True,True,0.1,0.03,2.0,10.0,27,0.1969309462915601,25.471698113207548,12.849162011173185,62,41,21,10.437710437710438,14.285714285714285,6.840390879478828,2.4838709677419355,2.6341463414634148,2.1904761904761907,1.9787234042553192,1.0925925925925926,1.0526315789473684,2,2
1,0.3,10.0,0.7,10.0,9,3.0,50,True,True,0.1,0.03,2.0,10.0,28,0.20124223602484473,25.292740046838407,14.285714285714285,66,41,25,10.784313725490197,14.186851211072666,7.739938080495357,2.4545454545454546,2.6341463414634148,2.16,1.975206611570248,1.0887573964497042,1.0592592592592593,2,2
1,0.3,10.0,0.7,10.0,9,3.0,50,True,True,0.1,0.03,2.0,10.0,29,0.195416164053076,24.708624708624708,14.000000000000002,66,40,26,10.509554140127388,13.84083044982699,7.669616519174041,2.4545454545454546,2.65,2.1538461538461537,1.9681274900398407,1.087719298245614,1.0719424460431655,2,2
1,0.3,10.0,0.7,10.0,9,3.0,50,True,True,0.1,0.03,2.0,10.0,30,0.20164126611957797,24.766355140186917,15.529411764705884,70,40,30,10.869565217391305,13.88888888888889,8.426966292134832,2.4571428571428573,2.65,2.2,1.9883720930232558,1.0804597701149425,1.0704225352112675,2,2
1,0.3,10.0,0.7,10.0,9,3.0,50,True,True,0.1,0.03,2.0,10.0,31,0.19931662870159453,24.53271028037383,15.555555555555555,71,40,31,10.708898944193061,13.84083044982699,8.288770053475936,2.464788732394366,2.625,2.2580645161290325,1.9664179104477613,1.0971428571428572,1.0671140939597314,2,2
1,0.3,10.0,0.7,10.0,9,3.0,50,True,True,0.1,0.03,2.0,10.0,32,0.1902654867256637,23.11320754716981,15.416666666666668,71,38,33,10.380116959064328,13.194444444444445,8.333333333333332,2.4225352112676055,2.5789473684210527,2.242424242424242,1.95,1.0994475138121547,1.0671140939597314,2,2
1,0.3,10.0,0.7,10.0,9,3.0,50,True,True,0.1,0.03,2.0,10.0,33,0.18259935553168635,22.429906542056074,14.7117296222664,71,38,33,10.113960113960115,13.148788927335639,7.990314769975787,2.3943661971830985,2.526315789473684,2.242424242424242,1.9347079037800687,1.0894736842105264,1.0733333333333333,2,2
1,0.3,10.0,0.7,10.0,9,3.0,50,True,True,0.1,0.03,2.0,10.0,34,0.1837160751565762,22.22222222222222,15.209125475285171,74,38,36,10.277777777777777,13.148788927335639,8.352668213457076,2.3783783783783785,2.526315789473684,2.2222222222222223,1.9401993355481728,1.0876288659793814,1.0794701986754967,2,2
1,0.3,10.0,0.7,10.0,9,3.0,50,True,True,0.1,0.03,2.0,10.0,35,0.17647058823529413,20.657276995305164,15.357142857142858,74,35,39,9.866666666666667,12.110726643598616,8.459869848156181,2.3513513513513513,2.5142857142857142,2.2051282051282053,1.88125,1.0964467005076142,1.0769230769230769,2,2
1,0.3,10.0,0.7,10.0,9,3.0,50,True,True,0.1,0.03,2.0,10.0,36,0.17142857142857143,19.81132075471698,15.228426395939088,73,33,40,9.407216494845361,11.418685121107266,8.213552361396303,2.3835616438356166,2.5454545454545454,2.25,1.8507462686567164,1.0865384615384615,1.0764331210191083,2,2
1,0.3,10.0,0.7,10.0,9,3.0,50,True,True,0.1,0.03,2.0,10.0,37,0.17416267942583732,19.66824644549763,15.890850722311397,77,33,44,9.61298377028714,11.418685121107266,8.59375,2.3636363636363638,2.515151515151515,2.25,1.8225352112676056,1.0788177339901477,1.0783132530120483,2,2
1,0.3,10.0,0.7,10.0,9,3.0,50,True,True,0.1,0.03,2.0,10.0,38,0.18308550185873607,19.148936170212767,17.76416539050536,83,32,51,10.121951219512196,11.11111111111111,9.586466165413533,2.3734939759036147,2.53125,2.2745098039215685,1.8512396694214877,1.0821256038647342,1.0778443113772456,2,2
1,0.3,10.0,0.7,10.0,9,3.0,50,True,True,0.1,0.03,2.0,10.0,39,0.1832129963898917,19.34731934731935,17.673048600883654,86,33,53,10.21377672209026,11.458333333333332,9.566787003610107,2.36046511627907,2.515151515151515,2.2641509433962264,1.8469656992084433,1.0895522388059702,1.0738636363636365,2,2
1,0.3,10.0,0.7,10.0,9,3.0,50,True,True,0.1,0.03,2.0,10.0,40,0.1796669588080631,17.92452830188679,17.99163179916318,87,30,57,9.931506849315069,10.416666666666668,9.693877551020408,2.3563218390804597,2.533333333333333,2.263157894736842,1.8014888337468982,1.0841584158415842,1.0769230769230769,2,2
1,0.3,10.0,0.7,10.0,9,3.0,50,True,True,0.1,0.03,2.0,10.0,41,0.17957446808510638,17.102137767220903,18.43501326259947,91,29,62,10.022026431718063,10.034602076124568,10.016155088852988,2.318681318681319,2.4827586206896552,2.2419354838709675,1.7825059101654845,1.0679611650485437,1.0748663101604279,2,2
1,0.3,10.0,0.7,10.0,9,3.0,50,True,True,0.1,0.03,2.0,10.0,42,0.17768595041322313,16.706443914081145,18.331226295828067,92,28,64,9.79765708200213,9.75609756097561,9.815950920245399,2.3369565217391304,2.5,2.265625,1.7659090909090909,1.0601851851851851,1.068062827225131,2,2
1,0.3,10.0,0.7,10.0,9,3.0,50,True,True,0.1,0.03,2.0,10.0,43,0.18138041733547353,17.18377088305489,18.621523579201934,97,29,68,9.979423868312757,10.069444444444445,9.941520467836257,2.329896907216495,2.4827586206896552,2.264705882352941,1.748917748917749,1.0601851851851851,1.066326530612245,2,2
1,0.3,10.0,0.7,10.0,9,3.0,50,True,True,0.1,0.03,2.0,10.0,44,0.18316445830085737,17.102137767220903,18.90951276102088,100,29,71,9.980039920159681,10.069444444444445,9.943977591036415,2.35,2.4827586206896552,2.295774647887324,1.7370600414078674,1.061611374407583,1.0628019323671498,2,2
1,0.3,10.0,0.7,10.0,9,3.0,50,True,True,0.1,0.03,2.0,10.0,45,0.19076457229371688,17.061611374407583,20.02224694104561,107,29,78,10.37827352085354,10.034602076124568,10.512129380053908,2.3551401869158877,2.4827586206896552,2.3076923076923075,1.7449799196787148,1.0610328638497653,1.0610328638497653,2,2
1,0.3,10.0,0.7,10.0,9,3.0,50,True,True,0.1,0.03,2.0,10.0,46,0.19117647058823528,17.142857142857142,20.0,110,29,81,10.299625468164795,10.034602076124568,10.397946084724005,2.3636363636363638,2.4827586206896552,2.3209876543209877,1.7222222222222223,1.0545454545454545,1.0601851851851851,2,2
1,0.3,10.0,0.7,10.0,9,3.0,50,True,True,0.1,0.03,2.0,10.0,47,0.19285714285714287,15.421686746987953,20.913705583756347,115,26,89,10.44504995458674,8.996539792387544,10.960591133004927,2.347826086956522,2.4615384615384617,2.3146067415730336,1.7195571955719557,1.0642201834862386,1.0582959641255605,2,2
1,0.3,10.0,0.7,10.0,9,3.0,50,True,True,0.1,0.03,2.0,10.0,48,0.1900138696255201,15.048543689320388,20.58252427184466,117,25,92,10.254163014899213,8.650519031141869,10.7981220657277,2.341880341880342,2.48,2.3043478260869565,1.6905594405594406,1.055045871559633,1.0560344827586208,2,2
1,0.3,10.0,0.7,10.0,9,3.0,50,True,True,0.1,0.03,2.0,10.0,49,0.1919191919191919,14.356435643564355,20.999074930619795,123,24,99,10.414902624894157,8.362369337979095,11.073825503355705,2.317073170731707,2.4166666666666665,2.292929292929293,1.6761744966442953,1.053811659192825,1.0546218487394958,2,2
1,0.3,10.0,0.7,10.0,9,3.0,50,True,True,0.1,0.03,2.0,10.0,50,0.18835840418574232,14.532019704433496,20.391807658058774,124,24,100,10.163934426229508,8.362369337979095,10.718113612004288,2.3225806451612905,2.4583333333333335,2.29,1.6528,1.0562770562770563,1.0543933054393306,2,2
2,0.3,10.0,0.7,10.0,9,3.0,50,True,True,0.1,0.03,2.0,10.0,0,0.0,0.0,0.0,0,0,0,0.0,0.0,0.0,0.0,0.0,0.0,1.0,1.0,1.0,0,0
2,0.3,10.0,0.7,10.0,9,3.0,50,True,True,0.1,0.03,2.0,10.0,1,0.02425876010781671,2.380952380952381,2.5974025974025974,3,2,1,0.821917808219178,0.6920415224913495,1.3157894736842104,3.0,3.5,2.0,1.0517241379310345,1.0,1.0,2,2
2,0.3,10.0,0.7,10.0,9,3.0,50,True,True,0.1,0.03,2.0,10.0,2,0.0549738219895288,6.291390728476822,2.5,7,6,1,1.9021739130434785,2.0761245674740483,1.2658227848101267,3.0,3.1666666666666665,2.0,1.1228070175438596,1.0,1.0,2,2
2,0.3,10.0,0.7,10.0,9,3.0,50,True,True,0.1,0.03,2.0,10.0,3,0.07633587786259542,9.271523178807946,2.197802197802198,11,10,1,2.949061662198391,3.53356890459364,1.1111111111111112,2.727272727272727,2.8,2.0,1.1785714285714286,1.0072463768115942,1.0,2,2
2,0.3,10.0,0.7,10.0,9,3.0,50,True,True,0.1,0.03,2.0,10.0,4,0.09158415841584158,11.974110032362459,0.0,14,14,0,3.753351206434316,5.0359712230215825,0.0,2.642857142857143,2.642857142857143,2.0,1.2993630573248407,1.0,1.0,2,2
2,0.3,10.0,0.7,10.0,9,3.0,50,True,True,0.1,0.03,2.0,10.0,5,0.13701923076923078,17.8125,0.0,17,17,0,4.722222222222222,6.4393939393939394,0.0,3.3529411764705883,3.3529411764705883,2.0,1.532846715328467,1.0,1.0,2,2
2,0.3,10.0,0.7,10.0,9,3.0,50,True,True,0.1,0.03,2.0,10.0,6,0.14953271028037382,19.27710843373494,0.0,20,20,0,5.524861878453039,7.518796992481203,0.0,3.2,3.2,2.0,1.643939393939394,1.0065359477124183,1.0,2,2
2,0.3,10.0,0.7,10.0,9,3.0,50,True,True,0.1,0.03,2.0,10.0,7,0.1590909090909091,20.0,2.0,23,22,1,6.284153005464481,8.239700374531834,1.0101010101010102,3.0434782608695654,3.090909090909091,2.0,1.7480314960629921,1.0128205128205128,1.0,2,2
2,0.3,10.0,0.7,10.0,9,3.0,50,True,True,0.1,0.03,2.0,10.0,8,0.17880794701986755,22.379603399433428,2.0,26,25,1,7.084468664850137,9.328358208955224,1.0101010101010102,3.1153846153846154,3.16,2.0,1.886178861788618,1.019108280254777,1.0,2,2
2,0.3,10.0,0.7,10.0,9,3.0,50,True,True,0.1,0.03,2.0,10.0,9,0.1781115879828326,22.56267409470752,1.8691588785046727,27,26,1,7.219251336898395,9.701492537313433,0.9433962264150944,3.074074074074074,3.1153846153846154,2.0,1.905511811023622,1.025974025974026,1.0,2,2
2,0.3,10.0,0.7,10.0,9,3.0,50,True,True,0.1,0.03,2.0,10.0,10,0.17954070981210857,23.26869806094183,1.694915254237288,28,27,1,7.216494845360824,9.96309963099631,0.8547008547008548,3.0714285714285716,3.111111111111111,2.0,1.8582089552238805,1.025,1.0,2,2
2,0.3,10.0,0.7,10.0,9,3.0,50,True,True,0.1,0.03,2.0,10.0,11,0.1947261663286004,25.336927223719673,1.639344262295082,32,31,1,8.16326530612245,11.439114391143912,0.8264462809917356,3.0,3.032258064516129,2.0,1.9922480620155039,1.031055900621118,1.0,2,2
2,0.3,10.0,0.7,10.0,9,3.0,50,True,True,0.1,0.03,2.0,10.0,12,0.1932938856015779,24.736842105263158,3.149606299212598,33,31,2,8.333333333333332,11.355311355311356,1.6260162601626018,2.9696969696969697,3.032258064516129,2.0,2.094488188976378,1.030674846625767,1.0138888888888888,2,2
2,0.3,10.0,0.7,10.0,9,3.0,50,True,True,0.1,0.03,2.0,10.0,13,0.19923371647509577,25.32299741602067,4.444444444444445,36,33,3,8.88888888888889,12.0,2.307692307692308,2.888888888888889,2.9696969696969697,2.0,2.1653543307086616,1.0239520958083832,1.0133333333333334,2,2
2,0.3,10.0,0.7,10.0,9,3.0,50,True,True,0.1,0.03,2.0,10.0,14,0.19366852886405958,24.873096446700508,4.195804195804196,36,33,3,8.633093525179856,11.827956989247312,2.1739130434782608,2.888888888888889,2.9696969696969697,2.0,2.111111111111111,1.0236686390532543,1.025974025974026,2,2
2,0.3,10.0,0.7,10.0,9,3.0,50,True,True,0.1,0.03,2.0,10.0,15,0.18806509945750452,24.378109452736318,3.9735099337748347,36,33,3,8.450704225352112,11.743772241992882,2.0689655172413794,2.888888888888889,2.9696969696969697,2.0,2.0704225352112675,1.0532544378698225,1.0253164556962024,2,2
2,0.3,10.0,0.7,10.0,9,3.0,50,True,True,0.1,0.03,2.0,10.0,16,0.18980667838312829,24.57002457002457,4.938271604938271,38,34,4,8.715596330275229,12.014134275618375,2.6143790849673203,2.8421052631578947,2.9411764705882355,2.0,2.081081081081081,1.0529411764705883,1.025,2,2
2,0.3,10.0,0.7,10.0,9,3.0,50,True,True,0.1,0.03,2.0,10.0,17,0.19795221843003413,25.66585956416465,5.780346820809249,42,37,5,9.417040358744394,13.028169014084506,3.0864197530864197,2.761904761904762,2.864864864864865,2.0,2.0974025974025974,1.0658682634730539,1.0240963855421688,2,2
2,0.3,10.0,0.7,10.0,9,3.0,50,True,True,0.1,0.03,2.0,10.0,18,0.2023217247097844,25.120772946859905,9.523809523809524,45,36,9,9.868421052631579,12.7208480565371,5.202312138728324,2.7111111111111112,2.888888888888889,2.0,2.176470588235294,1.0701754385964912,1.0235294117647058,2,2
2,0.3,10.0,0.7,10.0,9,3.0,50,True,True,0.1,0.03,2.0,10.0,19,0.2028985507246377,25.0,10.731707317073171,47,36,11,9.957627118644067,12.631578947368421,5.88235294117647,2.6808510638297873,2.888888888888889,2.0,2.1219512195121952,1.0647058823529412,1.0222222222222221,2,2
2,0.3,10.0,0.7,10.0,9,3.0,50,True,True,0.1,0.03,2.0,10.0,20,0.20344287949921752,25.358851674641148,10.85972850678733,49,37,12,10.103092783505154,12.937062937062937,6.030150753768844,2.6530612244897958,2.864864864864865,2.0,2.111111111111111,1.0635838150289016,1.0217391304347827,2,2
2,0.3,10.0,0.7,10.0,9,3.0,50,True,True,0.1,0.03,2.0,10.0,21,0.21124620060790272,25.943396226415093,12.393162393162394,53,39,14,10.707070707070706,13.588850174216027,6.730769230769231,2.6226415094339623,2.8205128205128207,2.0714285714285716,2.1560693641618496,1.08,1.0212765957446808,2,2
2,0.3,10.0,0.7,10.0,9,3.0,50,True,True,0.1,0.03,2.0,10.0,22,0.2038404726735598,25.707547169811324,11.462450592885375,53,39,14,10.392156862745098,13.684210526315791,6.222222222222222,2.6037735849056602,2.7948717948717947,2.0714285714285716,2.10989010989011,1.0833333333333333,1.0315789473684212,2,2
2,0.3,10.0,0.7,10.0,9,3.0,50,True,True,0.1,0.03,2.0,10.0,23,0.21233859397417504,25.65947242206235,14.642857142857144,57,38,19,10.815939278937382,13.380281690140844,7.818930041152264,2.5964912280701755,2.8157894736842106,2.1578947368421053,2.0885416666666665,1.0828729281767955,1.0309278350515463,2,2
2,0.3,10.0,0.7,10.0,9,3.0,50,True,True,0.1,0.03,2.0,10.0,24,0.20641562064156208,25.059665871121716,14.429530201342283,57,37,20,10.420475319926874,12.89198606271777,7.6923076923076925,2.5964912280701755,2.8378378378378377,2.15,1.9952153110047848,1.095505617977528,1.0294117647058822,2,2
2,0.3,10.0,0.7,10.0,9,3.0,50,True,True,0.1,0.03,2.0,10.0,25,0.2086720867208672,25.415676959619955,14.826498422712934,60,38,22,10.657193605683837,13.194444444444445,8.0,2.566666666666667,2.8157894736842106,2.1363636363636362,1.9592760180995474,1.1091954022988506,1.037037037037037,2,2
2,0.3,10.0,0.7,10.0,9,3.0,50,True,True,0.1,0.03,2.0,10.0,26,0.19736842105263158,24.22062350119904,14.285714285714285,58,35,23,9.897610921501707,12.152777777777777,7.718120805369128,2.586206896551724,2.8857142857142857,2.130434782608696,1.8983050847457628,1.1016949152542372,1.0446428571428572,2,2
2,0.3,10.0,0.7,10.0,9,3.0,50,True,True,0.1,0.03,2.0,10.0,27,0.19309462915601022,23.86634844868735,14.049586776859504,59,35,24,9.735973597359736,12.152777777777777,7.547169811320755,2.559322033898305,2.857142857142857,2.125,1.8565737051792828,1.0824175824175823,1.0530973451327434,2,2
2,0.3,10.0,0.7,10.0,9,3.0,50,True,True,0.1,0.03,2.0,10.0,28,0.19751552795031055,23.923444976076556,15.245478036175712,63,35,28,10.112359550561797,12.195121951219512,8.333333333333332,2.5238095238095237,2.857142857142857,2.107142857142857,1.867704280155642,1.0864864864864865,1.0508474576271187,2,2
2,0.3,10.0,0.7,10.0,9,3.0,50,True,True,0.1,0.03,2.0,10.0,29,0.19179734620024125,23.27790973871734,14.950980392156863,63,34,29,9.79782270606532,11.76470588235294,8.192090395480225,2.5238095238095237,2.8823529411764706,2.103448275862069,1.8438661710037174,1.0947368421052632,1.0593220338983051,2,2
2,0.3,10.0,0.7,10.0,9,3.0,50,True,True,0.1,0.03,2.0,10.0,30,0.19343493552168817,23.058823529411764,15.654205607476634,66,34,32,10.091743119266056,11.76470588235294,8.767123287671232,2.5,2.8823529411764706,2.09375,1.8581818181818182,1.1117021276595744,1.064,2,2
2,0.3,10.0,0.7,10.0,9,3.0,50,True,True,0.1,0.03,2.0,10.0,31,0.1947608200455581,22.327790973871732,16.849015317286653,69,32,37,10.237388724035608,11.149825783972126,9.560723514211885,2.4782608695652173,2.9375,2.081081081081081,1.8732394366197183,1.094240837696335,1.0703125,2,2
2,0.3,10.0,0.7,10.0,9,3.0,50,True,True,0.1,0.03,2.0,10.0,32,0.1902654867256637,21.014492753623188,17.346938775510203,72,31,41,10.256410256410255,10.801393728222997,9.879518072289157,2.388888888888889,2.806451612903226,2.073170731707317,1.8366666666666667,1.0721649484536082,1.0661764705882353,2,2
2,0.3,10.0,0.7,10.0,9,3.0,50,True,True,0.1,0.03,2.0,10.0,33,0.18796992481203006,20.96385542168675,17.05426356589147,73,31,42,10.027472527472527,10.726643598615917,9.567198177676538,2.3972602739726026,2.806451612903226,2.0952380952380953,1.7899686520376175,1.0765306122448979,1.0642857142857143,2,2
2,0.3,10.0,0.7,10.0,9,3.0,50,True,True,0.1,0.03,2.0,10.0,34,0.17954070981210857,20.048309178743963,16.360294117647058,71,29,42,9.441489361702128,10.069444444444445,9.051724137931034,2.4225352112676055,2.8620689655172415,2.119047619047619,1.7641791044776118,1.07,1.0625,2,2
2,0.3,10.0,0.7,10.0,9,3.0,50,True,True,0.1,0.03,2.0,10.0,35,0.17647058823529413,20.048309178743963,15.909090909090908,72,29,43,9.254498714652955,10.034602076124568,8.793456032719837,2.4166666666666665,2.8620689655172415,2.116279069767442,1.7219101123595506,1.0686274509803921,1.0616438356164384,2,2
2,0.3,10.0,0.7,10.0,9,3.0,50,True,True,0.1,0.03,2.0,10.0,36,0.1832512315270936,20.145631067961165,17.081260364842453,78,29,49,9.72568578553616,10.069444444444445,9.53307392996109,2.3846153846153846,2.8620689655172415,2.1020408163265305,1.7397260273972603,1.061904761904762,1.0608108108108107,2,2
2,0.3,10.0,0.7,10.0,9,3.0,50,True,True,0.1,0.03,2.0,10.0,37,0.18086124401913875,20.0,16.825396825396826,79,29,50,9.529553679131483,10.034602076124568,9.25925925925926,2.392405063291139,2.8620689655172415,2.12,1.7172774869109948,1.0555555555555556,1.0592105263157894,2,2
2,0.3,10.0,0.7,10.0,9,3.0,50,True,True,0.1,0.03,2.0,10.0,38,0.1812267657992565,20.09685230024213,16.89291101055807,82,29,53,9.56826137689615,10.069444444444445,9.314586994727591,2.3780487804878048,2.8620689655172415,2.1132075471698113,1.691542288557214,1.0651162790697675,1.0569620253164558,2,2
2,0.3,10.0,0.7,10.0,9,3.0,50,True,True,0.1,0.03,2.0,10.0,39,0.17779783393501805,19.75609756097561,16.6189111747851,83,28,55,9.336332958380202,9.722222222222223,9.151414309484194,2.3734939759036147,2.892857142857143,2.109090909090909,1.6518691588785046,1.0691244239631337,1.05625,2,2
2,0.3,10.0,0.7,10.0,9,3.0,50,True,True,0.1,0.03,2.0,10.0,40,0.18229623137598597,20.145631067961165,17.146776406035666,88,29,59,9.606986899563319,10.034602076124568,9.409888357256778,2.3636363636363638,2.8620689655172415,2.1186440677966103,1.6515837104072397,1.0730593607305936,1.0538922155688624,2,2
2,0.3,10.0,0.7,10.0,9,3.0,50,True,True,0.1,0.03,2.0,10.0,41,0.1804255319148936,20.145631067961165,16.90694626474443,90,29,61,9.513742071881607,10.034602076124568,9.28462709284627,2.3555555555555556,2.8620689655172415,2.1147540983606556,1.6349892008639308,1.0717488789237668,1.0529411764705883,2,2
2,0.3,10.0,0.7,10.0,9,3.0,50,True,True,0.1,0.03,2.0,10.0,42,0.18181818181818182,20.243902439024392,17.125,94,29,65,9.631147540983607,10.034602076124568,9.461426491994178,2.3404255319148937,2.8620689655172415,2.1076923076923078,1.6265560165975104,1.0758928571428572,1.0511363636363635,2,2
2,0.3,10.0,0.7,10.0,9,3.0,50,True,True,0.1,0.03,2.0,10.0,43,0.17897271268057785,20.049504950495052,16.864608076009503,96,28,68,9.47680157946693,9.722222222222223,9.379310344827587,2.3229166666666665,2.892857142857143,2.088235294117647,1.6075697211155378,1.0677966101694916,1.050561797752809,2,2
2,0.3,10.0,0.7,10.0,9,3.0,50,True,True,0.1,0.03,2.0,10.0,44,0.17926734216679657,19.900497512437813,17.0261066969353,100,28,72,9.578544061302683,9.688581314878892,9.536423841059603,2.3,2.857142857142857,2.0833333333333335,1.603448275862069,1.0632911392405062,1.0486486486486486,2,2
2,0.3,10.0,0.7,10.0,9,3.0,50,True,True,0.1,0.03,2.0,10.0,45,0.18243754731264195,19.240506329113924,17.818574514038875,104,26,78,9.683426443202979,9.059233449477352,9.91105463786531,2.3173076923076925,2.923076923076923,2.1153846153846154,1.6103896103896105,1.0578512396694215,1.047872340425532,2,2
2,0.3,10.0,0.7,10.0,9,3.0,50,True,True,0.1,0.03,2.0,10.0,46,0.18455882352941178,19.289340101522843,18.115942028985508,109,26,83,9.828674481514877,9.059233449477352,10.097323600973237,2.302752293577982,2.923076923076923,2.108433734939759,1.605357142857143,1.0532786885245902,1.0461538461538462,2,2
2,0.3,10.0,0.7,10.0,9,3.0,50,True,True,0.1,0.03,2.0,10.0,47,0.18642857142857142,19.19191919191919,18.426294820717132,114,26,88,9.98248686514886,9.027777777777777,10.304449648711945,2.289473684210526,2.923076923076923,2.102272727272727,1.603448275862069,1.0522088353413654,1.0452261306532664,2,2
2,0.3,10.0,0.7,10.0,9,3.0,50,True,True,0.1,0.03,2.0,10.0,48,0.18723994452149792,18.02030456852792,18.98854961832061,119,24,95,10.084745762711865,8.304498269896193,10.662177328843995,2.26890756302521,2.9583333333333335,2.094736842105263,1.600665557404326,1.051792828685259,1.0434782608695652,2,2
2,0.3,10.0,0.7,10.0,9,3.0,50,True,True,0.1,0.03,2.0,10.0,49,0.19057239057239056,18.06615776081425,19.413919413919416,125,24,101,10.279605263157894,8.304498269896193,10.895361380798274,2.264,2.9583333333333335,2.099009900990099,1.5961538461538463,1.0509803921568628,1.0424528301886793,2,2
2,0.3,10.0,0.7,10.0,9,3.0,50,True,True,0.1,0.03,2.0,10.0,50,0.1935905820797907,18.251928020565554,19.736842105263158,131,24,107,10.446570972886763,8.333333333333332,11.076604554865424,2.2595419847328246,2.9583333333333335,2.102803738317757,1.6053042121684868,1.0377358490566038,1.0416666666666667,2,2
3,0.3,10.0,0.7,10.0,9,3.0,50,True,True,0.1,0.03,2.0,10.0,0,0.0,0.0,0.0,0,0,0,0.0,0.0,0.0,0.0,0.0,0.0,1.0,1.0,1.0,0,0
3,0.3,10.0,0.7,10.0,9,3.0,50,True,True,0.1,0.03,2.0,10.0,1,0.026954177897574125,3.389830508474576,0.0,4,4,0,1.095890410958904,1.384083044982699,0.0,2.5,2.5,0.0,1.0561797752808988,1.0,1.0,2,2
3,0.3,10.0,0.7,10.0,9,3.0,50,True,True,0.1,0.03,2.0,10.0,2,0.049738219895287955,6.333333333333334,0.0,8,8,0,2.15633423180593,2.768166089965398,0.0,2.375,2.375,0.0,1.1079545454545454,1.0,1.0,2,2
3,0.3,10.0,0.7,10.0,9,3.0,50,True,True,0.1,0.03,2.0,10.0,3,0.07124681933842239,9.427609427609427,0.0,11,11,0,2.925531914893617,3.9285714285714284,0.0,2.5454545454545454,2.5454545454545454,0.0,1.1618497109826589,1.0,1.0,2,2
3,0.3,10.0,0.7,10.0,9,3.0,50,True,True,0.1,0.03,2.0,10.0,4,0.09405940594059406,12.418300653594772,0.0,15,15,0,3.9893617021276597,5.376344086021505,0.0,2.533333333333333,2.533333333333333,0.0,1.2606060606060605,1.0,1.0,2,2
3,0.3,10.0,0.7,10.0,9,3.0,50,True,True,0.1,0.03,2.0,10.0,5,0.11778846153846154,15.605095541401273,0.0,19,19,0,5.080213903743315,6.95970695970696,0.0,2.5789473684210527,2.5789473684210527,0.0,1.3821656050955413,1.0082644628099173,1.0,2,2
3,0.3,10.0,0.7,10.0,9,3.0,50,True,True,0.1,0.03,2.0,10.0,6,0.1308411214953271,17.3374613003096,0.0,22,22,0,5.9459459459459465,8.239700374531834,0.0,2.5454545454545454,2.5454545454545454,0.0,1.5342465753424657,1.0082644628099173,1.0123456790123457,2,2
3,0.3,10.0,0.7,10.0,9,3.0,50,True,True,0.1,0.03,2.0,10.0,7,0.15227272727272728,20.059880239520957,0.0,25,25,0,6.756756756756757,9.398496240601503,0.0,2.68,2.68,0.0,1.6595744680851063,1.0082644628099173,1.0120481927710843,2,2
3,0.3,10.0,0.7,10.0,9,3.0,50,True,True,0.1,0.03,2.0,10.0,8,0.16335540838852097,21.764705882352942,0.0,28,28,0,7.4866310160427805,10.606060606060606,0.0,2.642857142857143,2.642857142857143,0.0,1.7428571428571429,1.0165289256198347,1.011764705882353,2,2
3,0.3,10.0,0.7,10.0,9,3.0,50,True,True,0.1,0.03,2.0,10.0,9,0.16523605150214593,22.254335260115607,0.0,30,30,0,7.853403141361256,11.235955056179774,0.0,2.566666666666667,2.566666666666667,0.0,1.792857142857143,1.0161290322580645,1.0113636363636365,2,2
3,0.3,10.0,0.7,10.0,9,3.0,50,True,True,0.1,0.03,2.0,10.0,10,0.16075156576200417,21.813031161473088,0.0,30,30,0,7.712082262210797,11.152416356877323,0.0,2.566666666666667,2.566666666666667,0.0,1.8194444444444444,1.007936507936508,1.0112359550561798,2,2
3,0.3,10.0,0.7,10.0,9,3.0,50,True,True,0.1,0.03,2.0,10.0,11,0.16024340770791076,21.38888888888889,1.5037593984962405,31,30,1,7.908163265306123,11.152416356877323,0.8130081300813009,2.5483870967741935,2.566666666666667,2.0,1.8958333333333333,1.008,1.0217391304347827,2,2
3,0.3,10.0,0.7,10.0,9,3.0,50,True,True,0.1,0.03,2.0,10.0,12,0.15581854043392504,21.095890410958905,1.4084507042253522,31,30,1,7.6923076923076925,10.989010989010989,0.7692307692307693,2.5483870967741935,2.566666666666667,2.0,1.8926174496644295,1.0078740157480315,1.0210526315789474,2,2
3,0.3,10.0,0.7,10.0,9,3.0,50,True,True,0.1,0.03,2.0,10.0,13,0.15708812260536398,21.50537634408602,1.3333333333333335,32,31,1,7.74818401937046,11.272727272727273,0.7246376811594203,2.5625,2.5806451612903225,2.0,1.8896103896103895,1.0155038759689923,1.0204081632653061,2,2
3,0.3,10.0,0.7,10.0,9,3.0,50,True,True,0.1,0.03,2.0,10.0,14,0.1527001862197393,21.164021164021165,1.257861635220126,32,31,1,7.529411764705881,11.151079136690647,0.6802721088435374,2.5625,2.5806451612903225,2.0,1.8853503184713376,1.0217391304347827,1.0204081632653061,2,2
3,0.3,10.0,0.7,10.0,9,3.0,50,True,True,0.1,0.03,2.0,10.0,15,0.15732368896925858,21.784776902887142,2.3255813953488373,34,32,2,7.834101382488479,11.469534050179211,1.2903225806451613,2.5588235294117645,2.59375,2.0,1.9245283018867925,1.0283687943262412,1.02,2,2
3,0.3,10.0,0.7,10.0,9,3.0,50,True,True,0.1,0.03,2.0,10.0,16,0.1546572934973638,21.705426356589147,2.197802197802198,35,33,2,7.8125,11.66077738515901,1.2121212121212122,2.5142857142857142,2.5454545454545454,2.0,1.9036144578313252,1.0277777777777777,1.0194174757281553,2,2
3,0.3,10.0,0.7,10.0,9,3.0,50,True,True,0.1,0.03,2.0,10.0,17,0.16382252559726962,23.017902813299234,3.076923076923077,39,36,3,8.478260869565217,12.676056338028168,1.7045454545454544,2.4615384615384617,2.5,2.0,1.907514450867052,1.0425531914893618,1.0186915887850467,2,2
3,0.3,10.0,0.7,10.0,9,3.0,50,True,True,0.1,0.03,2.0,10.0,18,0.1625207296849088,23.46938775510204,2.843601895734597,39,36,3,8.227848101265822,12.631578947368421,1.5873015873015872,2.5128205128205128,2.5555555555555554,2.0,1.8681318681318682,1.0694444444444444,1.0186915887850467,2,2
3,0.3,10.0,0.7,10.0,9,3.0,50,True,True,0.1,0.03,2.0,10.0,19,0.16747181964573268,23.72448979591837,4.8034934497816595,42,37,5,8.641975308641975,12.982456140350877,2.4875621890547266,2.4761904761904763,2.5135135135135136,2.2,1.881720430107527,1.080536912751678,1.0185185185185186,2,2
3,0.3,10.0,0.7,10.0,9,3.0,50,True,True,0.1,0.03,2.0,10.0,20,0.1674491392801252,23.096446700507613,6.530612244897959,43,36,7,8.634538152610443,12.676056338028168,3.2710280373831773,2.488372093023256,2.5277777777777777,2.2857142857142856,1.890625,1.0728476821192052,1.0178571428571428,2,2
3,0.3,10.0,0.7,10.0,9,3.0,50,True,True,0.1,0.03,2.0,10.0,21,0.1656534954407295,22.807017543859647,6.94980694980695,44,36,8,8.560311284046692,12.5,3.5398230088495577,2.477272727272727,2.5277777777777777,2.25,1.875,1.0714285714285714,1.0172413793103448,2,2
3,0.3,10.0,0.7,10.0,9,3.0,50,True,True,0.1,0.03,2.0,10.0,22,0.16691285081240767,22.75,7.9422382671480145,46,36,10,8.761904761904763,12.543554006968641,4.201680672268908,2.4565217391304346,2.5277777777777777,2.2,1.9019607843137254,1.075,1.017391304347826,2,2
3,0.3,10.0,0.7,10.0,9,3.0,50,True,True,0.1,0.03,2.0,10.0,23,0.16642754662840745,22.388059701492537,8.813559322033898,48,36,12,8.88888888888889,12.5,4.761904761904762,2.4166666666666665,2.5,2.1666666666666665,1.8915094339622642,1.0914634146341464,1.017391304347826,2,2
3,0.3,10.0,0.7,10.0,9,3.0,50,True,True,0.1,0.03,2.0,10.0,24,0.1589958158995816,21.287128712871286,8.945686900958465,48,35,13,8.679927667269439,12.152777777777777,4.905660377358491,2.375,2.4571428571428573,2.1538461538461537,1.8733031674208145,1.1111111111111112,1.0165289256198347,2,2
3,0.3,10.0,0.7,10.0,9,3.0,50,True,True,0.1,0.03,2.0,10.0,25,0.15853658536585366,20.98765432098765,9.60960960960961,50,35,15,8.849557522123893,12.152777777777777,5.415162454873646,2.34,2.4285714285714284,2.1333333333333333,1.8805309734513274,1.1411042944785277,1.016,2,2
3,0.3,10.0,0.7,10.0,9,3.0,50,True,True,0.1,0.03,2.0,10.0,26,0.15,20.34739454094293,8.96358543417367,49,34,15,8.419243986254296,11.76470588235294,5.1194539249146755,2.326530612244898,2.411764705882353,2.1333333333333333,1.8375,1.1393939393939394,1.031496062992126,2,2
3,0.3,10.0,0.7,10.0,9,3.0,50,True,True,0.1,0.03,2.0,10.0,27,0.1483375959079284,20.448877805486283,8.923884514435695,50,34,16,8.305647840531561,11.76470588235294,5.111821086261981,2.32,2.411764705882353,2.125,1.8055555555555556,1.1369047619047619,1.0303030303030303,2,2
3,0.3,10.0,0.7,10.0,9,3.0,50,True,True,0.1,0.03,2.0,10.0,28,0.15403726708074533,20.050125313283207,10.83743842364532,54,33,21,8.737864077669903,11.418685121107266,6.382978723404255,2.2962962962962963,2.4242424242424243,2.0952380952380953,1.8185328185328185,1.1411764705882352,1.044776119402985,2,2
3,0.3,10.0,0.7,10.0,9,3.0,50,True,True,0.1,0.03,2.0,10.0,29,0.1519903498190591,19.19191919191919,11.547344110854503,55,31,24,8.647798742138365,10.801393728222997,6.876790830945559,2.290909090909091,2.4516129032258065,2.0833333333333335,1.8007380073800738,1.152046783625731,1.051094890510949,2,2
3,0.3,10.0,0.7,10.0,9,3.0,50,True,True,0.1,0.03,2.0,10.0,30,0.15826494724501758,19.143576826196472,12.938596491228072,59,31,28,9.021406727828746,10.726643598615917,7.671232876712329,2.288135593220339,2.4516129032258065,2.107142857142857,1.7773851590106007,1.1744186046511629,1.0571428571428572,2,2
3,0.3,10.0,0.7,10.0,9,3.0,50,True,True,0.1,0.03,2.0,10.0,31,0.1560364464692483,18.181818181818183,13.485477178423237,60,29,31,8.915304606240714,10.069444444444445,8.051948051948052,2.283333333333333,2.4827586206896552,2.096774193548387,1.759322033898305,1.1954022988505748,1.0633802816901408,2,2
3,0.3,10.0,0.7,10.0,9,3.0,50,True,True,0.1,0.03,2.0,10.0,32,0.14933628318584072,17.302798982188293,13.111545988258316,60,28,32,8.559201141226819,9.722222222222223,7.74818401937046,2.25,2.4285714285714284,2.09375,1.729032258064516,1.164835164835165,1.0612244897959184,2,2
3,0.3,10.0,0.7,10.0,9,3.0,50,True,True,0.1,0.03,2.0,10.0,33,0.1535982814178303,18.181818181818183,13.271028037383179,63,29,34,8.701657458563536,10.034602076124568,7.816091954022989,2.2698412698412698,2.4827586206896552,2.088235294117647,1.721362229102167,1.1542553191489362,1.0533333333333332,2,2
3,0.3,10.0,0.7,10.0,9,3.0,50,True,True,0.1,0.03,2.0,10.0,34,0.14822546972860126,17.929292929292927,12.633451957295375,62,28,34,8.288770053475936,9.688581314878892,7.4074074074074066,2.2903225806451615,2.5357142857142856,2.088235294117647,1.696165191740413,1.1554404145077721,1.0526315789473684,2,2
3,0.3,10.0,0.7,10.0,9,3.0,50,True,True,0.1,0.03,2.0,10.0,35,0.1511156186612576,18.02030456852792,13.175675675675674,65,28,37,8.408796895213454,9.722222222222223,7.628865979381444,2.292307692307692,2.5357142857142856,2.108108108108108,1.6741573033707866,1.150753768844221,1.0522875816993464,2,2
3,0.3,10.0,0.7,10.0,9,3.0,50,True,True,0.1,0.03,2.0,10.0,36,0.15073891625615762,17.884130982367758,13.268608414239482,67,28,39,8.395989974937343,9.688581314878892,7.662082514734774,2.283582089552239,2.5357142857142856,2.1025641025641026,1.6612903225806452,1.1477832512315271,1.0512820512820513,2,2
3,0.3,10.0,0.7,10.0,9,3.0,50,True,True,0.1,0.03,2.0,10.0,37,0.15502392344497606,17.839195979899497,14.064914992272023,71,28,43,8.647990255785627,9.688581314878892,8.082706766917292,2.2816901408450705,2.5357142857142856,2.116279069767442,1.657216494845361,1.16,1.0493827160493827,2,2
3,0.3,10.0,0.7,10.0,9,3.0,50,True,True,0.1,0.03,2.0,10.0,38,0.15985130111524162,17.424242424242426,15.147058823529411,76,27,49,8.983451536643026,9.342560553633218,8.797127468581687,2.263157894736842,2.5555555555555554,2.1020408163265305,1.65679012345679,1.1658291457286432,1.0484848484848486,2,2
3,0.3,10.0,0.7,10.0,9,3.0,50,True,True,0.1,0.03,2.0,10.0,39,0.1552346570397112,16.071428571428573,15.223463687150836,77,25,52,8.810068649885583,8.710801393728223,8.858603066439523,2.2337662337662336,2.52,2.0961538461538463,1.6352941176470588,1.167487684729064,1.0476190476190477,2,2
3,0.3,10.0,0.7,10.0,9,3.0,50,True,True,0.1,0.03,2.0,10.0,40,0.16038562664329536,16.195372750642672,15.957446808510639,81,25,56,8.980044345898005,8.710801393728223,9.105691056910569,2.259259259259259,2.52,2.142857142857143,1.6394557823129252,1.1483253588516746,1.0470588235294118,2,2
3,0.3,10.0,0.7,10.0,9,3.0,50,True,True,0.1,0.03,2.0,10.0,41,0.16340425531914893,16.153846153846153,16.43312101910828,85,25,60,9.13978494623656,8.680555555555555,9.345794392523365,2.2588235294117647,2.52,2.15,1.6339869281045751,1.1462264150943395,1.0459770114942528,2,2
3,0.3,10.0,0.7,10.0,9,3.0,50,True,True,0.1,0.03,2.0,10.0,42,0.16859504132231404,15.206185567010309,17.63990267639903,91,23,68,9.498956158663884,7.986111111111111,10.149253731343283,2.241758241758242,2.5652173913043477,2.1323529411764706,1.6475583864118897,1.1481481481481481,1.0449438202247192,2,2
3,0.3,10.0,0.7,10.0,9,3.0,50,True,True,0.1,0.03,2.0,10.0,43,0.17014446227929375,15.284974093264248,17.790697674418603,95,23,72,9.595959595959595,7.958477508650519,10.271041369472183,2.231578947368421,2.5652173913043477,2.125,1.636178861788618,1.1330275229357798,1.0486486486486486,2,2
3,0.3,10.0,0.7,10.0,9,3.0,50,True,True,0.1,0.03,2.0,10.0,44,0.1652377240841777,14.84375,17.24137931034483,95,22,73,9.27734375,7.612456747404845,9.931972789115646,2.231578947368421,2.590909090909091,2.1232876712328768,1.6194174757281554,1.1221719457013575,1.046875,2,2
3,0.3,10.0,0.7,10.0,9,3.0,50,True,True,0.1,0.03,2.0,10.0,45,0.17486752460257382,14.736842105263156,18.597236981934113,104,22,82,9.85781990521327,7.612456747404845,10.704960835509137,2.2211538461538463,2.5454545454545454,2.1341463414634148,1.637571157495256,1.1155555555555556,1.0402010050251256,2,2
3,0.3,10.0,0.7,10.0,9,3.0,50,True,True,0.1,0.03,2.0,10.0,46,0.17720588235294119,14.893617021276595,18.80081300813008,109,22,87,10.009182736455463,7.665505226480835,10.847880299251871,2.2110091743119265,2.5454545454545454,2.1264367816091956,1.6282051282051282,1.123931623931624,1.04,2,2
3,0.3,10.0,0.7,10.0,9,3.0,50,True,True,0.1,0.03,2.0,10.0,47,0.18071428571428572,14.893617021276595,19.23828125,114,22,92,10.178571428571429,7.638888888888889,11.057692307692307,2.219298245614035,2.5454545454545454,2.141304347826087,1.6323268206039077,1.1355932203389831,1.0390243902439025,2,2
3,0.3,10.0,0.7,10.0,9,3.0,50,True,True,0.1,0.03,2.0,10.0,48,0.1768377253814147,14.323607427055704,18.87323943661972,115,21,94,9.92234685073339,7.26643598615917,10.804597701149426,2.217391304347826,2.5714285714285716,2.1382978723404253,1.6081081081081081,1.1286307053941909,1.0380952380952382,2,2
3,0.3,10.0,0.7,10.0,9,3.0,50,True,True,0.1,0.03,2.0,10.0,49,0.1797979797979798,14.43850267379679,19.171917191719174,121,21,100,10.083333333333332,7.291666666666667,10.964912280701753,2.206611570247934,2.5714285714285716,2.13,1.6035889070146818,1.1106719367588933,1.0375586854460095,2,2
3,0.3,10.0,0.7,10.0,9,3.0,50,True,True,0.1,0.03,2.0,10.0,50,0.18247220405493786,14.399999999999999,19.49740034662045,126,21,105,10.16949152542373,7.26643598615917,11.052631578947368,2.2142857142857144,2.5714285714285716,2.142857142857143,1.5974842767295598,1.11328125,1.0363636363636364,2,2
4,0.3,10.0,0.7,10.0,9,3.0,50,True,True,0.1,0.03,2.0,10.0,0,0.0,0.0,0.0,0,0,0,0.0,0.0,0.0,0.0,0.0,0.0,1.0,1.0,1.0,0,0
4,0.3,10.0,0.7,10.0,9,3.0,50,True,True,0.1,0.03,2.0,10.0,1,0.026954177897574125,3.3783783783783785,0.0,3,3,0,0.8241758241758242,1.0380622837370241,0.0,3.3333333333333335,3.3333333333333335,0.0,1.054945054945055,1.0,1.0,3,3
4,0.3,10.0,0.7,10.0,9,3.0,50,True,True,0.1,0.03,2.0,10.0,2,0.03664921465968586,4.040404040404041,2.3529411764705883,5,4,1,1.3404825737265416,1.384083044982699,1.1904761904761905,2.8,3.0,2.0,1.0765027322404372,1.0,1.0,2,2
4,0.3,10.0,0.7,10.0,9,3.0,50,True,True,0.1,0.03,2.0,10.0,3,0.04580152671755725,4.745762711864407,4.081632653061225,7,5,2,1.837270341207349,1.7543859649122806,2.083333333333333,2.5714285714285716,2.8,2.0,1.1038251366120218,1.0,1.0,2,2
4,0.3,10.0,0.7,10.0,9,3.0,50,True,True,0.1,0.03,2.0,10.0,4,0.06930693069306931,7.357859531772576,5.714285714285714,10,7,3,2.6246719160104988,2.5089605734767026,2.941176470588235,2.8,3.142857142857143,2.0,1.1885714285714286,1.0,1.0,2,2
4,0.3,10.0,0.7,10.0,9,3.0,50,True,True,0.1,0.03,2.0,10.0,5,0.07692307692307693,8.49673202614379,5.454545454545454,11,8,3,2.9177718832891246,2.952029520295203,2.8301886792452833,2.909090909090909,3.25,2.0,1.309090909090909,1.0,1.0,2,2
4,0.3,10.0,0.7,10.0,9,3.0,50,True,True,0.1,0.03,2.0,10.0,6,0.08878504672897196,9.584664536741213,6.956521739130435,14,10,4,3.7433155080213902,3.787878787878788,3.6363636363636362,2.7142857142857144,3.0,2.0,1.4387096774193548,1.0,1.0,2,2
4,0.3,10.0,0.7,10.0,9,3.0,50,True,True,0.1,0.03,2.0,10.0,7,0.09090909090909091,10.658307210031348,4.958677685950414,15,12,3,3.9473684210526314,4.562737642585551,2.564102564102564,2.6666666666666665,2.8333333333333335,2.0,1.4807692307692308,1.0084033613445378,1.0,2,2
4,0.3,10.0,0.7,10.0,9,3.0,50,True,True,0.1,0.03,2.0,10.0,8,0.09713024282560706,11.009174311926607,6.349206349206349,17,13,4,4.381443298969072,4.868913857677903,3.3057851239669422,2.588235294117647,2.769230769230769,2.0,1.5256410256410255,1.007936507936508,1.0,2,2
4,0.3,10.0,0.7,10.0,9,3.0,50,True,True,0.1,0.03,2.0,10.0,9,0.0944206008583691,10.746268656716417,6.106870229007633,17,13,4,4.325699745547073,4.83271375464684,3.225806451612903,2.588235294117647,2.769230769230769,2.0,1.5541401273885351,1.0074074074074073,1.0238095238095237,2,2
4,0.3,10.0,0.7,10.0,9,3.0,50,True,True,0.1,0.03,2.0,10.0,10,0.0918580375782881,10.526315789473683,5.839416058394161,17,13,4,4.260651629072681,4.814814814814815,3.10077519379845,2.588235294117647,2.769230769230769,2.0,1.578616352201258,1.014388489208633,1.0357142857142858,2,2
4,0.3,10.0,0.7,10.0,9,3.0,50,True,True,0.1,0.03,2.0,10.0,11,0.10141987829614604,11.89801699716714,5.714285714285714,18,14,4,4.444444444444445,5.128205128205128,3.0303030303030303,2.7777777777777777,3.0,2.0,1.6273291925465838,1.0218978102189782,1.0340909090909092,2,2
4,0.3,10.0,0.7,10.0,9,3.0,50,True,True,0.1,0.03,2.0,10.0,12,0.10256410256410256,11.570247933884298,6.944444444444445,19,14,5,4.645476772616137,5.090909090909091,3.731343283582089,2.736842105263158,3.0,2.0,1.6645962732919255,1.0425531914893618,1.0454545454545454,2,2
4,0.3,10.0,0.7,10.0,9,3.0,50,True,True,0.1,0.03,2.0,10.0,13,0.10727969348659004,12.5,6.493506493506493,20,15,5,4.807692307692308,5.474452554744526,3.5211267605633805,2.8,3.066666666666667,2.0,1.725,1.0422535211267605,1.0425531914893618,2,2
4,0.3,10.0,0.7,10.0,9,3.0,50,True,True,0.1,0.03,2.0,10.0,14,0.1154562383612663,13.756613756613756,6.289308176100629,22,17,5,5.176470588235294,6.115107913669065,3.4013605442176873,2.8181818181818183,3.0588235294117645,2.0,1.75,1.0422535211267605,1.0515463917525774,2,2
4,0.3,10.0,0.7,10.0,9,3.0,50,True,True,0.1,0.03,2.0,10.0,15,0.11392405063291139,13.506493506493506,6.547619047619048,22,17,5,5.092592592592593,6.093189964157706,3.2679738562091507,2.8636363636363638,3.0588235294117645,2.2,1.7738095238095237,1.055944055944056,1.0612244897959184,2,2
4,0.3,10.0,0.7,10.0,9,3.0,50,True,True,0.1,0.03,2.0,10.0,16,0.11072056239015818,13.471502590673575,6.0109289617486334,22,17,5,5.034324942791762,6.159420289855073,3.1055900621118013,2.8636363636363638,3.0588235294117645,2.2,1.816568047337278,1.0604026845637584,1.0721649484536082,2,2
4,0.3,10.0,0.7,10.0,9,3.0,50,True,True,0.1,0.03,2.0,10.0,17,0.11433447098976109,14.213197969543149,5.729166666666666,24,19,5,5.417607223476298,6.859205776173286,3.0120481927710845,2.7916666666666665,2.9473684210526314,2.2,1.8596491228070176,1.0890410958904109,1.0686274509803921,2,2
4,0.3,10.0,0.7,10.0,9,3.0,50,True,True,0.1,0.03,2.0,10.0,18,0.11940298507462686,14.898989898989898,6.280193236714976,26,20,6,5.689277899343545,7.194244604316546,3.35195530726257,2.769230769230769,2.95,2.1666666666666665,1.8388888888888888,1.096551724137931,1.0660377358490567,2,2
4,0.3,10.0,0.7,10.0,9,3.0,50,True,True,0.1,0.03,2.0,10.0,19,0.12399355877616747,15.841584158415841,5.990783410138248,28,22,6,5.995717344753747,7.885304659498208,3.1914893617021276,2.75,2.909090909090909,2.1666666666666665,1.8594594594594596,1.1088435374149659,1.0654205607476634,2,2
4,0.3,10.0,0.7,10.0,9,3.0,50,True,True,0.1,0.03,2.0,10.0,20,0.12050078247261346,15.647921760391197,5.6521739130434785,28,22,6,5.809128630705394,7.773851590106007,3.015075376884422,2.75,2.909090909090909,2.1666666666666665,1.8265306122448979,1.1073825503355705,1.0642201834862386,2,2
4,0.3,10.0,0.7,10.0,9,3.0,50,True,True,0.1,0.03,2.0,10.0,21,0.12917933130699089,15.53398058252427,8.536585365853659,32,22,10,6.517311608961303,7.773851590106007,4.807692307692308,2.65625,2.909090909090909,2.1,1.898477157360406,1.0927152317880795,1.072072072072072,2,2
4,0.3,10.0,0.7,10.0,9,3.0,50,True,True,0.1,0.03,2.0,10.0,22,0.1358936484490399,15.738498789346247,10.227272727272728,35,22,13,6.944444444444445,7.719298245614035,5.93607305936073,2.6285714285714286,2.9545454545454546,2.076923076923077,1.9203980099502487,1.1045751633986929,1.0701754385964912,2,2
4,0.3,10.0,0.7,10.0,9,3.0,50,True,True,0.1,0.03,2.0,10.0,23,0.13916786226685796,15.990453460620524,10.79136690647482,37,23,14,7.198443579766536,8.070175438596491,6.11353711790393,2.6216216216216215,2.9130434782608696,2.142857142857143,1.9466019417475728,1.1176470588235294,1.0683760683760684,2,2
4,0.3,10.0,0.7,10.0,9,3.0,50,True,True,0.1,0.03,2.0,10.0,24,0.13807531380753138,15.839243498817968,10.884353741496598,38,23,15,7.2106261859582546,8.041958041958042,6.224066390041494,2.6052631578947367,2.9130434782608696,2.1333333333333333,1.9342723004694835,1.1282051282051282,1.075,2,2
4,0.3,10.0,0.7,10.0,9,3.0,50,True,True,0.1,0.03,2.0,10.0,25,0.13821138211382114,15.690866510538642,11.254019292604502,39,23,16,7.235621521335807,8.013937282229964,6.349206349206349,2.6153846153846154,2.9130434782608696,2.1875,1.9497716894977168,1.139240506329114,1.0737704918032787,2,2
4,0.3,10.0,0.7,10.0,9,3.0,50,True,True,0.1,0.03,2.0,10.0,26,0.14210526315789473,16.046511627906977,11.818181818181818,42,24,18,7.608695652173914,8.333333333333332,6.8181818181818175,2.5714285714285716,2.875,2.1666666666666665,1.96875,1.1481481481481481,1.0725806451612903,2,2
4,0.3,10.0,0.7,10.0,9,3.0,50,True,True,0.1,0.03,2.0,10.0,27,0.1445012787723785,16.355140186915886,12.146892655367232,45,25,20,7.853403141361256,8.680555555555555,7.017543859649122,2.511111111111111,2.8,2.15,1.9201680672268908,1.1614906832298137,1.069767441860465,2,2
4,0.3,10.0,0.7,10.0,9,3.0,50,True,True,0.1,0.03,2.0,10.0,28,0.15031055900621118,15.439429928741092,14.583333333333334,50,24,26,8.417508417508419,8.362369337979095,8.469055374592834,2.42,2.7083333333333335,2.1538461538461537,1.9153225806451613,1.1524390243902438,1.0681818181818181,2,2
4,0.3,10.0,0.7,10.0,9,3.0,50,True,True,0.1,0.03,2.0,10.0,29,0.1519903498190591,13.734939759036143,16.666666666666664,53,21,32,8.589951377633712,7.317073170731707,9.696969696969697,2.3773584905660377,2.7142857142857144,2.15625,1.896153846153846,1.147239263803681,1.0642857142857143,2,2
4,0.3,10.0,0.7,10.0,9,3.0,50,True,True,0.1,0.03,2.0,10.0,30,0.15240328253223914,13.66906474820144,16.743119266055047,56,22,34,8.80503144654088,7.665505226480835,9.742120343839542,2.3214285714285716,2.590909090909091,2.1470588235294117,1.8892988929889298,1.1437125748502994,1.0638297872340425,2,2
4,0.3,10.0,0.7,10.0,9,3.0,50,True,True,0.1,0.03,2.0,10.0,31,0.1571753986332574,13.539192399049881,17.72428884026258,60,22,38,9.16030534351145,7.612456747404845,10.382513661202186,2.3,2.590909090909091,2.1315789473684212,1.8900709219858156,1.1377245508982037,1.0689655172413792,2,2
4,0.3,10.0,0.7,10.0,9,3.0,50,True,True,0.1,0.03,2.0,10.0,32,0.15486725663716813,13.443396226415095,17.291666666666668,61,22,39,9.050445103857568,7.612456747404845,10.129870129870131,2.2950819672131146,2.590909090909091,2.128205128205128,1.8590604026845639,1.1488095238095237,1.0680272108843538,2,2
4,0.3,10.0,0.7,10.0,9,3.0,50,True,True,0.1,0.03,2.0,10.0,33,0.15682062298603652,13.411764705882353,17.588932806324113,63,22,41,9.104046242774565,7.612456747404845,10.173697270471465,2.3174603174603177,2.590909090909091,2.1707317073170733,1.8580645161290323,1.1529411764705881,1.0671140939597314,2,2
4,0.3,10.0,0.7,10.0,9,3.0,50,True,True,0.1,0.03,2.0,10.0,34,0.1524008350730689,13.002364066193852,17.009345794392523,63,21,42,8.774373259052924,7.26643598615917,9.79020979020979,2.3174603174603177,2.619047619047619,2.1666666666666665,1.8103975535168195,1.1676300578034682,1.0649350649350648,2,2
4,0.3,10.0,0.7,10.0,9,3.0,50,True,True,0.1,0.03,2.0,10.0,35,0.1511156186612576,12.114014251781473,17.345132743362832,64,19,45,8.613728129205922,6.5743944636678195,9.911894273127754,2.328125,2.6842105263157894,2.1777777777777776,1.7745664739884393,1.1761363636363635,1.064516129032258,2,2
4,0.3,10.0,0.7,10.0,9,3.0,50,True,True,0.1,0.03,2.0,10.0,36,0.15369458128078817,12.142857142857142,17.647058823529413,66,19,47,8.604954367666231,6.597222222222222,9.812108559498958,2.3636363636363638,2.6842105263157894,2.234042553191489,1.7617728531855956,1.1611111111111112,1.0625,2,2
4,0.3,10.0,0.7,10.0,9,3.0,50,True,True,0.1,0.03,2.0,10.0,37,0.16172248803827752,12.17183770883055,18.849840255591054,72,19,53,9.102402022756005,6.5743944636678195,10.557768924302788,2.3472222222222223,2.6842105263157894,2.2264150943396226,1.7777777777777777,1.1559139784946237,1.0609756097560976,2,2
4,0.3,10.0,0.7,10.0,9,3.0,50,True,True,0.1,0.03,2.0,10.0,38,0.16171003717472118,11.961722488038278,18.84498480243161,75,19,56,9.157509157509157,6.5743944636678195,10.566037735849058,2.32,2.6315789473684212,2.2142857142857144,1.7596899224806202,1.1473684210526316,1.0598802395209581,2,2
4,0.3,10.0,0.7,10.0,9,3.0,50,True,True,0.1,0.03,2.0,10.0,39,0.15342960288808663,10.194174757281553,18.39080459770115,74,16,58,8.685446009389672,5.594405594405594,10.247349823321555,2.2972972972972974,2.625,2.206896551724138,1.7111650485436893,1.148936170212766,1.0564971751412429,2,2
4,0.3,10.0,0.7,10.0,9,3.0,50,True,True,0.1,0.03,2.0,10.0,40,0.15425065731814197,10.096153846153847,18.482758620689655,76,16,60,8.626560726447218,5.536332179930796,10.135135135135135,2.3157894736842106,2.625,2.2333333333333334,1.6859122401847575,1.1526315789473685,1.054945054945055,2,2
4,0.3,10.0,0.7,10.0,9,3.0,50,True,True,0.1,0.03,2.0,10.0,41,0.1574468085106383,9.732360097323602,18.979057591623036,79,15,64,8.68131868131868,5.2264808362369335,10.272873194221509,2.3417721518987342,2.6666666666666665,2.265625,1.6905829596412556,1.1377551020408163,1.053191489361702,2,2
4,0.3,10.0,0.7,10.0,9,3.0,50,True,True,0.1,0.03,2.0,10.0,42,0.15289256198347106,9.047619047619047,18.60759493670886,80,14,66,8.519701810436635,4.844290657439446,10.153846153846153,2.3125,2.7142857142857144,2.227272727272727,1.6853448275862069,1.121212121212121,1.0510204081632653,2,2
4,0.3,10.0,0.7,10.0,9,3.0,50,True,True,0.1,0.03,2.0,10.0,43,0.15329052969502407,9.047619047619047,18.523002421307506,83,14,69,8.512820512820513,4.844290657439446,10.058309037900875,2.3012048192771086,2.7142857142857144,2.217391304347826,1.6504065040650406,1.120603015075377,1.0497512437810945,2,2
4,0.3,10.0,0.7,10.0,9,3.0,50,True,True,0.1,0.03,2.0,10.0,44,0.151987529228371,9.047619047619047,18.192352259559673,85,14,71,8.46613545816733,4.844290657439446,9.93006993006993,2.2941176470588234,2.7142857142857144,2.211267605633803,1.6483300589390963,1.1159420289855073,1.0492610837438423,2,2
4,0.3,10.0,0.7,10.0,9,3.0,50,True,True,0.1,0.03,2.0,10.0,45,0.15367146101438303,9.047619047619047,18.312985571587127,89,14,75,8.59073359073359,4.844290657439446,10.040160642570282,2.2808988764044944,2.7142857142857144,2.2,1.6446124763705103,1.1100478468899522,1.0478468899521531,2,2
4,0.3,10.0,0.7,10.0,9,3.0,50,True,True,0.1,0.03,2.0,10.0,46,0.1610294117647059,9.069212410501192,19.234856535600425,96,14,82,9.022556390977442,4.844290657439446,10.580645161290322,2.28125,2.7142857142857144,2.207317073170732,1.6581352833638026,1.1067961165048543,1.0465116279069768,2,2
4,0.3,10.0,0.7,10.0,9,3.0,50,True,True,0.1,0.03,2.0,10.0,47,0.16357142857142856,9.112709832134293,19.430315361139368,101,14,87,9.181818181818182,4.844290657439446,10.727496917385944,2.267326732673267,2.7142857142857144,2.1954022988505746,1.654320987654321,1.0952380952380953,1.045045045045045,2,2
4,0.3,10.0,0.7,10.0,9,3.0,50,True,True,0.1,0.03,2.0,10.0,48,0.16920943134535368,9.134615384615383,20.077972709551656,108,14,94,9.532215357458076,4.844290657439446,11.137440758293838,2.259259259259259,2.7142857142857144,2.1914893617021276,1.6626712328767124,1.0930232558139534,1.0442477876106195,2,2
4,0.3,10.0,0.7,10.0,9,3.0,50,True,True,0.1,0.03,2.0,10.0,49,0.1750841750841751,9.223300970873787,20.689655172413794,113,14,99,9.65811965811966,4.861111111111112,11.224489795918368,2.3008849557522124,2.7142857142857144,2.242424242424242,1.6617161716171618,1.0833333333333333,1.0427350427350428,2,2
4,0.3,10.0,0.7,10.0,9,3.0,50,True,True,0.1,0.03,2.0,10.0,50,0.17789404839764553,9.382716049382717,20.818505338078293,118,14,104,9.735973597359736,4.878048780487805,11.243243243243244,2.305084745762712,2.7142857142857144,2.25,1.6415094339622642,1.0776255707762556,1.0418410041841004,2,2
5,0.3,10.0,0.7,10.0,9,3.0,50,True,True,0.1,0.03,2.0,10.0,0,0.0,0.0,0.0,0,0,0,0.0,0.0,0.0,0.0,0.0,0.0,1.0,1.0,1.0,0,0
5,0.3,10.0,0.7,10.0,9,3.0,50,True,True,0.1,0.03,2.0,10.0,1,0.03773584905660377,4.713804713804714,0.0,6,6,0,1.6528925619834711,2.0761245674740483,0.0,2.3333333333333335,2.3333333333333335,0.0,1.0869565217391304,1.0,1.0,2,2
5,0.3,10.0,0.7,10.0,9,3.0,50,True,True,0.1,0.03,2.0,10.0,2,0.06544502617801047,8.223684210526317,0.0,10,10,0,2.7247956403269753,3.4602076124567476,0.0,2.5,2.5,0.0,1.1572327044025157,1.0,1.0,2,2
5,0.3,10.0,0.7,10.0,9,3.0,50,True,True,0.1,0.03,2.0,10.0,3,0.0916030534351145,11.11111111111111,2.2988505747126435,14,13,1,3.7735849056603774,4.56140350877193,1.1627906976744187,2.5714285714285716,2.6153846153846154,2.0,1.2307692307692308,1.0,1.0,2,2
5,0.3,10.0,0.7,10.0,9,3.0,50,True,True,0.1,0.03,2.0,10.0,4,0.11633663366336634,14.423076923076922,2.1739130434782608,17,16,1,4.594594594594595,5.734767025089606,1.098901098901099,2.764705882352941,2.8125,2.0,1.3377483443708609,1.0,1.0,2,2
5,0.3,10.0,0.7,10.0,9,3.0,50,True,True,0.1,0.03,2.0,10.0,5,0.14903846153846154,18.69158878504673,2.1052631578947367,20,19,1,5.434782608695652,6.934306569343065,1.0638297872340425,3.1,3.1578947368421053,2.0,1.475177304964539,1.0072992700729928,1.0,2,2
5,0.3,10.0,0.7,10.0,9,3.0,50,True,True,0.1,0.03,2.0,10.0,6,0.16822429906542055,21.148036253776432,2.0618556701030926,23,22,1,6.284153005464481,8.148148148148149,1.0416666666666665,3.130434782608696,3.1818181818181817,2.0,1.646153846153846,1.0070422535211268,1.0,2,2
5,0.3,10.0,0.7,10.0,9,3.0,50,True,True,0.1,0.03,2.0,10.0,7,0.19772727272727272,24.78134110787172,2.0618556701030926,27,26,1,7.458563535911603,9.774436090225564,1.0416666666666665,3.2222222222222223,3.269230769230769,2.0,1.8666666666666667,1.006993006993007,1.0,2,2
5,0.3,10.0,0.7,10.0,9,3.0,50,True,True,0.1,0.03,2.0,10.0,8,0.2119205298013245,25.495750708215297,6.0,31,28,3,8.493150684931507,10.44776119402985,3.0927835051546393,3.096774193548387,3.2142857142857144,2.0,2.0,1.0135135135135136,1.028169014084507,2,2
5,0.3,10.0,0.7,10.0,9,3.0,50,True,True,0.1,0.03,2.0,10.0,9,0.2167381974248927,26.31578947368421,5.714285714285714,33,30,3,8.991825613079019,11.320754716981133,2.941176470588235,3.0606060606060606,3.1666666666666665,2.0,2.135135135135135,1.0337837837837838,1.027027027027027,2,2
5,0.3,10.0,0.7,10.0,9,3.0,50,True,True,0.1,0.03,2.0,10.0,10,0.22338204592901878,27.297297297297295,5.5045871559633035,35,32,3,9.358288770053475,11.895910780669144,2.857142857142857,3.057142857142857,3.15625,2.0,2.1981981981981984,1.0324675324675325,1.027027027027027,2,2
5,0.3,10.0,0.7,10.0,9,3.0,50,True,True,0.1,0.03,2.0,10.0,11,0.22718052738336714,28.116710875331563,5.172413793103448,37,34,3,9.736842105263158,12.639405204460965,2.7027027027027026,3.027027027027027,3.1176470588235294,2.0,2.290909090909091,1.0382165605095541,1.0263157894736843,2,2
5,0.3,10.0,0.7,10.0,9,3.0,50,True,True,0.1,0.03,2.0,10.0,12,0.22682445759368836,28.09278350515464,5.042016806722689,38,35,3,9.793814432989691,12.773722627737227,2.631578947368421,3.026315789473684,3.1142857142857143,2.0,2.289473684210526,1.0434782608695652,1.04,2,2
5,0.3,10.0,0.7,10.0,9,3.0,50,True,True,0.1,0.03,2.0,10.0,13,0.2222222222222222,27.989821882951656,4.651162790697675,38,35,3,9.571788413098236,12.727272727272727,2.459016393442623,3.0526315789473686,3.142857142857143,2.0,2.25,1.0679012345679013,1.0394736842105263,2,2
5,0.3,10.0,0.7,10.0,9,3.0,50,True,True,0.1,0.03,2.0,10.0,14,0.21042830540037244,27.088607594936708,4.225352112676056,39,36,3,9.512195121951219,12.996389891696749,2.2556390977443606,2.8974358974358974,2.9722222222222223,2.0,2.169230769230769,1.0683229813664596,1.0506329113924051,2,2
5,0.3,10.0,0.7,10.0,9,3.0,50,True,True,0.1,0.03,2.0,10.0,15,0.20433996383363473,26.616915422885572,3.9735099337748347,39,36,3,9.352517985611511,12.903225806451612,2.1739130434782608,2.8974358974358974,2.9722222222222223,2.0,2.212121212121212,1.0602409638554218,1.0625,2,2
5,0.3,10.0,0.7,10.0,9,3.0,50,True,True,0.1,0.03,2.0,10.0,16,0.2038664323374341,26.699029126213592,3.821656050955414,40,37,3,9.389671361502346,13.074204946996467,2.097902097902098,2.9,2.972972972972973,2.0,2.246268656716418,1.0588235294117647,1.0731707317073171,2,2
5,0.3,10.0,0.7,10.0,9,3.0,50,True,True,0.1,0.03,2.0,10.0,17,0.20819112627986347,27.098321342925658,5.325443786982249,42,38,4,9.63302752293578,13.427561837455832,2.6143790849673203,2.9047619047619047,2.973684210526316,2.25,2.2517985611510793,1.0705882352941176,1.0705882352941176,2,2
5,0.3,10.0,0.7,10.0,9,3.0,50,True,True,0.1,0.03,2.0,10.0,18,0.20563847429519072,27.44630071599045,4.891304347826087,43,39,4,9.57683741648107,13.780918727915195,2.4096385542168677,2.883720930232558,2.948717948717949,2.25,2.219178082191781,1.0751445086705202,1.0813953488372092,2,2
5,0.3,10.0,0.7,10.0,9,3.0,50,True,True,0.1,0.03,2.0,10.0,19,0.21578099838969403,28.26603325415677,7.5,47,40,7,10.239651416122005,14.084507042253522,4.0,2.851063829787234,2.975,2.142857142857143,2.310344827586207,1.0677966101694916,1.0777777777777777,2,2
5,0.3,10.0,0.7,10.0,9,3.0,50,True,True,0.1,0.03,2.0,10.0,20,0.2222222222222222,29.812206572769952,7.042253521126761,50,43,7,10.683760683760683,15.19434628975265,3.783783783783784,2.84,2.953488372093023,2.142857142857143,2.3537414965986394,1.0852272727272727,1.0736842105263158,2,2
5,0.3,10.0,0.7,10.0,9,3.0,50,True,True,0.1,0.03,2.0,10.0,21,0.22948328267477203,30.373831775700932,9.130434782608695,54,44,10,11.273486430062631,15.492957746478872,5.128205128205128,2.7962962962962963,2.9545454545454546,2.1,2.375,1.1028571428571428,1.0721649484536082,2,2
5,0.3,10.0,0.7,10.0,9,3.0,50,True,True,0.1,0.03,2.0,10.0,22,0.21861152141802068,29.398148148148145,8.571428571428571,53,43,10,10.728744939271255,14.982578397212542,4.830917874396135,2.792452830188679,2.953488372093023,2.1,2.292682926829268,1.1028571428571428,1.0693069306930694,2,2
5,0.3,10.0,0.7,10.0,9,3.0,50,True,True,0.1,0.03,2.0,10.0,23,0.21233859397417504,28.538283062645007,9.398496240601503,54,42,12,10.567514677103718,14.634146341463413,5.357142857142857,2.740740740740741,2.9285714285714284,2.0833333333333335,2.222857142857143,1.1073446327683616,1.0769230769230769,2,2
5,0.3,10.0,0.7,10.0,9,3.0,50,True,True,0.1,0.03,2.0,10.0,24,0.21199442119944212,27.33644859813084,12.110726643598616,56,40,16,10.666666666666668,13.88888888888889,6.751054852320674,2.7142857142857144,2.925,2.1875,2.2252747252747254,1.1055555555555556,1.0761904761904761,2,2
5,0.3,10.0,0.7,10.0,9,3.0,50,True,True,0.1,0.03,2.0,10.0,25,0.2073170731707317,26.635514018691588,12.580645161290322,57,39,18,10.477941176470589,13.541666666666666,7.03125,2.6842105263157894,2.923076923076923,2.1666666666666665,2.170103092783505,1.092896174863388,1.073394495412844,2,2
5,0.3,10.0,0.7,10.0,9,3.0,50,True,True,0.1,0.03,2.0,10.0,26,0.2013157894736842,25.53191489361702,13.353115727002967,57,36,21,10.08849557522124,12.5,7.581227436823104,2.6842105263157894,3.0,2.142857142857143,2.090909090909091,1.0978260869565217,1.0707964601769913,2,2
5,0.3,10.0,0.7,10.0,9,3.0,50,True,True,0.1,0.03,2.0,10.0,27,0.20332480818414322,25.71428571428571,14.088397790055248,60,36,24,10.273972602739725,12.5,8.108108108108109,2.65,3.0,2.125,2.0497737556561084,1.096774193548387,1.0683760683760684,2,2
5,0.3,10.0,0.7,10.0,9,3.0,50,True,True,0.1,0.03,2.0,10.0,28,0.19503105590062111,24.401913875598087,14.21188630490956,60,34,26,9.900990099009901,11.846689895470384,8.150470219435736,2.6166666666666667,3.0,2.1153846153846154,1.995744680851064,1.094240837696335,1.0672268907563025,2,2
5,0.3,10.0,0.7,10.0,9,3.0,50,True,True,0.1,0.03,2.0,10.0,29,0.1942098914354644,24.170616113744074,14.496314496314497,62,34,28,9.92,11.76470588235294,8.333333333333332,2.596774193548387,3.0,2.107142857142857,1.967479674796748,1.1036269430051813,1.064516129032258,2,2
5,0.3,10.0,0.7,10.0,9,3.0,50,True,True,0.1,0.03,2.0,10.0,30,0.19929660023446658,24.47058823529412,15.42056074766355,66,35,31,10.2803738317757,12.110726643598616,8.78186968838527,2.5757575757575757,2.9714285714285715,2.129032258064516,1.9723320158102766,1.1204188481675392,1.0606060606060606,2,2
5,0.3,10.0,0.7,10.0,9,3.0,50,True,True,0.1,0.03,2.0,10.0,31,0.1958997722095672,23.54368932038835,16.09442060085837,68,33,35,10.149253731343283,11.578947368421053,9.090909090909092,2.5294117647058822,2.9393939393939394,2.142857142857143,1.911439114391144,1.1076923076923078,1.0588235294117647,2,2
5,0.3,10.0,0.7,10.0,9,3.0,50,True,True,0.1,0.03,2.0,10.0,32,0.19358407079646017,23.24455205811138,16.08961303462322,70,33,37,10.057471264367816,11.418685121107266,9.090909090909092,2.5,2.909090909090909,2.135135135135135,1.8517241379310345,1.1185567010309279,1.056338028169014,2,2
5,0.3,10.0,0.7,10.0,9,3.0,50,True,True,0.1,0.03,2.0,10.0,33,0.18474758324382384,22.330097087378643,15.414258188824661,70,32,38,9.722222222222223,11.11111111111111,8.796296296296296,2.4571428571428573,2.875,2.1052631578947367,1.8283828382838283,1.121212121212121,1.054421768707483,2,2
5,0.3,10.0,0.7,10.0,9,3.0,50,True,True,0.1,0.03,2.0,10.0,34,0.1826722338204593,21.70731707317073,15.693430656934307,72,31,41,9.664429530201343,10.76388888888889,8.971553610503284,2.4305555555555554,2.870967741935484,2.097560975609756,1.7919254658385093,1.1134020618556701,1.0509554140127388,2,2
5,0.3,10.0,0.7,10.0,9,3.0,50,True,True,0.1,0.03,2.0,10.0,35,0.18356997971602435,21.21951219512195,16.319444444444446,75,30,45,9.740259740259742,10.380622837370241,9.355509355509357,2.4133333333333336,2.9,2.088888888888889,1.774480712166172,1.1145833333333333,1.0545454545454545,2,2
5,0.3,10.0,0.7,10.0,9,3.0,50,True,True,0.1,0.03,2.0,10.0,36,0.1852216748768473,20.975609756097562,16.859504132231404,79,30,49,9.962168978562422,10.380622837370241,9.722222222222223,2.3797468354430378,2.8666666666666667,2.0816326530612246,1.7742857142857142,1.1020408163265305,1.0595238095238095,2,2
5,0.3,10.0,0.7,10.0,9,3.0,50,True,True,0.1,0.03,2.0,10.0,37,0.17894736842105263,20.493827160493826,16.25,79,29,50,9.564164648910412,10.069444444444445,9.293680297397769,2.367088607594937,2.8620689655172415,2.08,1.7219251336898396,1.0895522388059702,1.058139534883721,2,2
5,0.3,10.0,0.7,10.0,9,3.0,50,True,True,0.1,0.03,2.0,10.0,38,0.1821561338289963,20.595533498759306,16.79049034175334,83,29,54,9.730363423212191,10.069444444444445,9.557522123893806,2.36144578313253,2.8620689655172415,2.0925925925925926,1.7260981912144704,1.0804020100502512,1.0546448087431695,2,2
5,0.3,10.0,0.7,10.0,9,3.0,50,True,True,0.1,0.03,2.0,10.0,39,0.18501805054151624,20.80200501253133,17.207334273624824,87,29,58,9.830508474576272,10.069444444444445,9.715242881072026,2.3563218390804597,2.8620689655172415,2.103448275862069,1.7061728395061728,1.0682926829268293,1.053191489361702,2,2
5,0.3,10.0,0.7,10.0,9,3.0,50,True,True,0.1,0.03,2.0,10.0,40,0.19544259421560034,22.358722358722357,17.983651226158038,93,30,63,10.242290748898679,10.380622837370241,10.177705977382875,2.3978494623655915,3.033333333333333,2.0952380952380953,1.7283653846153846,1.062200956937799,1.0526315789473684,2,2
5,0.3,10.0,0.7,10.0,9,3.0,50,True,True,0.1,0.03,2.0,10.0,41,0.19319148936170213,22.084367245657567,17.875647668393782,95,29,66,10.127931769722814,10.069444444444445,10.153846153846153,2.389473684210526,3.0689655172413794,2.090909090909091,1.713302752293578,1.0566037735849056,1.0515463917525774,2,2
5,0.3,10.0,0.7,10.0,9,3.0,50,True,True,0.1,0.03,2.0,10.0,42,0.19173553719008266,21.44638403990025,18.046971569839307,98,28,70,10.113519091847266,9.688581314878892,10.294117647058822,2.36734693877551,3.0714285714285716,2.085714285714286,1.7019867549668874,1.055299539170507,1.05,2,2
5,0.3,10.0,0.7,10.0,9,3.0,50,True,True,0.1,0.03,2.0,10.0,43,0.1942215088282504,21.287128712871286,18.52731591448931,103,28,75,10.32064128256513,9.688581314878892,10.578279266572638,2.349514563106796,3.0714285714285716,2.08,1.6985138004246285,1.0547945205479452,1.048780487804878,2,2
5,0.3,10.0,0.7,10.0,9,3.0,50,True,True,0.1,0.03,2.0,10.0,44,0.1956352299298519,21.182266009852217,18.814139110604334,106,28,78,10.321324245374878,9.688581314878892,10.569105691056912,2.3679245283018866,3.0714285714285716,2.1153846153846154,1.7016460905349795,1.0486725663716814,1.0478468899521531,2,2
5,0.3,10.0,0.7,10.0,9,3.0,50,True,True,0.1,0.03,2.0,10.0,45,0.19606358819076458,21.23456790123457,18.88646288209607,109,28,81,10.302457466918714,9.688581314878892,10.533159947984396,2.376146788990826,3.0714285714285716,2.1358024691358026,1.6883629191321499,1.0530973451327434,1.0509259259259258,2,2
5,0.3,10.0,0.7,10.0,9,3.0,50,True,True,0.1,0.03,2.0,10.0,46,0.19779411764705881,21.339950372208435,19.122257053291534,114,28,86,10.449129239230064,9.722222222222223,10.709838107098381,2.3596491228070176,3.0714285714285716,2.127906976744186,1.6850094876660342,1.0482456140350878,1.0495495495495495,2,2
5,0.3,10.0,0.7,10.0,9,3.0,50,True,True,0.1,0.03,2.0,10.0,47,0.2007142857142857,21.23456790123457,19.597989949748744,119,28,91,10.596616206589493,9.688581314878892,10.911270983213429,2.361344537815126,3.0714285714285716,2.142857142857143,1.6844036697247706,1.0472103004291846,1.0530973451327434,2,2
5,0.3,10.0,0.7,10.0,9,3.0,50,True,True,0.1,0.03,2.0,10.0,48,0.2073509015256588,21.339950372208435,20.500481231953803,127,28,99,10.967184801381693,9.688581314878892,11.39240506329114,2.354330708661417,3.0714285714285716,2.1515151515151514,1.6897163120567376,1.0418410041841004,1.0526315789473684,2,2
5,0.3,10.0,0.7,10.0,9,3.0,50,True,True,0.1,0.03,2.0,10.0,49,0.20673400673400674,21.5,20.368663594470046,131,28,103,10.907577019150708,9.722222222222223,11.281489594742606,2.3435114503816794,3.0714285714285716,2.145631067961165,1.657190635451505,1.0418410041841004,1.0515021459227467,2,2
5,0.3,10.0,0.7,10.0,9,3.0,50,True,True,0.1,0.03,2.0,10.0,50,0.21386527141922826,22.524752475247524,20.977777777777778,138,29,109,11.2012987012987,10.034602076124568,11.558854718981973,2.369565217391304,3.1379310344827585,2.165137614678899,1.6715447154471545,1.045643153526971,1.0506329113924051,2,2
6,0.3,10.0,0.7,10.0,9,3.0,50,True,True,0.1,0.03,2.0,10.0,0,0.0,0.0,0.0,0,0,0,0.0,0.0,0.0,0.0,0.0,0.0,1.0,1.0,1.0,0,0
6,0.3,10.0,0.7,10.0,9,3.0,50,True,True,0.1,0.03,2.0,10.0,1,0.018867924528301886,2.380952380952381,0.0,2,2,0,0.546448087431694,0.6920415224913495,0.0,3.5,3.5,0.0,1.0414201183431953,1.0,1.0,3,3
6,0.3,10.0,0.7,10.0,9,3.0,50,True,True,0.1,0.03,2.0,10.0,2,0.04712041884816754,5.351170568561873,2.4096385542168677,7,6,1,1.8867924528301887,2.0761245674740483,1.2195121951219512,2.5714285714285716,2.6666666666666665,2.0,1.108433734939759,1.0,1.0,2,2
6,0.3,10.0,0.7,10.0,9,3.0,50,True,True,0.1,0.03,2.0,10.0,3,0.07124681933842239,8.58085808580858,2.2222222222222223,11,10,1,2.941176470588235,3.508771929824561,1.1235955056179776,2.5454545454545454,2.6,2.0,1.186335403726708,1.0,1.0,2,2
6,0.3,10.0,0.7,10.0,9,3.0,50,True,True,0.1,0.03,2.0,10.0,4,0.10396039603960396,12.82051282051282,2.1739130434782608,15,14,1,4.076086956521739,5.054151624548736,1.098901098901099,2.8,2.857142857142857,2.0,1.346938775510204,1.0,1.0,2,2
6,0.3,10.0,0.7,10.0,9,3.0,50,True,True,0.1,0.03,2.0,10.0,5,0.1466346153846154,17.70186335403727,4.25531914893617,18,16,2,5.027932960893855,6.015037593984962,2.1739130434782608,3.388888888888889,3.5625,2.0,1.5681818181818181,1.0072463768115942,1.0,2,2
6,0.3,10.0,0.7,10.0,9,3.0,50,True,True,0.1,0.03,2.0,10.0,6,0.18691588785046728,22.9607250755287,4.123711340206185,23,21,2,6.534090909090909,8.171206225680933,2.1052631578947367,3.4782608695652173,3.619047619047619,2.0,1.815126050420168,1.0145985401459854,1.0,2,2
6,0.3,10.0,0.7,10.0,9,3.0,50,True,True,0.1,0.03,2.0,10.0,7,0.19318181818181818,23.44213649851632,5.825242718446602,24,21,3,6.685236768802229,8.045977011494253,3.061224489795918,3.5416666666666665,3.761904761904762,2.0,1.8442622950819672,1.0218978102189782,1.0,2,2
6,0.3,10.0,0.7,10.0,9,3.0,50,True,True,0.1,0.03,2.0,10.0,8,0.2163355408388521,26.666666666666668,5.555555555555555,28,25,3,7.671232876712329,9.541984732824428,2.912621359223301,3.5,3.68,2.0,1.9262295081967213,1.0215827338129497,1.0,2,2
6,0.3,10.0,0.7,10.0,9,3.0,50,True,True,0.1,0.03,2.0,10.0,9,0.21030042918454936,26.285714285714285,5.172413793103448,28,25,3,7.446808510638298,9.433962264150944,2.7027027027027026,3.5,3.68,2.0,1.8914728682170543,1.0212765957446808,1.0,2,2
6,0.3,10.0,0.7,10.0,9,3.0,50,True,True,0.1,0.03,2.0,10.0,10,0.2254697286012526,28.333333333333332,5.042016806722689,32,29,3,8.37696335078534,10.820895522388058,2.631578947368421,3.375,3.5172413793103448,2.0,2.0,1.0204081632653061,1.0,2,2
6,0.3,10.0,0.7,10.0,9,3.0,50,True,True,0.1,0.03,2.0,10.0,11,0.2231237322515213,27.882037533512065,5.0,33,30,3,8.549222797927461,11.07011070110701,2.608695652173913,3.3333333333333335,3.466666666666667,2.0,2.096,1.0198675496688743,1.0,2,2
6,0.3,10.0,0.7,10.0,9,3.0,50,True,True,0.1,0.03,2.0,10.0,12,0.21696252465483234,27.296587926509186,4.761904761904762,33,30,3,8.354430379746836,10.948905109489052,2.479338842975207,3.3333333333333335,3.466666666666667,2.0,2.109375,1.019736842105263,1.0,2,2
6,0.3,10.0,0.7,10.0,9,3.0,50,True,True,0.1,0.03,2.0,10.0,13,0.21455938697318008,27.17948717948718,4.545454545454546,34,31,3,8.45771144278607,11.151079136690647,2.4193548387096775,3.2941176470588234,3.4193548387096775,2.0,2.122137404580153,1.0445859872611465,1.0,2,2
6,0.3,10.0,0.7,10.0,9,3.0,50,True,True,0.1,0.03,2.0,10.0,14,0.2122905027932961,27.27272727272727,4.25531914893617,35,32,3,8.433734939759036,11.307420494699647,2.272727272727273,3.257142857142857,3.375,2.0,2.0948905109489053,1.0506329113924051,1.0,2,2
6,0.3,10.0,0.7,10.0,9,3.0,50,True,True,0.1,0.03,2.0,10.0,15,0.2115732368896926,27.475247524752476,4.026845637583892,37,34,3,8.767772511848342,12.014134275618375,2.158273381294964,3.1621621621621623,3.264705882352941,2.0,2.1510791366906474,1.0432098765432098,1.0119047619047619,2,2
6,0.3,10.0,0.7,10.0,9,3.0,50,True,True,0.1,0.03,2.0,10.0,16,0.20738137082601055,27.536231884057973,2.5806451612903225,37,35,2,8.604651162790699,12.280701754385964,1.3793103448275863,3.189189189189189,3.257142857142857,2.0,2.1818181818181817,1.0429447852760736,1.0116279069767442,2,2
6,0.3,10.0,0.7,10.0,9,3.0,50,True,True,0.1,0.03,2.0,10.0,17,0.21843003412969283,28.639618138424822,4.790419161676647,41,37,4,9.318181818181818,12.89198606271777,2.6143790849673203,3.1219512195121952,3.2432432432432434,2.0,2.197278911564626,1.0609756097560976,1.0113636363636365,2,2
6,0.3,10.0,0.7,10.0,9,3.0,50,True,True,0.1,0.03,2.0,10.0,18,0.21393034825870647,28.741092636579573,4.395604395604396,41,37,4,9.010989010989011,12.89198606271777,2.380952380952381,3.1463414634146343,3.27027027027027,2.0,2.140127388535032,1.0602409638554218,1.011111111111111,2,2
6,0.3,10.0,0.7,10.0,9,3.0,50,True,True,0.1,0.03,2.0,10.0,19,0.20772946859903382,28.26603325415677,5.0,41,36,5,8.72340425531915,12.543554006968641,2.73224043715847,3.1463414634146343,3.3055555555555554,2.0,2.0838323353293413,1.0591715976331362,1.010752688172043,2,2
6,0.3,10.0,0.7,10.0,9,3.0,50,True,True,0.1,0.03,2.0,10.0,20,0.21439749608763695,29.274004683840747,5.660377358490567,44,38,6,9.147609147609149,13.194444444444445,3.1088082901554404,3.1136363636363638,3.289473684210526,2.0,2.0935672514619883,1.0818713450292399,1.0105263157894737,2,2
6,0.3,10.0,0.7,10.0,9,3.0,50,True,True,0.1,0.03,2.0,10.0,21,0.22492401215805471,29.698375870069604,8.81057268722467,49,39,10,10.020449897750511,13.684210526315791,4.901960784313726,3.020408163265306,3.282051282051282,2.0,2.195266272189349,1.0872093023255813,1.0101010101010102,2,2
6,0.3,10.0,0.7,10.0,9,3.0,50,True,True,0.1,0.03,2.0,10.0,22,0.22156573116691286,29.22374429223744,9.205020920502092,50,39,11,9.940357852882704,13.494809688581316,5.14018691588785,3.0,3.282051282051282,2.0,2.191860465116279,1.100558659217877,1.0098039215686274,2,2
6,0.3,10.0,0.7,10.0,9,3.0,50,True,True,0.1,0.03,2.0,10.0,23,0.22381635581061693,29.157175398633257,10.852713178294573,53,39,14,10.231660231660232,13.494809688581316,6.11353711790393,2.943396226415094,3.282051282051282,2.0,2.1712707182320443,1.1073446327683616,1.0093457943925233,2,2
6,0.3,10.0,0.7,10.0,9,3.0,50,True,True,0.1,0.03,2.0,10.0,24,0.2203626220362622,29.213483146067414,10.294117647058822,54,40,14,10.227272727272728,13.88888888888889,5.833333333333333,2.925925925925926,3.25,2.0,2.1774193548387095,1.1242937853107344,1.018018018018018,2,2
6,0.3,10.0,0.7,10.0,9,3.0,50,True,True,0.1,0.03,2.0,10.0,25,0.22493224932249323,29.464285714285715,11.724137931034482,58,41,17,10.720887245841034,14.23611111111111,6.719367588932807,2.8620689655172415,3.2195121951219514,2.0,2.2116402116402116,1.1263736263736264,1.0267857142857142,2,2
6,0.3,10.0,0.7,10.0,9,3.0,50,True,True,0.1,0.03,2.0,10.0,26,0.2236842105263158,29.464285714285715,12.179487179487179,60,41,19,10.75268817204301,14.23611111111111,7.037037037037037,2.8333333333333335,3.2195121951219514,2.0,2.185929648241206,1.12707182320442,1.0254237288135593,2,2
6,0.3,10.0,0.7,10.0,9,3.0,50,True,True,0.1,0.03,2.0,10.0,27,0.21739130434782608,29.213483146067414,11.869436201780417,60,40,20,10.327022375215146,13.88888888888889,6.825938566552901,2.8333333333333335,3.25,2.0,2.088372093023256,1.1283422459893049,1.0338983050847457,2,2
6,0.3,10.0,0.7,10.0,9,3.0,50,True,True,0.1,0.03,2.0,10.0,28,0.2111801242236025,29.082774049217004,11.1731843575419,60,40,20,9.966777408637874,13.88888888888889,6.369426751592357,2.8333333333333335,3.25,2.0,2.0085836909871246,1.1297297297297297,1.032258064516129,2,2
6,0.3,10.0,0.7,10.0,9,3.0,50,True,True,0.1,0.03,2.0,10.0,29,0.20627261761158022,28.02690582959641,12.010443864229766,62,39,23,9.967845659163988,13.541666666666666,6.88622754491018,2.7580645161290325,3.2051282051282053,2.0,1.9716599190283401,1.1297297297297297,1.0390625,2,2
6,0.3,10.0,0.7,10.0,9,3.0,50,True,True,0.1,0.03,2.0,10.0,30,0.205158264947245,28.02690582959641,12.285012285012286,63,39,24,9.782608695652174,13.494809688581316,6.760563380281689,2.7777777777777777,3.2051282051282053,2.0833333333333335,1.9204545454545454,1.1297297297297297,1.0378787878787878,2,2
6,0.3,10.0,0.7,10.0,9,3.0,50,True,True,0.1,0.03,2.0,10.0,31,0.21070615034168566,29.046563192904657,12.646370023419204,66,40,26,9.969788519637463,13.84083044982699,6.970509383378016,2.803030303030303,3.275,2.076923076923077,1.9233576642335766,1.1311475409836065,1.0359712230215827,2,2
6,0.3,10.0,0.7,10.0,9,3.0,50,True,True,0.1,0.03,2.0,10.0,32,0.20464601769911506,29.30648769574944,11.816192560175056,66,40,26,9.620991253644315,13.84083044982699,6.54911838790932,2.803030303030303,3.275,2.076923076923077,1.8923611111111112,1.1176470588235294,1.0344827586206897,2,2
6,0.3,10.0,0.7,10.0,9,3.0,50,True,True,0.1,0.03,2.0,10.0,33,0.20515574650912996,30.13392857142857,11.594202898550725,69,42,27,9.815078236130867,14.583333333333334,6.506024096385541,2.7681159420289854,3.2142857142857144,2.074074074074074,1.8837209302325582,1.1397849462365592,1.034013605442177,2,2
6,0.3,10.0,0.7,10.0,9,3.0,50,True,True,0.1,0.03,2.0,10.0,34,0.20146137787056367,30.269058295964125,11.328125,70,42,28,9.615384615384617,14.53287197231834,6.378132118451026,2.757142857142857,3.2142857142857144,2.0714285714285716,1.8544303797468353,1.130890052356021,1.033112582781457,2,2
6,0.3,10.0,0.7,10.0,9,3.0,50,True,True,0.1,0.03,2.0,10.0,35,0.20486815415821502,30.201342281879196,12.430426716141001,74,42,32,9.866666666666667,14.53287197231834,6.941431670281996,2.72972972972973,3.2142857142857144,2.09375,1.8459214501510575,1.131578947368421,1.032258064516129,2,2
6,0.3,10.0,0.7,10.0,9,3.0,50,True,True,0.1,0.03,2.0,10.0,36,0.20295566502463055,30.30973451327434,12.25577264653641,76,43,33,9.831824062095732,14.878892733564014,6.8181818181818175,2.710526315789474,3.186046511627907,2.090909090909091,1.8189655172413792,1.145077720207254,1.0320512820512822,2,2
6,0.3,10.0,0.7,10.0,9,3.0,50,True,True,0.1,0.03,2.0,10.0,37,0.20287081339712917,29.711751662971174,13.131313131313133,78,42,36,9.786700125470514,14.53287197231834,7.086614173228346,2.717948717948718,3.1904761904761907,2.1666666666666665,1.8021978021978022,1.1578947368421053,1.0304878048780488,2,2
6,0.3,10.0,0.7,10.0,9,3.0,50,True,True,0.1,0.03,2.0,10.0,38,0.20260223048327136,29.84409799554566,13.397129186602871,81,42,39,9.83009708737864,14.53287197231834,7.289719626168225,2.691358024691358,3.1904761904761907,2.1538461538461537,1.7754569190600522,1.15625,1.0357142857142858,2,2
6,0.3,10.0,0.7,10.0,9,3.0,50,True,True,0.1,0.03,2.0,10.0,39,0.20938628158844766,29.977628635346754,14.826021180030258,87,42,45,10.25943396226415,14.583333333333334,8.035714285714286,2.6666666666666665,3.1904761904761907,2.1777777777777776,1.792929292929293,1.1398963730569949,1.0348837209302326,2,2
6,0.3,10.0,0.7,10.0,9,3.0,50,True,True,0.1,0.03,2.0,10.0,40,0.21297107800175286,30.112359550561795,15.660919540229884,90,42,48,10.321100917431194,14.583333333333334,8.21917808219178,2.7,3.1904761904761907,2.2708333333333335,1.7936893203883495,1.1295336787564767,1.0454545454545454,2,2
6,0.3,10.0,0.7,10.0,9,3.0,50,True,True,0.1,0.03,2.0,10.0,41,0.214468085106383,29.8876404494382,16.301369863013697,94,42,52,10.46770601336303,14.53287197231834,8.538587848932677,2.6808510638297873,3.1666666666666665,2.2884615384615383,1.7868852459016393,1.1391752577319587,1.0437158469945356,2,2
6,0.3,10.0,0.7,10.0,9,3.0,50,True,True,0.1,0.03,2.0,10.0,42,0.21322314049586777,28.863636363636363,17.01298701298701,99,41,58,10.633727175080558,14.23611111111111,9.020217729393467,2.606060606060606,3.097560975609756,2.2586206896551726,1.7666666666666666,1.1326530612244898,1.0432432432432432,2,2
6,0.3,10.0,0.7,10.0,9,3.0,50,True,True,0.1,0.03,2.0,10.0,43,0.2158908507223114,29.438202247191008,17.228464419475657,103,42,61,10.751565762004175,14.53287197231834,9.118086696562033,2.6116504854368934,3.119047619047619,2.262295081967213,1.7639484978540771,1.1293532338308458,1.047872340425532,2,2
6,0.3,10.0,0.7,10.0,9,3.0,50,True,True,0.1,0.03,2.0,10.0,44,0.2182385035074045,29.119638826185103,17.976190476190474,107,41,66,10.82995951417004,14.186851211072666,9.44206008583691,2.616822429906542,3.1463414634146343,2.287878787878788,1.7655601659751037,1.1293532338308458,1.0459183673469388,2,2
6,0.3,10.0,0.7,10.0,9,3.0,50,True,True,0.1,0.03,2.0,10.0,45,0.2218016654049962,28.246013667425967,19.160997732426306,113,39,74,11.11111111111111,13.494809688581316,10.164835164835164,2.5929203539823007,3.1794871794871793,2.2837837837837838,1.7706237424547284,1.1310679611650485,1.0452261306532664,2,2
6,0.3,10.0,0.7,10.0,9,3.0,50,True,True,0.1,0.03,2.0,10.0,46,0.2213235294117647,28.240740740740737,19.288793103448278,116,38,78,11.02661596958175,13.286713286713287,10.182767624020887,2.5948275862068964,3.210526315789474,2.2948717948717947,1.766990291262136,1.0976744186046512,1.0439024390243903,2,2
6,0.3,10.0,0.7,10.0,9,3.0,50,True,True,0.1,0.03,2.0,10.0,47,0.21785714285714286,27.816091954022987,19.067357512953368,118,38,80,10.835629017447198,13.194444444444445,9.987515605493133,2.5847457627118646,3.1842105263157894,2.3,1.7407407407407407,1.0909090909090908,1.042654028436019,2,2
6,0.3,10.0,0.7,10.0,9,3.0,50,True,True,0.1,0.03,2.0,10.0,48,0.21567267683772537,27.75229357798165,18.886679920477135,121,38,83,10.765124555160142,13.194444444444445,9.92822966507177,2.5702479338842976,3.1842105263157894,2.289156626506024,1.7234042553191489,1.0982142857142858,1.041860465116279,2,2
6,0.3,10.0,0.7,10.0,9,3.0,50,True,True,0.1,0.03,2.0,10.0,49,0.2202020202020202,26.95852534562212,19.980970504281636,126,36,90,10.86206896551724,12.5,10.321100917431194,2.5952380952380953,3.25,2.3333333333333335,1.7243150684931507,1.0865800865800865,1.0412844036697249,2,2
6,0.3,10.0,0.7,10.0,9,3.0,50,True,True,0.1,0.03,2.0,10.0,50,0.2223675604970569,25.874125874125873,20.81818181818182,132,34,98,11.055276381909549,11.846689895470384,10.804851157662625,2.5757575757575757,3.264705882352941,2.336734693877551,1.7171052631578947,1.0969162995594715,1.039647577092511,2,2
7,0.3,10.0,0.7,10.0,9,3.0,50,True,True,0.1,0.03,2.0,10.0,0,0.0,0.0,0.0,0,0,0,0.0,0.0,0.0,0.0,0.0,0.0,1.0,1.0,1.0,0,0
7,0.3,10.0,0.7,10.0,9,3.0,50,True,True,0.1,0.03,2.0,10.0,1,0.03234501347708895,4.054054054054054,0.0,5,5,0,1.3736263736263736,1.7301038062283738,0.0,2.4,2.4,0.0,1.0710059171597632,1.0,1.0,2,2
7,0.3,10.0,0.7,10.0,9,3.0,50,True,True,0.1,0.03,2.0,10.0,2,0.05759162303664921,7.28476821192053,0.0,9,9,0,2.4390243902439024,3.1141868512110724,0.0,2.4444444444444446,2.4444444444444446,0.0,1.125748502994012,1.0077519379844961,1.0,2,2
7,0.3,10.0,0.7,10.0,9,3.0,50,True,True,0.1,0.03,2.0,10.0,3,0.089058524173028,10.855263157894738,2.247191011235955,14,13,1,3.763440860215054,4.577464788732395,1.1363636363636365,2.5,2.5384615384615383,2.0,1.20625,1.0147058823529411,1.0,2,2
7,0.3,10.0,0.7,10.0,9,3.0,50,True,True,0.1,0.03,2.0,10.0,4,0.12376237623762376,15.584415584415584,2.083333333333333,18,17,1,4.8517520215633425,6.159420289855073,1.0526315789473684,2.7777777777777777,2.823529411764706,2.0,1.34,1.0072463768115942,1.0,2,2
7,0.3,10.0,0.7,10.0,9,3.0,50,True,True,0.1,0.03,2.0,10.0,5,0.13701923076923078,16.93290734824281,3.8834951456310676,21,19,2,5.64516129032258,7.011070110701106,1.9801980198019802,2.7142857142857144,2.789473684210526,2.0,1.4344827586206896,1.014388489208633,1.0,2,2
7,0.3,10.0,0.7,10.0,9,3.0,50,True,True,0.1,0.03,2.0,10.0,6,0.13551401869158877,16.875,3.7037037037037033,22,20,2,5.82010582010582,7.326007326007327,1.9047619047619049,2.6363636363636362,2.7,2.0,1.4896551724137932,1.0140845070422535,1.0,2,2
7,0.3,10.0,0.7,10.0,9,3.0,50,True,True,0.1,0.03,2.0,10.0,7,0.1431818181818182,18.098159509202453,3.508771929824561,23,21,2,6.020942408376963,7.7490774907749085,1.8018018018018018,2.739130434782609,2.8095238095238093,2.0,1.5664335664335665,1.0,1.0,2,2
7,0.3,10.0,0.7,10.0,9,3.0,50,True,True,0.1,0.03,2.0,10.0,8,0.1545253863134658,18.731117824773413,6.557377049180328,26,22,4,6.7357512953367875,8.148148148148149,3.4482758620689653,2.6923076923076925,2.8181818181818183,2.0,1.673913043478261,1.0066225165562914,1.0,2,2
7,0.3,10.0,0.7,10.0,9,3.0,50,True,True,0.1,0.03,2.0,10.0,9,0.15879828326180256,19.584569732937684,6.2015503875969,28,24,4,7.052896725440807,8.75912408759124,3.2520325203252036,2.642857142857143,2.75,2.0,1.6857142857142857,1.0063694267515924,1.0,2,2
7,0.3,10.0,0.7,10.0,9,3.0,50,True,True,0.1,0.03,2.0,10.0,10,0.16701461377870563,20.99125364431487,5.88235294117647,31,27,4,7.673267326732673,9.854014598540147,3.076923076923077,2.5806451612903225,2.6666666666666665,2.0,1.7608695652173914,1.0062111801242235,1.0,2,2
7,0.3,10.0,0.7,10.0,9,3.0,50,True,True,0.1,0.03,2.0,10.0,11,0.16227180527383367,20.96317280453258,4.285714285714286,31,28,3,7.524271844660194,10.108303249097473,2.2222222222222223,2.5806451612903225,2.642857142857143,2.0,1.7857142857142858,1.0182926829268293,1.0,2,2
7,0.3,10.0,0.7,10.0,9,3.0,50,True,True,0.1,0.03,2.0,10.0,12,0.16962524654832348,21.288515406162464,6.666666666666667,34,29,5,8.133971291866029,10.431654676258994,3.571428571428571,2.5294117647058822,2.6206896551724137,2.0,1.8380281690140845,1.01840490797546,1.0126582278481013,2,2
7,0.3,10.0,0.7,10.0,9,3.0,50,True,True,0.1,0.03,2.0,10.0,13,0.1685823754789272,21.36986301369863,6.369426751592357,35,30,5,8.19672131147541,10.714285714285714,3.4013605442176873,2.5142857142857142,2.6,2.0,1.875,1.0178571428571428,1.0125,2,2
7,0.3,10.0,0.7,10.0,9,3.0,50,True,True,0.1,0.03,2.0,10.0,14,0.18063314711359404,22.78820375335121,7.317073170731707,39,33,6,9.027777777777777,11.827956989247312,3.9215686274509802,2.4871794871794872,2.5757575757575757,2.0,1.979020979020979,1.0185185185185186,1.0113636363636365,2,2
7,0.3,10.0,0.7,10.0,9,3.0,50,True,True,0.1,0.03,2.0,10.0,15,0.18806509945750452,22.916666666666664,9.467455621301776,42,34,8,9.63302752293578,12.142857142857142,5.128205128205128,2.4761904761904763,2.588235294117647,2.0,2.1,1.0246913580246915,1.0108695652173914,2,2
7,0.3,10.0,0.7,10.0,9,3.0,50,True,True,0.1,0.03,2.0,10.0,16,0.19156414762741653,22.448979591836736,11.864406779661017,44,34,10,9.932279909706546,12.014134275618375,6.25,2.477272727272727,2.588235294117647,2.1,2.147887323943662,1.0368098159509203,1.0106382978723405,2,2
7,0.3,10.0,0.7,10.0,9,3.0,50,True,True,0.1,0.03,2.0,10.0,17,0.18771331058020477,22.418136020151135,11.11111111111111,44,34,10,9.670329670329672,12.014134275618375,5.813953488372093,2.5,2.6176470588235294,2.1,2.1283783783783785,1.0426829268292683,1.0101010101010102,2,2
7,0.3,10.0,0.7,10.0,9,3.0,50,True,True,0.1,0.03,2.0,10.0,18,0.19071310116086235,23.15270935960591,10.65989847715736,46,36,10,9.871244635193133,12.587412587412588,5.555555555555555,2.5,2.611111111111111,2.1,2.109677419354839,1.0606060606060606,1.01,2,2
7,0.3,10.0,0.7,10.0,9,3.0,50,True,True,0.1,0.03,2.0,10.0,19,0.18679549114331723,23.170731707317074,9.95260663507109,47,37,10,9.812108559498958,12.847222222222221,5.2356020942408374,2.4680851063829787,2.5675675675675675,2.1,2.079754601226994,1.0797546012269938,1.0095238095238095,2,2
7,0.3,10.0,0.7,10.0,9,3.0,50,True,True,0.1,0.03,2.0,10.0,20,0.18622848200312989,22.794117647058822,11.255411255411255,48,36,12,9.7165991902834,12.543554006968641,5.797101449275362,2.4791666666666665,2.5833333333333335,2.1666666666666665,2.0409356725146197,1.0843373493975903,1.0091743119266054,2,2
7,0.3,10.0,0.7,10.0,9,3.0,50,True,True,0.1,0.03,2.0,10.0,21,0.1945288753799392,22.906403940886698,13.88888888888889,52,36,16,10.297029702970297,12.676056338028168,7.239819004524888,2.4615384615384617,2.5833333333333335,2.1875,2.056497175141243,1.1024096385542168,1.009090909090909,2,2
7,0.3,10.0,0.7,10.0,9,3.0,50,True,True,0.1,0.03,2.0,10.0,22,0.19497784342688332,22.73838630806846,14.55223880597015,54,36,18,10.424710424710424,12.631578947368421,7.725321888412018,2.4444444444444446,2.5833333333333335,2.1666666666666665,2.0655737704918034,1.1,1.009009009009009,2,2
7,0.3,10.0,0.7,10.0,9,3.0,50,True,True,0.1,0.03,2.0,10.0,23,0.18507890961262555,21.11650485436893,14.736842105263156,52,33,19,9.737827715355806,11.458333333333332,7.723577235772358,2.480769230769231,2.6363636363636362,2.210526315789474,2.0153846153846153,1.111764705882353,1.0087719298245614,2,2
7,0.3,10.0,0.7,10.0,9,3.0,50,True,True,0.1,0.03,2.0,10.0,24,0.19246861924686193,21.5311004784689,16.05351170568562,55,33,22,10.14760147601476,11.458333333333332,8.661417322834646,2.5090909090909093,2.727272727272727,2.1818181818181817,2.0555555555555554,1.115606936416185,1.017391304347826,2,2
7,0.3,10.0,0.7,10.0,9,3.0,50,True,True,0.1,0.03,2.0,10.0,25,0.1897018970189702,21.73913043478261,15.432098765432098,56,33,23,9.929078014184398,11.458333333333332,8.333333333333332,2.5,2.727272727272727,2.1739130434782608,1.9858490566037736,1.1142857142857143,1.0166666666666666,2,2
7,0.3,10.0,0.7,10.0,9,3.0,50,True,True,0.1,0.03,2.0,10.0,26,0.19736842105263158,22.911694510739856,15.835777126099707,59,34,25,10.189982728842832,11.805555555555555,8.59106529209622,2.542372881355932,2.823529411764706,2.16,1.9730941704035874,1.122093023255814,1.016,2,2
7,0.3,10.0,0.7,10.0,9,3.0,50,True,True,0.1,0.03,2.0,10.0,27,0.19948849104859334,21.73913043478261,17.934782608695652,63,32,31,10.552763819095476,11.149825783972126,10.0,2.4761904761904763,2.8125,2.129032258064516,2.0,1.122093023255814,1.015267175572519,2,2
7,0.3,10.0,0.7,10.0,9,3.0,50,True,True,0.1,0.03,2.0,10.0,28,0.19875776397515527,21.204819277108435,18.461538461538463,65,31,34,10.586319218241043,10.76388888888889,10.429447852760736,2.4615384615384617,2.838709677419355,2.1176470588235294,1.9831932773109244,1.1193181818181819,1.0149253731343284,2,2
7,0.3,10.0,0.7,10.0,9,3.0,50,True,True,0.1,0.03,2.0,10.0,29,0.20024125452352232,20.388349514563107,19.664268585131893,69,31,38,10.917721518987342,10.76388888888889,11.046511627906977,2.4057971014492754,2.7096774193548385,2.1578947368421053,1.956175298804781,1.1453488372093024,1.014388489208633,2,2
7,0.3,10.0,0.7,10.0,9,3.0,50,True,True,0.1,0.03,2.0,10.0,30,0.19929660023446658,20.33898305084746,19.545454545454547,71,31,40,10.856269113149846,10.726643598615917,10.95890410958904,2.3943661971830985,2.7096774193548385,2.15,1.928030303030303,1.1371428571428572,1.013986013986014,2,2
7,0.3,10.0,0.7,10.0,9,3.0,50,True,True,0.1,0.03,2.0,10.0,31,0.2072892938496583,20.77294685990338,20.689655172413794,77,32,45,11.475409836065573,11.072664359861593,11.780104712041885,2.3636363636363638,2.6875,2.1333333333333333,1.9448529411764706,1.1420454545454546,1.0136986301369864,2,2
7,0.3,10.0,0.7,10.0,9,3.0,50,True,True,0.1,0.03,2.0,10.0,32,0.20907079646017698,20.823244552058114,20.977596741344197,80,32,48,11.544011544011545,11.072664359861593,11.881188118811881,2.3625,2.6875,2.1458333333333335,1.9361702127659575,1.1366120218579234,1.0135135135135136,2,2
7,0.3,10.0,0.7,10.0,9,3.0,50,True,True,0.1,0.03,2.0,10.0,33,0.20622986036519872,19.11764705882353,21.79732313575526,81,28,53,11.297071129707113,9.688581314878892,12.383177570093459,2.3703703703703702,2.7857142857142856,2.150943396226415,1.9315068493150684,1.1329787234042554,1.013157894736842,2,2
7,0.3,10.0,0.7,10.0,9,3.0,50,True,True,0.1,0.03,2.0,10.0,34,0.20668058455114824,19.164619164619165,21.77858439201452,84,28,56,11.320754716981133,9.688581314878892,12.362030905077264,2.357142857142857,2.7857142857142856,2.142857142857143,1.883495145631068,1.1275510204081634,1.0130718954248366,2,2
7,0.3,10.0,0.7,10.0,9,3.0,50,True,True,0.1,0.03,2.0,10.0,35,0.20689655172413793,19.164619164619165,21.761658031088082,86,28,58,11.22715404699739,9.722222222222223,12.133891213389122,2.372093023255814,2.7857142857142856,2.1724137931034484,1.8726708074534162,1.1194029850746268,1.0193548387096774,2,2
7,0.3,10.0,0.7,10.0,9,3.0,50,True,True,0.1,0.03,2.0,10.0,36,0.20492610837438424,19.024390243902438,21.487603305785125,88,28,60,11.139240506329113,9.688581314878892,11.976047904191617,2.3636363636363638,2.7857142857142856,2.1666666666666665,1.8486646884272997,1.1153846153846154,1.019108280254777,2,2
7,0.3,10.0,0.7,10.0,9,3.0,50,True,True,0.1,0.03,2.0,10.0,37,0.20478468899521532,18.42751842751843,21.786833855799372,92,28,64,11.260709914320685,9.688581314878892,12.121212121212121,2.3260869565217392,2.6785714285714284,2.171875,1.819718309859155,1.1238095238095238,1.01875,2,2
7,0.3,10.0,0.7,10.0,9,3.0,50,True,True,0.1,0.03,2.0,10.0,38,0.20260223048327136,18.1592039800995,21.513353115727003,94,27,67,11.124260355029586,9.40766550522648,12.007168458781361,2.3191489361702127,2.7037037037037037,2.1641791044776117,1.7962466487935658,1.1157407407407407,1.0185185185185186,2,2
7,0.3,10.0,0.7,10.0,9,3.0,50,True,True,0.1,0.03,2.0,10.0,39,0.20848375451263537,17.70573566084788,22.63083451202263,100,26,74,11.507479861910241,9.027777777777777,12.736660929432015,2.31,2.730769230769231,2.1621621621621623,1.8141361256544504,1.1131221719457014,1.0180722891566265,2,2
7,0.3,10.0,0.7,10.0,9,3.0,50,True,True,0.1,0.03,2.0,10.0,40,0.21034180543382996,17.38035264483627,22.983870967741936,105,26,79,11.666666666666666,8.996539792387544,12.92962356792144,2.2857142857142856,2.6538461538461537,2.1645569620253164,1.7871287128712872,1.1036036036036037,1.029585798816568,2,2
7,0.3,10.0,0.7,10.0,9,3.0,50,True,True,0.1,0.03,2.0,10.0,41,0.2127659574468085,16.923076923076923,23.439490445859875,109,24,85,11.707841031149302,8.362369337979095,13.198757763975156,2.293577981651376,2.75,2.164705882352941,1.791866028708134,1.0873362445414847,1.023121387283237,2,2
7,0.3,10.0,0.7,10.0,9,3.0,50,True,True,0.1,0.03,2.0,10.0,42,0.20909090909090908,16.879795396419436,22.832722832722833,111,24,87,11.514522821576763,8.304498269896193,12.88888888888889,2.279279279279279,2.75,2.1494252873563218,1.7636363636363637,1.0775862068965518,1.0165745856353592,2,2
7,0.3,10.0,0.7,10.0,9,3.0,50,True,True,0.1,0.03,2.0,10.0,43,0.21268057784911718,17.098445595854923,23.13953488372093,117,24,93,11.711711711711711,8.304498269896193,13.098591549295774,2.264957264957265,2.75,2.139784946236559,1.7462039045553146,1.0739130434782609,1.0157068062827226,2,2
7,0.3,10.0,0.7,10.0,9,3.0,50,True,True,0.1,0.03,2.0,10.0,44,0.2190179267342167,17.098445595854923,23.968784838350054,123,24,99,12.0,8.304498269896193,13.451086956521738,2.2845528455284554,2.75,2.1717171717171717,1.7578947368421052,1.0786026200873362,1.0203045685279188,2,2
7,0.3,10.0,0.7,10.0,9,3.0,50,True,True,0.1,0.03,2.0,10.0,45,0.2142316426949281,16.187989556135772,23.560767590618337,124,22,102,11.665098777046095,7.612456747404845,13.178294573643413,2.282258064516129,2.8181818181818183,2.1666666666666665,1.722,1.0815450643776825,1.0196078431372548,2,2
7,0.3,10.0,0.7,10.0,9,3.0,50,True,True,0.1,0.03,2.0,10.0,46,0.2139705882352941,16.230366492146597,23.415132924335378,128,22,106,11.64695177434031,7.612456747404845,13.086419753086421,2.2734375,2.8181818181818183,2.160377358490566,1.6984732824427482,1.0808510638297872,1.0188679245283019,2,2
7,0.3,10.0,0.7,10.0,9,3.0,50,True,True,0.1,0.03,2.0,10.0,47,0.21357142857142858,15.706806282722512,23.477406679764243,131,21,110,11.562224183583407,7.26643598615917,13.033175355450238,2.282442748091603,2.857142857142857,2.172727272727273,1.691743119266055,1.0759493670886076,1.0182648401826484,2,2
7,0.3,10.0,0.7,10.0,9,3.0,50,True,True,0.1,0.03,2.0,10.0,48,0.22399445214979197,15.608465608465607,24.81203007518797,140,21,119,12.048192771084338,7.291666666666667,13.615560640732266,2.307142857142857,2.8095238095238093,2.2184873949579833,1.7233273056057865,1.0617283950617284,1.0221238938053097,2,2
7,0.3,10.0,0.7,10.0,9,3.0,50,True,True,0.1,0.03,2.0,10.0,49,0.22626262626262628,16.535433070866144,24.728260869565215,145,22,123,12.073272273105745,7.612456747404845,13.486842105263158,2.317241379310345,2.8636363636363638,2.2195121951219514,1.7118055555555556,1.0557768924302788,1.0218340611353711,2,2
7,0.3,10.0,0.7,10.0,9,3.0,50,True,True,0.1,0.03,2.0,10.0,50,0.2289077828646174,16.180371352785148,25.086805555555557,149,21,128,12.074554294975687,7.317073170731707,13.51636747624076,2.348993288590604,2.9047619047619047,2.2578125,1.7176470588235293,1.0476190476190477,1.0253164556962024,2,2
8,0.3,10.0,0.7,10.0,9,3.0,50,True,True,0.1,0.03,2.0,10.0,0,0.0,0.0,0.0,0,0,0,0.0,0.0,0.0,0.0,0.0,0.0,1.0,1.0,1.0,0,0
8,0.3,10.0,0.7,10.0,9,3.0,50,True,True,0.1,0.03,2.0,10.0,1,0.0215633423180593,2.7210884353741496,0.0,3,3,0,0.819672131147541,1.0380622837370241,0.0,2.6666666666666665,2.6666666666666665,0.0,1.049079754601227,1.0,1.0,2,2
8,0.3,10.0,0.7,10.0,9,3.0,50,True,True,0.1,0.03,2.0,10.0,2,0.03664921465968586,4.713804713804714,0.0,6,6,0,1.6042780748663104,2.0761245674740483,0.0,2.3333333333333335,2.3333333333333335,0.0,1.0853658536585367,1.0,1.0,2,2
8,0.3,10.0,0.7,10.0,9,3.0,50,True,True,0.1,0.03,2.0,10.0,3,0.04580152671755725,6.122448979591836,0.0,8,8,0,2.099737532808399,2.8368794326241136,0.0,2.25,2.25,0.0,1.123456790123457,1.0,1.0,2,2
8,0.3,10.0,0.7,10.0,9,3.0,50,True,True,0.1,0.03,2.0,10.0,4,0.08168316831683169,10.927152317880795,0.0,12,12,0,3.2,4.37956204379562,0.0,2.75,2.75,0.0,1.2905405405405406,1.0,1.0,2,2
8,0.3,10.0,0.7,10.0,9,3.0,50,True,True,0.1,0.03,2.0,10.0,5,0.11778846153846154,15.705128205128204,0.0,14,14,0,3.7940379403794036,5.263157894736842,0.0,3.5,3.5,0.0,1.4558823529411764,1.0,1.0,2,2
8,0.3,10.0,0.7,10.0,9,3.0,50,True,True,0.1,0.03,2.0,10.0,6,0.14719626168224298,19.0625,1.8518518518518516,19,18,1,5.149051490514905,6.844106463878327,0.9433962264150944,3.3157894736842106,3.388888888888889,2.0,1.609375,1.0,1.0,2,2
8,0.3,10.0,0.7,10.0,9,3.0,50,True,True,0.1,0.03,2.0,10.0,7,0.16818181818181818,21.951219512195124,1.7857142857142856,22,21,1,5.9620596205962055,8.076923076923077,0.9174311926605505,3.3636363636363638,3.4285714285714284,2.0,1.7685950413223142,1.0,1.0,2,2
8,0.3,10.0,0.7,10.0,9,3.0,50,True,True,0.1,0.03,2.0,10.0,8,0.18322295805739514,23.964497041420117,1.7391304347826086,25,24,1,6.684491978609626,9.16030534351145,0.8928571428571428,3.32,3.375,2.0,1.8739495798319328,1.0,1.0,2,2
8,0.3,10.0,0.7,10.0,9,3.0,50,True,True,0.1,0.03,2.0,10.0,9,0.1781115879828326,23.011363636363637,1.7543859649122806,25,24,1,6.544502617801047,8.88888888888889,0.8928571428571428,3.32,3.375,2.0,1.8925619834710743,1.0,1.0142857142857142,2,2
8,0.3,10.0,0.7,10.0,9,3.0,50,True,True,0.1,0.03,2.0,10.0,10,0.18580375782881003,24.03314917127072,1.7094017094017095,27,26,1,6.994818652849741,9.558823529411764,0.8771929824561403,3.2962962962962963,3.3461538461538463,2.0,1.975,1.0121212121212122,1.0135135135135136,2,2
8,0.3,10.0,0.7,10.0,9,3.0,50,True,True,0.1,0.03,2.0,10.0,11,0.20486815415821502,26.005361930294907,3.3333333333333335,31,29,2,8.010335917312661,10.70110701107011,1.7241379310344827,3.2580645161290325,3.3448275862068964,2.0,2.146551724137931,1.0118343195266273,1.028169014084507,2,2
8,0.3,10.0,0.7,10.0,9,3.0,50,True,True,0.1,0.03,2.0,10.0,12,0.21104536489151873,26.89295039164491,3.225806451612903,33,31,2,8.375634517766498,11.313868613138686,1.6666666666666667,3.242424242424242,3.3225806451612905,2.0,2.1848739495798317,1.0119047619047619,1.0405405405405406,2,2
8,0.3,10.0,0.7,10.0,9,3.0,50,True,True,0.1,0.03,2.0,10.0,13,0.2049808429118774,26.47814910025707,3.007518796992481,33,31,2,8.148148148148149,11.151079136690647,1.574803149606299,3.242424242424242,3.3225806451612905,2.0,2.142857142857143,1.011764705882353,1.0526315789473684,2,2
8,0.3,10.0,0.7,10.0,9,3.0,50,True,True,0.1,0.03,2.0,10.0,14,0.21601489757914338,28.07017543859649,2.898550724637681,36,34,2,8.780487804878048,12.23021582733813,1.5151515151515151,3.2222222222222223,3.2941176470588234,2.0,2.248,1.0174418604651163,1.051948051948052,2,2
8,0.3,10.0,0.7,10.0,9,3.0,50,True,True,0.1,0.03,2.0,10.0,15,0.21699819168173598,27.586206896551722,5.442176870748299,38,34,4,9.134615384615383,12.186379928315413,2.9197080291970803,3.1578947368421053,3.2941176470588234,2.0,2.3015873015873014,1.0414201183431953,1.0481927710843373,2,2
8,0.3,10.0,0.7,10.0,9,3.0,50,True,True,0.1,0.03,2.0,10.0,16,0.210896309314587,27.31707317073171,5.031446540880504,38,34,4,8.837209302325581,12.099644128113878,2.684563758389262,3.1578947368421053,3.2941176470588234,2.0,2.210144927536232,1.0419161676646707,1.0465116279069768,2,2
8,0.3,10.0,0.7,10.0,9,3.0,50,True,True,0.1,0.03,2.0,10.0,17,0.20648464163822525,27.163461538461537,4.705882352941177,39,35,4,8.863636363636363,12.411347517730496,2.5316455696202533,3.1025641025641026,3.2285714285714286,2.0,2.163265306122449,1.0606060606060606,1.0449438202247192,2,2
8,0.3,10.0,0.7,10.0,9,3.0,50,True,True,0.1,0.03,2.0,10.0,18,0.20066334991708126,26.840855106888363,4.395604395604396,39,35,4,8.666666666666668,12.323943661971832,2.4096385542168677,3.1025641025641026,3.2285714285714286,2.0,2.1354838709677417,1.0727272727272728,1.043956043956044,2,2
8,0.3,10.0,0.7,10.0,9,3.0,50,True,True,0.1,0.03,2.0,10.0,19,0.19001610305958133,25.352112676056336,5.128205128205128,38,33,5,8.296943231441048,11.619718309859154,2.8735632183908044,3.1052631578947367,3.272727272727273,2.0,2.1375,1.1042944785276074,1.0421052631578946,2,2
8,0.3,10.0,0.7,10.0,9,3.0,50,True,True,0.1,0.03,2.0,10.0,20,0.18622848200312989,24.941724941724942,5.714285714285714,39,33,6,8.315565031982942,11.578947368421053,3.260869565217391,3.051282051282051,3.242424242424242,2.0,2.1265060240963853,1.106508875739645,1.053191489361702,2,2
8,0.3,10.0,0.7,10.0,9,3.0,50,True,True,0.1,0.03,2.0,10.0,21,0.18693009118541035,24.88372093023256,7.017543859649122,41,33,8,8.541666666666666,11.578947368421053,4.102564102564102,3.0,3.242424242424242,2.0,2.1597633136094676,1.106508875739645,1.0495049504950495,2,2
8,0.3,10.0,0.7,10.0,9,3.0,50,True,True,0.1,0.03,2.0,10.0,22,0.18759231905465287,24.88372093023256,8.097165991902834,43,33,10,8.757637474541752,11.619718309859154,4.830917874396135,2.953488372093023,3.242424242424242,2.0,2.17816091954023,1.1137724550898203,1.0467289719626167,2,2
8,0.3,10.0,0.7,10.0,9,3.0,50,True,True,0.1,0.03,2.0,10.0,23,0.18220946915351507,24.193548387096776,8.365019011406844,43,32,11,8.548707753479125,11.188811188811188,5.0691244239631335,2.953488372093023,3.28125,2.0,2.1758241758241756,1.117283950617284,1.0434782608695652,2,2
8,0.3,10.0,0.7,10.0,9,3.0,50,True,True,0.1,0.03,2.0,10.0,24,0.18688981868898186,25.0,8.664259927797833,46,34,12,8.932038834951456,11.846689895470384,5.263157894736842,2.9130434782608696,3.235294117647059,2.0,2.192513368983957,1.121212121212121,1.0427350427350428,2,2
8,0.3,10.0,0.7,10.0,9,3.0,50,True,True,0.1,0.03,2.0,10.0,25,0.1856368563685637,24.885844748858446,9.333333333333334,48,34,14,9.056603773584905,11.888111888111888,5.737704918032787,2.8541666666666665,3.2058823529411766,2.0,2.173469387755102,1.1280487804878048,1.040983606557377,2,2
8,0.3,10.0,0.7,10.0,9,3.0,50,True,True,0.1,0.03,2.0,10.0,26,0.18552631578947368,24.829157175398635,9.968847352024921,50,34,16,9.140767824497258,11.805555555555555,6.177606177606178,2.82,3.2058823529411766,2.0,2.1715686274509802,1.1130952380952381,1.04,2,2
8,0.3,10.0,0.7,10.0,9,3.0,50,True,True,0.1,0.03,2.0,10.0,27,0.18542199488491048,24.429223744292237,11.046511627906977,52,33,19,9.236234458259325,11.458333333333332,6.909090909090909,2.7884615384615383,3.242424242424242,2.0,2.142857142857143,1.117283950617284,1.0381679389312977,2,2
8,0.3,10.0,0.7,10.0,9,3.0,50,True,True,0.1,0.03,2.0,10.0,28,0.19006211180124225,24.71655328798186,12.087912087912088,56,34,22,9.705372616984402,11.805555555555555,7.612456747404845,2.732142857142857,3.2058823529411766,2.0,2.1365638766519823,1.13125,1.037313432835821,2,2
8,0.3,10.0,0.7,10.0,9,3.0,50,True,True,0.1,0.03,2.0,10.0,29,0.19059107358262967,24.71655328798186,12.628865979381443,58,34,24,9.813874788494077,11.805555555555555,7.920792079207921,2.7241379310344827,3.2058823529411766,2.0416666666666665,2.1538461538461537,1.1375,1.036231884057971,2,2
8,0.3,10.0,0.7,10.0,9,3.0,50,True,True,0.1,0.03,2.0,10.0,30,0.18522860492379836,24.263038548752835,12.37864077669903,58,33,25,9.477124183006536,11.458333333333332,7.716049382716049,2.7241379310344827,3.242424242424242,2.04,2.105691056910569,1.1341463414634145,1.0347222222222223,2,2
8,0.3,10.0,0.7,10.0,9,3.0,50,True,True,0.1,0.03,2.0,10.0,31,0.1845102505694761,24.263038548752835,12.585812356979407,60,33,27,9.47867298578199,11.418685121107266,7.848837209302325,2.7,3.242424242424242,2.037037037037037,2.0859375,1.127906976744186,1.0344827586206897,2,2
8,0.3,10.0,0.7,10.0,9,3.0,50,True,True,0.1,0.03,2.0,10.0,32,0.18805309734513273,24.31818181818182,13.577586206896552,64,33,31,9.785932721712538,11.418685121107266,8.493150684931507,2.65625,3.242424242424242,2.032258064516129,2.08745247148289,1.1299435028248588,1.0333333333333334,2,2
8,0.3,10.0,0.7,10.0,9,3.0,50,True,True,0.1,0.03,2.0,10.0,33,0.18259935553168635,24.373576309794988,12.804878048780488,64,33,31,9.425625920471282,11.418685121107266,7.948717948717948,2.65625,3.242424242424242,2.032258064516129,2.039568345323741,1.1292134831460674,1.0316455696202531,2,2
8,0.3,10.0,0.7,10.0,9,3.0,50,True,True,0.1,0.03,2.0,10.0,34,0.17954070981210857,24.137931034482758,12.810707456978967,65,32,33,9.193776520509193,11.11111111111111,7.875894988066825,2.646153846153846,3.28125,2.0303030303030303,1.9797297297297298,1.1202185792349726,1.0372670807453417,2,2
8,0.3,10.0,0.7,10.0,9,3.0,50,True,True,0.1,0.03,2.0,10.0,35,0.18559837728194725,24.137931034482758,14.156079854809436,69,32,37,9.491059147180192,11.072664359861593,8.447488584474886,2.652173913043478,3.28125,2.108108108108108,1.98371335504886,1.1058201058201058,1.037037037037037,2,2
8,0.3,10.0,0.7,10.0,9,3.0,50,True,True,0.1,0.03,2.0,10.0,36,0.1852216748768473,24.137931034482758,14.310344827586208,71,32,39,9.441489361702128,11.072664359861593,8.423326133909287,2.647887323943662,3.28125,2.128205128205128,1.9506172839506173,1.0989583333333333,1.0424242424242425,2,2
8,0.3,10.0,0.7,10.0,9,3.0,50,True,True,0.1,0.03,2.0,10.0,37,0.18947368421052632,24.305555555555554,15.171288743882544,75,32,43,9.62772785622593,11.072664359861593,8.775510204081632,2.64,3.28125,2.1627906976744184,1.9294117647058824,1.0918367346938775,1.0416666666666667,2,2
8,0.3,10.0,0.7,10.0,9,3.0,50,True,True,0.1,0.03,2.0,10.0,38,0.1895910780669145,24.361948955916475,15.348837209302326,78,32,46,9.653465346534654,11.072664359861593,8.863198458574182,2.6153846153846154,3.28125,2.152173913043478,1.8966480446927374,1.0913705583756346,1.04,2,2
8,0.3,10.0,0.7,10.0,9,3.0,50,True,True,0.1,0.03,2.0,10.0,39,0.19223826714801445,24.59016393442623,15.859030837004406,82,32,50,9.773539928486292,11.11111111111111,9.074410163339383,2.597560975609756,3.28125,2.16,1.8666666666666667,1.0935960591133005,1.0391061452513966,2,2
8,0.3,10.0,0.7,10.0,9,3.0,50,True,True,0.1,0.03,2.0,10.0,40,0.19106047326906223,24.647887323943664,15.804195804195803,84,32,52,9.666283084004602,11.072664359861593,8.96551724137931,2.5952380952380953,3.28125,2.173076923076923,1.8295739348370927,1.088235294117647,1.0384615384615385,2,2
8,0.3,10.0,0.7,10.0,9,3.0,50,True,True,0.1,0.03,2.0,10.0,41,0.19234042553191488,24.647887323943664,16.15487316421896,87,32,55,9.709821428571429,11.11111111111111,9.046052631578947,2.5977011494252875,3.28125,2.2,1.8197115384615385,1.0817307692307692,1.0432432432432432,2,2
8,0.3,10.0,0.7,10.0,9,3.0,50,True,True,0.1,0.03,2.0,10.0,42,0.19504132231404958,24.647887323943664,16.70918367346939,91,32,59,9.848484848484848,11.072664359861593,9.291338582677165,2.5934065934065935,3.28125,2.2203389830508473,1.804147465437788,1.0896226415094339,1.0481283422459893,2,2
8,0.3,10.0,0.7,10.0,9,3.0,50,True,True,0.1,0.03,2.0,10.0,43,0.19903691813804172,24.475524475524477,17.503059975520195,96,32,64,10.1159114857745,11.072664359861593,9.696969696969697,2.5833333333333335,3.28125,2.234375,1.8125,1.09478672985782,1.0463917525773196,2,2
8,0.3,10.0,0.7,10.0,9,3.0,50,True,True,0.1,0.03,2.0,10.0,44,0.19641465315666407,24.170616113744074,17.421602787456447,96,31,65,9.746192893401014,10.726643598615917,9.339080459770114,2.625,3.2903225806451615,2.3076923076923075,1.7796610169491525,1.082191780821918,1.0456852791878173,2,2
8,0.3,10.0,0.7,10.0,9,3.0,50,True,True,0.1,0.03,2.0,10.0,45,0.20060560181680545,23.57142857142857,18.423973362930077,102,30,72,10.049261083743842,10.380622837370241,9.917355371900827,2.5980392156862746,3.3,2.3055555555555554,1.7848360655737705,1.0769230769230769,1.0443349753694582,2,2
8,0.3,10.0,0.7,10.0,9,3.0,50,True,True,0.1,0.03,2.0,10.0,46,0.19852941176470587,23.076923076923077,18.43220338983051,105,29,76,9.980988593155894,10.069444444444445,9.947643979057592,2.5714285714285716,3.310344827586207,2.289473684210526,1.756335282651072,1.0714285714285714,1.042857142857143,2,2
8,0.3,10.0,0.7,10.0,9,3.0,50,True,True,0.1,0.03,2.0,10.0,47,0.19857142857142857,22.518159806295397,18.74366767983789,110,29,81,10.082493125572869,10.034602076124568,10.099750623441397,2.5272727272727273,3.206896551724138,2.2839506172839505,1.7322097378277153,1.0811965811965811,1.0422535211267605,2,2
8,0.3,10.0,0.7,10.0,9,3.0,50,True,True,0.1,0.03,2.0,10.0,48,0.19833564493758668,21.568627450980394,19.148936170212767,113,27,86,10.0,9.375,10.21377672209026,2.5309734513274336,3.259259259259259,2.302325581395349,1.718132854578097,1.0743801652892562,1.0416666666666667,2,2
8,0.3,10.0,0.7,10.0,9,3.0,50,True,True,0.1,0.03,2.0,10.0,49,0.20202020202020202,19.950124688279303,20.29520295202952,119,23,96,10.197086546700943,7.986111111111111,10.921501706484642,2.5210084033613445,3.4782608695652173,2.2916666666666665,1.7234782608695651,1.060483870967742,1.0405405405405406,2,2
8,0.3,10.0,0.7,10.0,9,3.0,50,True,True,0.1,0.03,2.0,10.0,50,0.1988227599738391,19.900497512437813,19.875776397515526,121,23,98,10.04149377593361,7.958477508650519,10.698689956331878,2.512396694214876,3.4782608695652173,2.2857142857142856,1.6993355481727574,1.062992125984252,1.039647577092511,2,2
9,0.3,10.0,0.7,10.0,9,3.0,50,True,True,0.1,0.03,2.0,10.0,0,0.0,0.0,0.0,0,0,0,0.0,0.0,0.0,0.0,0.0,0.0,1.0,1.0,1.0,0,0
9,0.3,10.0,0.7,10.0,9,3.0,50,True,True,0.1,0.03,2.0,10.0,1,0.026954177897574125,3.3783783783783785,0.0,3,3,0,0.8241758241758242,1.0380622837370241,0.0,3.3333333333333335,3.3333333333333335,0.0,1.0568181818181819,1.0,1.0,2,2
9,0.3,10.0,0.7,10.0,9,3.0,50,True,True,0.1,0.03,2.0,10.0,2,0.041884816753926704,5.333333333333334,0.0,5,5,0,1.3477088948787064,1.7301038062283738,0.0,3.2,3.2,0.0,1.0919540229885059,1.0,1.0,2,2
9,0.3,10.0,0.7,10.0,9,3.0,50,True,True,0.1,0.03,2.0,10.0,3,0.061068702290076333,7.973421926910299,0.0,8,8,0,2.122015915119363,2.807017543859649,0.0,3.0,3.0,0.0,1.138728323699422,1.0,1.0,2,2
9,0.3,10.0,0.7,10.0,9,3.0,50,True,True,0.1,0.03,2.0,10.0,4,0.10148514851485149,13.183279742765272,0.0,12,12,0,3.2085561497326207,4.270462633451958,0.0,3.4166666666666665,3.4166666666666665,0.0,1.2592592592592593,1.0,1.0,2,2
9,0.3,10.0,0.7,10.0,9,3.0,50,True,True,0.1,0.03,2.0,10.0,5,0.11538461538461539,15.047021943573668,0.0,14,14,0,3.733333333333334,5.0359712230215825,0.0,3.4285714285714284,3.4285714285714284,0.0,1.3461538461538463,1.0,1.0144927536231885,2,2
9,0.3,10.0,0.7,10.0,9,3.0,50,True,True,0.1,0.03,2.0,10.0,6,0.1308411214953271,17.073170731707318,0.0,17,17,0,4.56989247311828,6.25,0.0,3.2941176470588234,3.2941176470588234,0.0,1.4965517241379311,1.0,1.0140845070422535,2,2
9,0.3,10.0,0.7,10.0,9,3.0,50,True,True,0.1,0.03,2.0,10.0,7,0.15,19.760479041916167,0.0,19,19,0,5.10752688172043,7.142857142857142,0.0,3.473684210526316,3.473684210526316,0.0,1.6071428571428572,1.0071428571428571,1.0136986301369864,2,2
9,0.3,10.0,0.7,10.0,9,3.0,50,True,True,0.1,0.03,2.0,10.0,8,0.15673289183222958,20.821114369501466,0.0,21,21,0,5.49738219895288,7.777777777777778,0.0,3.380952380952381,3.380952380952381,0.0,1.6293706293706294,1.0069444444444444,1.0135135135135136,2,2
9,0.3,10.0,0.7,10.0,9,3.0,50,True,True,0.1,0.03,2.0,10.0,9,0.16952789699570817,22.636103151862464,0.0,24,24,0,6.217616580310881,8.856088560885608,0.0,3.2916666666666665,3.2916666666666665,0.0,1.7234042553191489,1.006896551724138,1.013157894736842,2,2
9,0.3,10.0,0.7,10.0,9,3.0,50,True,True,0.1,0.03,2.0,10.0,10,0.16910229645093947,22.191011235955056,1.6260162601626018,25,24,1,6.361323155216285,8.75912408759124,0.8403361344537815,3.24,3.2916666666666665,2.0,1.7397260273972603,1.013793103448276,1.0129870129870129,2,2
9,0.3,10.0,0.7,10.0,9,3.0,50,True,True,0.1,0.03,2.0,10.0,11,0.1724137931034483,22.73972602739726,1.5625,27,26,1,6.801007556675064,9.454545454545455,0.819672131147541,3.1481481481481484,3.1923076923076925,2.0,1.8027210884353742,1.0205479452054795,1.025974025974026,2,2
9,0.3,10.0,0.7,10.0,9,3.0,50,True,True,0.1,0.03,2.0,10.0,12,0.1854043392504931,24.128686327077748,2.9850746268656714,31,29,2,7.673267326732673,10.431654676258994,1.5873015873015872,3.032258064516129,3.103448275862069,2.0,1.8827586206896552,1.0268456375838926,1.0253164556962024,2,2
9,0.3,10.0,0.7,10.0,9,3.0,50,True,True,0.1,0.03,2.0,10.0,13,0.18773946360153257,24.736842105263158,2.8169014084507045,31,29,2,7.542579075425791,10.469314079422382,1.4925373134328357,3.161290322580645,3.2413793103448274,2.0,1.9183673469387754,1.0392156862745099,1.0253164556962024,2,2
9,0.3,10.0,0.7,10.0,9,3.0,50,True,True,0.1,0.03,2.0,10.0,14,0.18994413407821228,25.520833333333332,2.6143790849673203,33,31,2,7.857142857142857,11.231884057971014,1.3888888888888888,3.090909090909091,3.161290322580645,2.0,1.9530201342281879,1.0320512820512822,1.0365853658536586,2,2
9,0.3,10.0,0.7,10.0,9,3.0,50,True,True,0.1,0.03,2.0,10.0,15,0.189873417721519,25.699745547073793,2.5,34,32,2,7.87037037037037,11.387900355871885,1.3245033112582782,3.088235294117647,3.15625,2.0,1.9415584415584415,1.04375,1.0357142857142858,2,2
9,0.3,10.0,0.7,10.0,9,3.0,50,True,True,0.1,0.03,2.0,10.0,16,0.18453427065026362,24.81203007518797,3.5294117647058822,35,32,3,7.954545454545454,11.267605633802818,1.9230769230769231,3.0,3.09375,2.0,1.9683544303797469,1.05,1.0344827586206897,2,2
9,0.3,10.0,0.7,10.0,9,3.0,50,True,True,0.1,0.03,2.0,10.0,17,0.1825938566552901,24.688279301745634,4.324324324324325,37,33,4,8.222222222222223,11.619718309859154,2.4096385542168677,2.891891891891892,3.0,2.0,2.0062111801242235,1.0493827160493827,1.0333333333333334,2,2
9,0.3,10.0,0.7,10.0,9,3.0,50,True,True,0.1,0.03,2.0,10.0,18,0.18407960199004975,24.688279301745634,5.9405940594059405,39,33,6,8.38709677419355,11.619718309859154,3.314917127071823,2.8461538461538463,3.0,2.0,1.9421965317919074,1.06875,1.032258064516129,2,2
9,0.3,10.0,0.7,10.0,9,3.0,50,True,True,0.1,0.03,2.0,10.0,19,0.1819645732689211,24.264705882352942,6.572769953051644,40,33,7,8.403361344537815,11.538461538461538,3.684210526315789,2.825,3.0,2.0,1.9602272727272727,1.084848484848485,1.0319148936170213,2,2
9,0.3,10.0,0.7,10.0,9,3.0,50,True,True,0.1,0.03,2.0,10.0,20,0.18309859154929578,24.634146341463413,6.986899563318777,42,34,8,8.588957055214724,11.888111888111888,3.9408866995073892,2.7857142857142856,2.9705882352941178,2.0,1.977900552486188,1.0714285714285714,1.030612244897959,2,2
9,0.3,10.0,0.7,10.0,9,3.0,50,True,True,0.1,0.03,2.0,10.0,21,0.1884498480243161,24.817518248175183,8.906882591093117,46,35,11,9.072978303747535,12.110726643598616,5.045871559633028,2.6956521739130435,2.914285714285714,2.0,1.9838709677419355,1.062857142857143,1.03,2,2
9,0.3,10.0,0.7,10.0,9,3.0,50,True,True,0.1,0.03,2.0,10.0,22,0.18759231905465287,24.38423645320197,10.33210332103321,48,34,14,9.090909090909092,11.805555555555555,5.833333333333333,2.6458333333333335,2.911764705882353,2.0,1.915,1.0685714285714285,1.0288461538461537,2,2
9,0.3,10.0,0.7,10.0,9,3.0,50,True,True,0.1,0.03,2.0,10.0,23,0.1951219512195122,25.552825552825553,11.03448275862069,51,35,16,9.426987060998151,12.237762237762238,6.2745098039215685,2.6666666666666665,2.9714285714285715,2.0,1.9317073170731707,1.0718232044198894,1.0388349514563107,2,2
9,0.3,10.0,0.7,10.0,9,3.0,50,True,True,0.1,0.03,2.0,10.0,24,0.19804741980474197,25.4278728606357,12.337662337662337,54,35,19,9.67741935483871,12.110726643598616,7.063197026022305,2.6296296296296298,2.9714285714285715,2.0,1.933649289099526,1.0648648648648649,1.037037037037037,2,2
9,0.3,10.0,0.7,10.0,9,3.0,50,True,True,0.1,0.03,2.0,10.0,25,0.1978319783197832,25.609756097560975,12.5,55,35,20,9.598603839441536,12.152777777777777,7.017543859649122,2.6545454545454548,3.0,2.05,1.9357798165137614,1.0691489361702127,1.0360360360360361,2,2
9,0.3,10.0,0.7,10.0,9,3.0,50,True,True,0.1,0.03,2.0,10.0,26,0.20789473684210527,26.570048309178745,13.872832369942195,60,37,23,10.238907849829351,12.802768166089965,7.744107744107744,2.6333333333333333,2.972972972972973,2.0869565217391304,1.9555555555555555,1.0793650793650793,1.0357142857142858,2,2
9,0.3,10.0,0.7,10.0,9,3.0,50,True,True,0.1,0.03,2.0,10.0,27,0.21483375959079284,26.811594202898554,15.489130434782608,65,38,27,10.79734219269103,13.194444444444445,8.598726114649681,2.5846153846153848,2.9210526315789473,2.111111111111111,1.96137339055794,1.0939226519337018,1.032520325203252,2,2
9,0.3,10.0,0.7,10.0,9,3.0,50,True,True,0.1,0.03,2.0,10.0,28,0.20869565217391303,25.845410628019323,15.601023017902813,65,36,29,10.416666666666668,12.45674740484429,8.656716417910449,2.5846153846153848,2.9722222222222223,2.103448275862069,1.930327868852459,1.0913978494623655,1.031496062992126,2,2
9,0.3,10.0,0.7,10.0,9,3.0,50,True,True,0.1,0.03,2.0,10.0,29,0.2135102533172497,25.783132530120483,16.908212560386474,68,36,32,10.641627543035993,12.5,9.116809116809117,2.6029411764705883,2.9722222222222223,2.1875,1.9365079365079365,1.0890052356020943,1.0390625,2,2
9,0.3,10.0,0.7,10.0,9,3.0,50,True,True,0.1,0.03,2.0,10.0,30,0.21336459554513482,25.837320574162682,17.011494252873565,70,36,34,10.6544901065449,12.543554006968641,9.18918918918919,2.6,3.0,2.176470588235294,1.9351145038167938,1.0890052356020943,1.037593984962406,2,2
9,0.3,10.0,0.7,10.0,9,3.0,50,True,True,0.1,0.03,2.0,10.0,31,0.214123006833713,25.476190476190474,17.685589519650655,73,36,37,10.766961651917404,12.45674740484429,9.511568123393316,2.5753424657534247,2.9722222222222223,2.189189189189189,1.9127272727272728,1.0880829015544042,1.0364963503649636,2,2
9,0.3,10.0,0.7,10.0,9,3.0,50,True,True,0.1,0.03,2.0,10.0,32,0.21349557522123894,25.890736342042754,17.391304347826086,75,37,38,10.72961373390558,12.89198606271777,9.223300970873787,2.5733333333333333,2.945945945945946,2.210526315789474,1.8858131487889274,1.1036269430051813,1.0354609929078014,2,2
9,0.3,10.0,0.7,10.0,9,3.0,50,True,True,0.1,0.03,2.0,10.0,33,0.21267454350161116,25.76112412177986,17.46031746031746,78,38,40,10.848400556328233,13.148788927335639,9.30232558139535,2.5384615384615383,2.8947368421052633,2.2,1.867986798679868,1.1145833333333333,1.0342465753424657,2,2
9,0.3,10.0,0.7,10.0,9,3.0,50,True,True,0.1,0.03,2.0,10.0,34,0.2160751565762004,26.066350710900476,18.097014925373134,82,38,44,10.991957104557642,13.148788927335639,9.62800875273523,2.524390243902439,2.8947368421052633,2.2045454545454546,1.8512658227848102,1.1036269430051813,1.032258064516129,2,2
9,0.3,10.0,0.7,10.0,9,3.0,50,True,True,0.1,0.03,2.0,10.0,35,0.21703853955375255,26.47754137115839,18.117229129662523,85,39,46,11.024643320363165,13.494809688581316,9.54356846473029,2.5176470588235293,2.871794871794872,2.217391304347826,1.8313253012048192,1.0964467005076142,1.0318471337579618,2,2
9,0.3,10.0,0.7,10.0,9,3.0,50,True,True,0.1,0.03,2.0,10.0,36,0.21674876847290642,26.066350710900476,18.54974704890388,87,38,49,10.970996216897856,13.148788927335639,9.722222222222223,2.528735632183908,2.8947368421052633,2.2448979591836733,1.8213256484149856,1.0964467005076142,1.0372670807453417,2,2
9,0.3,10.0,0.7,10.0,9,3.0,50,True,True,0.1,0.03,2.0,10.0,37,0.21626794258373205,26.190476190476193,18.56,90,38,52,10.962241169305726,13.148788927335639,9.774436090225564,2.511111111111111,2.8947368421052633,2.230769230769231,1.7923497267759563,1.0913705583756346,1.0357142857142858,2,2
9,0.3,10.0,0.7,10.0,9,3.0,50,True,True,0.1,0.03,2.0,10.0,38,0.2137546468401487,25.71428571428571,18.597560975609756,92,37,55,10.823529411764705,12.802768166089965,9.803921568627452,2.5,2.918918918918919,2.2181818181818183,1.7769028871391077,1.078048780487805,1.04093567251462,2,2
9,0.3,10.0,0.7,10.0,9,3.0,50,True,True,0.1,0.03,2.0,10.0,39,0.21028880866425992,25.476190476190474,18.313953488372093,93,37,56,10.628571428571428,12.802768166089965,9.556313993174061,2.5053763440860215,2.891891891891892,2.25,1.7506234413965087,1.087378640776699,1.04,2,2
9,0.3,10.0,0.7,10.0,9,3.0,50,True,True,0.1,0.03,2.0,10.0,40,0.20508326029798424,24.819277108433734,18.044077134986225,94,36,58,10.34103410341034,12.5,9.339774557165862,2.4893617021276597,2.861111111111111,2.2586206896551726,1.7129411764705882,1.0794392523364487,1.04,2,2
9,0.3,10.0,0.7,10.0,9,3.0,50,True,True,0.1,0.03,2.0,10.0,41,0.20851063829787234,25.238095238095237,18.41059602649007,98,36,62,10.492505353319057,12.5,9.597523219814242,2.5,2.9444444444444446,2.2419354838709675,1.7201834862385321,1.0758928571428572,1.0454545454545454,2,2
9,0.3,10.0,0.7,10.0,9,3.0,50,True,True,0.1,0.03,2.0,10.0,42,0.20578512396694215,24.58233890214797,18.45764854614412,98,35,63,10.176531671858775,12.110726643598616,9.347181008902076,2.5408163265306123,2.942857142857143,2.3174603174603177,1.6956521739130435,1.08,1.0446927374301676,2,2
9,0.3,10.0,0.7,10.0,9,3.0,50,True,True,0.1,0.03,2.0,10.0,43,0.20786516853932585,24.455205811138015,18.967587034813928,103,34,69,10.35175879396985,11.846689895470384,9.745762711864407,2.5145631067961167,2.9705882352941178,2.289855072463768,1.6770833333333333,1.091703056768559,1.0437158469945356,2,2
9,0.3,10.0,0.7,10.0,9,3.0,50,True,True,0.1,0.03,2.0,10.0,44,0.20265003897116135,23.42995169082126,18.757192174913694,103,32,71,10.029211295034079,11.072664359861593,9.620596205962059,2.5242718446601944,3.03125,2.295774647887324,1.6673346693386772,1.0862068965517242,1.0418848167539267,2,2
9,0.3,10.0,0.7,10.0,9,3.0,50,True,True,0.1,0.03,2.0,10.0,45,0.20211960635881907,23.85542168674699,18.543046357615893,107,33,74,10.08482563619227,11.418685121107266,9.585492227979273,2.4953271028037385,3.0,2.27027027027027,1.6563706563706564,1.0826446280991735,1.0414507772020725,2,2
9,0.3,10.0,0.7,10.0,9,3.0,50,True,True,0.1,0.03,2.0,10.0,46,0.20220588235294118,23.78640776699029,18.670886075949365,111,33,78,10.118505013673655,11.418685121107266,9.653465346534654,2.4774774774774775,2.9696969696969697,2.269230769230769,1.6425925925925926,1.0871369294605808,1.0394088669950738,2,2
9,0.3,10.0,0.7,10.0,9,3.0,50,True,True,0.1,0.03,2.0,10.0,47,0.2042857142857143,23.587223587223587,19.133937562940584,116,32,84,10.238305383936453,11.11111111111111,9.940828402366863,2.4655172413793105,3.0,2.261904761904762,1.630550621669627,1.0850202429149798,1.0388349514563107,2,2
9,0.3,10.0,0.7,10.0,9,3.0,50,True,True,0.1,0.03,2.0,10.0,48,0.2031900138696255,23.34152334152334,19.130434782608695,120,32,88,10.273972602739725,11.072664359861593,10.011376564277588,2.441666666666667,2.96875,2.25,1.620748299319728,1.0890688259109311,1.0377358490566038,2,2
9,0.3,10.0,0.7,10.0,9,3.0,50,True,True,0.1,0.03,2.0,10.0,49,0.2026936026936027,22.613065326633166,19.411223551057958,125,31,94,10.322047894302228,10.801393728222997,10.173160173160174,2.408,2.903225806451613,2.24468085106383,1.605220228384992,1.0823529411764705,1.0368663594470047,2,2
9,0.3,10.0,0.7,10.0,9,3.0,50,True,True,0.1,0.03,2.0,10.0,50,0.20340091563113147,21.772151898734176,19.841269841269842,130,29,101,10.383386581469649,10.069444444444445,10.477178423236515,2.3923076923076922,2.9655172413793105,2.227722772277228,1.596546310832025,1.0807692307692307,1.0358744394618835,2,2
10,0.3,10.0,0.7,10.0,9,3.0,50,True,True,0.1,0.03,2.0,10.0,0,0.0,0.0,0.0,0,0,0,0.0,0.0,0.0,0.0,0.0,0.0,1.0,1.0,1.0,0,0
10,0.3,10.0,0.7,10.0,9,3.0,50,True,True,0.1,0.03,2.0,10.0,1,0.0215633423180593,2.7210884353741496,0.0,3,3,0,0.819672131147541,1.0380622837370241,0.0,2.6666666666666665,2.6666666666666665,0.0,1.0476190476190477,1.0,1.0,2,2
10,0.3,10.0,0.7,10.0,9,3.0,50,True,True,0.1,0.03,2.0,10.0,2,0.0549738219895288,6.9306930693069315,0.0,7,7,0,1.9021739130434785,2.422145328719723,0.0,3.0,3.0,0.0,1.1288343558282208,1.0,1.0,2,2
10,0.3,10.0,0.7,10.0,9,3.0,50,True,True,0.1,0.03,2.0,10.0,3,0.09414758269720101,12.091503267973856,0.0,12,12,0,3.2697547683923704,4.285714285714286,0.0,3.0833333333333335,3.0833333333333335,0.0,1.2451612903225806,1.0,1.0,2,2
10,0.3,10.0,0.7,10.0,9,3.0,50,True,True,0.1,0.03,2.0,10.0,4,0.11138613861386139,14.240506329113925,0.0,14,14,0,3.783783783783784,4.964539007092199,0.0,3.2142857142857144,3.2142857142857144,0.0,1.3178807947019868,1.0,1.0,2,2
10,0.3,10.0,0.7,10.0,9,3.0,50,True,True,0.1,0.03,2.0,10.0,5,0.13221153846153846,16.97530864197531,0.0,16,16,0,4.40771349862259,5.904059040590406,0.0,3.4375,3.4375,0.0,1.511111111111111,1.0,1.0,2,2
10,0.3,10.0,0.7,10.0,9,3.0,50,True,True,0.1,0.03,2.0,10.0,6,0.14953271028037382,18.67469879518072,2.083333333333333,19,18,1,5.234159779614325,6.7164179104477615,1.0526315789473684,3.3684210526315788,3.4444444444444446,2.0,1.65625,1.0,1.0,2,2
10,0.3,10.0,0.7,10.0,9,3.0,50,True,True,0.1,0.03,2.0,10.0,7,0.15454545454545454,19.24198250728863,2.0618556701030926,21,20,1,5.737704918032787,7.4074074074074066,1.0416666666666665,3.238095238095238,3.3,2.0,1.7661290322580645,1.0,1.0,2,2
10,0.3,10.0,0.7,10.0,9,3.0,50,True,True,0.1,0.03,2.0,10.0,8,0.1545253863134658,19.428571428571427,1.9417475728155338,22,21,1,5.851063829787234,7.664233576642336,0.9803921568627451,3.1818181818181817,3.238095238095238,2.0,1.7578125,1.0123456790123457,1.0,2,2
10,0.3,10.0,0.7,10.0,9,3.0,50,True,True,0.1,0.03,2.0,10.0,9,0.1630901287553648,20.555555555555554,1.8867924528301887,25,24,1,6.578947368421052,8.727272727272728,0.9523809523809524,3.04,3.0833333333333335,2.0,1.8571428571428572,1.0185185185185186,1.0,2,2
10,0.3,10.0,0.7,10.0,9,3.0,50,True,True,0.1,0.03,2.0,10.0,10,0.17536534446764093,22.099447513812155,3.418803418803419,29,27,2,7.435897435897436,9.818181818181818,1.7391304347826086,2.896551724137931,2.962962962962963,2.0,1.8837209302325582,1.017751479289941,1.0158730158730158,2,2
10,0.3,10.0,0.7,10.0,9,3.0,50,True,True,0.1,0.03,2.0,10.0,11,0.19066937119675456,22.82608695652174,8.0,34,29,5,8.542713567839195,10.431654676258994,4.166666666666666,2.764705882352941,2.896551724137931,2.0,1.9767441860465116,1.0179640718562875,1.0149253731343284,2,2
10,0.3,10.0,0.7,10.0,9,3.0,50,True,True,0.1,0.03,2.0,10.0,12,0.1893491124260355,22.340425531914892,9.16030534351145,35,29,6,8.5995085995086,10.28368794326241,4.8,2.742857142857143,2.896551724137931,2.0,1.963235294117647,1.0180722891566265,1.0142857142857142,2,2
10,0.3,10.0,0.7,10.0,9,3.0,50,True,True,0.1,0.03,2.0,10.0,13,0.20114942528735633,22.691292875989447,13.286713286713287,39,30,9,9.375,10.60070671378092,6.7669172932330826,2.6923076923076925,2.8666666666666667,2.111111111111111,2.0294117647058822,1.0236686390532543,1.0138888888888888,2,2
10,0.3,10.0,0.7,10.0,9,3.0,50,True,True,0.1,0.03,2.0,10.0,14,0.19553072625698323,22.395833333333336,12.418300653594772,39,30,9,9.133489461358314,10.48951048951049,6.382978723404255,2.6923076923076925,2.8666666666666667,2.111111111111111,1.9791666666666667,1.04093567251462,1.0136986301369864,2,2
10,0.3,10.0,0.7,10.0,9,3.0,50,True,True,0.1,0.03,2.0,10.0,15,0.19710669077757687,23.195876288659793,11.515151515151516,41,32,9,9.425287356321839,11.267605633802818,5.960264900662252,2.658536585365854,2.8125,2.111111111111111,2.006802721088435,1.0598802395209581,1.0125,2,2
10,0.3,10.0,0.7,10.0,9,3.0,50,True,True,0.1,0.03,2.0,10.0,16,0.19507908611599298,22.727272727272727,12.138728323699421,42,32,10,9.45945945945946,11.11111111111111,6.41025641025641,2.642857142857143,2.8125,2.1,2.046979865771812,1.0574712643678161,1.0126582278481013,2,2
10,0.3,10.0,0.7,10.0,9,3.0,50,True,True,0.1,0.03,2.0,10.0,17,0.20648464163822525,23.762376237623762,13.736263736263737,46,34,12,10.222222222222223,11.846689895470384,7.361963190184049,2.630434782608696,2.823529411764706,2.0833333333333335,2.1133333333333333,1.0689655172413792,1.0375,2,2
10,0.3,10.0,0.7,10.0,9,3.0,50,True,True,0.1,0.03,2.0,10.0,18,0.21724709784411278,24.691358024691358,15.656565656565657,50,35,15,10.91703056768559,12.323943661971832,8.620689655172415,2.62,2.857142857142857,2.066666666666667,2.2027027027027026,1.0795454545454546,1.0357142857142858,2,2
10,0.3,10.0,0.7,10.0,9,3.0,50,True,True,0.1,0.03,2.0,10.0,19,0.20772946859903382,22.85012285012285,16.822429906542055,49,32,17,10.40339702760085,11.228070175438596,9.13978494623656,2.63265306122449,2.90625,2.1176470588235294,2.1870967741935483,1.0782122905027933,1.0348837209302326,2,2
10,0.3,10.0,0.7,10.0,9,3.0,50,True,True,0.1,0.03,2.0,10.0,20,0.20657276995305165,22.62773722627737,17.105263157894736,50,32,18,10.395010395010395,11.188811188811188,9.230769230769232,2.64,2.90625,2.1666666666666665,2.2,1.0710382513661203,1.0340909090909092,2,2
10,0.3,10.0,0.7,10.0,9,3.0,50,True,True,0.1,0.03,2.0,10.0,21,0.19756838905775076,21.980676328502415,15.983606557377051,49,31,18,9.859154929577464,10.76388888888889,8.61244019138756,2.6530612244897958,2.935483870967742,2.1666666666666665,2.1547619047619047,1.0687830687830688,1.0444444444444445,2,2
10,0.3,10.0,0.7,10.0,9,3.0,50,True,True,0.1,0.03,2.0,10.0,22,0.1964549483013294,21.5311004784689,16.602316602316602,51,31,20,10.059171597633137,10.801393728222997,9.090909090909092,2.607843137254902,2.903225806451613,2.15,2.1560693641618496,1.0890052356020943,1.0434782608695652,2,2
10,0.3,10.0,0.7,10.0,9,3.0,50,True,True,0.1,0.03,2.0,10.0,23,0.18938307030129126,20.99056603773585,15.75091575091575,51,31,20,9.770114942528735,10.76388888888889,8.547008547008547,2.588235294117647,2.870967741935484,2.15,2.0748663101604277,1.1,1.0638297872340425,2,2
10,0.3,10.0,0.7,10.0,9,3.0,50,True,True,0.1,0.03,2.0,10.0,24,0.18131101813110181,20.47058823529412,14.726027397260275,51,31,20,9.497206703910614,10.839160839160838,7.968127490039841,2.549019607843137,2.806451612903226,2.15,2.0510204081632653,1.0994764397905759,1.0606060606060606,2,2
10,0.3,10.0,0.7,10.0,9,3.0,50,True,True,0.1,0.03,2.0,10.0,25,0.1802168021680217,19.906323185011708,15.434083601286176,52,30,22,9.386281588447654,10.416666666666668,8.270676691729323,2.5576923076923075,2.8333333333333335,2.1818181818181817,2.0497512437810945,1.0945273631840795,1.06,2,2
10,0.3,10.0,0.7,10.0,9,3.0,50,True,True,0.1,0.03,2.0,10.0,26,0.1868421052631579,20.046082949308754,16.87116564417178,56,31,25,9.89399293286219,10.726643598615917,9.025270758122744,2.5357142857142856,2.806451612903226,2.2,2.0679611650485437,1.12,1.0576923076923077,2,2
10,0.3,10.0,0.7,10.0,9,3.0,50,True,True,0.1,0.03,2.0,10.0,27,0.1815856777493606,19.813519813519815,16.147308781869686,56,30,26,9.556313993174061,10.452961672473867,8.695652173913043,2.5357142857142856,2.8333333333333335,2.1923076923076925,2.009009009009009,1.1144278606965174,1.0666666666666667,2,2
10,0.3,10.0,0.7,10.0,9,3.0,50,True,True,0.1,0.03,2.0,10.0,28,0.18633540372670807,20.737327188940093,16.172506738544474,59,32,27,9.78441127694859,11.072664359861593,8.598726114649681,2.542372881355932,2.8125,2.2222222222222223,2.0,1.1111111111111112,1.0614035087719298,2,2
10,0.3,10.0,0.7,10.0,9,3.0,50,True,True,0.1,0.03,2.0,10.0,29,0.18335343787696018,20.785219399538107,15.656565656565657,60,32,28,9.554140127388536,11.072664359861593,8.259587020648967,2.533333333333333,2.8125,2.2142857142857144,1.9274193548387097,1.118811881188119,1.0593220338983051,2,2
10,0.3,10.0,0.7,10.0,9,3.0,50,True,True,0.1,0.03,2.0,10.0,30,0.18757327080890973,20.649651972157773,16.824644549763033,63,32,31,9.75232198142415,11.11111111111111,8.659217877094973,2.5396825396825395,2.78125,2.2903225806451615,1.930232558139535,1.1121951219512196,1.0672268907563025,2,2
10,0.3,10.0,0.7,10.0,9,3.0,50,True,True,0.1,0.03,2.0,10.0,31,0.18792710706150342,20.140515222482435,17.516629711751662,65,31,34,9.701492537313433,10.76388888888889,8.900523560209423,2.5384615384615383,2.774193548387097,2.323529411764706,1.8804347826086956,1.1057692307692308,1.0661157024793388,2,2
10,0.3,10.0,0.7,10.0,9,3.0,50,True,True,0.1,0.03,2.0,10.0,32,0.19469026548672566,21.21212121212121,17.894736842105264,69,32,37,10.029069767441861,11.149825783972126,9.226932668329177,2.550724637681159,2.84375,2.2972972972972974,1.8975265017667844,1.1084905660377358,1.064516129032258,2,2
10,0.3,10.0,0.7,10.0,9,3.0,50,True,True,0.1,0.03,2.0,10.0,33,0.200859291084855,21.3953488372093,18.962075848303392,74,33,41,10.451977401129943,11.458333333333332,9.761904761904763,2.527027027027027,2.787878787878788,2.317073170731707,1.9106529209621994,1.1132075471698113,1.0610687022900764,2,2
10,0.3,10.0,0.7,10.0,9,3.0,50,True,True,0.1,0.03,2.0,10.0,34,0.2035490605427975,21.86046511627907,19.12878787878788,78,34,44,10.655737704918032,11.76470588235294,9.932279909706546,2.5,2.764705882352941,2.2954545454545454,1.8794788273615635,1.124401913875598,1.0579710144927537,2,2
10,0.3,10.0,0.7,10.0,9,3.0,50,True,True,0.1,0.03,2.0,10.0,35,0.2099391480730223,21.852731591448933,20.353982300884958,83,33,50,10.921052631578949,11.498257839721255,10.570824524312897,2.4939759036144578,2.787878787878788,2.3,1.8683385579937304,1.1209302325581396,1.0567375886524824,2,2
10,0.3,10.0,0.7,10.0,9,3.0,50,True,True,0.1,0.03,2.0,10.0,36,0.20689655172413793,21.749408983451538,19.93243243243243,85,33,52,10.786802030456853,11.418685121107266,10.420841683366733,2.4705882352941178,2.787878787878788,2.269230769230769,1.8417910447761194,1.1026785714285714,1.055944055944056,2,2
10,0.3,10.0,0.7,10.0,9,3.0,50,True,True,0.1,0.03,2.0,10.0,37,0.21244019138755982,21.80094786729858,20.86677367576244,89,33,56,11.014851485148515,11.458333333333332,10.76923076923077,2.49438202247191,2.787878787878788,2.3214285714285716,1.8497109826589595,1.105263157894737,1.0551724137931036,2,2
10,0.3,10.0,0.7,10.0,9,3.0,50,True,True,0.1,0.03,2.0,10.0,38,0.2184014869888476,21.80094786729858,21.865443425076453,95,33,62,11.41826923076923,11.418685121107266,11.41804788213628,2.473684210526316,2.787878787878788,2.306451612903226,1.86685552407932,1.1120689655172413,1.0529801324503312,2,2
10,0.3,10.0,0.7,10.0,9,3.0,50,True,True,0.1,0.03,2.0,10.0,39,0.20938628158844766,21.479713603818613,20.609579100145137,95,32,63,10.957324106113035,11.11111111111111,10.880829015544041,2.442105263157895,2.8125,2.253968253968254,1.7984293193717278,1.0991379310344827,1.0573248407643312,2,2
10,0.3,10.0,0.7,10.0,9,3.0,50,True,True,0.1,0.03,2.0,10.0,40,0.20683610867659946,21.394230769230766,20.275862068965516,97,32,65,10.813823857302118,11.11111111111111,10.673234811165845,2.4329896907216493,2.78125,2.2615384615384615,1.773067331670823,1.0958333333333334,1.0569620253164558,2,2
10,0.3,10.0,0.7,10.0,9,3.0,50,True,True,0.1,0.03,2.0,10.0,41,0.20851063829787234,20.531400966183575,21.02496714848883,103,31,72,11.135135135135135,10.726643598615917,11.320754716981133,2.378640776699029,2.7419354838709675,2.2222222222222223,1.7721822541966428,1.100418410041841,1.0484848484848486,2,2
10,0.3,10.0,0.7,10.0,9,3.0,50,True,True,0.1,0.03,2.0,10.0,42,0.20743801652892563,20.048309178743963,21.105527638190953,106,30,76,11.076280041797283,10.380622837370241,11.377245508982035,2.3679245283018866,2.7666666666666666,2.210526315789474,1.7563218390804598,1.0942622950819672,1.0467836257309941,2,2
10,0.3,10.0,0.7,10.0,9,3.0,50,True,True,0.1,0.03,2.0,10.0,43,0.21508828250401285,20.0,22.26233453670277,113,30,83,11.495422177009155,10.380622837370241,11.959654178674352,2.3716814159292037,2.7666666666666666,2.2289156626506026,1.7797752808988765,1.0843373493975903,1.0454545454545454,2,2
10,0.3,10.0,0.7,10.0,9,3.0,50,True,True,0.1,0.03,2.0,10.0,44,0.21200311769290725,19.37046004842615,22.06896551724138,115,29,86,11.330049261083744,10.069444444444445,11.829436038514443,2.365217391304348,2.7586206896551726,2.2325581395348837,1.7564102564102564,1.0803212851405624,1.0491803278688525,2,2
10,0.3,10.0,0.7,10.0,9,3.0,50,True,True,0.1,0.03,2.0,10.0,45,0.21725965177895534,18.932038834951456,22.992299229922992,120,28,92,11.505273250239693,9.722222222222223,12.185430463576159,2.3916666666666666,2.7857142857142856,2.2717391304347827,1.762396694214876,1.0809716599190284,1.046875,2,2
10,0.3,10.0,0.7,10.0,9,3.0,50,True,True,0.1,0.03,2.0,10.0,46,0.2161764705882353,18.137254901960784,23.10924369747899,122,26,96,11.306765523632993,9.027777777777777,12.13653603034134,2.4098360655737703,2.8461538461538463,2.2916666666666665,1.742063492063492,1.0833333333333333,1.045,2,2
10,0.3,10.0,0.7,10.0,9,3.0,50,True,True,0.1,0.03,2.0,10.0,47,0.21714285714285714,17.5,23.400000000000002,127,25,102,11.349419124218052,8.741258741258742,12.244897959183673,2.393700787401575,2.8,2.2941176470588234,1.71939736346516,1.0666666666666667,1.0436893203883495,2,2
10,0.3,10.0,0.7,10.0,9,3.0,50,True,True,0.1,0.03,2.0,10.0,48,0.21705963938973646,16.876574307304786,23.54066985645933,132,24,108,11.398963730569948,8.391608391608392,12.385321100917432,2.371212121212121,2.7916666666666665,2.2777777777777777,1.7027027027027026,1.065891472868217,1.0422535211267605,2,2
10,0.3,10.0,0.7,10.0,9,3.0,50,True,True,0.1,0.03,2.0,10.0,49,0.21952861952861952,16.708229426433917,23.8929889298893,137,23,114,11.493288590604028,7.958477508650519,12.624584717607974,2.3795620437956204,2.9130434782608696,2.2719298245614037,1.702608695652174,1.0727969348659003,1.0414746543778801,2,2
10,0.3,10.0,0.7,10.0,9,3.0,50,True,True,0.1,0.03,2.0,10.0,50,0.2197514715500327,15.561224489795919,24.186455584872473,142,22,120,11.497975708502024,7.612456747404845,12.684989429175475,2.3661971830985915,2.772727272727273,2.2916666666666665,1.6799336650082919,1.0676691729323309,1.0403587443946187,2,2
11,0.3,10.0,0.7,10.0,9,3.0,50,True,True,0.1,0.03,2.0,10.0,0,0.0,0.0,0.0,0,0,0,0.0,0.0,0.0,0.0,0.0,0.0,1.0,1.0,1.0,0,0
11,0.3,10.0,0.7,10.0,9,3.0,50,True,True,0.1,0.03,2.0,10.0,1,0.016172506738544475,2.054794520547945,0.0,3,3,0,0.8152173913043478,1.0380622837370241,0.0,2.0,2.0,0.0,1.0357142857142858,1.0,1.0,2,2
11,0.3,10.0,0.7,10.0,9,3.0,50,True,True,0.1,0.03,2.0,10.0,2,0.03664921465968586,4.713804713804714,0.0,6,6,0,1.6042780748663104,2.0761245674740483,0.0,2.3333333333333335,2.3333333333333335,0.0,1.0843373493975903,1.0,1.0,2,2
11,0.3,10.0,0.7,10.0,9,3.0,50,True,True,0.1,0.03,2.0,10.0,3,0.05343511450381679,6.976744186046512,0.0,9,9,0,2.406417112299465,3.1914893617021276,0.0,2.3333333333333335,2.3333333333333335,0.0,1.178343949044586,1.0,1.0,2,2
11,0.3,10.0,0.7,10.0,9,3.0,50,True,True,0.1,0.03,2.0,10.0,4,0.08663366336633663,11.363636363636363,0.0,15,15,0,4.010695187165775,5.39568345323741,0.0,2.3333333333333335,2.3333333333333335,0.0,1.304054054054054,1.0,1.0,2,2
11,0.3,10.0,0.7,10.0,9,3.0,50,True,True,0.1,0.03,2.0,10.0,5,0.1346153846153846,17.61006289308176,0.0,18,18,0,4.945054945054945,6.7669172932330826,0.0,3.111111111111111,3.111111111111111,0.0,1.534351145038168,1.0,1.0,2,2
11,0.3,10.0,0.7,10.0,9,3.0,50,True,True,0.1,0.03,2.0,10.0,6,0.1308411214953271,17.23076923076923,0.0,18,18,0,4.8517520215633425,6.7164179104477615,0.0,3.111111111111111,3.111111111111111,0.0,1.5597014925373134,1.0,1.0,2,2
11,0.3,10.0,0.7,10.0,9,3.0,50,True,True,0.1,0.03,2.0,10.0,7,0.15227272727272728,19.940476190476193,0.0,21,21,0,5.630026809651475,7.806691449814126,0.0,3.1904761904761907,3.1904761904761907,0.0,1.6796875,1.0064102564102564,1.0,2,2
11,0.3,10.0,0.7,10.0,9,3.0,50,True,True,0.1,0.03,2.0,10.0,8,0.15894039735099338,20.869565217391305,0.0,23,23,0,6.068601583113456,8.487084870848708,0.0,3.130434782608696,3.130434782608696,0.0,1.75,1.0062893081761006,1.0,2,2
11,0.3,10.0,0.7,10.0,9,3.0,50,True,True,0.1,0.03,2.0,10.0,9,0.1630901287553648,21.32564841498559,1.680672268907563,25,24,1,6.377551020408164,8.75912408759124,0.847457627118644,3.04,3.0833333333333335,2.0,1.713235294117647,1.0123456790123457,1.0,2,2
11,0.3,10.0,0.7,10.0,9,3.0,50,True,True,0.1,0.03,2.0,10.0,10,0.15866388308977036,21.022727272727273,1.574803149606299,25,24,1,6.25,8.75912408759124,0.7936507936507936,3.04,3.0833333333333335,2.0,1.7357142857142858,1.0119047619047619,1.0,2,2
11,0.3,10.0,0.7,10.0,9,3.0,50,True,True,0.1,0.03,2.0,10.0,11,0.17849898580121704,23.822714681440445,1.5151515151515151,29,28,1,7.196029776674938,10.294117647058822,0.7633587786259541,3.0344827586206895,3.0714285714285716,2.0,1.8478260869565217,1.0120481927710843,1.0,2,2
11,0.3,10.0,0.7,10.0,9,3.0,50,True,True,0.1,0.03,2.0,10.0,12,0.1873767258382643,24.30939226519337,4.827586206896552,32,29,3,7.785888077858881,10.622710622710622,2.1739130434782608,2.96875,3.0344827586206895,2.3333333333333335,1.8992805755395683,1.0116959064327486,1.0144927536231885,2,2
11,0.3,10.0,0.7,10.0,9,3.0,50,True,True,0.1,0.03,2.0,10.0,13,0.19540229885057472,25.537634408602152,4.666666666666667,33,30,3,7.913669064748201,10.909090909090908,2.112676056338028,3.090909090909091,3.1666666666666665,2.3333333333333335,1.9712230215827338,1.0119047619047619,1.0129870129870129,2,2
11,0.3,10.0,0.7,10.0,9,3.0,50,True,True,0.1,0.03,2.0,10.0,14,0.19366852886405958,25.45931758530184,4.487179487179487,34,31,3,8.0,11.151079136690647,2.0408163265306123,3.0588235294117645,3.129032258064516,2.3333333333333335,2.0142857142857142,1.0112994350282485,1.027027027027027,2,2
11,0.3,10.0,0.7,10.0,9,3.0,50,True,True,0.1,0.03,2.0,10.0,15,0.19168173598553345,25.384615384615383,4.294478527607362,35,32,3,8.064516129032258,11.347517730496454,1.9736842105263157,3.0285714285714285,3.09375,2.3333333333333335,2.0489510489510487,1.010928961748634,1.0273972602739727,2,2
11,0.3,10.0,0.7,10.0,9,3.0,50,True,True,0.1,0.03,2.0,10.0,16,0.18629173989455183,25.063291139240505,4.022988505747127,35,32,3,7.865168539325842,11.307420494699647,1.8518518518518516,3.0285714285714285,3.09375,2.3333333333333335,2.0264900662251657,1.0167597765363128,1.0253164556962024,2,2
11,0.3,10.0,0.7,10.0,9,3.0,50,True,True,0.1,0.03,2.0,10.0,17,0.1945392491467577,26.25,4.838709677419355,38,34,4,8.35164835164835,11.971830985915492,2.3391812865497075,3.0,3.088235294117647,2.25,2.0580645161290323,1.0224719101123596,1.0240963855421688,2,2
11,0.3,10.0,0.7,10.0,9,3.0,50,True,True,0.1,0.03,2.0,10.0,18,0.1956882255389718,25.621890547263682,7.462686567164178,39,33,6,8.423326133909287,11.619718309859154,3.35195530726257,3.0256410256410255,3.121212121212121,2.5,2.0949367088607596,1.0280898876404494,1.0229885057471264,2,2
11,0.3,10.0,0.7,10.0,9,3.0,50,True,True,0.1,0.03,2.0,10.0,19,0.1964573268921095,26.161369193154034,7.0754716981132075,41,35,6,8.668076109936575,12.323943661971832,3.1746031746031744,2.975609756097561,3.057142857142857,2.5,2.104294478527607,1.0335195530726258,1.0333333333333334,2,2
11,0.3,10.0,0.7,10.0,9,3.0,50,True,True,0.1,0.03,2.0,10.0,20,0.19092331768388107,25.65947242206235,6.756756756756757,41,35,6,8.506224066390041,12.280701754385964,3.0456852791878175,2.975609756097561,3.057142857142857,2.5,2.1183431952662723,1.0335195530726258,1.032258064516129,2,2
11,0.3,10.0,0.7,10.0,9,3.0,50,True,True,0.1,0.03,2.0,10.0,21,0.18541033434650456,25.476190476190474,6.302521008403361,41,35,6,8.23293172690763,12.195121951219512,2.843601895734597,2.975609756097561,3.057142857142857,2.5,2.066666666666667,1.0335195530726258,1.030612244897959,2,2
11,0.3,10.0,0.7,10.0,9,3.0,50,True,True,0.1,0.03,2.0,10.0,22,0.19054652880354506,25.707547169811324,7.905138339920949,44,36,8,8.644400785854616,12.543554006968641,3.6036036036036037,2.9318181818181817,3.0277777777777777,2.5,2.06951871657754,1.0446927374301676,1.0404040404040404,2,2
11,0.3,10.0,0.7,10.0,9,3.0,50,True,True,0.1,0.03,2.0,10.0,23,0.1836441893830703,24.285714285714285,9.386281588447654,46,35,11,8.72865275142315,12.152777777777777,4.602510460251046,2.782608695652174,2.914285714285714,2.3636363636363638,2.0353535353535355,1.0441988950276244,1.0396039603960396,2,2
11,0.3,10.0,0.7,10.0,9,3.0,50,True,True,0.1,0.03,2.0,10.0,24,0.18828451882845187,24.58233890214797,10.738255033557047,48,35,13,8.856088560885608,12.152777777777777,5.118110236220472,2.8125,2.942857142857143,2.4615384615384617,2.034313725490196,1.048913043478261,1.0380952380952382,2,2
11,0.3,10.0,0.7,10.0,9,3.0,50,True,True,0.1,0.03,2.0,10.0,25,0.1937669376693767,24.3436754176611,12.852664576802509,52,35,17,9.352517985611511,12.152777777777777,6.343283582089552,2.75,2.914285714285714,2.411764705882353,2.052380952380952,1.0483870967741935,1.037037037037037,2,2
11,0.3,10.0,0.7,10.0,9,3.0,50,True,True,0.1,0.03,2.0,10.0,26,0.1881578947368421,23.728813559322035,12.968299711815561,52,33,19,9.059233449477352,11.619718309859154,6.551724137931035,2.75,2.9696969696969697,2.3684210526315788,2.0271493212669682,1.0418848167539267,1.036697247706422,2,2
11,0.3,10.0,0.7,10.0,9,3.0,50,True,True,0.1,0.03,2.0,10.0,27,0.18797953964194372,23.557692307692307,13.387978142076504,54,33,21,9.152542372881356,11.578947368421053,6.885245901639345,2.7222222222222223,2.9696969696969697,2.3333333333333335,2.0043290043290045,1.0526315789473684,1.0347826086956522,2,2
11,0.3,10.0,0.7,10.0,9,3.0,50,True,True,0.1,0.03,2.0,10.0,28,0.18509316770186335,23.22274881516588,13.315926892950392,54,32,22,8.925619834710744,11.188811188811188,6.896551724137931,2.759259259259259,3.0625,2.3181818181818183,2.0,1.057591623036649,1.0336134453781514,2,2
11,0.3,10.0,0.7,10.0,9,3.0,50,True,True,0.1,0.03,2.0,10.0,29,0.17973462002412546,22.857142857142858,12.95843520782396,54,31,23,8.61244019138756,10.839160839160838,6.744868035190615,2.759259259259259,3.096774193548387,2.3043478260869565,1.9565217391304348,1.0497512437810945,1.0336134453781514,2,2
11,0.3,10.0,0.7,10.0,9,3.0,50,True,True,0.1,0.03,2.0,10.0,30,0.18757327080890973,22.857142857142858,14.780600461893764,59,31,28,9.104938271604938,10.76388888888889,7.777777777777778,2.711864406779661,3.096774193548387,2.2857142857142856,1.9398496240601504,1.0507614213197969,1.0317460317460319,2,2
11,0.3,10.0,0.7,10.0,9,3.0,50,True,True,0.1,0.03,2.0,10.0,31,0.1867881548974943,22.857142857142858,14.847161572052403,61,31,30,9.15915915915916,10.76388888888889,7.936507936507936,2.6885245901639343,3.096774193548387,2.2666666666666666,1.9172661870503598,1.0597014925373134,1.0476190476190477,2,2
11,0.3,10.0,0.7,10.0,9,3.0,50,True,True,0.1,0.03,2.0,10.0,32,0.18694690265486727,22.596153846153847,15.368852459016393,63,30,33,9.143686502177069,10.452961672473867,8.208955223880597,2.6825396825396823,3.1333333333333333,2.272727272727273,1.8907849829351535,1.054726368159204,1.0534351145038168,2,2
11,0.3,10.0,0.7,10.0,9,3.0,50,True,True,0.1,0.03,2.0,10.0,33,0.17508055853920515,20.87378640776699,14.836223506743737,63,29,34,8.762169680111267,10.034602076124568,7.906976744186046,2.5873015873015874,2.9655172413793105,2.264705882352941,1.8248407643312101,1.048780487804878,1.0514705882352942,2,2
11,0.3,10.0,0.7,10.0,9,3.0,50,True,True,0.1,0.03,2.0,10.0,34,0.16701461377870563,19.50617283950617,14.647377938517177,63,27,36,8.422459893048128,9.40766550522648,7.809110629067245,2.5396825396825395,2.925925925925926,2.25,1.7582089552238807,1.0523809523809524,1.0571428571428572,2,2
11,0.3,10.0,0.7,10.0,9,3.0,50,True,True,0.1,0.03,2.0,10.0,35,0.1724137931034483,19.012345679012345,16.00688468158348,68,26,42,8.854166666666668,8.996539792387544,8.768267223382047,2.5,2.9615384615384617,2.2142857142857144,1.7761627906976745,1.0576923076923077,1.054421768707483,2,2
11,0.3,10.0,0.7,10.0,9,3.0,50,True,True,0.1,0.03,2.0,10.0,36,0.1684729064039409,18.045112781954884,16.071428571428573,70,25,45,8.816120906801007,8.710801393728223,8.875739644970414,2.442857142857143,2.88,2.2,1.743801652892562,1.0625,1.0522875816993464,2,2
11,0.3,10.0,0.7,10.0,9,3.0,50,True,True,0.1,0.03,2.0,10.0,37,0.17033492822966506,17.08542713567839,17.001545595054097,74,24,50,9.035409035409035,8.333333333333332,9.416195856873824,2.4054054054054053,2.8333333333333335,2.2,1.7354497354497354,1.0571428571428572,1.0636942675159236,2,2
11,0.3,10.0,0.7,10.0,9,3.0,50,True,True,0.1,0.03,2.0,10.0,38,0.17472118959107807,15.521628498727736,18.594436310395317,79,21,58,9.33806146572104,7.26643598615917,10.412926391382406,2.3797468354430378,2.9047619047619047,2.189655172413793,1.7480719794344473,1.051643192488263,1.0617283950617284,2,2
11,0.3,10.0,0.7,10.0,9,3.0,50,True,True,0.1,0.03,2.0,10.0,39,0.1796028880866426,15.34526854219949,19.386331938633194,84,21,63,9.655172413793103,7.291666666666667,10.824742268041238,2.369047619047619,2.857142857142857,2.2063492063492065,1.75,1.041860465116279,1.0598802395209581,2,2
11,0.3,10.0,0.7,10.0,9,3.0,50,True,True,0.1,0.03,2.0,10.0,40,0.18141980718667836,15.267175572519085,19.6524064171123,88,21,67,9.83240223463687,7.26643598615917,11.056105610561056,2.352272727272727,2.857142857142857,2.1940298507462686,1.7476190476190476,1.0467289719626167,1.0578034682080926,2,2
11,0.3,10.0,0.7,10.0,9,3.0,50,True,True,0.1,0.03,2.0,10.0,41,0.18382978723404256,14.285714285714285,20.434227330779056,90,19,71,9.782608695652174,6.5743944636678195,11.251980982567353,2.4,2.9473684210526314,2.2535211267605635,1.7488479262672811,1.0506912442396312,1.0621468926553672,2,2
11,0.3,10.0,0.7,10.0,9,3.0,50,True,True,0.1,0.03,2.0,10.0,42,0.1859504132231405,13.953488372093023,20.77764277035237,93,18,75,9.789473684210526,6.25,11.329305135951662,2.4193548387096775,3.0,2.28,1.7312775330396475,1.0555555555555556,1.0594594594594595,2,2
11,0.3,10.0,0.7,10.0,9,3.0,50,True,True,0.1,0.03,2.0,10.0,43,0.18298555377207062,13.881748071979436,20.30338389731622,93,18,75,9.489795918367347,6.25,10.83815028901734,2.4516129032258065,3.0,2.32,1.7136842105263157,1.0497737556561086,1.0582010582010581,2,2
11,0.3,10.0,0.7,10.0,9,3.0,50,True,True,0.1,0.03,2.0,10.0,44,0.18316445830085737,13.299232736572892,20.515695067264573,95,17,78,9.405940594059405,5.902777777777778,10.80332409972299,2.473684210526316,3.0588235294117645,2.3461538461538463,1.6947791164658634,1.053811659192825,1.0569948186528497,2,2
11,0.3,10.0,0.7,10.0,9,3.0,50,True,True,0.1,0.03,2.0,10.0,45,0.18697956093868282,13.076923076923078,21.052631578947366,101,17,84,9.665071770334928,5.88235294117647,11.11111111111111,2.4455445544554455,3.0,2.3333333333333335,1.6749521988527725,1.0572687224669604,1.056701030927835,2,2
11,0.3,10.0,0.7,10.0,9,3.0,50,True,True,0.1,0.03,2.0,10.0,46,0.18823529411764706,11.917098445595855,21.560574948665298,105,15,90,9.758364312267657,5.2264808362369335,11.406844106463879,2.4380952380952383,3.066666666666667,2.3333333333333335,1.6796296296296296,1.0476190476190477,1.0603015075376885,2,2
11,0.3,10.0,0.7,10.0,9,3.0,50,True,True,0.1,0.03,2.0,10.0,47,0.19071428571428573,11.825192802056556,21.8595450049456,109,15,94,9.873188405797102,5.208333333333334,11.519607843137255,2.44954128440367,3.066666666666667,2.351063829787234,1.6895306859205776,1.0466101694915255,1.0585365853658537,2,2
11,0.3,10.0,0.7,10.0,9,3.0,50,True,True,0.1,0.03,2.0,10.0,48,0.18862690707350901,11.825192802056556,21.462488129154796,111,15,96,9.711286089238845,5.208333333333334,11.228070175438596,2.4504504504504503,3.066666666666667,2.3541666666666665,1.6649484536082475,1.0548523206751055,1.0568720379146919,2,2
11,0.3,10.0,0.7,10.0,9,3.0,50,True,True,0.1,0.03,2.0,10.0,49,0.19730639730639732,11.855670103092782,22.51595259799453,120,15,105,10.212765957446807,5.208333333333334,11.837655016910936,2.441666666666667,3.066666666666667,2.3523809523809525,1.6817420435510888,1.0460251046025104,1.0547945205479452,2,2
11,0.3,10.0,0.7,10.0,9,3.0,50,True,True,0.1,0.03,2.0,10.0,50,0.197514715500327,11.794871794871794,22.47585601404741,124,15,109,10.231023102310232,5.190311418685121,11.80931744312026,2.435483870967742,3.066666666666667,2.3486238532110093,1.6741935483870967,1.0454545454545454,1.0530973451327434,2,2
12,0.3,10.0,0.7,10.0,9,3.0,50,True,True,0.1,0.03,2.0,10.0,0,0.0,0.0,0.0,0,0,0,0.0,0.0,0.0,0.0,0.0,0.0,1.0,1.0,1.0,0,0
12,0.3,10.0,0.7,10.0,9,3.0,50,True,True,0.1,0.03,2.0,10.0,1,0.03773584905660377,4.72972972972973,0.0,7,7,0,1.9230769230769231,2.422145328719723,0.0,2.0,2.0,0.0,1.084848484848485,1.0,1.0,2,2
12,0.3,10.0,0.7,10.0,9,3.0,50,True,True,0.1,0.03,2.0,10.0,2,0.07329842931937172,9.210526315789473,0.0,13,13,0,3.5422343324250685,4.498269896193772,0.0,2.1538461538461537,2.1538461538461537,0.0,1.175,1.0,1.0,2,2
12,0.3,10.0,0.7,10.0,9,3.0,50,True,True,0.1,0.03,2.0,10.0,3,0.11195928753180662,13.680781758957655,2.3255813953488373,20,19,1,5.420054200542006,6.690140845070422,1.1764705882352942,2.2,2.210526315789474,2.0,1.2913907284768211,1.0,1.0,2,2
12,0.3,10.0,0.7,10.0,9,3.0,50,True,True,0.1,0.03,2.0,10.0,4,0.1608910891089109,19.488817891373802,4.395604395604396,28,26,2,7.671232876712329,9.420289855072465,2.247191011235955,2.3214285714285716,2.3461538461538463,2.0,1.4782608695652173,1.0078125,1.0,2,2
12,0.3,10.0,0.7,10.0,9,3.0,50,True,True,0.1,0.03,2.0,10.0,5,0.21634615384615385,26.380368098159508,4.444444444444445,32,30,2,9.116809116809117,11.406844106463879,2.272727272727273,2.8125,2.8666666666666667,2.0,1.8521739130434782,1.0,1.0,2,2
12,0.3,10.0,0.7,10.0,9,3.0,50,True,True,0.1,0.03,2.0,10.0,6,0.21495327102803738,26.426426426426424,4.2105263157894735,33,31,2,9.217877094972067,11.69811320754717,2.1505376344086025,2.787878787878788,2.838709677419355,2.0,1.8956521739130434,1.0,1.0,2,2
12,0.3,10.0,0.7,10.0,9,3.0,50,True,True,0.1,0.03,2.0,10.0,7,0.22727272727272727,27.906976744186046,4.166666666666666,37,35,2,10.192837465564738,13.011152416356877,2.127659574468085,2.7027027027027026,2.742857142857143,2.0,2.017857142857143,1.0,1.0,2,2
12,0.3,10.0,0.7,10.0,9,3.0,50,True,True,0.1,0.03,2.0,10.0,8,0.23399558498896247,28.40909090909091,5.9405940594059405,40,37,3,10.899182561307901,13.754646840148698,3.061224489795918,2.65,2.7027027027027026,2.0,2.1559633027522938,1.0,1.0,2,2
12,0.3,10.0,0.7,10.0,9,3.0,50,True,True,0.1,0.03,2.0,10.0,9,0.23605150214592274,28.969359331476323,5.607476635514018,42,39,3,11.170212765957446,14.338235294117647,2.8846153846153846,2.619047619047619,2.6666666666666665,2.0,2.169642857142857,1.0069444444444444,1.0,2,2
12,0.3,10.0,0.7,10.0,9,3.0,50,True,True,0.1,0.03,2.0,10.0,10,0.23799582463465555,29.347826086956523,5.405405405405405,44,41,3,11.458333333333332,14.855072463768115,2.7777777777777777,2.590909090909091,2.6341463414634148,2.0,2.1913043478260867,1.013793103448276,1.0,2,2
12,0.3,10.0,0.7,10.0,9,3.0,50,True,True,0.1,0.03,2.0,10.0,11,0.23529411764705882,29.25531914893617,5.128205128205128,45,42,3,11.450381679389313,15.053763440860216,2.631578947368421,2.577777777777778,2.619047619047619,2.0,2.1848739495798317,1.0273972602739727,1.0,2,2
12,0.3,10.0,0.7,10.0,9,3.0,50,True,True,0.1,0.03,2.0,10.0,12,0.23668639053254437,29.765013054830288,4.838709677419355,47,44,3,11.75,15.770609318996415,2.479338842975207,2.5531914893617023,2.590909090909091,2.0,2.221311475409836,1.034013605442177,1.0,2,2
12,0.3,10.0,0.7,10.0,9,3.0,50,True,True,0.1,0.03,2.0,10.0,13,0.23371647509578544,29.591836734693878,4.615384615384616,48,45,3,11.793611793611793,16.071428571428573,2.3622047244094486,2.5416666666666665,2.577777777777778,2.0,2.30327868852459,1.0266666666666666,1.0,2,2
12,0.3,10.0,0.7,10.0,9,3.0,50,True,True,0.1,0.03,2.0,10.0,14,0.22532588454376165,28.967254408060455,4.285714285714286,48,45,3,11.483253588516746,16.014234875444842,2.18978102189781,2.5208333333333335,2.5555555555555554,2.0,2.2635658914728682,1.0198675496688743,1.011111111111111,2,2
12,0.3,10.0,0.7,10.0,9,3.0,50,True,True,0.1,0.03,2.0,10.0,15,0.21518987341772153,28.465346534653463,2.684563758389262,47,45,2,10.930232558139535,15.901060070671377,1.3605442176870748,2.5319148936170213,2.5555555555555554,2.0,2.1956521739130435,1.026143790849673,1.021978021978022,2,2
12,0.3,10.0,0.7,10.0,9,3.0,50,True,True,0.1,0.03,2.0,10.0,16,0.20913884007029876,27.427184466019416,3.821656050955414,47,44,3,10.755148741418765,15.43859649122807,1.9736842105263157,2.5319148936170213,2.5681818181818183,2.0,2.2142857142857144,1.0509554140127388,1.0217391304347827,2,2
12,0.3,10.0,0.7,10.0,9,3.0,50,True,True,0.1,0.03,2.0,10.0,17,0.19965870307167236,26.941747572815533,3.4482758620689653,46,43,3,10.199556541019955,15.087719298245613,1.8072289156626504,2.5434782608695654,2.5813953488372094,2.0,2.14,1.05,1.0319148936170213,2,2
12,0.3,10.0,0.7,10.0,9,3.0,50,True,True,0.1,0.03,2.0,10.0,18,0.19402985074626866,26.876513317191282,3.1578947368421053,46,43,3,9.89247311827957,15.034965034965033,1.675977653631285,2.5434782608695654,2.5813953488372094,2.0,2.08125,1.05625,1.041237113402062,2,2
12,0.3,10.0,0.7,10.0,9,3.0,50,True,True,0.1,0.03,2.0,10.0,19,0.19484702093397746,26.32850241545894,5.797101449275362,48,42,6,10.062893081761008,14.685314685314685,3.1413612565445024,2.5208333333333335,2.5952380952380953,2.0,2.0414201183431953,1.0817610062893082,1.04,2,2
12,0.3,10.0,0.7,10.0,9,3.0,50,True,True,0.1,0.03,2.0,10.0,20,0.17214397496087636,23.52941176470588,6.0606060606060606,46,39,7,9.274193548387096,13.636363636363635,3.3333333333333335,2.391304347826087,2.4615384615384617,2.0,1.9615384615384615,1.079268292682927,1.0396039603960396,2,2
12,0.3,10.0,0.7,10.0,9,3.0,50,True,True,0.1,0.03,2.0,10.0,21,0.17325227963525835,23.52941176470588,7.199999999999999,48,39,9,9.393346379647749,13.684210526315791,3.982300884955752,2.375,2.4615384615384617,2.0,1.9170984455958548,1.0853658536585367,1.0377358490566038,2,2
12,0.3,10.0,0.7,10.0,9,3.0,50,True,True,0.1,0.03,2.0,10.0,22,0.18168389955686853,23.97094430992736,9.090909090909092,52,40,12,10.0,14.084507042253522,5.084745762711865,2.3653846153846154,2.475,2.0,1.9540816326530612,1.1111111111111112,1.0363636363636364,2,2
12,0.3,10.0,0.7,10.0,9,3.0,50,True,True,0.1,0.03,2.0,10.0,23,0.16929698708751795,22.330097087378643,9.12280701754386,50,37,13,9.25925925925926,12.89198606271777,5.138339920948617,2.36,2.4864864864864864,2.0,1.8952380952380952,1.108433734939759,1.0360360360360361,2,2
12,0.3,10.0,0.7,10.0,9,3.0,50,True,True,0.1,0.03,2.0,10.0,24,0.16736401673640167,21.791767554479417,9.868421052631579,51,36,15,9.18918918918919,12.587412587412588,5.5762081784386615,2.3529411764705883,2.5,2.0,1.8636363636363635,1.1111111111111112,1.0353982300884956,2,2
12,0.3,10.0,0.7,10.0,9,3.0,50,True,True,0.1,0.03,2.0,10.0,25,0.18292682926829268,23.764705882352942,10.86261980830671,54,37,17,9.62566844919786,12.847222222222221,6.227106227106227,2.5,2.72972972972973,2.0,1.9366515837104072,1.1176470588235294,1.0344827586206897,2,2
12,0.3,10.0,0.7,10.0,9,3.0,50,True,True,0.1,0.03,2.0,10.0,26,0.18026315789473685,23.708920187793428,10.778443113772456,55,37,18,9.532062391681109,12.847222222222221,6.228373702422145,2.4909090909090907,2.72972972972973,2.0,1.922077922077922,1.1213872832369942,1.0338983050847457,2,2
12,0.3,10.0,0.7,10.0,9,3.0,50,True,True,0.1,0.03,2.0,10.0,27,0.18286445012787725,23.82075471698113,11.731843575418994,58,37,21,9.731543624161073,12.847222222222221,6.8181818181818175,2.4655172413793105,2.72972972972973,2.0,1.8938775510204082,1.1169590643274854,1.040983606557377,2,2
12,0.3,10.0,0.7,10.0,9,3.0,50,True,True,0.1,0.03,2.0,10.0,28,0.18509316770186335,24.29245283018868,12.073490813648293,61,38,23,9.983633387888707,13.194444444444445,7.120743034055728,2.442622950819672,2.710526315789474,2.0,1.8980392156862744,1.125748502994012,1.0390625,2,2
12,0.3,10.0,0.7,10.0,9,3.0,50,True,True,0.1,0.03,2.0,10.0,29,0.18214716525934863,23.87706855791962,12.31527093596059,62,37,25,9.872611464968154,12.89198606271777,7.331378299120235,2.435483870967742,2.72972972972973,2.0,1.8909774436090225,1.125748502994012,1.0454545454545454,2,2
12,0.3,10.0,0.7,10.0,9,3.0,50,True,True,0.1,0.03,2.0,10.0,30,0.17702227432590856,23.82075471698113,11.655011655011654,62,37,25,9.509202453987731,12.802768166089965,6.887052341597796,2.435483870967742,2.72972972972973,2.0,1.831578947368421,1.1183431952662721,1.0441176470588236,2,2
12,0.3,10.0,0.7,10.0,9,3.0,50,True,True,0.1,0.03,2.0,10.0,31,0.1765375854214123,23.764705882352942,11.920529801324504,64,37,27,9.538002980625931,12.802768166089965,7.068062827225131,2.421875,2.72972972972973,2.0,1.8114478114478114,1.136094674556213,1.049645390070922,2,2
12,0.3,10.0,0.7,10.0,9,3.0,50,True,True,0.1,0.03,2.0,10.0,32,0.18030973451327434,23.990498812351543,12.836438923395447,68,37,31,9.75609756097561,12.802768166089965,7.598039215686274,2.3970588235294117,2.72972972972973,2.0,1.7993527508090614,1.125,1.048951048951049,2,2
12,0.3,10.0,0.7,10.0,9,3.0,50,True,True,0.1,0.03,2.0,10.0,33,0.17400644468313642,23.389021479713605,12.5,68,36,32,9.392265193370166,12.45674740484429,7.35632183908046,2.3823529411764706,2.7222222222222223,2.0,1.7424242424242424,1.1340782122905029,1.047945205479452,2,2
12,0.3,10.0,0.7,10.0,9,3.0,50,True,True,0.1,0.03,2.0,10.0,34,0.16597077244258873,22.40963855421687,12.154696132596685,67,34,33,8.933333333333334,11.846689895470384,7.127429805615551,2.373134328358209,2.735294117647059,2.0,1.706896551724138,1.1236559139784945,1.0472972972972974,2,2
12,0.3,10.0,0.7,10.0,9,3.0,50,True,True,0.1,0.03,2.0,10.0,35,0.1592292089249493,21.875,11.578947368421053,66,33,33,8.472400513478819,11.458333333333332,6.720977596741344,2.378787878787879,2.757575757575758,2.0,1.6549865229110512,1.1197916666666667,1.0466666666666666,2,2
12,0.3,10.0,0.7,10.0,9,3.0,50,True,True,0.1,0.03,2.0,10.0,36,0.15467980295566502,21.822541966426858,11.036789297658862,66,33,33,8.178438661710038,11.458333333333332,6.358381502890173,2.378787878787879,2.757575757575758,2.0,1.6161616161616161,1.12565445026178,1.0457516339869282,2,2
12,0.3,10.0,0.7,10.0,9,3.0,50,True,True,0.1,0.03,2.0,10.0,37,0.14832535885167464,21.822541966426858,10.191082802547772,65,33,32,7.765830346475508,11.458333333333332,5.828779599271402,2.3846153846153846,2.757575757575758,2.0,1.5837320574162679,1.1111111111111112,1.0516129032258064,2,2
12,0.3,10.0,0.7,10.0,9,3.0,50,True,True,0.1,0.03,2.0,10.0,38,0.14405204460966542,21.54963680387409,9.95475113122172,65,32,33,7.479861910241657,11.149825783972126,5.670103092783505,2.3846153846153846,2.78125,2.0,1.5542986425339367,1.0985221674876848,1.0506329113924051,2,2
12,0.3,10.0,0.7,10.0,9,3.0,50,True,True,0.1,0.03,2.0,10.0,39,0.13989169675090252,21.16788321167883,9.75609756097561,65,31,34,7.222222222222221,10.76388888888889,5.555555555555555,2.3846153846153846,2.806451612903226,2.0,1.5214592274678111,1.1105769230769231,1.05,2,2
12,0.3,10.0,0.7,10.0,9,3.0,50,True,True,0.1,0.03,2.0,10.0,40,0.13496932515337423,20.975609756097562,9.30232558139535,65,31,34,6.996770721205597,10.801393728222997,5.29595015576324,2.3692307692307693,2.774193548387097,2.0,1.5020491803278688,1.1232227488151658,1.049079754601227,2,2
12,0.3,10.0,0.7,10.0,9,3.0,50,True,True,0.1,0.03,2.0,10.0,41,0.13787234042553193,20.975609756097562,9.934640522875817,68,31,37,7.090719499478623,10.726643598615917,5.522388059701493,2.3823529411764706,2.774193548387097,2.054054054054054,1.499009900990099,1.1105990783410138,1.047337278106509,2,2
12,0.3,10.0,0.7,10.0,9,3.0,50,True,True,0.1,0.03,2.0,10.0,42,0.1371900826446281,21.07843137254902,9.975062344139651,70,31,39,7.063572149344097,10.76388888888889,5.547652916073969,2.3714285714285714,2.774193548387097,2.051282051282051,1.4830188679245282,1.1111111111111112,1.0514285714285714,2,2
12,0.3,10.0,0.7,10.0,9,3.0,50,True,True,0.1,0.03,2.0,10.0,43,0.13804173354735153,21.026894865525673,10.27479091995221,73,31,42,7.1358748778103624,10.726643598615917,5.722070844686648,2.356164383561644,2.774193548387097,2.0476190476190474,1.4737793851717902,1.1157407407407407,1.0497237569060773,2,2
12,0.3,10.0,0.7,10.0,9,3.0,50,True,True,0.1,0.03,2.0,10.0,44,0.1332813717848792,21.026894865525673,9.725400457665904,72,31,41,6.7924528301886795,10.726643598615917,5.317769130998703,2.375,2.774193548387097,2.073170731707317,1.453448275862069,1.1095890410958904,1.047872340425532,2,2
12,0.3,10.0,0.7,10.0,9,3.0,50,True,True,0.1,0.03,2.0,10.0,45,0.12944738834216502,21.13022113022113,9.299781181619256,72,31,41,6.545454545454546,10.726643598615917,5.055487053020962,2.375,2.774193548387097,2.073170731707317,1.4248366013071896,1.1141552511415524,1.0459183673469388,2,2
12,0.3,10.0,0.7,10.0,9,3.0,50,True,True,0.1,0.03,2.0,10.0,46,0.12867647058823528,20.8955223880597,9.498956158663884,74,30,44,6.491228070175438,10.416666666666668,5.164319248826291,2.364864864864865,2.8,2.0681818181818183,1.411214953271028,1.0950226244343892,1.0495049504950495,2,2
12,0.3,10.0,0.7,10.0,9,3.0,50,True,True,0.1,0.03,2.0,10.0,47,0.12857142857142856,20.8955223880597,9.619238476953909,76,30,46,6.462585034013606,10.380622837370241,5.186020293122886,2.3684210526315788,2.8,2.0869565217391304,1.408132530120482,1.0822510822510822,1.048780487804878,2,2
12,0.3,10.0,0.7,10.0,9,3.0,50,True,True,0.1,0.03,2.0,10.0,48,0.1262135922330097,20.603015075376884,9.578544061302683,77,29,48,6.311475409836066,10.034602076124568,5.155746509129968,2.3636363636363638,2.8275862068965516,2.0833333333333335,1.3902439024390243,1.0833333333333333,1.0462962962962963,2,2
12,0.3,10.0,0.7,10.0,9,3.0,50,True,True,0.1,0.03,2.0,10.0,49,0.1265993265993266,20.551378446115287,9.760589318600369,80,29,51,6.359300476947535,10.034602076124568,5.263157894736842,2.35,2.8275862068965516,2.0784313725490198,1.383448275862069,1.081896551724138,1.0452488687782806,2,2
12,0.3,10.0,0.7,10.0,9,3.0,50,True,True,0.1,0.03,2.0,10.0,50,0.12426422498364945,20.253164556962027,9.700176366843033,81,28,53,6.221198156682028,9.722222222222223,5.226824457593689,2.345679012345679,2.857142857142857,2.0754716981132075,1.3703703703703705,1.078512396694215,1.045045045045045,2,2
13,0.3,10.0,0.7,10.0,9,3.0,50,True,True,0.1,0.03,2.0,10.0,0,0.0,0.0,0.0,0,0,0,0.0,0.0,0.0,0.0,0.0,0.0,1.0,1.0,1.0,0,0
13,0.3,10.0,0.7,10.0,9,3.0,50,True,True,0.1,0.03,2.0,10.0,1,0.026954177897574125,3.389830508474576,0.0,4,4,0,1.095890410958904,1.384083044982699,0.0,2.5,2.5,0.0,1.0555555555555556,1.0,1.0,2,2
13,0.3,10.0,0.7,10.0,9,3.0,50,True,True,0.1,0.03,2.0,10.0,2,0.0549738219895288,6.976744186046512,0.0,9,9,0,2.4324324324324325,3.1141868512110724,0.0,2.3333333333333335,2.3333333333333335,0.0,1.1142857142857143,1.0084745762711864,1.0,2,2
13,0.3,10.0,0.7,10.0,9,3.0,50,True,True,0.1,0.03,2.0,10.0,3,0.0737913486005089,8.970099667774086,2.1739130434782608,13,12,1,3.494623655913978,4.25531914893617,1.1111111111111112,2.230769230769231,2.25,2.0,1.1976047904191616,1.0081967213114753,1.0,2,2
13,0.3,10.0,0.7,10.0,9,3.0,50,True,True,0.1,0.03,2.0,10.0,4,0.10891089108910891,13.461538461538462,2.1739130434782608,17,16,1,4.619565217391304,5.755395683453238,1.1111111111111112,2.588235294117647,2.625,2.0,1.3248407643312101,1.0163934426229508,1.0,2,2
13,0.3,10.0,0.7,10.0,9,3.0,50,True,True,0.1,0.03,2.0,10.0,5,0.11057692307692307,13.249211356466878,4.040404040404041,18,16,2,4.891304347826087,5.86080586080586,2.1052631578947367,2.5555555555555554,2.625,2.0,1.4589041095890412,1.015748031496063,1.0,2,2
13,0.3,10.0,0.7,10.0,9,3.0,50,True,True,0.1,0.03,2.0,10.0,6,0.11214953271028037,13.37386018237082,4.040404040404041,19,17,2,5.191256830601093,6.25,2.127659574468085,2.526315789473684,2.588235294117647,2.0,1.5642857142857143,1.015748031496063,1.0,2,2
13,0.3,10.0,0.7,10.0,9,3.0,50,True,True,0.1,0.03,2.0,10.0,7,0.125,15.178571428571427,3.8461538461538463,22,20,2,5.9620596205962055,7.4074074074074066,2.0202020202020203,2.5,2.55,2.0,1.6642335766423357,1.015625,1.0,2,2
13,0.3,10.0,0.7,10.0,9,3.0,50,True,True,0.1,0.03,2.0,10.0,8,0.13024282560706402,15.542521994134898,5.357142857142857,24,21,3,6.315789473684211,7.664233576642336,2.8301886792452833,2.4583333333333335,2.5238095238095237,2.0,1.6573426573426573,1.023076923076923,1.0,2,2
13,0.3,10.0,0.7,10.0,9,3.0,50,True,True,0.1,0.03,2.0,10.0,9,0.13090128755364808,15.759312320916905,5.128205128205128,25,22,3,6.493506493506493,8.02919708029197,2.7027027027027026,2.44,2.5,2.0,1.7183098591549295,1.0305343511450382,1.0,2,2
13,0.3,10.0,0.7,10.0,9,3.0,50,True,True,0.1,0.03,2.0,10.0,10,0.13569937369519833,16.28571428571429,6.2015503875969,27,23,4,6.8181818181818175,8.363636363636363,3.3057851239669422,2.4074074074074074,2.4782608695652173,2.0,1.7430555555555556,1.0222222222222221,1.0,2,2
13,0.3,10.0,0.7,10.0,9,3.0,50,True,True,0.1,0.03,2.0,10.0,11,0.15821501014198783,19.230769230769234,6.2015503875969,31,27,4,7.848101265822785,9.818181818181818,3.3333333333333335,2.5161290322580645,2.5925925925925926,2.0,1.8985507246376812,1.037313432835821,1.0,2,2
13,0.3,10.0,0.7,10.0,9,3.0,50,True,True,0.1,0.03,2.0,10.0,12,0.15384615384615385,18.91891891891892,5.839416058394161,31,27,4,7.598039215686274,9.642857142857144,3.125,2.5161290322580645,2.5925925925925926,2.0,1.8424657534246576,1.051094890510949,1.0,2,2
13,0.3,10.0,0.7,10.0,9,3.0,50,True,True,0.1,0.03,2.0,10.0,13,0.16283524904214558,19.18918918918919,9.210526315789473,35,28,7,8.31353919239905,9.9644128113879,5.0,2.4285714285714284,2.5357142857142856,2.0,1.8657718120805369,1.0482758620689656,1.0,2,2
13,0.3,10.0,0.7,10.0,9,3.0,50,True,True,0.1,0.03,2.0,10.0,14,0.16201117318435754,20.0,7.4074074074074066,35,29,6,8.158508158508159,10.320284697508896,4.054054054054054,2.4857142857142858,2.586206896551724,2.0,1.8940397350993377,1.0612244897959184,1.0,2,2
13,0.3,10.0,0.7,10.0,9,3.0,50,True,True,0.1,0.03,2.0,10.0,15,0.16455696202531644,20.209973753280842,8.13953488372093,37,30,7,8.409090909090908,10.60070671378092,4.45859872611465,2.4594594594594597,2.566666666666667,2.0,1.9096774193548387,1.06,1.0,2,2
13,0.3,10.0,0.7,10.0,9,3.0,50,True,True,0.1,0.03,2.0,10.0,16,0.1687170474516696,20.259740259740262,9.782608695652174,39,30,9,8.724832214765101,10.638297872340425,5.454545454545454,2.4615384615384617,2.6,2.0,1.9805194805194806,1.0522875816993464,1.0198019801980198,2,2
13,0.3,10.0,0.7,10.0,9,3.0,50,True,True,0.1,0.03,2.0,10.0,17,0.16382252559726962,20.155038759689923,9.045226130653267,39,30,9,8.51528384279476,10.638297872340425,5.113636363636364,2.4615384615384617,2.6,2.0,1.962962962962963,1.0516129032258064,1.0294117647058822,2,2
13,0.3,10.0,0.7,10.0,9,3.0,50,True,True,0.1,0.03,2.0,10.0,18,0.16583747927031509,19.897959183673468,10.42654028436019,41,30,11,8.72340425531915,10.526315789473683,5.9459459459459465,2.4390243902439024,2.6,2.0,1.9878787878787878,1.05,1.0288461538461537,2,2
13,0.3,10.0,0.7,10.0,9,3.0,50,True,True,0.1,0.03,2.0,10.0,19,0.1819645732689211,20.35623409669211,14.473684210526317,47,31,16,9.873949579831933,10.99290780141844,8.24742268041237,2.404255319148936,2.5806451612903225,2.0625,2.098159509202454,1.0636942675159236,1.0275229357798166,2,2
13,0.3,10.0,0.7,10.0,9,3.0,50,True,True,0.1,0.03,2.0,10.0,20,0.19248826291079812,21.464646464646464,15.637860082304528,51,33,18,10.559006211180124,11.743772241992882,8.91089108910891,2.411764705882353,2.5757575757575757,2.111111111111111,2.1707317073170733,1.0764331210191083,1.027027027027027,2,2
13,0.3,10.0,0.7,10.0,9,3.0,50,True,True,0.1,0.03,2.0,10.0,21,0.18693009118541035,20.100502512562816,16.538461538461537,50,30,20,10.06036217303823,10.676156583629894,9.25925925925926,2.46,2.6666666666666665,2.15,2.1436781609195403,1.077922077922078,1.0258620689655173,2,2
13,0.3,10.0,0.7,10.0,9,3.0,50,True,True,0.1,0.03,2.0,10.0,22,0.18168389955686853,19.900497512437813,15.636363636363637,50,30,20,9.72762645914397,10.48951048951049,8.771929824561402,2.46,2.6666666666666665,2.15,2.0476190476190474,1.0769230769230769,1.0252100840336134,2,2
13,0.3,10.0,0.7,10.0,9,3.0,50,True,True,0.1,0.03,2.0,10.0,23,0.18220946915351507,19.900497512437813,15.932203389830507,51,30,21,9.67741935483871,10.48951048951049,8.71369294605809,2.4901960784313726,2.6666666666666665,2.238095238095238,2.0353535353535355,1.0769230769230769,1.0327868852459017,2,2
13,0.3,10.0,0.7,10.0,9,3.0,50,True,True,0.1,0.03,2.0,10.0,24,0.1799163179916318,19.656019656019655,15.806451612903224,52,30,22,9.59409594095941,10.452961672473867,8.627450980392156,2.480769230769231,2.6666666666666665,2.227272727272727,2.039408866995074,1.0740740740740742,1.032,2,2
13,0.3,10.0,0.7,10.0,9,3.0,50,True,True,0.1,0.03,2.0,10.0,25,0.1802168021680217,20.240963855421686,15.170278637770899,54,32,22,9.818181818181818,11.149825783972126,8.365019011406844,2.462962962962963,2.625,2.227272727272727,2.0673076923076925,1.0858895705521472,1.048,2,2
13,0.3,10.0,0.7,10.0,9,3.0,50,True,True,0.1,0.03,2.0,10.0,26,0.18026315789473685,20.095693779904305,15.497076023391813,56,32,24,9.91150442477876,11.149825783972126,8.633093525179856,2.4464285714285716,2.625,2.2083333333333335,2.064814814814815,1.0925925925925926,1.0458015267175573,2,2
13,0.3,10.0,0.7,10.0,9,3.0,50,True,True,0.1,0.03,2.0,10.0,27,0.1867007672634271,20.238095238095237,16.85082872928177,61,33,28,10.427350427350428,11.418685121107266,9.45945945945946,2.3934426229508197,2.5757575757575757,2.1785714285714284,2.048888888888889,1.098159509202454,1.0441176470588236,2,2
13,0.3,10.0,0.7,10.0,9,3.0,50,True,True,0.1,0.03,2.0,10.0,28,0.18881987577639753,20.334928229665074,17.31266149870801,64,33,31,10.578512396694215,11.458333333333332,9.779179810725552,2.375,2.5757575757575757,2.161290322580645,2.0126582278481013,1.1017964071856288,1.051094890510949,2,2
13,0.3,10.0,0.7,10.0,9,3.0,50,True,True,0.1,0.03,2.0,10.0,29,0.1881785283474065,20.0,17.632850241545896,66,32,34,10.526315789473683,11.11111111111111,10.029498525073747,2.3636363636363638,2.59375,2.1470588235294117,1.9644268774703557,1.1017964071856288,1.0571428571428572,2,2
13,0.3,10.0,0.7,10.0,9,3.0,50,True,True,0.1,0.03,2.0,10.0,30,0.1910902696365768,19.951338199513383,18.32579185520362,70,32,38,10.76923076923077,11.11111111111111,10.497237569060774,2.3285714285714287,2.5625,2.1315789473684212,1.9323308270676691,1.1011904761904763,1.0547945205479452,2,2
13,0.3,10.0,0.7,10.0,9,3.0,50,True,True,0.1,0.03,2.0,10.0,31,0.19020501138952164,20.048899755501225,18.123667377398718,72,32,40,10.650887573964498,11.072664359861593,10.335917312661499,2.3194444444444446,2.5625,2.125,1.8767605633802817,1.0994152046783625,1.0536912751677852,2,2
13,0.3,10.0,0.7,10.0,9,3.0,50,True,True,0.1,0.03,2.0,10.0,32,0.19247787610619468,20.14742014742015,18.51106639839034,75,32,43,10.760401721664275,11.072664359861593,10.53921568627451,2.32,2.5625,2.13953488372093,1.8716216216216217,1.0988372093023255,1.0522875816993464,2,2
13,0.3,10.0,0.7,10.0,9,3.0,50,True,True,0.1,0.03,2.0,10.0,33,0.1933404940923738,19.704433497536947,19.047619047619047,78,31,47,10.87866108786611,10.726643598615917,10.981308411214954,2.3076923076923075,2.5806451612903225,2.127659574468085,1.87012987012987,1.0971428571428572,1.0516129032258064,2,2
13,0.3,10.0,0.7,10.0,9,3.0,50,True,True,0.1,0.03,2.0,10.0,34,0.19624217118997914,19.801980198019802,19.494584837545126,82,31,51,11.081081081081082,10.76388888888889,11.283185840707963,2.292682926829268,2.5806451612903225,2.1176470588235294,1.85625,1.0994475138121547,1.0509554140127388,2,2
13,0.3,10.0,0.7,10.0,9,3.0,50,True,True,0.1,0.03,2.0,10.0,35,0.19675456389452334,19.851116625310176,19.554030874785592,85,31,54,11.096605744125327,10.76388888888889,11.297071129707113,2.2823529411764705,2.5806451612903225,2.111111111111111,1.8189910979228487,1.1135135135135135,1.050314465408805,2,2
13,0.3,10.0,0.7,10.0,9,3.0,50,True,True,0.1,0.03,2.0,10.0,36,0.19507389162561575,19.45137157107232,19.54397394136808,87,30,57,10.984848484848484,10.416666666666668,11.30952380952381,2.2758620689655173,2.6,2.1052631578947367,1.7921348314606742,1.120879120879121,1.0484848484848486,2,2
13,0.3,10.0,0.7,10.0,9,3.0,50,True,True,0.1,0.03,2.0,10.0,37,0.1875598086124402,18.546365914786968,18.885448916408667,87,29,58,10.596833130328868,10.069444444444445,10.881801125703564,2.2528735632183907,2.5517241379310347,2.103448275862069,1.7553191489361701,1.10752688172043,1.0529411764705883,2,2
13,0.3,10.0,0.7,10.0,9,3.0,50,True,True,0.1,0.03,2.0,10.0,38,0.1895910780669145,18.829516539440203,19.03367496339678,91,29,62,10.68075117370892,10.069444444444445,10.99290780141844,2.241758241758242,2.5517241379310347,2.096774193548387,1.727735368956743,1.1041666666666667,1.0511363636363635,2,2
13,0.3,10.0,0.7,10.0,9,3.0,50,True,True,0.1,0.03,2.0,10.0,39,0.19133574007220217,17.994858611825194,19.749652294853963,95,27,68,10.770975056689343,9.342560553633218,11.467116357504215,2.231578947368421,2.5925925925925926,2.088235294117647,1.7248157248157248,1.095,1.050561797752809,2,2
13,0.3,10.0,0.7,10.0,9,3.0,50,True,True,0.1,0.03,2.0,10.0,40,0.19106047326906223,17.801047120418847,19.76284584980237,98,26,72,10.675381263616558,9.059233449477352,11.410459587955627,2.2244897959183674,2.6153846153846154,2.0833333333333335,1.6851851851851851,1.0833333333333333,1.0491803278688525,2,2
13,0.3,10.0,0.7,10.0,9,3.0,50,True,True,0.1,0.03,2.0,10.0,41,0.19319148936170213,17.662337662337663,20.126582278481013,101,25,76,10.73326248671626,8.680555555555555,11.638591117917304,2.2475247524752477,2.72,2.0921052631578947,1.6981981981981982,1.0878048780487806,1.0476190476190477,2,2
13,0.3,10.0,0.7,10.0,9,3.0,50,True,True,0.1,0.03,2.0,10.0,42,0.19504132231404958,17.05426356589147,20.65613608748481,105,24,81,10.880829015544041,8.304498269896193,11.982248520710058,2.2476190476190476,2.75,2.0987654320987654,1.7114537444933922,1.085308056872038,1.0515463917525774,2,2
13,0.3,10.0,0.7,10.0,9,3.0,50,True,True,0.1,0.03,2.0,10.0,43,0.19662921348314608,16.623376623376622,21.022067363530777,109,23,86,10.96579476861167,7.986111111111111,12.181303116147308,2.2477064220183487,2.782608695652174,2.104651162790698,1.7033898305084745,1.085308056872038,1.0544554455445545,2,2
13,0.3,10.0,0.7,10.0,9,3.0,50,True,True,0.1,0.03,2.0,10.0,44,0.20031176929072486,15.968586387434556,21.75360710321865,115,22,93,11.219512195121952,7.665505226480835,12.601626016260163,2.234782608695652,2.772727272727273,2.10752688172043,1.6951219512195121,1.0943396226415094,1.0585365853658537,2,2
13,0.3,10.0,0.7,10.0,9,3.0,50,True,True,0.1,0.03,2.0,10.0,45,0.1968205904617714,15.44502617801047,21.405750798722046,117,21,96,11.016949152542372,7.291666666666667,12.4031007751938,2.2222222222222223,2.8095238095238093,2.09375,1.677734375,1.0855855855855856,1.0523809523809524,2,2
13,0.3,10.0,0.7,10.0,9,3.0,50,True,True,0.1,0.03,2.0,10.0,46,0.2036764705882353,15.567282321899736,22.22222222222222,125,21,104,11.415525114155251,7.317073170731707,12.871287128712872,2.216,2.8095238095238093,2.0961538461538463,1.691287878787879,1.0666666666666667,1.0509259259259258,2,2
13,0.3,10.0,0.7,10.0,9,3.0,50,True,True,0.1,0.03,2.0,10.0,47,0.20285714285714285,15.364583333333334,22.14566929133858,128,21,107,11.347517730496454,7.26643598615917,12.753277711561385,2.21875,2.8095238095238093,2.102803738317757,1.6873857404021937,1.0553191489361702,1.0504587155963303,2,2
13,0.3,10.0,0.7,10.0,9,3.0,50,True,True,0.1,0.03,2.0,10.0,48,0.20110957004160887,15.44502617801047,21.79245283018868,131,21,110,11.215753424657535,7.26643598615917,12.514220705346984,2.213740458015267,2.8095238095238093,2.1,1.6643356643356644,1.0576131687242798,1.0495495495495495,2,2
13,0.3,10.0,0.7,10.0,9,3.0,50,True,True,0.1,0.03,2.0,10.0,49,0.19932659932659932,14.666666666666666,21.71171171171171,135,20,115,11.147811725846408,6.944444444444445,12.459371614301192,2.1925925925925926,2.75,2.0956521739130434,1.64,1.0597609561752988,1.0491071428571428,2,2
13,0.3,10.0,0.7,10.0,9,3.0,50,True,True,0.1,0.03,2.0,10.0,50,0.19686069326357097,13.20754716981132,21.761658031088082,139,19,120,11.084529505582138,6.5743944636678195,12.435233160621761,2.1654676258992804,2.5789473684210527,2.1,1.6170886075949367,1.0597609561752988,1.0478260869565217,2,2
14,0.3,10.0,0.7,10.0,9,3.0,50,True,True,0.1,0.03,2.0,10.0,0,0.0,0.0,0.0,0,0,0,0.0,0.0,0.0,0.0,0.0,0.0,1.0,1.0,1.0,0,0
14,0.3,10.0,0.7,10.0,9,3.0,50,True,True,0.1,0.03,2.0,10.0,1,0.029649595687331536,3.728813559322034,0.0,5,5,0,1.36986301369863,1.7301038062283738,0.0,2.2,2.2,0.0,1.0658682634730539,1.0,1.0,2,2
14,0.3,10.0,0.7,10.0,9,3.0,50,True,True,0.1,0.03,2.0,10.0,2,0.060209424083769635,7.6158940397351,0.0,10,10,0,2.710027100271003,3.4602076124567476,0.0,2.3,2.3,0.0,1.1411042944785277,1.0,1.0,2,2
14,0.3,10.0,0.7,10.0,9,3.0,50,True,True,0.1,0.03,2.0,10.0,3,0.06361323155216285,8.361204013377927,0.0,11,11,0,2.9023746701846966,3.8596491228070176,0.0,2.272727272727273,2.272727272727273,0.0,1.1575757575757575,1.0,1.0,2,2
14,0.3,10.0,0.7,10.0,9,3.0,50,True,True,0.1,0.03,2.0,10.0,4,0.07178217821782178,9.121621621621621,1.8518518518518516,13,12,1,3.3854166666666665,4.332129963898916,0.9345794392523363,2.230769230769231,2.25,2.0,1.2037037037037037,1.0,1.0,2,2
14,0.3,10.0,0.7,10.0,9,3.0,50,True,True,0.1,0.03,2.0,10.0,5,0.10336538461538461,12.871287128712872,3.5398230088495577,18,16,2,4.699738903394255,5.88235294117647,1.8018018018018018,2.388888888888889,2.4375,2.0,1.3289473684210527,1.0070921985815602,1.0,2,2
14,0.3,10.0,0.7,10.0,9,3.0,50,True,True,0.1,0.03,2.0,10.0,6,0.11682242990654206,14.743589743589745,3.4482758620689653,21,19,2,5.454545454545454,7.011070110701106,1.7543859649122806,2.380952380952381,2.4210526315789473,2.0,1.4246575342465753,1.0136054421768708,1.0,2,2
14,0.3,10.0,0.7,10.0,9,3.0,50,True,True,0.1,0.03,2.0,10.0,7,0.125,15.887850467289718,3.361344537815126,23,21,2,5.958549222797927,7.806691449814126,1.7094017094017095,2.391304347826087,2.4285714285714284,2.0,1.5211267605633803,1.0133333333333334,1.0140845070422535,2,2
14,0.3,10.0,0.7,10.0,9,3.0,50,True,True,0.1,0.03,2.0,10.0,8,0.1346578366445916,17.272727272727273,3.2520325203252036,26,24,2,6.7357512953367875,9.056603773584905,1.6528925619834711,2.3461538461538463,2.375,2.0,1.6496350364963503,1.0130718954248366,1.0285714285714285,2,2
14,0.3,10.0,0.7,10.0,9,3.0,50,True,True,0.1,0.03,2.0,10.0,9,0.14377682403433475,18.421052631578945,3.225806451612903,29,27,2,7.435897435897436,10.037174721189592,1.6528925619834711,2.310344827586207,2.3333333333333335,2.0,1.7352941176470589,1.0201342281879195,1.0263157894736843,2,2
14,0.3,10.0,0.7,10.0,9,3.0,50,True,True,0.1,0.03,2.0,10.0,10,0.14822546972860126,19.03409090909091,3.149606299212598,31,29,2,7.848101265822785,10.70110701107011,1.6129032258064515,2.2903225806451615,2.310344827586207,2.0,1.7941176470588236,1.0263157894736843,1.0394736842105263,2,2
14,0.3,10.0,0.7,10.0,9,3.0,50,True,True,0.1,0.03,2.0,10.0,11,0.1440162271805274,18.055555555555554,4.511278195488721,31,28,3,7.711442786069651,10.218978102189782,2.34375,2.2903225806451615,2.3214285714285716,2.0,1.8455882352941178,1.025974025974026,1.05,2,2
14,0.3,10.0,0.7,10.0,9,3.0,50,True,True,0.1,0.03,2.0,10.0,12,0.14003944773175542,17.027027027027028,5.839416058394161,31,27,4,7.654320987654321,9.782608695652174,3.10077519379845,2.2903225806451615,2.3333333333333335,2.0,1.9548872180451127,1.0186335403726707,1.0506329113924051,2,2
14,0.3,10.0,0.7,10.0,9,3.0,50,True,True,0.1,0.03,2.0,10.0,13,0.14367816091954022,17.678100263852244,5.594405594405594,33,29,4,7.951807228915662,10.357142857142858,2.9629629629629632,2.272727272727273,2.310344827586207,2.0,1.9565217391304348,1.0251572327044025,1.0470588235294118,2,2
14,0.3,10.0,0.7,10.0,9,3.0,50,True,True,0.1,0.03,2.0,10.0,14,0.1527001862197393,18.65284974093264,6.622516556291391,36,31,5,8.591885441527445,11.11111111111111,3.571428571428571,2.2777777777777777,2.3225806451612905,2.0,2.0588235294117645,1.037037037037037,1.0470588235294118,2,2
14,0.3,10.0,0.7,10.0,9,3.0,50,True,True,0.1,0.03,2.0,10.0,15,0.15913200723327306,19.897959183673468,6.211180124223603,39,34,5,9.090909090909092,12.186379928315413,3.3333333333333335,2.2564102564102564,2.2941176470588234,2.0,2.085714285714286,1.0375,1.0555555555555556,2,2
14,0.3,10.0,0.7,10.0,9,3.0,50,True,True,0.1,0.03,2.0,10.0,16,0.16520210896309315,21.105527638190953,5.847953216374268,42,37,5,9.567198177676538,13.214285714285715,3.1446540880503147,2.238095238095238,2.27027027027027,2.0,2.111111111111111,1.0377358490566038,1.0638297872340425,2,2
14,0.3,10.0,0.7,10.0,9,3.0,50,True,True,0.1,0.03,2.0,10.0,17,0.17064846416382254,21.393034825870647,7.608695652173914,45,38,7,10.022271714922049,13.380281690140844,4.242424242424243,2.2222222222222223,2.263157894736842,2.0,2.140939597315436,1.037037037037037,1.064516129032258,2,2
14,0.3,10.0,0.7,10.0,9,3.0,50,True,True,0.1,0.03,2.0,10.0,18,0.1691542288557214,21.62162162162162,7.142857142857142,46,39,7,9.956709956709958,13.588850174216027,4.0,2.217391304347826,2.2564102564102564,2.0,2.108974358974359,1.049079754601227,1.0618556701030928,2,2
14,0.3,10.0,0.7,10.0,9,3.0,50,True,True,0.1,0.03,2.0,10.0,19,0.1706924315619968,21.463414634146343,8.530805687203792,48,39,9,10.16949152542373,13.588850174216027,4.864864864864865,2.2083333333333335,2.2564102564102564,2.0,2.0987654320987654,1.0674846625766872,1.0808080808080809,2,2
14,0.3,10.0,0.7,10.0,9,3.0,50,True,True,0.1,0.03,2.0,10.0,20,0.1752738654147105,21.897810218978105,9.649122807017543,51,40,11,10.58091286307054,13.986013986013987,5.612244897959184,2.196078431372549,2.25,2.0,2.107142857142857,1.079268292682927,1.0909090909090908,2,2
14,0.3,10.0,0.7,10.0,9,3.0,50,True,True,0.1,0.03,2.0,10.0,21,0.17325227963525835,22.27602905569007,8.979591836734693,52,41,11,10.505050505050505,14.335664335664337,5.263157894736842,2.1923076923076925,2.2439024390243905,2.0,2.085714285714286,1.0952380952380953,1.09,2,2
14,0.3,10.0,0.7,10.0,9,3.0,50,True,True,0.1,0.03,2.0,10.0,22,0.17429837518463812,22.54196642685851,9.230769230769232,54,42,12,10.62992125984252,14.583333333333334,5.454545454545454,2.185185185185185,2.238095238095238,2.0,2.0944444444444446,1.1017964071856288,1.0841121495327102,2,2
14,0.3,10.0,0.7,10.0,9,3.0,50,True,True,0.1,0.03,2.0,10.0,23,0.17216642754662842,22.596153846153847,9.252669039145907,55,42,13,10.53639846743295,14.634146341463413,5.531914893617021,2.1818181818181817,2.238095238095238,2.0,2.0851063829787235,1.1017964071856288,1.0803571428571428,2,2
14,0.3,10.0,0.7,10.0,9,3.0,50,True,True,0.1,0.03,2.0,10.0,24,0.1701534170153417,21.686746987951807,10.596026490066226,56,40,16,10.408921933085502,13.937282229965156,6.374501992031872,2.1785714285714284,2.25,2.0,2.0714285714285716,1.1,1.0782608695652174,2,2
14,0.3,10.0,0.7,10.0,9,3.0,50,True,True,0.1,0.03,2.0,10.0,25,0.17073170731707318,21.204819277108435,11.76470588235294,58,39,19,10.431654676258994,13.494809688581316,7.116104868913857,2.1724137931034484,2.2564102564102564,2.0,2.0485436893203883,1.0952380952380953,1.0731707317073171,2,2
14,0.3,10.0,0.7,10.0,9,3.0,50,True,True,0.1,0.03,2.0,10.0,26,0.17105263157894737,21.686746987951807,11.594202898550725,60,40,20,10.416666666666668,13.84083044982699,6.968641114982578,2.1666666666666665,2.25,2.0,1.981818181818182,1.111764705882353,1.0714285714285714,2,2
14,0.3,10.0,0.7,10.0,9,3.0,50,True,True,0.1,0.03,2.0,10.0,27,0.16112531969309463,20.388349514563107,11.351351351351353,58,37,21,9.650582362728786,12.802768166089965,6.730769230769231,2.1724137931034484,2.27027027027027,2.0,1.9230769230769231,1.0960451977401129,1.069767441860465,2,2
14,0.3,10.0,0.7,10.0,9,3.0,50,True,True,0.1,0.03,2.0,10.0,28,0.15900621118012423,20.14742014742015,11.557788944723619,59,36,23,9.424920127795527,12.5,6.804733727810651,2.169491525423729,2.2777777777777777,2.0,1.875,1.065934065934066,1.0656934306569343,2,2
14,0.3,10.0,0.7,10.0,9,3.0,50,True,True,0.1,0.03,2.0,10.0,29,0.15440289505428226,20.0,10.978520286396181,59,36,23,9.119010819165378,12.45674740484429,6.424581005586592,2.169491525423729,2.2777777777777777,2.0,1.8233082706766917,1.0765027322404372,1.065217391304348,2,2
14,0.3,10.0,0.7,10.0,9,3.0,50,True,True,0.1,0.03,2.0,10.0,30,0.15474794841735054,20.0,11.286681715575622,61,36,25,9.104477611940299,12.45674740484429,6.561679790026247,2.1639344262295084,2.2777777777777777,2.0,1.7801418439716312,1.0806451612903225,1.0638297872340425,2,2
14,0.3,10.0,0.7,10.0,9,3.0,50,True,True,0.1,0.03,2.0,10.0,31,0.15945330296127563,19.559902200489,12.79317697228145,65,35,30,9.420289855072465,12.110726643598616,7.4812967581047385,2.1538461538461537,2.2857142857142856,2.0,1.7842465753424657,1.0846560846560847,1.062937062937063,2,2
14,0.3,10.0,0.7,10.0,9,3.0,50,True,True,0.1,0.03,2.0,10.0,32,0.15265486725663716,18.81188118811881,12.4,64,33,31,8.92608089260809,11.498257839721255,7.209302325581396,2.15625,2.303030303030303,2.0,1.7419354838709677,1.066326530612245,1.0616438356164384,2,2
14,0.3,10.0,0.7,10.0,9,3.0,50,True,True,0.1,0.03,2.0,10.0,33,0.15037593984962405,19.0,12.052730696798493,65,33,32,8.689839572192513,11.458333333333332,6.956521739130435,2.1538461538461537,2.303030303030303,2.0,1.6897590361445782,1.0492610837438423,1.0608108108108107,2,2
14,0.3,10.0,0.7,10.0,9,3.0,50,True,True,0.1,0.03,2.0,10.0,34,0.14613778705636743,18.5,11.827956989247312,65,32,33,8.38709677419355,11.072664359861593,6.790123456790123,2.1538461538461537,2.3125,2.0,1.6458923512747876,1.0490196078431373,1.0723684210526316,2,2
14,0.3,10.0,0.7,10.0,9,3.0,50,True,True,0.1,0.03,2.0,10.0,35,0.13995943204868155,18.045112781954884,11.243611584327088,64,31,33,7.98004987531172,10.76388888888889,6.420233463035019,2.15625,2.3225806451612905,2.0,1.6021220159151193,1.0495049504950495,1.0759493670886076,2,2
14,0.3,10.0,0.7,10.0,9,3.0,50,True,True,0.1,0.03,2.0,10.0,36,0.13201970443349753,17.302798982188293,10.610932475884244,62,29,33,7.425149700598803,10.104529616724738,6.021897810218978,2.161290322580645,2.3448275862068964,2.0,1.548148148148148,1.044776119402985,1.072289156626506,2,2
14,0.3,10.0,0.7,10.0,9,3.0,50,True,True,0.1,0.03,2.0,10.0,37,0.13492822966507176,17.391304347826086,11.162079510703364,65,29,36,7.55813953488372,10.13986013986014,6.2717770034843205,2.169230769230769,2.3448275862068964,2.0277777777777777,1.5463182897862233,1.0390243902439025,1.0773809523809523,2,2
14,0.3,10.0,0.7,10.0,9,3.0,50,True,True,0.1,0.03,2.0,10.0,38,0.13475836431226765,17.21518987341772,11.30690161527166,67,29,38,7.5535512965050735,10.069444444444445,6.3439065108514185,2.1641791044776117,2.3448275862068964,2.026315789473684,1.5340909090909092,1.0334928229665072,1.0818713450292399,2,2
14,0.3,10.0,0.7,10.0,9,3.0,50,True,True,0.1,0.03,2.0,10.0,39,0.12815884476534295,16.49746192893401,10.784313725490197,66,28,38,7.197382769901854,9.688581314878892,6.050955414012739,2.1515151515151514,2.3214285714285716,2.026315789473684,1.5162689804772234,1.02803738317757,1.08,2,2
14,0.3,10.0,0.7,10.0,9,3.0,50,True,True,0.1,0.03,2.0,10.0,40,0.12971078001752848,16.624040920716112,11.066666666666666,69,28,41,7.2784810126582276,9.722222222222223,6.212121212121212,2.1449275362318843,2.3214285714285716,2.024390243902439,1.5020661157024793,1.0186046511627906,1.0833333333333333,2,2
14,0.3,10.0,0.7,10.0,9,3.0,50,True,True,0.1,0.03,2.0,10.0,41,0.13191489361702127,16.49484536082474,11.56289707750953,72,28,44,7.354443309499489,9.722222222222223,6.367583212735166,2.1527777777777777,2.2857142857142856,2.0681818181818183,1.4901574803149606,1.0188679245283019,1.0802139037433156,2,2
14,0.3,10.0,0.7,10.0,9,3.0,50,True,True,0.1,0.03,2.0,10.0,42,0.13140495867768595,16.49484536082474,11.557177615571776,74,28,46,7.319485657764589,9.688581314878892,6.3711911357340725,2.1486486486486487,2.2857142857142856,2.0652173913043477,1.4774436090225564,1.018957345971564,1.077319587628866,2,2
14,0.3,10.0,0.7,10.0,9,3.0,50,True,True,0.1,0.03,2.0,10.0,43,0.13402889245585875,16.020671834625322,12.223515715948778,78,27,51,7.478427612655801,9.342560553633218,6.763925729442971,2.141025641025641,2.2962962962962963,2.0588235294117645,1.4720720720720721,1.0240384615384615,1.0746268656716418,2,2
14,0.3,10.0,0.7,10.0,9,3.0,50,True,True,0.1,0.03,2.0,10.0,44,0.1348402182385035,16.020671834625322,12.388392857142858,81,27,54,7.534883720930233,9.342560553633218,6.870229007633588,2.1358024691358026,2.2962962962962963,2.0555555555555554,1.4695652173913043,1.0238095238095237,1.0721153846153846,2,2
14,0.3,10.0,0.7,10.0,9,3.0,50,True,True,0.1,0.03,2.0,10.0,45,0.13853141559424678,16.145833333333336,12.913553895410887,85,27,58,7.671480144404332,9.342560553633218,7.0818070818070815,2.152941176470588,2.2962962962962963,2.086206896551724,1.4720812182741116,1.0180995475113122,1.0710900473933649,2,2
14,0.3,10.0,0.7,10.0,9,3.0,50,True,True,0.1,0.03,2.0,10.0,46,0.1426470588235294,16.05263157894737,13.571428571428571,90,27,63,7.860262008733625,9.375,7.351225204200699,2.1555555555555554,2.259259259259259,2.111111111111111,1.466557911908646,1.0176991150442478,1.0694444444444444,2,2
14,0.3,10.0,0.7,10.0,9,3.0,50,True,True,0.1,0.03,2.0,10.0,47,0.145,15.968586387434556,13.948919449901767,94,27,67,7.993197278911565,9.342560553633218,7.5535512965050735,2.1595744680851063,2.259259259259259,2.1194029850746268,1.467817896389325,1.0221238938053097,1.0684931506849316,2,2
14,0.3,10.0,0.7,10.0,9,3.0,50,True,True,0.1,0.03,2.0,10.0,48,0.1449375866851595,15.03957783641161,14.299153339604892,97,25,72,7.990115321252059,8.650519031141869,7.783783783783783,2.154639175257732,2.28,2.111111111111111,1.4623493975903614,1.0220264317180616,1.0669642857142858,2,2
14,0.3,10.0,0.7,10.0,9,3.0,50,True,True,0.1,0.03,2.0,10.0,49,0.14343434343434344,14.588859416445624,14.259927797833935,99,24,75,7.894736842105263,8.304498269896193,7.772020725388601,2.1515151515151514,2.2916666666666665,2.1066666666666665,1.4473304473304474,1.025974025974026,1.065217391304348,2,2
14,0.3,10.0,0.7,10.0,9,3.0,50,True,True,0.1,0.03,2.0,10.0,50,0.14519293655984303,14.588859416445624,14.496527777777779,103,24,79,7.965970610982212,8.304498269896193,7.868525896414343,2.1553398058252426,2.2916666666666665,2.1139240506329116,1.4461538461538461,1.0248962655601659,1.0643776824034334,2,2
15,0.3,10.0,0.7,10.0,9,3.0,50,True,True,0.1,0.03,2.0,10.0,0,0.0,0.0,0.0,0,0,0,0.0,0.0,0.0,0.0,0.0,0.0,1.0,1.0,1.0,0,0
15,0.3,10.0,0.7,10.0,9,3.0,50,True,True,0.1,0.03,2.0,10.0,1,0.02425876010781671,3.061224489795918,0.0,4,4,0,1.092896174863388,1.384083044982699,0.0,2.25,2.25,0.0,1.0526315789473684,1.0,1.0,2,2
15,0.3,10.0,0.7,10.0,9,3.0,50,True,True,0.1,0.03,2.0,10.0,2,0.04450261780104712,5.704697986577181,0.0,8,8,0,2.1447721179624666,2.768166089965398,0.0,2.125,2.125,0.0,1.1005917159763314,1.0,1.0,2,2
15,0.3,10.0,0.7,10.0,9,3.0,50,True,True,0.1,0.03,2.0,10.0,3,0.0737913486005089,9.698996655518394,0.0,14,14,0,3.723404255319149,4.964539007092199,0.0,2.0714285714285716,2.0714285714285716,0.0,1.1890243902439024,1.0,1.0,2,2
15,0.3,10.0,0.7,10.0,9,3.0,50,True,True,0.1,0.03,2.0,10.0,4,0.09158415841584158,11.974110032362459,0.0,17,17,0,4.545454545454546,6.093189964157706,0.0,2.176470588235294,2.176470588235294,0.0,1.294871794871795,1.0,1.0175438596491229,2,2
15,0.3,10.0,0.7,10.0,9,3.0,50,True,True,0.1,0.03,2.0,10.0,5,0.12740384615384615,15.605095541401273,3.9215686274509802,25,23,2,6.738544474393531,8.487084870848708,2.0,2.12,2.130434782608696,2.0,1.4893617021276595,1.0,1.0169491525423728,2,2
15,0.3,10.0,0.7,10.0,9,3.0,50,True,True,0.1,0.03,2.0,10.0,6,0.14485981308411214,18.012422360248447,3.7735849056603774,29,27,2,7.774798927613941,10.037174721189592,1.9230769230769231,2.1379310344827585,2.1481481481481484,2.0,1.6058394160583942,1.0,1.0163934426229508,2,2
15,0.3,10.0,0.7,10.0,9,3.0,50,True,True,0.1,0.03,2.0,10.0,7,0.15,18.787878787878785,3.6363636363636362,31,29,2,8.201058201058201,10.74074074074074,1.8518518518518516,2.129032258064516,2.1379310344827585,2.0,1.6642335766423357,1.0068493150684932,1.015625,2,2
15,0.3,10.0,0.7,10.0,9,3.0,50,True,True,0.1,0.03,2.0,10.0,8,0.15894039735099338,19.526627218934912,5.217391304347826,34,31,3,8.762886597938143,11.231884057971014,2.6785714285714284,2.1176470588235294,2.129032258064516,2.0,1.6928571428571428,1.0067114093959733,1.0153846153846153,2,2
15,0.3,10.0,0.7,10.0,9,3.0,50,True,True,0.1,0.03,2.0,10.0,9,0.15450643776824036,19.298245614035086,4.838709677419355,34,31,3,8.60759493670886,11.231884057971014,2.5210084033613445,2.1176470588235294,2.129032258064516,2.0,1.7253521126760563,1.0066225165562914,1.0298507462686568,2,2
15,0.3,10.0,0.7,10.0,9,3.0,50,True,True,0.1,0.03,2.0,10.0,10,0.16075156576200417,20.22792022792023,4.6875,36,33,3,9.022556390977442,11.913357400722022,2.459016393442623,2.138888888888889,2.1515151515151514,2.0,1.7692307692307692,1.019736842105263,1.0441176470588236,2,2
15,0.3,10.0,0.7,10.0,9,3.0,50,True,True,0.1,0.03,2.0,10.0,11,0.1643002028397566,20.949720670391063,4.444444444444445,38,35,3,9.35960591133005,12.63537906137184,2.3255813953488373,2.1315789473684212,2.142857142857143,2.0,1.8181818181818181,1.0258064516129033,1.0571428571428572,2,2
15,0.3,10.0,0.7,10.0,9,3.0,50,True,True,0.1,0.03,2.0,10.0,12,0.17159763313609466,21.329639889196674,6.8493150684931505,41,36,5,9.85576923076923,12.949640287769784,3.6231884057971016,2.1219512195121952,2.138888888888889,2.0,1.8620689655172413,1.0314465408805031,1.042857142857143,2,2
15,0.3,10.0,0.7,10.0,9,3.0,50,True,True,0.1,0.03,2.0,10.0,13,0.1743295019157088,21.584699453551913,7.6923076923076925,43,37,6,10.070257611241217,13.167259786476867,4.10958904109589,2.116279069767442,2.135135135135135,2.0,1.844155844155844,1.0318471337579618,1.0410958904109588,2,2
15,0.3,10.0,0.7,10.0,9,3.0,50,True,True,0.1,0.03,2.0,10.0,14,0.1787709497206704,21.643835616438356,9.883720930232558,45,37,8,10.416666666666668,13.309352517985612,5.194805194805195,2.1333333333333333,2.135135135135135,2.125,1.9150326797385622,1.04375,1.0405405405405406,2,2
15,0.3,10.0,0.7,10.0,9,3.0,50,True,True,0.1,0.03,2.0,10.0,15,0.17721518987341772,21.293800539083556,10.43956043956044,46,37,9,10.383747178329571,13.120567375886525,5.590062111801243,2.130434782608696,2.135135135135135,2.111111111111111,1.9113924050632911,1.0548780487804879,1.054054054054054,2,2
15,0.3,10.0,0.7,10.0,9,3.0,50,True,True,0.1,0.03,2.0,10.0,16,0.1827768014059754,21.485411140583555,11.979166666666668,49,38,11,10.913140311804009,13.523131672597867,6.547619047619048,2.122448979591837,2.1315789473684212,2.090909090909091,1.975,1.0548780487804879,1.0526315789473684,2,2
15,0.3,10.0,0.7,10.0,9,3.0,50,True,True,0.1,0.03,2.0,10.0,17,0.17747440273037543,21.148825065274153,11.330049261083744,49,38,11,10.675381263616558,13.523131672597867,6.179775280898876,2.122448979591837,2.1315789473684212,2.090909090909091,1.964071856287425,1.0617283950617284,1.0617283950617284,2,2
15,0.3,10.0,0.7,10.0,9,3.0,50,True,True,0.1,0.03,2.0,10.0,18,0.1791044776119403,21.558441558441558,11.46788990825688,51,39,12,10.782241014799155,13.780918727915195,6.315789473684211,2.1176470588235294,2.128205128205128,2.0833333333333335,1.976608187134503,1.0542168674698795,1.0588235294117647,2,2
15,0.3,10.0,0.7,10.0,9,3.0,50,True,True,0.1,0.03,2.0,10.0,19,0.18035426731078905,21.391752577319586,12.446351931330472,53,39,14,10.905349794238683,13.684210526315791,6.965174129353234,2.1132075471698113,2.128205128205128,2.0714285714285716,1.9664804469273742,1.0595238095238095,1.058139534883721,2,2
15,0.3,10.0,0.7,10.0,9,3.0,50,True,True,0.1,0.03,2.0,10.0,20,0.1752738654147105,21.1734693877551,11.740890688259109,53,39,14,10.642570281124499,13.684210526315791,6.572769953051644,2.1132075471698113,2.128205128205128,2.0714285714285716,1.9263157894736842,1.079268292682927,1.054945054945055,2,2
15,0.3,10.0,0.7,10.0,9,3.0,50,True,True,0.1,0.03,2.0,10.0,21,0.17325227963525835,21.303258145363408,11.196911196911197,54,40,14,10.567514677103718,13.986013986013987,6.222222222222222,2.111111111111111,2.125,2.0714285714285716,1.9285714285714286,1.0838323353293413,1.064516129032258,2,2
15,0.3,10.0,0.7,10.0,9,3.0,50,True,True,0.1,0.03,2.0,10.0,22,0.172821270310192,21.03960396039604,11.72161172161172,55,40,15,10.476190476190476,13.937282229965156,6.302521008403361,2.1272727272727274,2.125,2.1333333333333333,1.9019607843137254,1.1,1.0625,2,2
15,0.3,10.0,0.7,10.0,9,3.0,50,True,True,0.1,0.03,2.0,10.0,23,0.15925394548063126,18.96551724137931,11.683848797250858,53,37,16,9.869646182495345,12.89198606271777,6.4,2.0943396226415096,2.081081081081081,2.125,1.892018779342723,1.119047619047619,1.06,2,2
15,0.3,10.0,0.7,10.0,9,3.0,50,True,True,0.1,0.03,2.0,10.0,24,0.15202231520223153,18.06930693069307,11.501597444089457,52,35,17,9.36936936936937,12.237762237762238,6.319702602230483,2.0961538461538463,2.085714285714286,2.1176470588235294,1.8526785714285714,1.103448275862069,1.0576923076923077,2,2
15,0.3,10.0,0.7,10.0,9,3.0,50,True,True,0.1,0.03,2.0,10.0,25,0.14769647696476965,17.804878048780488,10.975609756097562,52,35,17,9.106830122591944,12.152777777777777,6.007067137809187,2.0961538461538463,2.085714285714286,2.1176470588235294,1.8212765957446808,1.1073446327683616,1.0754716981132075,2,2
15,0.3,10.0,0.7,10.0,9,3.0,50,True,True,0.1,0.03,2.0,10.0,26,0.14473684210526316,17.114914425427873,11.396011396011396,53,34,19,9.013605442176871,11.805555555555555,6.333333333333334,2.0754716981132075,2.0588235294117645,2.1052631578947367,1.8140495867768596,1.1081081081081081,1.0841121495327102,2,2
15,0.3,10.0,0.7,10.0,9,3.0,50,True,True,0.1,0.03,2.0,10.0,27,0.1432225063938619,16.50485436893204,11.891891891891893,54,33,21,8.940397350993377,11.458333333333332,6.645569620253164,2.074074074074074,2.0606060606060606,2.0952380952380953,1.7992125984251968,1.1153846153846154,1.079646017699115,2,2
15,0.3,10.0,0.7,10.0,9,3.0,50,True,True,0.1,0.03,2.0,10.0,28,0.14782608695652175,15.571776155717762,13.959390862944163,57,31,26,9.149277688603531,10.76388888888889,7.761194029850746,2.087719298245614,2.064516129032258,2.1153846153846154,1.8122605363984674,1.1063829787234043,1.0782608695652174,2,2
15,0.3,10.0,0.7,10.0,9,3.0,50,True,True,0.1,0.03,2.0,10.0,29,0.1411338962605549,14.66992665036675,13.571428571428571,56,29,27,8.65533230293663,10.034602076124568,7.5418994413407825,2.0892857142857144,2.0689655172413794,2.111111111111111,1.75,1.109375,1.0769230769230769,2,2
15,0.3,10.0,0.7,10.0,9,3.0,50,True,True,0.1,0.03,2.0,10.0,30,0.13833528722157093,14.250614250614252,13.452914798206278,56,28,28,8.358208955223882,9.688581314878892,7.349081364829396,2.107142857142857,2.0714285714285716,2.142857142857143,1.707070707070707,1.1139896373056994,1.0737704918032787,2,2
15,0.3,10.0,0.7,10.0,9,3.0,50,True,True,0.1,0.03,2.0,10.0,31,0.14123006833712984,14.392059553349876,13.894736842105262,59,28,31,8.513708513708513,9.75609756097561,7.635467980295567,2.1016949152542375,2.0714285714285716,2.129032258064516,1.689102564102564,1.1076923076923078,1.0714285714285714,2,2
15,0.3,10.0,0.7,10.0,9,3.0,50,True,True,0.1,0.03,2.0,10.0,32,0.13716814159292035,14.392059553349876,13.17365269461078,59,28,31,8.217270194986073,9.722222222222223,7.209302325581396,2.1016949152542375,2.0714285714285716,2.129032258064516,1.6555891238670695,1.095959595959596,1.0692307692307692,2,2
15,0.3,10.0,0.7,10.0,9,3.0,50,True,True,0.1,0.03,2.0,10.0,33,0.13748657357679914,13.861386138613863,13.66223908918406,61,27,34,8.243243243243244,9.375,7.52212389380531,2.098360655737705,2.074074074074074,2.1176470588235294,1.654970760233918,1.0985221674876848,1.0676691729323309,2,2
15,0.3,10.0,0.7,10.0,9,3.0,50,True,True,0.1,0.03,2.0,10.0,34,0.1315240083507307,13.399503722084367,12.972972972972974,60,26,34,7.83289817232376,9.027777777777777,7.112970711297072,2.1,2.076923076923077,2.1176470588235294,1.6243093922651934,1.0926829268292684,1.0656934306569343,2,2
15,0.3,10.0,0.7,10.0,9,3.0,50,True,True,0.1,0.03,2.0,10.0,35,0.13184584178498987,13.895781637717123,12.69296740994854,62,27,35,7.828282828282829,9.342560553633218,6.958250497017893,2.096774193548387,2.074074074074074,2.1142857142857143,1.5896103896103897,1.099502487562189,1.0625,2,2
15,0.3,10.0,0.7,10.0,9,3.0,50,True,True,0.1,0.03,2.0,10.0,36,0.13201970443349753,13.705583756345177,12.88244766505636,64,26,38,7.814407814407814,9.090909090909092,7.129455909943714,2.09375,2.076923076923077,2.1052631578947367,1.5919395465994963,1.0813397129186604,1.0608108108108107,2,2
15,0.3,10.0,0.7,10.0,9,3.0,50,True,True,0.1,0.03,2.0,10.0,37,0.1320574162679426,13.164556962025317,13.230769230769232,65,25,40,7.68321513002364,8.650519031141869,7.1813285457809695,2.123076923076923,2.08,2.15,1.5717703349282297,1.0821256038647342,1.0580645161290323,2,2
15,0.3,10.0,0.7,10.0,9,3.0,50,True,True,0.1,0.03,2.0,10.0,38,0.13104089219330856,13.076923076923078,13.119533527696792,67,25,42,7.639680729760548,8.680555555555555,7.130730050933787,2.1044776119402986,2.04,2.142857142857143,1.5442176870748299,1.0769230769230769,1.062111801242236,2,2
15,0.3,10.0,0.7,10.0,9,3.0,50,True,True,0.1,0.03,2.0,10.0,39,0.1371841155234657,13.010204081632654,14.106145251396649,71,25,46,7.853982300884955,8.650519031141869,7.479674796747967,2.140845070422535,2.04,2.1956521739130435,1.5504385964912282,1.0669856459330143,1.0595238095238095,2,2
15,0.3,10.0,0.7,10.0,9,3.0,50,True,True,0.1,0.03,2.0,10.0,40,0.13496932515337423,12.628865979381443,13.94422310756972,72,24,48,7.700534759358289,8.362369337979095,7.4074074074074066,2.138888888888889,2.0416666666666665,2.1875,1.5347368421052632,1.0654205607476634,1.0574712643678161,2,2
15,0.3,10.0,0.7,10.0,9,3.0,50,True,True,0.1,0.03,2.0,10.0,41,0.13957446808510637,12.596401028277635,14.631043256997456,75,24,51,7.796257796257796,8.333333333333332,7.566765578635016,2.1866666666666665,2.0416666666666665,2.2549019607843137,1.532258064516129,1.0660377358490567,1.0558659217877095,2,2
15,0.3,10.0,0.7,10.0,9,3.0,50,True,True,0.1,0.03,2.0,10.0,42,0.14049586776859505,12.207792207792208,14.909090909090908,78,23,55,7.8156312625250495,8.013937282229964,7.7355836849507735,2.1794871794871793,2.0434782608695654,2.2363636363636363,1.5163776493256262,1.055299539170507,1.0543478260869565,2,2
15,0.3,10.0,0.7,10.0,9,3.0,50,True,True,0.1,0.03,2.0,10.0,43,0.14285714285714285,12.207792207792208,15.21486643437863,82,23,59,7.976653696498054,7.986111111111111,7.972972972972974,2.1707317073170733,2.0434782608695654,2.2203389830508473,1.5224719101123596,1.048888888888889,1.053475935828877,2,2
15,0.3,10.0,0.7,10.0,9,3.0,50,True,True,0.1,0.03,2.0,10.0,44,0.14185502727981295,12.176165803108809,15.050167224080269,84,23,61,7.902163687676388,7.958477508650519,7.881136950904392,2.1666666666666665,2.0434782608695654,2.2131147540983607,1.5117117117117118,1.0429184549356223,1.0578947368421052,2,2
15,0.3,10.0,0.7,10.0,9,3.0,50,True,True,0.1,0.03,2.0,10.0,45,0.1461014383043149,12.368421052631579,15.5154091392136,89,23,66,8.113035551504103,8.013937282229964,8.148148148148149,2.168539325842697,2.0434782608695654,2.212121212121212,1.513986013986014,1.037037037037037,1.0518134715025906,2,2
15,0.3,10.0,0.7,10.0,9,3.0,50,True,True,0.1,0.03,2.0,10.0,46,0.14779411764705883,12.30366492146597,15.746421267893659,93,23,70,8.230088495575222,7.986111111111111,8.31353919239905,2.161290322580645,2.0434782608695654,2.2,1.5109612141652613,1.0406504065040652,1.0505050505050506,2,2
15,0.3,10.0,0.7,10.0,9,3.0,50,True,True,0.1,0.03,2.0,10.0,47,0.145,11.286089238845145,15.701668302257115,94,21,73,8.041060735671515,7.26643598615917,8.295454545454547,2.1595744680851063,2.0476190476190474,2.191780821917808,1.4951612903225806,1.0395256916996047,1.05,2,2
15,0.3,10.0,0.7,10.0,9,3.0,50,True,True,0.1,0.03,2.0,10.0,48,0.15256588072122051,11.286089238845145,16.682375117813383,102,21,81,8.49292256452956,7.26643598615917,8.881578947368421,2.156862745098039,2.0476190476190474,2.185185185185185,1.5070643642072215,1.0384615384615385,1.0495049504950495,2,2
15,0.3,10.0,0.7,10.0,9,3.0,50,True,True,0.1,0.03,2.0,10.0,49,0.15286195286195287,11.31578947368421,16.651583710407238,105,21,84,8.481421647819062,7.291666666666667,8.842105263157894,2.1619047619047618,2.0476190476190474,2.1904761904761907,1.5,1.0418250950570342,1.0480769230769231,2,2
15,0.3,10.0,0.7,10.0,9,3.0,50,True,True,0.1,0.03,2.0,10.0,50,0.15304120340091562,10.846560846560847,16.76802780191138,108,20,88,8.47723704866562,6.968641114982578,8.915906788247213,2.1666666666666665,2.05,2.1931818181818183,1.4992721979621544,1.0416666666666667,1.0467289719626167,2,2
16,0.3,10.0,0.7,10.0,9,3.0,50,True,True,0.1,0.03,2.0,10.0,0,0.0,0.0,0.0,0,0,0,0.0,0.0,0.0,0.0,0.0,0.0,1.0,1.0,1.0,0,0
16,0.3,10.0,0.7,10.0,9,3.0,50,True,True,0.1,0.03,2.0,10.0,1,0.018867924528301886,2.380952380952381,0.0,2,2,0,0.546448087431694,0.6920415224913495,0.0,3.5,3.5,0.0,1.0391061452513966,1.0,1.0,3,3
16,0.3,10.0,0.7,10.0,9,3.0,50,True,True,0.1,0.03,2.0,10.0,2,0.049738219895287955,6.312292358803987,0.0,7,7,0,1.891891891891892,2.422145328719723,0.0,2.7142857142857144,2.7142857142857144,0.0,1.0965909090909092,1.0163934426229508,1.0,2,2
16,0.3,10.0,0.7,10.0,9,3.0,50,True,True,0.1,0.03,2.0,10.0,3,0.089058524173028,11.513157894736842,0.0,14,14,0,3.783783783783784,4.98220640569395,0.0,2.5,2.5,0.0,1.2095808383233533,1.0172413793103448,1.0,2,2
16,0.3,10.0,0.7,10.0,9,3.0,50,True,True,0.1,0.03,2.0,10.0,4,0.10396039603960396,13.504823151125404,0.0,17,17,0,4.5822102425876015,6.115107913669065,0.0,2.4705882352941178,2.4705882352941178,0.0,1.3,1.025,1.0,2,2
16,0.3,10.0,0.7,10.0,9,3.0,50,True,True,0.1,0.03,2.0,10.0,5,0.13221153846153846,16.25,3.125,21,20,1,5.833333333333333,7.462686567164178,1.0869565217391304,2.619047619047619,2.6,3.0,1.5285714285714285,1.0227272727272727,1.0,2,2
16,0.3,10.0,0.7,10.0,9,3.0,50,True,True,0.1,0.03,2.0,10.0,6,0.15186915887850466,18.902439024390244,3.0,24,23,1,6.64819944598338,8.679245283018867,1.0416666666666665,2.7083333333333335,2.6956521739130435,3.0,1.6444444444444444,1.0305343511450382,1.0,2,2
16,0.3,10.0,0.7,10.0,9,3.0,50,True,True,0.1,0.03,2.0,10.0,7,0.15454545454545454,19.345238095238095,2.8846153846153846,25,24,1,6.887052341597796,9.090909090909092,1.0101010101010102,2.72,2.7083333333333335,3.0,1.736842105263158,1.0307692307692307,1.0,2,2
16,0.3,10.0,0.7,10.0,9,3.0,50,True,True,0.1,0.03,2.0,10.0,8,0.16335540838852097,19.476744186046513,6.422018348623854,27,25,2,7.317073170731707,9.328358208955224,1.9801980198019802,2.740740740740741,2.68,3.5,1.8045112781954886,1.0307692307692307,1.0,2,2
16,0.3,10.0,0.7,10.0,9,3.0,50,True,True,0.1,0.03,2.0,10.0,9,0.2017167381974249,24.507042253521128,6.306306306306306,30,28,2,8.19672131147541,10.646387832699618,1.9417475728155338,3.1333333333333333,3.107142857142857,3.5,2.0080645161290325,1.037593984962406,1.0,2,2
16,0.3,10.0,0.7,10.0,9,3.0,50,True,True,0.1,0.03,2.0,10.0,10,0.21711899791231734,26.358695652173914,6.306306306306306,34,32,2,9.164420485175203,11.940298507462686,1.9417475728155338,3.0588235294117645,3.03125,3.5,2.1333333333333333,1.044776119402985,1.0,2,2
16,0.3,10.0,0.7,10.0,9,3.0,50,True,True,0.1,0.03,2.0,10.0,11,0.19675456389452334,24.06417112299465,5.88235294117647,35,33,2,9.067357512953368,11.956521739130435,1.8181818181818181,2.7714285714285714,2.727272727272727,3.5,2.023076923076923,1.0567375886524824,1.0125,2,2
16,0.3,10.0,0.7,10.0,9,3.0,50,True,True,0.1,0.03,2.0,10.0,12,0.1854043392504931,22.074468085106382,8.396946564885496,36,32,4,9.045226130653267,11.510791366906476,3.3333333333333335,2.611111111111111,2.59375,2.75,1.9927007299270072,1.055944055944056,1.0121951219512195,2,2
16,0.3,10.0,0.7,10.0,9,3.0,50,True,True,0.1,0.03,2.0,10.0,13,0.1896551724137931,22.916666666666664,7.971014492753622,38,34,4,9.313725490196079,12.056737588652481,3.1746031746031744,2.6052631578947367,2.588235294117647,2.75,2.0142857142857142,1.0526315789473684,1.0256410256410255,2,2
16,0.3,10.0,0.7,10.0,9,3.0,50,True,True,0.1,0.03,2.0,10.0,14,0.20297951582867785,24.427480916030532,9.027777777777777,43,38,5,10.46228710462287,13.523131672597867,3.8461538461538463,2.5348837209302326,2.526315789473684,2.6,2.1691176470588234,1.0533333333333332,1.024390243902439,2,2
16,0.3,10.0,0.7,10.0,9,3.0,50,True,True,0.1,0.03,2.0,10.0,15,0.20433996383363473,24.875621890547265,8.609271523178808,45,40,5,10.688836104513063,14.084507042253522,3.64963503649635,2.511111111111111,2.5,2.6,2.1538461538461537,1.0596026490066226,1.0365853658536586,2,2
16,0.3,10.0,0.7,10.0,9,3.0,50,True,True,0.1,0.03,2.0,10.0,16,0.22495606326889278,26.354679802955665,12.883435582822086,51,42,9,11.888111888111888,14.788732394366196,6.206896551724138,2.5098039215686274,2.5476190476190474,2.3333333333333335,2.2624113475177303,1.0666666666666667,1.0344827586206897,2,2
16,0.3,10.0,0.7,10.0,9,3.0,50,True,True,0.1,0.03,2.0,10.0,17,0.22525597269624573,26.715686274509803,12.921348314606742,53,43,10,11.990950226244344,15.19434628975265,6.289308176100629,2.490566037735849,2.5348837209302326,2.3,2.2448979591836733,1.0738255033557047,1.032258064516129,2,2
16,0.3,10.0,0.7,10.0,9,3.0,50,True,True,0.1,0.03,2.0,10.0,18,0.22553897180762852,27.49391727493917,11.979166666666668,55,45,10,12.087912087912088,15.845070422535212,5.847953216374268,2.4727272727272727,2.511111111111111,2.3,2.235294117647059,1.0718954248366013,1.0319148936170213,2,2
16,0.3,10.0,0.7,10.0,9,3.0,50,True,True,0.1,0.03,2.0,10.0,19,0.2222222222222222,27.44630071599045,11.386138613861387,56,46,10,11.991434689507495,16.083916083916083,5.524861878453039,2.4642857142857144,2.5,2.3,2.20625,1.0849673202614378,1.0408163265306123,2,2
16,0.3,10.0,0.7,10.0,9,3.0,50,True,True,0.1,0.03,2.0,10.0,20,0.22535211267605634,27.251184834123222,13.36405529953917,59,46,13,12.31732776617954,15.972222222222221,6.806282722513089,2.440677966101695,2.5,2.230769230769231,2.2048192771084336,1.1045751633986929,1.04,2,2
16,0.3,10.0,0.7,10.0,9,3.0,50,True,True,0.1,0.03,2.0,10.0,21,0.23100303951367782,27.400468384074944,15.151515151515152,63,47,16,12.93634496919918,16.319444444444446,8.040201005025125,2.4126984126984126,2.4893617021276597,2.1875,2.2710843373493974,1.1161290322580646,1.0485436893203883,2,2
16,0.3,10.0,0.7,10.0,9,3.0,50,True,True,0.1,0.03,2.0,10.0,22,0.23485967503692762,27.37819025522042,16.666666666666664,65,46,19,13.026052104208416,15.972222222222221,9.004739336492891,2.4461538461538463,2.5652173913043477,2.1578947368421053,2.3076923076923075,1.1132075471698113,1.0476190476190477,2,2
16,0.3,10.0,0.7,10.0,9,3.0,50,True,True,0.1,0.03,2.0,10.0,23,0.23385939741750358,27.188940092165897,17.110266159695815,66,46,20,12.865497076023392,15.916955017301039,8.928571428571429,2.4696969696969697,2.5652173913043477,2.25,2.289772727272727,1.1097560975609757,1.0467289719626167,2,2
16,0.3,10.0,0.7,10.0,9,3.0,50,True,True,0.1,0.03,2.0,10.0,24,0.23570432357043236,27.25173210161663,17.95774647887324,68,46,22,13.051823416506716,16.02787456445993,9.401709401709402,2.485294117647059,2.5652173913043477,2.3181818181818183,2.3446327683615817,1.119047619047619,1.0555555555555556,2,2
16,0.3,10.0,0.7,10.0,9,3.0,50,True,True,0.1,0.03,2.0,10.0,25,0.24119241192411925,27.06422018348624,19.867549668874172,72,46,26,13.432835820895523,15.916955017301039,10.526315789473683,2.4722222222222223,2.5652173913043477,2.3076923076923075,2.32972972972973,1.1341463414634145,1.0521739130434782,2,2
16,0.3,10.0,0.7,10.0,9,3.0,50,True,True,0.1,0.03,2.0,10.0,26,0.24210526315789474,26.851851851851855,20.73170731707317,75,45,30,13.464991023339318,15.570934256055363,11.194029850746269,2.453333333333333,2.577777777777778,2.2666666666666666,2.2626262626262625,1.1393939393939394,1.0508474576271187,2,2
16,0.3,10.0,0.7,10.0,9,3.0,50,True,True,0.1,0.03,2.0,10.0,27,0.24040920716112532,26.851851851851855,20.57142857142857,77,45,32,13.368055555555555,15.570934256055363,11.149825783972126,2.4415584415584415,2.577777777777778,2.25,2.206730769230769,1.1547619047619047,1.048780487804878,2,2
16,0.3,10.0,0.7,10.0,9,3.0,50,True,True,0.1,0.03,2.0,10.0,28,0.23229813664596274,26.744186046511626,19.2,77,45,32,12.833333333333332,15.570934256055363,10.289389067524116,2.4285714285714284,2.5555555555555554,2.25,2.101321585903084,1.1511627906976745,1.0483870967741935,2,2
16,0.3,10.0,0.7,10.0,9,3.0,50,True,True,0.1,0.03,2.0,10.0,29,0.22677925211097708,25.768321513002363,19.458128078817737,78,43,35,12.479999999999999,14.930555555555555,10.385756676557865,2.41025641025641,2.5348837209302326,2.257142857142857,2.045643153526971,1.1396648044692737,1.0476190476190477,2,2
16,0.3,10.0,0.7,10.0,9,3.0,50,True,True,0.1,0.03,2.0,10.0,30,0.2321219226260258,25.118483412322274,21.34570765661253,83,42,41,12.888198757763975,14.53287197231834,11.549295774647888,2.3855421686746987,2.5238095238095237,2.2439024390243905,2.048,1.1388888888888888,1.0461538461538462,2,2
16,0.3,10.0,0.7,10.0,9,3.0,50,True,True,0.1,0.03,2.0,10.0,31,0.22323462414578588,24.285714285714285,20.52401746724891,83,41,42,12.425149700598801,14.186851211072666,11.081794195250659,2.36144578313253,2.4878048780487805,2.238095238095238,1.981203007518797,1.1467391304347827,1.044776119402985,2,2
16,0.3,10.0,0.7,10.0,9,3.0,50,True,True,0.1,0.03,2.0,10.0,32,0.22123893805309736,22.982885085574573,21.41414141414141,84,38,46,12.138728323699421,13.240418118466899,11.358024691358025,2.380952380952381,2.473684210526316,2.3043478260869565,1.9397163120567376,1.1405405405405404,1.0503597122302157,2,2
16,0.3,10.0,0.7,10.0,9,3.0,50,True,True,0.1,0.03,2.0,10.0,33,0.21697099892588614,21.83622828784119,21.59090909090909,85,35,50,11.871508379888269,12.280701754385964,11.600928074245939,2.376470588235294,2.5142857142857142,2.28,1.890728476821192,1.127659574468085,1.0571428571428572,2,2
16,0.3,10.0,0.7,10.0,9,3.0,50,True,True,0.1,0.03,2.0,10.0,34,0.2139874739039666,22.02970297029703,20.938628158844764,87,36,51,11.725067385444744,12.543554006968641,11.20879120879121,2.3563218390804597,2.4722222222222223,2.2745098039215685,1.8442367601246106,1.125,1.056338028169014,2,2
16,0.3,10.0,0.7,10.0,9,3.0,50,True,True,0.1,0.03,2.0,10.0,35,0.2210953346855984,22.604422604422606,21.761658031088082,93,37,56,12.172774869109947,12.802768166089965,11.789473684210526,2.3440860215053765,2.4864864864864864,2.25,1.8524096385542168,1.1263157894736842,1.0536912751677852,2,2
16,0.3,10.0,0.7,10.0,9,3.0,50,True,True,0.1,0.03,2.0,10.0,36,0.2206896551724138,22.11302211302211,22.039473684210524,96,36,60,12.244897959183673,12.45674740484429,12.121212121212121,2.3333333333333335,2.5,2.2333333333333334,1.8600583090379008,1.131578947368421,1.051948051948052,2,2
16,0.3,10.0,0.7,10.0,9,3.0,50,True,True,0.1,0.03,2.0,10.0,37,0.22009569377990432,21.94513715710723,22.049689440993788,99,35,64,12.177121771217712,12.195121951219512,12.167300380228136,2.323232323232323,2.5142857142857142,2.21875,1.8236914600550964,1.1302083333333333,1.0506329113924051,2,2
16,0.3,10.0,0.7,10.0,9,3.0,50,True,True,0.1,0.03,2.0,10.0,38,0.21654275092936803,21.5,21.745562130177515,100,34,66,11.862396204033216,11.805555555555555,11.891891891891893,2.33,2.5294117647058822,2.227272727272727,1.8,1.109452736318408,1.049689440993789,2,2
16,0.3,10.0,0.7,10.0,9,3.0,50,True,True,0.1,0.03,2.0,10.0,39,0.21299638989169675,21.35678391959799,21.267605633802816,102,34,68,11.697247706422019,11.888111888111888,11.604095563139932,2.3137254901960786,2.5,2.2205882352941178,1.7725,1.0956937799043063,1.0559006211180124,2,2
16,0.3,10.0,0.7,10.0,9,3.0,50,True,True,0.1,0.03,2.0,10.0,40,0.21297107800175286,21.890547263681594,20.974289580514206,105,35,70,11.692650334075724,12.152777777777777,11.475409836065573,2.3142857142857145,2.5142857142857142,2.2142857142857144,1.7681159420289856,1.0981308411214954,1.0545454545454545,2,2
16,0.3,10.0,0.7,10.0,9,3.0,50,True,True,0.1,0.03,2.0,10.0,41,0.2119148936170213,22.0,20.774193548387096,108,35,73,11.612903225806452,12.152777777777777,11.370716510903426,2.3055555555555554,2.5142857142857142,2.2054794520547945,1.7379310344827585,1.1055045871559632,1.0532544378698225,2,2
16,0.3,10.0,0.7,10.0,9,3.0,50,True,True,0.1,0.03,2.0,10.0,42,0.2115702479338843,22.05513784461153,20.71516646115906,111,35,76,11.5625,12.110726643598616,11.326378539493295,2.3063063063063063,2.5142857142857142,2.210526315789474,1.7230769230769232,1.1045454545454545,1.0517241379310345,2,2
16,0.3,10.0,0.7,10.0,9,3.0,50,True,True,0.1,0.03,2.0,10.0,43,0.20786516853932585,21.71717171717172,20.352941176470587,112,34,78,11.278952668680766,11.805555555555555,11.063829787234042,2.3125,2.5294117647058822,2.217948717948718,1.6966527196652719,1.0969162995594715,1.0568181818181819,2,2
16,0.3,10.0,0.7,10.0,9,3.0,50,True,True,0.1,0.03,2.0,10.0,44,0.20810600155884645,21.31979695431472,20.58492688413948,116,33,83,11.306042884990253,11.458333333333332,11.246612466124661,2.3017241379310347,2.5454545454545454,2.2048192771084336,1.6779324055666005,1.0982142857142858,1.0604395604395604,2,2
16,0.3,10.0,0.7,10.0,9,3.0,50,True,True,0.1,0.03,2.0,10.0,45,0.2036336109008327,20.759493670886076,20.19438444924406,117,32,85,11.037735849056604,11.11111111111111,11.010362694300518,2.299145299145299,2.5625,2.2,1.660952380952381,1.0913043478260869,1.0588235294117647,2,2
16,0.3,10.0,0.7,10.0,9,3.0,50,True,True,0.1,0.03,2.0,10.0,46,0.20588235294117646,20.35623409669211,20.682523267838675,122,31,91,11.161939615736504,10.76388888888889,11.304347826086957,2.2950819672131146,2.5806451612903225,2.197802197802198,1.6648250460405156,1.0808510638297872,1.0520833333333333,2,2
16,0.3,10.0,0.7,10.0,9,3.0,50,True,True,0.1,0.03,2.0,10.0,47,0.21071428571428572,19.897959183673468,21.52777777777778,129,30,99,11.476868327402135,10.380622837370241,11.8562874251497,2.2868217054263567,2.6,2.191919191919192,1.6714285714285715,1.0808510638297872,1.0552763819095476,2,2
16,0.3,10.0,0.7,10.0,9,3.0,50,True,True,0.1,0.03,2.0,10.0,48,0.21151178918169208,19.948849104859335,21.59847764034253,134,30,104,11.53184165232358,10.380622837370241,11.912943871706757,2.2761194029850746,2.6,2.1826923076923075,1.6603773584905661,1.0815450643776825,1.052132701421801,2,2
16,0.3,10.0,0.7,10.0,9,3.0,50,True,True,0.1,0.03,2.0,10.0,49,0.2175084175084175,20.155038759689923,22.313296903460838,141,30,111,11.759799833194329,10.380622837370241,12.197802197802197,2.2907801418439715,2.6,2.2072072072072073,1.6600331674958542,1.076271186440678,1.0502283105022832,2,2
16,0.3,10.0,0.7,10.0,9,3.0,50,True,True,0.1,0.03,2.0,10.0,50,0.21648136036625246,20.207253886010363,22.134733158355203,145,30,115,11.712439418416801,10.380622837370241,12.118018967334036,2.282758620689655,2.6,2.2,1.648,1.0871369294605808,1.0486725663716814,2,2
17,0.3,10.0,0.7,10.0,9,3.0,50,True,True,0.1,0.03,2.0,10.0,0,0.0,0.0,0.0,0,0,0,0.0,0.0,0.0,0.0,0.0,0.0,1.0,1.0,1.0,0,0
17,0.3,10.0,0.7,10.0,9,3.0,50,True,True,0.1,0.03,2.0,10.0,1,0.03504043126684636,4.3624161073825505,0.0,4,4,0,1.1049723756906076,1.384083044982699,0.0,3.25,3.25,0.0,1.0742857142857143,1.0,1.0,2,2
17,0.3,10.0,0.7,10.0,9,3.0,50,True,True,0.1,0.03,2.0,10.0,2,0.07329842931937172,9.120521172638437,0.0,10,10,0,2.7472527472527473,3.4602076124567476,0.0,2.8,2.8,0.0,1.1666666666666667,1.0,1.0,2,2
17,0.3,10.0,0.7,10.0,9,3.0,50,True,True,0.1,0.03,2.0,10.0,3,0.09669211195928754,12.5,0.0,15,15,0,4.054054054054054,5.338078291814947,0.0,2.533333333333333,2.533333333333333,0.0,1.216867469879518,1.0169491525423728,1.0,2,2
17,0.3,10.0,0.7,10.0,9,3.0,50,True,True,0.1,0.03,2.0,10.0,4,0.12623762376237624,16.346153846153847,0.0,19,19,0,5.205479452054795,6.95970695970696,0.0,2.6842105263157894,2.6842105263157894,0.0,1.358974358974359,1.017094017094017,1.0,2,2
17,0.3,10.0,0.7,10.0,9,3.0,50,True,True,0.1,0.03,2.0,10.0,5,0.14903846153846154,18.867924528301888,2.0408163265306123,23,22,1,6.301369863013699,8.208955223880597,1.0309278350515463,2.6956521739130435,2.727272727272727,2.0,1.4931506849315068,1.0245901639344261,1.0,2,2
17,0.3,10.0,0.7,10.0,9,3.0,50,True,True,0.1,0.03,2.0,10.0,6,0.14719626168224298,18.484848484848484,2.0408163265306123,23,22,1,6.25,8.118081180811808,1.0309278350515463,2.739130434782609,2.772727272727273,2.0,1.5486111111111112,1.0403225806451613,1.0,2,2
17,0.3,10.0,0.7,10.0,9,3.0,50,True,True,0.1,0.03,2.0,10.0,7,0.16363636363636364,20.77151335311573,1.9417475728155338,25,24,1,6.756756756756757,8.955223880597014,0.9803921568627451,2.88,2.9166666666666665,2.0,1.6521739130434783,1.0390625,1.0128205128205128,2,2
17,0.3,10.0,0.7,10.0,9,3.0,50,True,True,0.1,0.03,2.0,10.0,8,0.16997792494481237,21.09826589595376,3.7383177570093453,28,26,2,7.4074074074074066,9.523809523809524,1.9047619047619049,2.75,2.8076923076923075,2.0,1.7028985507246377,1.0381679389312977,1.0123456790123457,2,2
17,0.3,10.0,0.7,10.0,9,3.0,50,True,True,0.1,0.03,2.0,10.0,9,0.18669527896995708,23.44632768361582,3.571428571428571,31,29,2,8.072916666666668,10.583941605839415,1.8181818181818181,2.806451612903226,2.8620689655172415,2.0,1.7941176470588236,1.0294117647058822,1.0123456790123457,2,2
17,0.3,10.0,0.7,10.0,9,3.0,50,True,True,0.1,0.03,2.0,10.0,10,0.18580375782881003,23.415977961432507,3.4482758620689653,32,30,2,8.24742268041237,10.909090909090908,1.7699115044247788,2.78125,2.8333333333333335,2.0,1.826086956521739,1.0526315789473684,1.0235294117647058,2,2
17,0.3,10.0,0.7,10.0,9,3.0,50,True,True,0.1,0.03,2.0,10.0,11,0.1926977687626775,24.462365591397848,3.3057851239669422,34,32,2,8.60759493670886,11.510791366906476,1.7094017094017095,2.7941176470588234,2.84375,2.0,1.9057971014492754,1.036764705882353,1.0229885057471264,2,2
17,0.3,10.0,0.7,10.0,9,3.0,50,True,True,0.1,0.03,2.0,10.0,12,0.1932938856015779,24.671916010498688,3.1746031746031744,35,33,2,8.706467661691542,11.785714285714285,1.639344262295082,2.8,2.8484848484848486,2.0,1.9432624113475176,1.037313432835821,1.0217391304347827,2,2
17,0.3,10.0,0.7,10.0,9,3.0,50,True,True,0.1,0.03,2.0,10.0,13,0.18773946360153257,24.22680412371134,2.9850746268656714,35,33,2,8.536585365853659,11.785714285714285,1.5384615384615385,2.8,2.8484848484848486,2.0,1.965034965034965,1.0507246376811594,1.0212765957446808,2,2
17,0.3,10.0,0.7,10.0,9,3.0,50,True,True,0.1,0.03,2.0,10.0,14,0.19366852886405958,24.615384615384617,5.442176870748299,38,34,4,9.026128266033254,12.099644128113878,2.857142857142857,2.736842105263158,2.823529411764706,2.0,1.9726027397260273,1.0551724137931036,1.0434782608695652,2,2
17,0.3,10.0,0.7,10.0,9,3.0,50,True,True,0.1,0.03,2.0,10.0,15,0.2115732368896926,26.31578947368421,7.792207792207792,44,38,6,10.304449648711945,13.47517730496454,4.137931034482759,2.659090909090909,2.763157894736842,2.0,2.1056338028169015,1.0625,1.041237113402062,2,2
17,0.3,10.0,0.7,10.0,9,3.0,50,True,True,0.1,0.03,2.0,10.0,16,0.2126537785588752,26.302729528535977,9.036144578313253,45,38,7,10.273972602739725,13.380281690140844,4.545454545454546,2.688888888888889,2.789473684210526,2.142857142857143,2.108843537414966,1.0680272108843538,1.0408163265306123,2,2
17,0.3,10.0,0.7,10.0,9,3.0,50,True,True,0.1,0.03,2.0,10.0,17,0.2235494880546075,27.450980392156865,10.674157303370785,50,41,9,11.160714285714286,14.385964912280702,5.521472392638037,2.62,2.731707317073171,2.111111111111111,2.161073825503356,1.0738255033557047,1.04,2,2
17,0.3,10.0,0.7,10.0,9,3.0,50,True,True,0.1,0.03,2.0,10.0,18,0.22388059701492538,27.31707317073171,11.917098445595855,52,41,11,11.328976034858387,14.43661971830986,6.2857142857142865,2.5961538461538463,2.731707317073171,2.090909090909091,2.1842105263157894,1.0714285714285714,1.0495049504950495,2,2
17,0.3,10.0,0.7,10.0,9,3.0,50,True,True,0.1,0.03,2.0,10.0,19,0.22383252818035426,27.053140096618357,13.043478260869565,54,41,13,11.538461538461538,14.43661971830986,7.065217391304348,2.574074074074074,2.731707317073171,2.076923076923077,2.2115384615384617,1.077922077922078,1.0576923076923077,2,2
17,0.3,10.0,0.7,10.0,9,3.0,50,True,True,0.1,0.03,2.0,10.0,20,0.22535211267605634,26.923076923076923,14.349775784753364,56,41,15,11.642411642411643,14.385964912280702,7.653061224489796,2.5714285714285716,2.731707317073171,2.1333333333333333,2.2098765432098766,1.0774193548387097,1.0555555555555556,2,2
17,0.3,10.0,0.7,10.0,9,3.0,50,True,True,0.1,0.03,2.0,10.0,21,0.22948328267477203,26.88679245283019,15.81196581196581,59,42,17,12.065439672801636,14.634146341463413,8.415841584158416,2.559322033898305,2.7142857142857144,2.176470588235294,2.276073619631902,1.089171974522293,1.0545454545454545,2,2
17,0.3,10.0,0.7,10.0,9,3.0,50,True,True,0.1,0.03,2.0,10.0,22,0.22895125553914328,27.634660421545664,14.799999999999999,60,43,17,12.048192771084338,14.982578397212542,8.056872037914692,2.5833333333333335,2.744186046511628,2.176470588235294,2.305389221556886,1.1111111111111112,1.0517241379310345,2,2
17,0.3,10.0,0.7,10.0,9,3.0,50,True,True,0.1,0.03,2.0,10.0,23,0.22525107604017217,27.77777777777778,13.962264150943396,61,44,17,11.9140625,15.22491349480969,7.623318385650224,2.5737704918032787,2.727272727272727,2.176470588235294,2.2758620689655173,1.1132075471698113,1.0508474576271187,2,2
17,0.3,10.0,0.7,10.0,9,3.0,50,True,True,0.1,0.03,2.0,10.0,24,0.21478382147838215,26.056338028169012,14.776632302405499,61,41,20,11.553030303030303,14.335664335664337,8.264462809917356,2.5245901639344264,2.707317073170732,2.15,2.261111111111111,1.108433734939759,1.05,2,2
17,0.3,10.0,0.7,10.0,9,3.0,50,True,True,0.1,0.03,2.0,10.0,25,0.21951219512195122,26.27906976744186,15.909090909090908,66,43,23,12.132352941176471,14.930555555555555,8.984375,2.4545454545454546,2.627906976744186,2.130434782608696,2.2580645161290325,1.1242603550295858,1.0491803278688525,2,2
17,0.3,10.0,0.7,10.0,9,3.0,50,True,True,0.1,0.03,2.0,10.0,26,0.21842105263157896,26.096997690531175,16.207951070336392,68,43,25,12.164579606440071,14.930555555555555,9.22509225092251,2.4411764705882355,2.627906976744186,2.12,2.252577319587629,1.1104651162790697,1.056,2,2
17,0.3,10.0,0.7,10.0,9,3.0,50,True,True,0.1,0.03,2.0,10.0,27,0.21611253196930946,25.517241379310345,16.714697406340058,69,42,27,11.979166666666668,14.53287197231834,9.40766550522648,2.449275362318841,2.642857142857143,2.1481481481481484,2.231527093596059,1.1079545454545454,1.0551181102362204,2,2
17,0.3,10.0,0.7,10.0,9,3.0,50,True,True,0.1,0.03,2.0,10.0,28,0.21366459627329193,24.53271028037383,17.771883289124666,70,40,30,11.74496644295302,13.88888888888889,9.740259740259742,2.4571428571428573,2.625,2.2333333333333334,2.172093023255814,1.1193181818181819,1.0601503759398496,2,2
17,0.3,10.0,0.7,10.0,9,3.0,50,True,True,0.1,0.03,2.0,10.0,29,0.2195416164053076,25.0,18.703241895261847,74,41,33,12.111292962356792,14.23611111111111,10.21671826625387,2.4594594594594597,2.6097560975609757,2.272727272727273,2.1555555555555554,1.1363636363636365,1.0588235294117647,2,2
17,0.3,10.0,0.7,10.0,9,3.0,50,True,True,0.1,0.03,2.0,10.0,30,0.21336459554513482,25.05854800936768,17.6056338028169,74,41,33,11.727416798732172,14.23611111111111,9.620991253644315,2.4594594594594597,2.6097560975609757,2.272727272727273,2.109704641350211,1.1404494382022472,1.056338028169014,2,2
17,0.3,10.0,0.7,10.0,9,3.0,50,True,True,0.1,0.03,2.0,10.0,31,0.214123006833713,24.407582938388625,18.640350877192983,76,39,37,11.603053435114504,13.541666666666666,10.08174386920981,2.473684210526316,2.641025641025641,2.2972972972972974,2.0806451612903225,1.1366120218579234,1.0547945205479452,2,2
17,0.3,10.0,0.7,10.0,9,3.0,50,True,True,0.1,0.03,2.0,10.0,32,0.2157079646017699,23.741007194244602,19.71252566735113,79,37,42,11.703703703703704,12.89198606271777,10.824742268041238,2.4683544303797467,2.675675675675676,2.2857142857142856,2.049808429118774,1.1467391304347827,1.0533333333333332,2,2
17,0.3,10.0,0.7,10.0,9,3.0,50,True,True,0.1,0.03,2.0,10.0,33,0.21374865735767992,23.741007194244602,19.45525291828794,81,37,44,11.538461538461538,12.847222222222221,10.628019323671497,2.45679012345679,2.675675675675676,2.272727272727273,1.9892857142857143,1.135135135135135,1.0512820512820513,2,2
17,0.3,10.0,0.7,10.0,9,3.0,50,True,True,0.1,0.03,2.0,10.0,34,0.20876826722338204,22.596153846153847,19.557195571955717,82,35,47,11.279229711141678,12.110726643598616,10.730593607305936,2.4390243902439024,2.6857142857142855,2.25531914893617,1.9364548494983278,1.1451612903225807,1.0506329113924051,2,2
17,0.3,10.0,0.7,10.0,9,3.0,50,True,True,0.1,0.03,2.0,10.0,35,0.21095334685598377,22.27602905569007,20.24432809773124,86,34,52,11.481975967957277,11.805555555555555,11.279826464208242,2.4186046511627906,2.7058823529411766,2.230769230769231,1.9082278481012658,1.1513513513513514,1.0559006211180124,2,2
17,0.3,10.0,0.7,10.0,9,3.0,50,True,True,0.1,0.03,2.0,10.0,36,0.21182266009852216,21.654501216545015,20.86092715231788,90,33,57,11.658031088082902,11.458333333333332,11.776859504132231,2.388888888888889,2.696969696969697,2.210526315789474,1.8855421686746987,1.1630434782608696,1.0542168674698795,2,2
17,0.3,10.0,0.7,10.0,9,3.0,50,True,True,0.1,0.03,2.0,10.0,37,0.20191387559808613,21.271393643031786,19.49685534591195,88,32,56,10.93167701863354,11.072664359861593,10.852713178294573,2.397727272727273,2.71875,2.2142857142857144,1.8376068376068375,1.145077720207254,1.0529411764705883,2,2
17,0.3,10.0,0.7,10.0,9,3.0,50,True,True,0.1,0.03,2.0,10.0,38,0.2016728624535316,20.935960591133004,19.701492537313435,90,31,59,10.79136690647482,10.726643598615917,10.825688073394495,2.411111111111111,2.7419354838709675,2.23728813559322,1.8201634877384196,1.115,1.0511363636363635,2,2
17,0.3,10.0,0.7,10.0,9,3.0,50,True,True,0.1,0.03,2.0,10.0,39,0.19855595667870035,20.74074074074074,19.34566145092461,92,31,61,10.660486674391658,10.726643598615917,10.627177700348431,2.391304347826087,2.7096774193548385,2.2295081967213113,1.7820512820512822,1.115,1.0497237569060773,2,2
17,0.3,10.0,0.7,10.0,9,3.0,50,True,True,0.1,0.03,2.0,10.0,40,0.1971954425942156,20.689655172413794,19.183673469387756,94,31,63,10.573678290213723,10.726643598615917,10.5,2.393617021276596,2.7096774193548385,2.238095238095238,1.765281173594132,1.1182266009852218,1.0491803278688525,2,2
17,0.3,10.0,0.7,10.0,9,3.0,50,True,True,0.1,0.03,2.0,10.0,41,0.20085106382978724,20.0,20.12987012987013,99,30,69,10.807860262008735,10.380622837370241,11.004784688995215,2.3838383838383836,2.7,2.246376811594203,1.7605633802816902,1.1268292682926828,1.0486486486486486,2,2
17,0.3,10.0,0.7,10.0,9,3.0,50,True,True,0.1,0.03,2.0,10.0,42,0.19917355371900827,19.35483870967742,20.19826517967782,103,29,74,10.842105263157894,10.034602076124568,11.195158850226928,2.3398058252427183,2.689655172413793,2.2027027027027026,1.7366071428571428,1.1256038647342994,1.0473684210526315,2,2
17,0.3,10.0,0.7,10.0,9,3.0,50,True,True,0.1,0.03,2.0,10.0,43,0.19743178170144463,18.858560794044664,20.166073546856463,105,28,77,10.692464358452138,9.688581314878892,11.11111111111111,2.342857142857143,2.7142857142857144,2.207792207792208,1.721627408993576,1.113744075829384,1.0454545454545454,2,2
17,0.3,10.0,0.7,10.0,9,3.0,50,True,True,0.1,0.03,2.0,10.0,44,0.19485580670303976,18.407960199004975,19.977298524404084,107,27,80,10.500490677134446,9.342560553633218,10.95890410958904,2.336448598130841,2.740740740740741,2.2,1.6971544715447155,1.0938967136150235,1.048780487804878,2,2
17,0.3,10.0,0.7,10.0,9,3.0,50,True,True,0.1,0.03,2.0,10.0,45,0.19379258137774413,17.543859649122805,20.17353579175705,111,26,85,10.541310541310542,8.996539792387544,11.12565445026178,2.3063063063063063,2.6923076923076925,2.1882352941176473,1.6854368932038835,1.0794392523364487,1.0471698113207548,2,2
17,0.3,10.0,0.7,10.0,9,3.0,50,True,True,0.1,0.03,2.0,10.0,46,0.20147058823529412,17.587939698492463,21.205821205821206,117,26,91,10.833333333333334,8.996539792387544,11.504424778761061,2.341880341880342,2.6923076923076925,2.241758241758242,1.6962264150943396,1.0825688073394495,1.0465116279069768,2,2
17,0.3,10.0,0.7,10.0,9,3.0,50,True,True,0.1,0.03,2.0,10.0,47,0.20285714285714285,17.435897435897434,21.386138613861387,122,25,97,10.931899641577061,8.710801393728223,11.700844390832328,2.3278688524590163,2.72,2.2268041237113403,1.6878402903811252,1.085972850678733,1.0502283105022832,2,2
17,0.3,10.0,0.7,10.0,9,3.0,50,True,True,0.1,0.03,2.0,10.0,48,0.2087378640776699,17.346938775510203,22.19047619047619,129,25,104,11.246730601569311,8.650519031141869,12.121212121212121,2.3333333333333335,2.72,2.2403846153846154,1.702127659574468,1.079295154185022,1.0486725663716814,2,2
17,0.3,10.0,0.7,10.0,9,3.0,50,True,True,0.1,0.03,2.0,10.0,49,0.2053872053872054,17.21518987341772,21.743119266055047,131,25,106,11.054852320675106,8.650519031141869,11.830357142857142,2.3282442748091605,2.72,2.2358490566037736,1.6795952782462058,1.0782608695652174,1.0478260869565217,2,2
17,0.3,10.0,0.7,10.0,9,3.0,50,True,True,0.1,0.03,2.0,10.0,50,0.2066710268149117,16.83673469387755,21.98768689533861,136,24,112,11.10204081632653,8.333333333333332,11.953041622198505,2.323529411764706,2.75,2.232142857142857,1.6753670473083198,1.0669456066945606,1.0466101694915255,2,2
18,0.3,10.0,0.7,10.0,9,3.0,50,True,True,0.1,0.03,2.0,10.0,0,0.0,0.0,0.0,0,0,0,0.0,0.0,0.0,0.0,0.0,0.0,1.0,1.0,1.0,0,0
18,0.3,10.0,0.7,10.0,9,3.0,50,True,True,0.1,0.03,2.0,10.0,1,0.02425876010781671,3.061224489795918,0.0,4,4,0,1.092896174863388,1.384083044982699,0.0,2.25,2.25,0.0,1.0491803278688525,1.0,1.0,2,2
18,0.3,10.0,0.7,10.0,9,3.0,50,True,True,0.1,0.03,2.0,10.0,2,0.05235602094240838,6.666666666666667,0.0,9,9,0,2.4258760107816713,3.1141868512110724,0.0,2.2222222222222223,2.2222222222222223,0.0,1.111731843575419,1.0,1.0,2,2
18,0.3,10.0,0.7,10.0,9,3.0,50,True,True,0.1,0.03,2.0,10.0,3,0.07124681933842239,8.609271523178808,2.197802197802198,13,12,1,3.4482758620689653,4.181184668989547,1.1111111111111112,2.1538461538461537,2.1666666666666665,2.0,1.1657142857142857,1.0,1.0,2,2
18,0.3,10.0,0.7,10.0,9,3.0,50,True,True,0.1,0.03,2.0,10.0,4,0.09653465346534654,11.400651465798045,4.123711340206185,18,16,2,4.724409448818897,5.594405594405594,2.1052631578947367,2.1666666666666665,2.1875,2.0,1.244047619047619,1.0,1.0,2,2
18,0.3,10.0,0.7,10.0,9,3.0,50,True,True,0.1,0.03,2.0,10.0,5,0.10817307692307693,12.62135922330097,5.607476635514018,21,18,3,5.49738219895288,6.474820143884892,2.8846153846153846,2.142857142857143,2.1666666666666665,2.0,1.3478260869565217,1.0,1.0,2,2
18,0.3,10.0,0.7,10.0,9,3.0,50,True,True,0.1,0.03,2.0,10.0,6,0.13551401869158877,15.92356687898089,7.017543859649122,26,22,4,6.933333333333333,8.30188679245283,3.6363636363636362,2.230769230769231,2.272727272727273,2.0,1.5374149659863945,1.0,1.0,2,2
18,0.3,10.0,0.7,10.0,9,3.0,50,True,True,0.1,0.03,2.0,10.0,7,0.13636363636363635,16.1993769470405,6.722689075630252,27,23,4,7.068062827225131,8.614232209737828,3.4782608695652173,2.2222222222222223,2.260869565217391,2.0,1.5782312925170068,1.0,1.0,2,2
18,0.3,10.0,0.7,10.0,9,3.0,50,True,True,0.1,0.03,2.0,10.0,8,0.1434878587196468,17.272727272727273,6.504065040650407,29,25,4,7.512953367875648,9.328358208955224,3.389830508474576,2.2413793103448274,2.28,2.0,1.6575342465753424,1.0075187969924813,1.0,2,2
18,0.3,10.0,0.7,10.0,9,3.0,50,True,True,0.1,0.03,2.0,10.0,9,0.14377682403433475,17.404129793510325,6.299212598425196,30,26,4,7.653061224489796,9.62962962962963,3.278688524590164,2.2333333333333334,2.269230769230769,2.0,1.7054794520547945,1.0071428571428571,1.0,2,2
18,0.3,10.0,0.7,10.0,9,3.0,50,True,True,0.1,0.03,2.0,10.0,10,0.13987473903966596,16.9054441260745,6.153846153846154,30,26,4,7.59493670886076,9.59409594095941,3.225806451612903,2.2333333333333334,2.269230769230769,2.0,1.7619047619047619,1.0144927536231885,1.0,2,2
18,0.3,10.0,0.7,10.0,9,3.0,50,True,True,0.1,0.03,2.0,10.0,11,0.15010141987829614,18.435754189944134,5.9259259259259265,33,29,4,8.208955223880597,10.622710622710622,3.10077519379845,2.242424242424242,2.2758620689655173,2.0,1.8287671232876712,1.0212765957446808,1.0,2,2
18,0.3,10.0,0.7,10.0,9,3.0,50,True,True,0.1,0.03,2.0,10.0,12,0.15581854043392504,19.293478260869566,5.755395683453238,35,31,4,8.5995085995086,11.313868613138686,3.007518796992481,2.257142857142857,2.2903225806451615,2.0,1.8972602739726028,1.0211267605633803,1.0119047619047619,2,2
18,0.3,10.0,0.7,10.0,9,3.0,50,True,True,0.1,0.03,2.0,10.0,13,0.15517241379310345,20.053475935828878,4.054054054054054,36,33,3,8.591885441527445,11.956521739130435,2.097902097902098,2.25,2.272727272727273,2.0,1.9256756756756757,1.0202702702702702,1.011764705882353,2,2
18,0.3,10.0,0.7,10.0,9,3.0,50,True,True,0.1,0.03,2.0,10.0,14,0.15456238361266295,20.37037037037037,3.7735849056603774,37,34,3,8.644859813084112,12.318840579710146,1.9736842105263157,2.2432432432432434,2.264705882352941,2.0,1.922077922077922,1.0268456375838926,1.0114942528735633,2,2
18,0.3,10.0,0.7,10.0,9,3.0,50,True,True,0.1,0.03,2.0,10.0,15,0.15732368896925858,20.984455958549223,3.592814371257485,39,36,3,8.924485125858125,12.949640287769784,1.8867924528301887,2.230769230769231,2.25,2.0,1.967741935483871,1.0258064516129033,1.0113636363636365,2,2
18,0.3,10.0,0.7,10.0,9,3.0,50,True,True,0.1,0.03,2.0,10.0,16,0.15289982425307558,20.716112531969312,3.3707865168539324,39,36,3,8.74439461883408,12.903225806451612,1.7964071856287425,2.230769230769231,2.25,2.0,1.968944099378882,1.0254777070063694,1.0224719101123596,2,2
18,0.3,10.0,0.7,10.0,9,3.0,50,True,True,0.1,0.03,2.0,10.0,17,0.1552901023890785,21.303258145363408,3.2085561497326207,41,38,3,9.030837004405285,13.620071684587815,1.7142857142857144,2.2195121951219514,2.236842105263158,2.0,2.018292682926829,1.0254777070063694,1.032967032967033,2,2
18,0.3,10.0,0.7,10.0,9,3.0,50,True,True,0.1,0.03,2.0,10.0,18,0.15754560530679934,21.03960396039604,5.025125628140704,43,38,5,9.287257019438446,13.66906474820144,2.7027027027027026,2.2093023255813953,2.236842105263158,2.0,2.0414201183431953,1.0256410256410255,1.0315789473684212,2,2
18,0.3,10.0,0.7,10.0,9,3.0,50,True,True,0.1,0.03,2.0,10.0,19,0.1723027375201288,22.682926829268293,6.6350710900473935,49,42,7,10.294117647058822,14.94661921708185,3.5897435897435894,2.183673469387755,2.2142857142857144,2.0,2.0697674418604652,1.0440251572327044,1.03125,2,2
18,0.3,10.0,0.7,10.0,9,3.0,50,True,True,0.1,0.03,2.0,10.0,20,0.17214397496087636,22.62773722627737,7.456140350877193,50,42,8,10.204081632653061,14.893617021276595,3.8461538461538463,2.2,2.2142857142857144,2.125,2.0502793296089385,1.062111801242236,1.030612244897959,2,2
18,0.3,10.0,0.7,10.0,9,3.0,50,True,True,0.1,0.03,2.0,10.0,21,0.17477203647416414,22.11302211302211,9.9601593625498,53,41,12,10.474308300395258,14.487632508833922,5.381165919282512,2.169811320754717,2.1951219512195124,2.0833333333333335,2.037433155080214,1.0479041916167664,1.0303030303030303,2,2
18,0.3,10.0,0.7,10.0,9,3.0,50,True,True,0.1,0.03,2.0,10.0,22,0.17872968980797638,22.71604938271605,10.661764705882353,56,42,14,10.748560460652591,14.893617021276595,5.857740585774058,2.1607142857142856,2.1904761904761907,2.0714285714285716,2.010152284263959,1.0598802395209581,1.0297029702970297,2,2
18,0.3,10.0,0.7,10.0,9,3.0,50,True,True,0.1,0.03,2.0,10.0,23,0.17647058823529413,22.493887530562347,10.76388888888889,57,42,15,10.634328358208956,14.736842105263156,5.9760956175298805,2.1578947368421053,2.1904761904761907,2.066666666666667,1.9855769230769231,1.0666666666666667,1.0285714285714285,2,2
18,0.3,10.0,0.7,10.0,9,3.0,50,True,True,0.1,0.03,2.0,10.0,24,0.17433751743375175,22.00488997555012,11.363636363636363,58,41,17,10.431654676258994,14.285714285714285,6.319702602230483,2.1551724137931036,2.1951219512195124,2.0588235294117645,1.9230769230769231,1.069364161849711,1.0288461538461537,2,2
18,0.3,10.0,0.7,10.0,9,3.0,50,True,True,0.1,0.03,2.0,10.0,25,0.16937669376693767,21.515892420537895,11.246200607902736,58,40,18,10.08695652173913,13.88888888888889,6.2717770034843205,2.1551724137931036,2.2,2.0555555555555554,1.9,1.0681818181818181,1.0272727272727273,2,2
18,0.3,10.0,0.7,10.0,9,3.0,50,True,True,0.1,0.03,2.0,10.0,26,0.17894736842105263,22.493887530562347,12.535612535612536,63,42,21,10.641891891891891,14.583333333333334,6.907894736842106,2.1587301587301586,2.1904761904761907,2.0952380952380953,1.911764705882353,1.0611111111111111,1.027027027027027,2,2
18,0.3,10.0,0.7,10.0,9,3.0,50,True,True,0.1,0.03,2.0,10.0,27,0.1815856777493606,22.815533980582526,12.972972972972974,65,42,23,10.70840197693575,14.53287197231834,7.232704402515723,2.1846153846153844,2.238095238095238,2.0869565217391304,1.9146341463414633,1.0666666666666667,1.0347826086956522,2,2
18,0.3,10.0,0.7,10.0,9,3.0,50,True,True,0.1,0.03,2.0,10.0,28,0.1813664596273292,22.926829268292686,13.164556962025317,67,42,25,10.685805422647528,14.53287197231834,7.396449704142012,2.1791044776119404,2.238095238095238,2.08,1.8631178707224334,1.0786516853932584,1.0336134453781514,2,2
18,0.3,10.0,0.7,10.0,9,3.0,50,True,True,0.1,0.03,2.0,10.0,29,0.18094089264173704,22.604422604422606,13.744075829383887,69,41,28,10.599078341013826,14.23611111111111,7.7134986225895315,2.1739130434782608,2.2439024390243905,2.0714285714285716,1.8339350180505416,1.0718232044198894,1.032520325203252,2,2
18,0.3,10.0,0.7,10.0,9,3.0,50,True,True,0.1,0.03,2.0,10.0,30,0.17936694021101993,21.867321867321866,14.349775784753364,71,40,31,10.597014925373134,13.88888888888889,8.115183246073299,2.1549295774647885,2.225,2.064516129032258,1.8251748251748252,1.0777777777777777,1.0300751879699248,2,2
18,0.3,10.0,0.7,10.0,9,3.0,50,True,True,0.1,0.03,2.0,10.0,31,0.18109339407744876,21.921182266009854,14.83050847457627,74,40,34,10.787172011661808,13.937282229965156,8.521303258145362,2.1486486486486487,2.225,2.0588235294117645,1.8551724137931034,1.0815217391304348,1.036764705882353,2,2
18,0.3,10.0,0.7,10.0,9,3.0,50,True,True,0.1,0.03,2.0,10.0,32,0.17588495575221239,22.02970297029703,14.000000000000002,74,40,34,10.393258426966293,13.84083044982699,8.037825059101655,2.1486486486486487,2.225,2.0588235294117645,1.8013029315960911,1.078125,1.0359712230215827,2,2
18,0.3,10.0,0.7,10.0,9,3.0,50,True,True,0.1,0.03,2.0,10.0,33,0.17508055853920515,21.641791044776117,14.366729678638942,76,39,37,10.312075983717776,13.494809688581316,8.258928571428571,2.1447368421052633,2.230769230769231,2.054054054054054,1.7777777777777777,1.0721649484536082,1.0352112676056338,2,2
18,0.3,10.0,0.7,10.0,9,3.0,50,True,True,0.1,0.03,2.0,10.0,34,0.1722338204592902,20.595533498759306,14.774774774774773,77,37,40,10.144927536231885,12.802768166089965,8.51063829787234,2.142857142857143,2.2432432432432434,2.05,1.7738095238095237,1.0659898477157361,1.034013605442177,2,2
18,0.3,10.0,0.7,10.0,9,3.0,50,True,True,0.1,0.03,2.0,10.0,35,0.17139959432048682,20.75,14.675767918088736,79,37,42,10.05089058524173,12.802768166089965,8.450704225352112,2.1392405063291138,2.2432432432432434,2.0476190476190474,1.729050279329609,1.066326530612245,1.0326797385620916,2,2
18,0.3,10.0,0.7,10.0,9,3.0,50,True,True,0.1,0.03,2.0,10.0,36,0.16453201970443349,20.10178117048346,14.14790996784566,78,35,43,9.547123623011016,12.237762237762238,8.097928436911488,2.141025641025641,2.257142857142857,2.046511627906977,1.687002652519894,1.0631067961165048,1.032258064516129,2,2
18,0.3,10.0,0.7,10.0,9,3.0,50,True,True,0.1,0.03,2.0,10.0,37,0.16937799043062202,19.899244332493705,15.123456790123457,81,35,46,9.65435041716329,12.110726643598616,8.363636363636363,2.185185185185185,2.257142857142857,2.130434782608696,1.686375321336761,1.0710900473933649,1.0316455696202531,2,2
18,0.3,10.0,0.7,10.0,9,3.0,50,True,True,0.1,0.03,2.0,10.0,38,0.1654275092936803,19.796954314720814,14.66275659824047,82,35,47,9.414466130884042,12.152777777777777,8.061749571183533,2.1707317073170733,2.2285714285714286,2.127659574468085,1.6416464891041163,1.0740740740740742,1.0375,2,2
18,0.3,10.0,0.7,10.0,9,3.0,50,True,True,0.1,0.03,2.0,10.0,39,0.1588447653429603,18.829516539440203,14.265734265734265,81,33,48,9.010011123470523,11.498257839721255,7.8431372549019605,2.1728395061728394,2.242424242424242,2.125,1.6206896551724137,1.064516129032258,1.036144578313253,2,2
18,0.3,10.0,0.7,10.0,9,3.0,50,True,True,0.1,0.03,2.0,10.0,40,0.16126205083260298,18.367346938775512,14.953271028037381,85,32,53,9.13978494623656,11.11111111111111,8.255451713395638,2.164705882352941,2.25,2.1132075471698113,1.6061269146608315,1.0642201834862386,1.0355029585798816,2,2
18,0.3,10.0,0.7,10.0,9,3.0,50,True,True,0.1,0.03,2.0,10.0,41,0.15829787234042553,18.06615776081425,14.705882352941178,86,32,54,8.93042575285566,11.072664359861593,8.011869436201781,2.1627906976744184,2.21875,2.1296296296296298,1.5779625779625779,1.0616740088105727,1.0355029585798816,2,2
18,0.3,10.0,0.7,10.0,9,3.0,50,True,True,0.1,0.03,2.0,10.0,42,0.16115702479338842,17.929292929292927,15.233415233415235,90,32,58,9.109311740890687,11.072664359861593,8.297567954220316,2.1666666666666665,2.21875,2.1379310344827585,1.5858585858585859,1.0655021834061136,1.0402298850574712,2,2
18,0.3,10.0,0.7,10.0,9,3.0,50,True,True,0.1,0.03,2.0,10.0,43,0.16452648475120385,17.468354430379744,15.981198589894241,95,31,64,9.322865554465162,10.726643598615917,8.767123287671232,2.1578947368421053,2.225806451612903,2.125,1.5813953488372092,1.0692640692640694,1.0397727272727273,2,2
18,0.3,10.0,0.7,10.0,9,3.0,50,True,True,0.1,0.03,2.0,10.0,44,0.16445830085736554,17.468354430379744,15.99099099099099,98,31,67,9.306742640075974,10.726643598615917,8.769633507853403,2.1530612244897958,2.225806451612903,2.1194029850746268,1.5727611940298507,1.0632911392405062,1.0386740331491713,2,2
18,0.3,10.0,0.7,10.0,9,3.0,50,True,True,0.1,0.03,2.0,10.0,45,0.1680545041635125,17.512690355329948,16.50485436893204,103,31,72,9.466911764705882,10.726643598615917,9.011264080100124,2.1553398058252426,2.225806451612903,2.125,1.5714285714285714,1.052,1.0384615384615385,2,2
18,0.3,10.0,0.7,10.0,9,3.0,50,True,True,0.1,0.03,2.0,10.0,46,0.16691176470588234,17.512690355329948,16.35610766045549,105,31,74,9.333333333333334,10.726643598615917,8.851674641148326,2.1619047619047618,2.225806451612903,2.135135135135135,1.5555555555555556,1.0505836575875487,1.0374331550802138,2,2
18,0.3,10.0,0.7,10.0,9,3.0,50,True,True,0.1,0.03,2.0,10.0,47,0.17357142857142857,17.135549872122763,17.443012884043608,110,30,80,9.523809523809524,10.380622837370241,9.237875288683602,2.209090909090909,2.2333333333333334,2.2,1.566610455311973,1.05,1.036649214659686,2,2
18,0.3,10.0,0.7,10.0,9,3.0,50,True,True,0.1,0.03,2.0,10.0,48,0.17891816920943135,17.357512953367877,18.08712121212121,116,30,86,9.739714525608733,10.452961672473867,9.513274336283185,2.2241379310344827,2.2333333333333334,2.2209302325581395,1.5651465798045603,1.0452830188679245,1.0408163265306123,2,2
18,0.3,10.0,0.7,10.0,9,3.0,50,True,True,0.1,0.03,2.0,10.0,49,0.17777777777777778,17.31266149870801,17.941712204007285,119,30,89,9.66693744922827,10.416666666666668,9.43796394485684,2.2184873949579833,2.2333333333333334,2.2134831460674156,1.546021840873635,1.055350553505535,1.04,2,2
18,0.3,10.0,0.7,10.0,9,3.0,50,True,True,0.1,0.03,2.0,10.0,50,0.17854807063440156,16.363636363636363,18.356643356643357,123,28,95,9.68503937007874,9.75609756097561,9.664292980671414,2.2195121951219514,2.25,2.210526315789474,1.553191489361702,1.0425531914893618,1.0441176470588236,2,2
19,0.3,10.0,0.7,10.0,9,3.0,50,True,True,0.1,0.03,2.0,10.0,0,0.0,0.0,0.0,0,0,0,0.0,0.0,0.0,0.0,0.0,0.0,1.0,1.0,1.0,0,0
19,0.3,10.0,0.7,10.0,9,3.0,50,True,True,0.1,0.03,2.0,10.0,1,0.03234501347708895,4.067796610169491,0.0,6,6,0,1.643835616438356,2.0761245674740483,0.0,2.0,2.0,0.0,1.0714285714285714,1.0,1.0,2,2
19,0.3,10.0,0.7,10.0,9,3.0,50,True,True,0.1,0.03,2.0,10.0,2,0.06806282722513089,8.609271523178808,0.0,13,13,0,3.523035230352303,4.498269896193772,0.0,2.0,2.0,0.0,1.15527950310559,1.0080645161290323,1.0,2,2
19,0.3,10.0,0.7,10.0,9,3.0,50,True,True,0.1,0.03,2.0,10.0,3,0.0916030534351145,11.80327868852459,0.0,18,18,0,4.8,6.2717770034843205,0.0,2.0,2.0,0.0,1.2215189873417722,1.0078125,1.0,2,2
19,0.3,10.0,0.7,10.0,9,3.0,50,True,True,0.1,0.03,2.0,10.0,4,0.10891089108910891,14.332247557003258,0.0,22,22,0,5.804749340369393,7.801418439716312,0.0,2.0,2.0,0.0,1.3051948051948052,1.0,1.0,2,2
19,0.3,10.0,0.7,10.0,9,3.0,50,True,True,0.1,0.03,2.0,10.0,5,0.13701923076923078,18.269230769230766,0.0,25,25,0,6.702412868632708,9.293680297397769,0.0,2.28,2.28,0.0,1.510948905109489,1.0,1.0,2,2
19,0.3,10.0,0.7,10.0,9,3.0,50,True,True,0.1,0.03,2.0,10.0,6,0.15186915887850466,20.3125,0.0,29,29,0,7.712765957446808,10.820895522388058,0.0,2.2413793103448274,2.2413793103448274,0.0,1.5912408759124088,1.0,1.0,2,2
19,0.3,10.0,0.7,10.0,9,3.0,50,True,True,0.1,0.03,2.0,10.0,7,0.15681818181818183,20.426829268292682,1.7857142857142856,31,30,1,8.24468085106383,11.278195488721805,0.9090909090909091,2.225806451612903,2.2333333333333334,2.0,1.7196969696969697,1.0,1.0,2,2
19,0.3,10.0,0.7,10.0,9,3.0,50,True,True,0.1,0.03,2.0,10.0,8,0.17439293598233996,22.781065088757398,1.7391304347826086,36,35,1,9.39947780678851,12.962962962962962,0.8849557522123894,2.1944444444444446,2.2,2.0,1.828125,1.0,1.0,2,2
19,0.3,10.0,0.7,10.0,9,3.0,50,True,True,0.1,0.03,2.0,10.0,9,0.18669527896995708,24.12790697674419,3.278688524590164,40,38,2,10.282776349614396,13.970588235294118,1.7094017094017095,2.175,2.1842105263157894,2.0,1.9365079365079365,1.0,1.0,2,2
19,0.3,10.0,0.7,10.0,9,3.0,50,True,True,0.1,0.03,2.0,10.0,10,0.1941544885177453,24.355300859598856,6.153846153846154,43,39,4,10.85858585858586,14.338235294117647,3.225806451612903,2.1627906976744184,2.1794871794871793,2.0,1.9689922480620154,1.0070921985815602,1.0,2,2
19,0.3,10.0,0.7,10.0,9,3.0,50,True,True,0.1,0.03,2.0,10.0,11,0.19675456389452334,24.147727272727273,8.51063829787234,45,39,6,11.138613861386139,14.285714285714285,4.580152671755725,2.1555555555555554,2.1794871794871793,2.0,2.015267175572519,1.0144927536231885,1.0,2,2
19,0.3,10.0,0.7,10.0,9,3.0,50,True,True,0.1,0.03,2.0,10.0,12,0.20315581854043394,25.27777777777778,8.16326530612245,48,42,6,11.566265060240964,15.107913669064748,4.37956204379562,2.1458333333333335,2.1666666666666665,2.0,2.014925373134328,1.020979020979021,1.011111111111111,2,2
19,0.3,10.0,0.7,10.0,9,3.0,50,True,True,0.1,0.03,2.0,10.0,13,0.20114942528735633,25.0,8.860759493670885,49,42,7,11.502347417840376,15.053763440860216,4.761904761904762,2.142857142857143,2.1666666666666665,2.0,1.9929078014184398,1.0206896551724138,1.021978021978022,2,2
19,0.3,10.0,0.7,10.0,9,3.0,50,True,True,0.1,0.03,2.0,10.0,14,0.20297951582867785,24.528301886792452,10.843373493975903,51,42,9,11.805555555555555,14.94661921708185,5.960264900662252,2.1372549019607843,2.1666666666666665,2.0,2.0863309352517985,1.0198675496688743,1.021978021978022,2,2
19,0.3,10.0,0.7,10.0,9,3.0,50,True,True,0.1,0.03,2.0,10.0,15,0.20795660036166366,24.137931034482758,13.636363636363635,54,42,12,12.272727272727273,14.840989399293287,7.643312101910828,2.1296296296296298,2.1666666666666665,2.0,2.1666666666666665,1.0316455696202531,1.011111111111111,2,2
19,0.3,10.0,0.7,10.0,9,3.0,50,True,True,0.1,0.03,2.0,10.0,16,0.2056239015817223,24.345549738219894,12.834224598930483,55,43,12,12.168141592920353,15.087719298245613,7.18562874251497,2.1272727272727274,2.1627906976744184,2.0,2.1527777777777777,1.0379746835443038,1.021505376344086,2,2
19,0.3,10.0,0.7,10.0,9,3.0,50,True,True,0.1,0.03,2.0,10.0,17,0.2150170648464164,24.93573264781491,14.720812182741117,59,45,14,12.882096069868995,15.789473684210526,8.092485549132949,2.135593220338983,2.1555555555555554,2.0714285714285716,2.2430555555555554,1.0377358490566038,1.0208333333333333,2,2
19,0.3,10.0,0.7,10.0,9,3.0,50,True,True,0.1,0.03,2.0,10.0,18,0.22885572139303484,25.96401028277635,17.289719626168225,65,47,18,13.9186295503212,16.607773851590103,9.782608695652174,2.123076923076923,2.148936170212766,2.0555555555555554,2.292517006802721,1.0588235294117647,1.0196078431372548,2,2
19,0.3,10.0,0.7,10.0,9,3.0,50,True,True,0.1,0.03,2.0,10.0,19,0.22544283413848631,26.410256410256412,16.017316017316016,66,48,18,13.721413721413722,17.02127659574468,9.045226130653267,2.121212121212121,2.1458333333333335,2.0555555555555554,2.2420382165605095,1.0588235294117647,1.019047619047619,2,2
19,0.3,10.0,0.7,10.0,9,3.0,50,True,True,0.1,0.03,2.0,10.0,20,0.2222222222222222,25.699745547073793,16.666666666666664,67,47,20,13.508064516129032,16.549295774647888,9.433962264150944,2.1194029850746268,2.148936170212766,2.05,2.1834319526627217,1.0592105263157894,1.0186915887850467,2,2
19,0.3,10.0,0.7,10.0,9,3.0,50,True,True,0.1,0.03,2.0,10.0,21,0.22796352583586627,25.81453634085213,18.146718146718147,71,48,23,13.976377952755906,16.783216783216783,10.36036036036036,2.112676056338028,2.1458333333333335,2.0434782608695654,2.1818181818181817,1.0738255033557047,1.0178571428571428,2,2
19,0.3,10.0,0.7,10.0,9,3.0,50,True,True,0.1,0.03,2.0,10.0,22,0.23042836041358936,25.7985257985258,18.88888888888889,74,49,25,14.313346228239846,17.132867132867133,10.822510822510822,2.108108108108108,2.142857142857143,2.04,2.230337078651685,1.087837837837838,1.017094017094017,2,2
19,0.3,10.0,0.7,10.0,9,3.0,50,True,True,0.1,0.03,2.0,10.0,23,0.22955523672883787,26.225490196078432,18.33910034602076,76,50,26,14.312617702448211,17.543859649122805,10.569105691056912,2.1052631578947367,2.14,2.0384615384615383,2.2216216216216216,1.087248322147651,1.0333333333333334,2,2
19,0.3,10.0,0.7,10.0,9,3.0,50,True,True,0.1,0.03,2.0,10.0,24,0.23291492329149233,26.097560975609756,19.54397394136808,79,50,29,14.522058823529413,17.482517482517483,11.24031007751938,2.1139240506329116,2.14,2.0689655172413794,2.225130890052356,1.0833333333333333,1.0423728813559323,2,2
19,0.3,10.0,0.7,10.0,9,3.0,50,True,True,0.1,0.03,2.0,10.0,25,0.24119241192411925,25.907990314769975,21.846153846153847,84,50,34,15.135135135135137,17.421602787456447,12.686567164179104,2.119047619047619,2.14,2.088235294117647,2.290155440414508,1.0833333333333333,1.040983606557377,2,2
19,0.3,10.0,0.7,10.0,9,3.0,50,True,True,0.1,0.03,2.0,10.0,26,0.23684210526315788,25.547445255474454,21.48997134670487,85,49,36,14.756944444444445,17.01388888888889,12.5,2.1176470588235294,2.142857142857143,2.0833333333333335,2.229268292682927,1.0759493670886076,1.047244094488189,2,2
19,0.3,10.0,0.7,10.0,9,3.0,50,True,True,0.1,0.03,2.0,10.0,27,0.23273657289002558,25.67237163814181,20.64343163538874,86,49,37,14.527027027027026,17.073170731707318,12.131147540983607,2.116279069767442,2.142857142857143,2.081081081081081,2.1889400921658986,1.0740740740740742,1.047244094488189,2,2
19,0.3,10.0,0.7,10.0,9,3.0,50,True,True,0.1,0.03,2.0,10.0,28,0.22608695652173913,25.060827250608277,20.050761421319795,86,48,38,14.052287581699346,16.608996539792386,11.76470588235294,2.116279069767442,2.1458333333333335,2.0789473684210527,2.140969162995595,1.0892857142857142,1.0461538461538462,2,2
19,0.3,10.0,0.7,10.0,9,3.0,50,True,True,0.1,0.03,2.0,10.0,29,0.21712907117008443,24.264705882352942,19.239904988123516,85,46,39,13.343799058084773,15.972222222222221,11.174785100286533,2.1176470588235294,2.152173913043478,2.076923076923077,2.053061224489796,1.0813953488372092,1.044776119402985,2,2
19,0.3,10.0,0.7,10.0,9,3.0,50,True,True,0.1,0.03,2.0,10.0,30,0.21453692848769051,23.774509803921568,19.325842696629213,86,45,41,13.050075872534142,15.570934256055363,11.081081081081082,2.127906976744186,2.1555555555555554,2.097560975609756,1.9885496183206106,1.0857142857142856,1.0518518518518518,2,2
19,0.3,10.0,0.7,10.0,9,3.0,50,True,True,0.1,0.03,2.0,10.0,31,0.2152619589977221,23.891625615763548,19.491525423728813,89,45,44,13.107511045655377,15.570934256055363,11.282051282051283,2.1235955056179776,2.1555555555555554,2.090909090909091,1.967153284671533,1.0903954802259888,1.0503597122302157,2,2
19,0.3,10.0,0.7,10.0,9,3.0,50,True,True,0.1,0.03,2.0,10.0,32,0.21128318584070796,23.456790123456788,19.238476953907817,90,44,46,12.784090909090908,15.22491349480969,11.08433734939759,2.1222222222222222,2.159090909090909,2.0869565217391304,1.9175257731958764,1.0903954802259888,1.0551724137931036,2,2
19,0.3,10.0,0.7,10.0,9,3.0,50,True,True,0.1,0.03,2.0,10.0,33,0.21052631578947367,23.34152334152334,19.27480916030534,92,44,48,12.689655172413794,15.22491349480969,11.009174311926607,2.130434782608696,2.159090909090909,2.1041666666666665,1.8827361563517915,1.1055555555555556,1.0547945205479452,2,2
19,0.3,10.0,0.7,10.0,9,3.0,50,True,True,0.1,0.03,2.0,10.0,34,0.20668058455114824,23.39901477832512,18.65942028985507,93,44,49,12.350597609561753,15.277777777777779,10.53763440860215,2.129032258064516,2.159090909090909,2.1020408163265305,1.8231707317073171,1.1038251366120218,1.0604026845637584,2,2
19,0.3,10.0,0.7,10.0,9,3.0,50,True,True,0.1,0.03,2.0,10.0,35,0.19878296146044624,22.139303482587064,18.32191780821918,92,41,51,11.810012836970476,14.335664335664337,10.344827586206897,2.130434782608696,2.1707317073170733,2.0980392156862746,1.7867435158501441,1.0962566844919786,1.0662251655629138,2,2
19,0.3,10.0,0.7,10.0,9,3.0,50,True,True,0.1,0.03,2.0,10.0,36,0.20394088669950738,21.804511278195488,19.480519480519483,97,40,57,12.109862671660425,14.035087719298245,11.046511627906977,2.134020618556701,2.175,2.1052631578947367,1.7861111111111112,1.094240837696335,1.065359477124183,2,2
19,0.3,10.0,0.7,10.0,9,3.0,50,True,True,0.1,0.03,2.0,10.0,37,0.2,21.641791044776117,18.973561430793158,98,40,58,11.821471652593486,13.84083044982699,10.74074074074074,2.13265306122449,2.175,2.103448275862069,1.75,1.097938144329897,1.0636942675159236,2,2
19,0.3,10.0,0.7,10.0,9,3.0,50,True,True,0.1,0.03,2.0,10.0,38,0.2016728624535316,21.144278606965177,19.584569732937684,102,39,63,11.971830985915492,13.541666666666666,11.170212765957446,2.127450980392157,2.1794871794871793,2.0952380952380953,1.760204081632653,1.0974358974358975,1.0617283950617284,2,2
19,0.3,10.0,0.7,10.0,9,3.0,50,True,True,0.1,0.03,2.0,10.0,39,0.194043321299639,20.0,19.06116642958748,101,37,64,11.477272727272728,12.802768166089965,10.829103214890017,2.128712871287129,2.189189189189189,2.09375,1.7383863080684596,1.095,1.0595238095238095,2,2
19,0.3,10.0,0.7,10.0,9,3.0,50,True,True,0.1,0.03,2.0,10.0,40,0.19544259421560034,19.65174129353234,19.485791610284167,104,36,68,11.403508771929824,12.45674740484429,10.914927768860354,2.144230769230769,2.1944444444444446,2.1176470588235294,1.7090069284064666,1.0841584158415842,1.058139534883721,2,2
19,0.3,10.0,0.7,10.0,9,3.0,50,True,True,0.1,0.03,2.0,10.0,41,0.20425531914893616,19.70074812967581,20.801033591731265,112,36,76,11.940298507462686,12.5,11.692307692307692,2.142857142857143,2.1944444444444446,2.1184210526315788,1.7313769751693002,1.0769230769230769,1.0574712643678161,2,2
19,0.3,10.0,0.7,10.0,9,3.0,50,True,True,0.1,0.03,2.0,10.0,42,0.2049586776859504,19.602977667493796,20.941759603469638,115,36,79,11.904761904761903,12.45674740484429,11.669128508124077,2.1565217391304348,2.1944444444444446,2.1392405063291138,1.7260869565217392,1.070754716981132,1.0558659217877095,2,2
19,0.3,10.0,0.7,10.0,9,3.0,50,True,True,0.1,0.03,2.0,10.0,43,0.21268057784911718,19.70074812967581,22.011834319526628,121,36,85,12.185297079556898,12.45674740484429,12.073863636363637,2.190082644628099,2.1944444444444446,2.1882352941176473,1.7315010570824525,1.0829493087557605,1.054945054945055,2,2
19,0.3,10.0,0.7,10.0,9,3.0,50,True,True,0.1,0.03,2.0,10.0,44,0.21590023382696805,19.799498746867165,22.39819004524887,127,36,91,12.390243902439025,12.5,12.347354138398913,2.1811023622047245,2.1944444444444446,2.1758241758241756,1.7270875763747455,1.085972850678733,1.054054054054054,2,2
19,0.3,10.0,0.7,10.0,9,3.0,50,True,True,0.1,0.03,2.0,10.0,45,0.2142316426949281,18.527918781725887,22.653721682847898,130,33,97,12.25259189443921,11.498257839721255,12.532299741602069,2.1769230769230767,2.212121212121212,2.1649484536082473,1.7145669291338583,1.0765957446808512,1.053475935828877,2,2
19,0.3,10.0,0.7,10.0,9,3.0,50,True,True,0.1,0.03,2.0,10.0,46,0.21911764705882353,18.06615776081425,23.4746639089969,136,32,104,12.408759124087592,11.11111111111111,12.871287128712872,2.1911764705882355,2.21875,2.1826923076923075,1.713740458015267,1.069672131147541,1.0523560209424083,2,2
19,0.3,10.0,0.7,10.0,9,3.0,50,True,True,0.1,0.03,2.0,10.0,47,0.22,18.89168765743073,23.230309072781655,138,32,106,12.244897959183673,11.072664359861593,12.649164677804295,2.2318840579710146,2.34375,2.19811320754717,1.712707182320442,1.064516129032258,1.0510204081632653,2,2
19,0.3,10.0,0.7,10.0,9,3.0,50,True,True,0.1,0.03,2.0,10.0,48,0.22330097087378642,18.575063613231553,23.736892278360344,143,31,112,12.306368330464716,10.76388888888889,12.814645308924485,2.2517482517482517,2.3548387096774195,2.2232142857142856,1.702654867256637,1.0632411067193677,1.0497512437810945,2,2
19,0.3,10.0,0.7,10.0,9,3.0,50,True,True,0.1,0.03,2.0,10.0,49,0.2202020202020202,18.205128205128204,23.378995433789953,145,30,115,12.063227953410982,10.416666666666668,12.582056892778992,2.2551724137931033,2.3666666666666667,2.226086956521739,1.6893039049235994,1.0538461538461539,1.0485436893203883,2,2
19,0.3,10.0,0.7,10.0,9,3.0,50,True,True,0.1,0.03,2.0,10.0,50,0.21648136036625246,19.240506329113924,22.486772486772484,148,31,117,11.89710610932476,10.726643598615917,12.25130890052356,2.2364864864864864,2.4516129032258065,2.1794871794871793,1.6726384364820848,1.044280442804428,1.0478468899521531,2,2
20,0.3,10.0,0.7,10.0,9,3.0,50,True,True,0.1,0.03,2.0,10.0,0,0.0,0.0,0.0,0,0,0,0.0,0.0,0.0,0.0,0.0,0.0,1.0,1.0,1.0,0,0
20,0.3,10.0,0.7,10.0,9,3.0,50,True,True,0.1,0.03,2.0,10.0,1,0.013477088948787063,1.7123287671232876,0.0,2,2,0,0.5434782608695652,0.6920415224913495,0.0,2.5,2.5,0.0,1.0277777777777777,1.0,1.0,2,2
20,0.3,10.0,0.7,10.0,9,3.0,50,True,True,0.1,0.03,2.0,10.0,2,0.03926701570680628,5.05050505050505,0.0,7,7,0,1.8716577540106951,2.422145328719723,0.0,2.142857142857143,2.142857142857143,0.0,1.0857142857142856,1.0,1.0,2,2
20,0.3,10.0,0.7,10.0,9,3.0,50,True,True,0.1,0.03,2.0,10.0,3,0.07633587786259542,8.47457627118644,5.1020408163265305,14,12,2,3.7135278514588856,4.25531914893617,2.1052631578947367,2.142857142857143,2.0833333333333335,2.5,1.180722891566265,1.0,1.0,2,2
20,0.3,10.0,0.7,10.0,9,3.0,50,True,True,0.1,0.03,2.0,10.0,4,0.07920792079207921,8.970099667774086,4.854368932038835,15,13,2,3.937007874015748,4.6263345195729535,2.0,2.1333333333333333,2.076923076923077,2.5,1.2363636363636363,1.008,1.0,2,2
20,0.3,10.0,0.7,10.0,9,3.0,50,True,True,0.1,0.03,2.0,10.0,5,0.09375,11.11111111111111,4.545454545454546,18,16,2,4.712041884816754,5.818181818181818,1.8691588785046727,2.1666666666666665,2.125,2.5,1.3333333333333333,1.0074074074074073,1.0,2,2
20,0.3,10.0,0.7,10.0,9,3.0,50,True,True,0.1,0.03,2.0,10.0,6,0.09813084112149532,11.78343949044586,4.385964912280701,20,18,2,5.263157894736842,6.691449814126393,1.8018018018018018,2.1,2.0555555555555554,2.5,1.4496644295302012,1.0,1.0133333333333334,2,2
20,0.3,10.0,0.7,10.0,9,3.0,50,True,True,0.1,0.03,2.0,10.0,7,0.10454545454545454,12.654320987654321,4.310344827586207,22,20,2,5.699481865284974,7.326007326007327,1.7699115044247788,2.090909090909091,2.05,2.5,1.5033557046979866,1.0,1.0142857142857142,2,2
20,0.3,10.0,0.7,10.0,9,3.0,50,True,True,0.1,0.03,2.0,10.0,8,0.11037527593818984,13.432835820895523,4.23728813559322,24,22,2,6.138107416879795,7.971014492753622,1.7391304347826086,2.0833333333333335,2.0454545454545454,2.5,1.5782312925170068,1.0,1.0138888888888888,2,2
20,0.3,10.0,0.7,10.0,9,3.0,50,True,True,0.1,0.03,2.0,10.0,9,0.11587982832618025,14.285714285714285,4.0650406504065035,26,24,2,6.565656565656567,8.633093525179856,1.694915254237288,2.076923076923077,2.0416666666666665,2.5,1.6369863013698631,1.0133333333333334,1.0135135135135136,2,2
20,0.3,10.0,0.7,10.0,9,3.0,50,True,True,0.1,0.03,2.0,10.0,10,0.12108559498956159,14.121037463976945,6.8181818181818175,28,24,4,6.9306930693069315,8.60215053763441,3.2,2.0714285714285716,2.0416666666666665,2.25,1.7062937062937062,1.0127388535031847,1.0133333333333334,2,2
20,0.3,10.0,0.7,10.0,9,3.0,50,True,True,0.1,0.03,2.0,10.0,11,0.14198782961460446,17.37891737891738,6.338028169014084,33,29,4,7.990314769975787,10.431654676258994,2.9629629629629632,2.121212121212121,2.103448275862069,2.25,1.7517241379310344,1.019108280254777,1.0128205128205128,2,2
20,0.3,10.0,0.7,10.0,9,3.0,50,True,True,0.1,0.03,2.0,10.0,12,0.14990138067061143,17.74647887323944,8.552631578947368,36,30,6,8.530805687203792,10.75268817204301,4.195804195804196,2.111111111111111,2.1,2.1666666666666665,1.7959183673469388,1.0185185185185186,1.0263157894736843,2,2
20,0.3,10.0,0.7,10.0,9,3.0,50,True,True,0.1,0.03,2.0,10.0,13,0.1532567049808429,17.647058823529413,10.303030303030303,38,30,8,8.775981524249422,10.714285714285714,5.228758169934641,2.1052631578947367,2.1,2.125,1.7922077922077921,1.0186335403726707,1.025,2,2
20,0.3,10.0,0.7,10.0,9,3.0,50,True,True,0.1,0.03,2.0,10.0,14,0.1601489757914339,17.403314917127073,13.142857142857142,41,30,11,9.276018099547512,10.60070671378092,6.918238993710692,2.097560975609756,2.1,2.090909090909091,1.844155844155844,1.030674846625767,1.0240963855421688,2,2
20,0.3,10.0,0.7,10.0,9,3.0,50,True,True,0.1,0.03,2.0,10.0,15,0.162748643761302,18.30601092896175,12.299465240641712,43,32,11,9.492273730684326,11.267605633802818,6.508875739644971,2.0930232558139537,2.09375,2.090909090909091,1.860759493670886,1.0297619047619047,1.0238095238095237,2,2
20,0.3,10.0,0.7,10.0,9,3.0,50,True,True,0.1,0.03,2.0,10.0,16,0.16520210896309315,18.75,12.437810945273633,45,33,12,9.635974304068522,11.538461538461538,6.629834254143646,2.088888888888889,2.090909090909091,2.0833333333333335,1.8214285714285714,1.0419161676646707,1.0229885057471264,2,2
20,0.3,10.0,0.7,10.0,9,3.0,50,True,True,0.1,0.03,2.0,10.0,17,0.1552901023890785,18.256130790190735,10.95890410958904,44,32,12,9.090909090909092,11.149825783972126,6.091370558375635,2.0681818181818183,2.09375,2.0,1.7808988764044944,1.0416666666666667,1.0217391304347827,2,2
20,0.3,10.0,0.7,10.0,9,3.0,50,True,True,0.1,0.03,2.0,10.0,18,0.15422885572139303,17.962466487935657,11.304347826086957,45,32,13,9.127789046653144,11.149825783972126,6.310679611650485,2.066666666666667,2.09375,2.0,1.8176795580110496,1.0290697674418605,1.0210526315789474,2,2
20,0.3,10.0,0.7,10.0,9,3.0,50,True,True,0.1,0.03,2.0,10.0,19,0.1529790660225443,17.771883289124666,11.475409836065573,46,32,14,9.090909090909092,11.149825783972126,6.392694063926941,2.0652173913043477,2.09375,2.0,1.8235294117647058,1.0285714285714285,1.0204081632653061,2,2
20,0.3,10.0,0.7,10.0,9,3.0,50,True,True,0.1,0.03,2.0,10.0,20,0.1486697965571205,17.585301837270343,10.852713178294573,46,32,14,8.846153846153847,11.11111111111111,6.0344827586206895,2.0652173913043477,2.09375,2.0,1.7969543147208122,1.046242774566474,1.0196078431372548,2,2
20,0.3,10.0,0.7,10.0,9,3.0,50,True,True,0.1,0.03,2.0,10.0,21,0.1474164133738602,17.875647668393782,10.294117647058822,47,33,14,8.785046728971963,11.418685121107266,5.691056910569105,2.0638297872340425,2.090909090909091,2.0,1.7681159420289856,1.0517241379310345,1.0186915887850467,2,2
20,0.3,10.0,0.7,10.0,9,3.0,50,True,True,0.1,0.03,2.0,10.0,22,0.14918759231905465,17.829457364341085,11.03448275862069,49,33,16,8.94160583941606,11.418685121107266,6.177606177606178,2.061224489795918,2.090909090909091,2.0,1.7767441860465116,1.0578034682080926,1.018181818181818,2,2
20,0.3,10.0,0.7,10.0,9,3.0,50,True,True,0.1,0.03,2.0,10.0,23,0.14777618364418937,17.31266149870801,11.612903225806452,50,32,18,8.9126559714795,11.11111111111111,6.593406593406594,2.06,2.09375,2.0,1.7767857142857142,1.0632183908045978,1.0178571428571428,2,2
20,0.3,10.0,0.7,10.0,9,3.0,50,True,True,0.1,0.03,2.0,10.0,24,0.1492329149232915,17.692307692307693,11.62079510703364,52,33,19,9.027777777777777,11.458333333333332,6.597222222222222,2.0576923076923075,2.090909090909091,2.0,1.7606837606837606,1.0738636363636365,1.0175438596491229,2,2
20,0.3,10.0,0.7,10.0,9,3.0,50,True,True,0.1,0.03,2.0,10.0,25,0.14769647696476965,17.424242424242426,11.695906432748536,53,33,20,9.028960817717206,11.418685121107266,6.7114093959731544,2.056603773584906,2.090909090909091,2.0,1.7899159663865547,1.07909604519774,1.0168067226890756,2,2
20,0.3,10.0,0.7,10.0,9,3.0,50,True,True,0.1,0.03,2.0,10.0,26,0.14605263157894738,17.512690355329948,11.475409836065573,54,33,21,8.91089108910891,11.498257839721255,6.583072100313479,2.0555555555555554,2.090909090909091,2.0,1.7710843373493976,1.0777777777777777,1.016260162601626,2,2
20,0.3,10.0,0.7,10.0,9,3.0,50,True,True,0.1,0.03,2.0,10.0,27,0.15089514066496162,17.048346055979643,13.110539845758353,57,32,25,9.163987138263666,11.11111111111111,7.48502994011976,2.0701754385964914,2.09375,2.04,1.7890625,1.0773480662983426,1.015748031496063,2,2
20,0.3,10.0,0.7,10.0,9,3.0,50,True,True,0.1,0.03,2.0,10.0,28,0.1565217391304348,17.602040816326532,13.801452784503631,61,33,28,9.486780715396579,11.458333333333332,7.887323943661972,2.0655737704918034,2.090909090909091,2.0357142857142856,1.7686567164179106,1.0806451612903225,1.015625,2,2
20,0.3,10.0,0.7,10.0,9,3.0,50,True,True,0.1,0.03,2.0,10.0,29,0.15922798552472858,17.223650385604113,14.772727272727273,64,32,32,9.60960960960961,11.149825783972126,8.443271767810026,2.0625,2.09375,2.03125,1.7333333333333334,1.0874316939890711,1.0225563909774436,2,2
20,0.3,10.0,0.7,10.0,9,3.0,50,True,True,0.1,0.03,2.0,10.0,30,0.16295427901524032,17.67676767676768,15.098468271334792,66,32,34,9.66325036603221,11.072664359861593,8.629441624365482,2.106060606060606,2.1875,2.0294117647058822,1.7448979591836735,1.0806451612903225,1.0220588235294117,2,2
20,0.3,10.0,0.7,10.0,9,3.0,50,True,True,0.1,0.03,2.0,10.0,31,0.17312072892938496,18.3206106870229,16.49484536082474,72,33,39,10.227272727272728,11.458333333333332,9.375,2.111111111111111,2.1818181818181817,2.051282051282051,1.740983606557377,1.0904255319148937,1.0215827338129497,2,2
20,0.3,10.0,0.7,10.0,9,3.0,50,True,True,0.1,0.03,2.0,10.0,32,0.17699115044247787,17.857142857142858,17.578125,75,32,43,10.344827586206897,11.072664359861593,9.862385321100918,2.1333333333333333,2.1875,2.0930232558139537,1.7396825396825397,1.1047120418848169,1.0211267605633803,2,2
20,0.3,10.0,0.7,10.0,9,3.0,50,True,True,0.1,0.03,2.0,10.0,33,0.17830290010741137,17.525773195876287,18.047882136279927,78,31,47,10.4,10.76388888888889,10.173160173160174,2.128205128205128,2.193548387096774,2.0851063829787235,1.7108433734939759,1.1082474226804124,1.0206896551724138,2,2
20,0.3,10.0,0.7,10.0,9,3.0,50,True,True,0.1,0.03,2.0,10.0,34,0.17954070981210857,16.580310880829018,18.88111888111888,81,29,52,10.478654592496765,10.069444444444445,10.721649484536082,2.123456790123457,2.206896551724138,2.076923076923077,1.713450292397661,1.099502487562189,1.0202702702702702,2,2
20,0.3,10.0,0.7,10.0,9,3.0,50,True,True,0.1,0.03,2.0,10.0,35,0.1815415821501014,16.452442159383033,19.262981574539364,84,29,55,10.566037735849058,10.034602076124568,10.869565217391305,2.130952380952381,2.206896551724138,2.090909090909091,1.6991643454038998,1.103960396039604,1.02,2,2
20,0.3,10.0,0.7,10.0,9,3.0,50,True,True,0.1,0.03,2.0,10.0,36,0.17635467980295566,15.064935064935064,19.20634920634921,84,26,58,10.218978102189782,9.027777777777777,10.861423220973784,2.130952380952381,2.230769230769231,2.086206896551724,1.6916890080428955,1.0970873786407767,1.0193548387096774,2,2
20,0.3,10.0,0.7,10.0,9,3.0,50,True,True,0.1,0.03,2.0,10.0,37,0.17894736842105263,15.736040609137056,19.201228878648234,87,27,60,10.357142857142858,9.342560553633218,10.88929219600726,2.1494252873563218,2.2962962962962963,2.0833333333333335,1.6935064935064934,1.1057692307692308,1.01875,2,2
20,0.3,10.0,0.7,10.0,9,3.0,50,True,True,0.1,0.03,2.0,10.0,38,0.1775092936802974,15.34526854219949,19.124087591240876,88,26,62,10.126582278481013,9.027777777777777,10.671256454388985,2.1704545454545454,2.3076923076923075,2.1129032258064515,1.6617283950617283,1.1173708920187793,1.0185185185185186,2,2
20,0.3,10.0,0.7,10.0,9,3.0,50,True,True,0.1,0.03,2.0,10.0,39,0.17689530685920576,13.917525773195877,19.72222222222222,91,23,68,10.122358175750835,7.986111111111111,11.129296235679215,2.1538461538461537,2.347826086956522,2.088235294117647,1.6494117647058824,1.1069767441860465,1.0180722891566265,2,2
20,0.3,10.0,0.7,10.0,9,3.0,50,True,True,0.1,0.03,2.0,10.0,40,0.17791411042944785,13.810741687979538,19.866666666666667,95,23,72,10.237068965517242,7.958477508650519,11.267605633802818,2.136842105263158,2.347826086956522,2.0694444444444446,1.6506849315068493,1.0888888888888888,1.0176470588235293,2,2
20,0.3,10.0,0.7,10.0,9,3.0,50,True,True,0.1,0.03,2.0,10.0,41,0.18212765957446808,13.624678663239074,20.483460559796438,99,23,76,10.399159663865547,8.013937282229964,11.428571428571429,2.1616161616161618,2.3043478260869565,2.1184210526315788,1.6563876651982379,1.0884955752212389,1.023121387283237,2,2
20,0.3,10.0,0.7,10.0,9,3.0,50,True,True,0.1,0.03,2.0,10.0,42,0.18181818181818182,13.554987212276215,20.39072039072039,102,23,79,10.386965376782078,7.986111111111111,11.38328530259366,2.156862745098039,2.3043478260869565,2.1139240506329116,1.6421052631578947,1.091703056768559,1.0227272727272727,2,2
20,0.3,10.0,0.7,10.0,9,3.0,50,True,True,0.1,0.03,2.0,10.0,43,0.18138041733547353,13.846153846153847,20.093457943925234,104,23,81,10.236220472440944,7.986111111111111,11.126373626373626,2.173076923076923,2.347826086956522,2.123456790123457,1.6167664670658684,1.091703056768559,1.021978021978022,2,2
20,0.3,10.0,0.7,10.0,9,3.0,50,True,True,0.1,0.03,2.0,10.0,44,0.18238503507404522,13.471502590673575,20.28985507246377,109,23,86,10.371075166508087,7.986111111111111,11.271297509829619,2.146788990825688,2.260869565217391,2.116279069767442,1.6084452975047985,1.0833333333333333,1.0259067357512954,2,2
20,0.3,10.0,0.7,10.0,9,3.0,50,True,True,0.1,0.03,2.0,10.0,45,0.1854655563966692,13.192612137203167,20.70063694267516,114,22,92,10.48758049678013,7.6923076923076925,11.485642946317103,2.1491228070175437,2.272727272727273,2.119565217391304,1.6092592592592592,1.0638297872340425,1.02020202020202,2,2
20,0.3,10.0,0.7,10.0,9,3.0,50,True,True,0.1,0.03,2.0,10.0,46,0.18823529411764706,13.123359580052494,21.04187946884576,119,22,97,10.653536257833482,7.638888888888889,11.700844390832328,2.1512605042016806,2.272727272727273,2.1237113402061856,1.6111111111111112,1.0666666666666667,1.025,2,2
20,0.3,10.0,0.7,10.0,9,3.0,50,True,True,0.1,0.03,2.0,10.0,47,0.19142857142857142,13.123359580052494,21.39352306182532,124,22,102,10.782608695652174,7.612456747404845,11.846689895470384,2.161290322580645,2.272727272727273,2.1372549019607843,1.6167247386759582,1.0661157024793388,1.0239234449760766,2,2
20,0.3,10.0,0.7,10.0,9,3.0,50,True,True,0.1,0.03,2.0,10.0,48,0.18585298196948682,12.73209549071618,20.657276995305164,124,21,103,10.420168067226891,7.317073170731707,11.406423034330011,2.161290322580645,2.2857142857142856,2.1359223300970873,1.5927152317880795,1.0530612244897959,1.023041474654378,2,2
20,0.3,10.0,0.7,10.0,9,3.0,50,True,True,0.1,0.03,2.0,10.0,49,0.19461279461279463,15.601023017902813,20.840950639853748,127,22,105,10.452674897119342,7.612456747404845,11.339092872570195,2.2755905511811023,2.772727272727273,2.1714285714285713,1.6074313408723748,1.065040650406504,1.0224215246636772,2,2
20,0.3,10.0,0.7,10.0,9,3.0,50,True,True,0.1,0.03,2.0,10.0,50,0.20209287115761937,15.681233933161954,21.75438596491228,134,22,112,10.763052208835342,7.612456747404845,11.715481171548117,2.3059701492537314,2.772727272727273,2.2142857142857144,1.6251968503937009,1.072289156626506,1.0222222222222221,2,2
21,0.3,10.0,0.7,10.0,9,3.0,50,True,True,0.1,0.03,2.0,10.0,0,0.0,0.0,0.0,0,0,0,0.0,0.0,0.0,0.0,0.0,0.0,1.0,1.0,1.0,0,0
21,0.3,10.0,0.7,10.0,9,3.0,50,True,True,0.1,0.03,2.0,10.0,1,0.029649595687331536,3.728813559322034,0.0,5,5,0,1.36986301369863,1.7301038062283738,0.0,2.2,2.2,0.0,1.0625,1.0,1.0,2,2
21,0.3,10.0,0.7,10.0,9,3.0,50,True,True,0.1,0.03,2.0,10.0,2,0.049738219895287955,6.354515050167224,0.0,9,9,0,2.4193548387096775,3.1141868512110724,0.0,2.111111111111111,2.111111111111111,0.0,1.1098265895953756,1.0,1.0,2,2
21,0.3,10.0,0.7,10.0,9,3.0,50,True,True,0.1,0.03,2.0,10.0,3,0.07888040712468193,9.634551495016613,2.1739130434782608,14,13,1,3.7433155080213902,4.593639575971731,1.098901098901099,2.2142857142857144,2.230769230769231,2.0,1.2121212121212122,1.0,1.0,2,2
21,0.3,10.0,0.7,10.0,9,3.0,50,True,True,0.1,0.03,2.0,10.0,4,0.10396039603960396,13.029315960912053,2.0618556701030926,19,18,1,5.080213903743315,6.474820143884892,1.0416666666666665,2.210526315789474,2.2222222222222223,2.0,1.3101265822784811,1.0084033613445378,1.0,2,2
21,0.3,10.0,0.7,10.0,9,3.0,50,True,True,0.1,0.03,2.0,10.0,5,0.13221153846153846,16.24203821656051,3.9215686274509802,23,21,2,6.25,7.835820895522389,2.0,2.391304347826087,2.4285714285714284,2.0,1.4861111111111112,1.008130081300813,1.0,2,2
21,0.3,10.0,0.7,10.0,9,3.0,50,True,True,0.1,0.03,2.0,10.0,6,0.15186915887850466,19.003115264797508,3.7383177570093453,28,26,2,7.608695652173914,9.885931558935361,1.9047619047619049,2.3214285714285716,2.3461538461538463,2.0,1.6159420289855073,1.025,1.0,2,2
21,0.3,10.0,0.7,10.0,9,3.0,50,True,True,0.1,0.03,2.0,10.0,7,0.15681818181818183,19.148936170212767,5.405405405405405,30,27,3,8.02139037433155,10.150375939849624,2.7777777777777777,2.3,2.3333333333333335,2.0,1.7037037037037037,1.016,1.0,2,2
21,0.3,10.0,0.7,10.0,9,3.0,50,True,True,0.1,0.03,2.0,10.0,8,0.16556291390728478,19.402985074626866,8.47457627118644,33,28,5,8.638743455497382,10.408921933085502,4.424778761061947,2.272727272727273,2.3214285714285716,2.0,1.7426470588235294,1.0236220472440944,1.0,2,2
21,0.3,10.0,0.7,10.0,9,3.0,50,True,True,0.1,0.03,2.0,10.0,9,0.1781115879828326,20.699708454810494,9.75609756097561,37,31,6,9.585492227979273,11.439114391143912,5.217391304347826,2.2432432432432434,2.2903225806451615,2.0,1.8571428571428572,1.0236220472440944,1.0,2,2
21,0.3,10.0,0.7,10.0,9,3.0,50,True,True,0.1,0.03,2.0,10.0,10,0.17745302713987474,20.857142857142858,9.30232558139535,38,32,6,9.644670050761421,11.72161172161172,4.958677685950414,2.236842105263158,2.28125,2.0,1.854014598540146,1.0465116279069768,1.0,2,2
21,0.3,10.0,0.7,10.0,9,3.0,50,True,True,0.1,0.03,2.0,10.0,11,0.17647058823529413,20.391061452513966,10.37037037037037,39,32,7,9.653465346534654,11.510791366906476,5.555555555555555,2.230769230769231,2.28125,2.0,1.8581560283687943,1.0534351145038168,1.0,2,2
21,0.3,10.0,0.7,10.0,9,3.0,50,True,True,0.1,0.03,2.0,10.0,12,0.1755424063116371,20.0,11.267605633802818,40,32,8,9.7799511002445,11.552346570397113,6.0606060606060606,2.225,2.28125,2.0,1.908450704225352,1.0692307692307692,1.0104166666666667,2,2
21,0.3,10.0,0.7,10.0,9,3.0,50,True,True,0.1,0.03,2.0,10.0,13,0.1781609195402299,20.161290322580644,12.0,42,33,9,10.071942446043165,11.827956989247312,6.521739130434782,2.2142857142857144,2.272727272727273,2.0,1.9251700680272108,1.0687022900763359,1.0206185567010309,2,2
21,0.3,10.0,0.7,10.0,9,3.0,50,True,True,0.1,0.03,2.0,10.0,14,0.18435754189944134,20.47872340425532,13.664596273291925,45,34,11,10.53864168618267,12.056737588652481,7.586206896551724,2.2,2.264705882352941,2.0,1.9407894736842106,1.0769230769230769,1.02,2,2
21,0.3,10.0,0.7,10.0,9,3.0,50,True,True,0.1,0.03,2.0,10.0,15,0.189873417721519,21.25984251968504,13.953488372093023,48,36,12,11.03448275862069,12.811387900355871,7.792207792207792,2.1875,2.25,2.0,1.9615384615384615,1.1015625,1.029126213592233,2,2
21,0.3,10.0,0.7,10.0,9,3.0,50,True,True,0.1,0.03,2.0,10.0,16,0.19507908611599298,21.20418848167539,16.0427807486631,51,36,15,11.434977578475337,12.811387900355871,9.090909090909092,2.176470588235294,2.25,2.0,1.975,1.1136363636363635,1.029126213592233,2,2
21,0.3,10.0,0.7,10.0,9,3.0,50,True,True,0.1,0.03,2.0,10.0,17,0.18430034129692832,20.259740259740262,14.925373134328357,50,35,15,10.869565217391305,12.36749116607774,8.47457627118644,2.16,2.2285714285714286,2.0,1.9464285714285714,1.1136363636363635,1.0275229357798166,2,2
21,0.3,10.0,0.7,10.0,9,3.0,50,True,True,0.1,0.03,2.0,10.0,18,0.1791044776119403,19.897959183673468,14.218009478672986,50,35,15,10.660980810234541,12.323943661971832,8.108108108108109,2.16,2.2285714285714286,2.0,1.9425287356321839,1.1278195488721805,1.0267857142857142,2,2
21,0.3,10.0,0.7,10.0,9,3.0,50,True,True,0.1,0.03,2.0,10.0,19,0.1706924315619968,18.734177215189874,14.15929203539823,49,33,16,10.16597510373444,11.538461538461538,8.16326530612245,2.163265306122449,2.242424242424242,2.0,1.9285714285714286,1.1417910447761195,1.0263157894736843,2,2
21,0.3,10.0,0.7,10.0,9,3.0,50,True,True,0.1,0.03,2.0,10.0,20,0.16588419405320814,18.227848101265824,13.934426229508196,49,32,17,9.859154929577464,11.228070175438596,8.018867924528301,2.163265306122449,2.25,2.0,1.8704663212435233,1.1418439716312057,1.0263157894736843,2,2
21,0.3,10.0,0.7,10.0,9,3.0,50,True,True,0.1,0.03,2.0,10.0,21,0.1702127659574468,18.546365914786968,14.671814671814673,52,33,19,10.176125244618394,11.498257839721255,8.482142857142858,2.1538461538461537,2.242424242424242,2.0,1.8894472361809045,1.1338028169014085,1.0254237288135593,2,2
21,0.3,10.0,0.7,10.0,9,3.0,50,True,True,0.1,0.03,2.0,10.0,22,0.17134416543574593,18.90547263681592,14.545454545454545,54,34,20,10.325047801147228,11.846689895470384,8.47457627118644,2.1481481481481484,2.235294117647059,2.0,1.9019607843137254,1.1398601398601398,1.0327868852459017,2,2
21,0.3,10.0,0.7,10.0,9,3.0,50,True,True,0.1,0.03,2.0,10.0,23,0.17360114777618366,19.11764705882353,14.878892733564014,56,35,21,10.42830540037244,12.110726643598616,8.46774193548387,2.1607142857142856,2.2285714285714286,2.0476190476190474,1.8962264150943395,1.1517241379310346,1.032258064516129,2,2
21,0.3,10.0,0.7,10.0,9,3.0,50,True,True,0.1,0.03,2.0,10.0,24,0.16875871687587168,18.536585365853657,14.65798045602606,56,34,22,10.181818181818182,11.846689895470384,8.365019011406844,2.1607142857142856,2.235294117647059,2.0454545454545454,1.8954545454545455,1.1506849315068493,1.03125,2,2
21,0.3,10.0,0.7,10.0,9,3.0,50,True,True,0.1,0.03,2.0,10.0,25,0.17208672086720866,18.660287081339714,15.312500000000002,59,35,24,10.51693404634581,12.110726643598616,8.823529411764707,2.152542372881356,2.2285714285714286,2.0416666666666665,1.9111111111111112,1.183673469387755,1.0307692307692307,2,2
21,0.3,10.0,0.7,10.0,9,3.0,50,True,True,0.1,0.03,2.0,10.0,26,0.175,19.18465227817746,15.451895043731778,62,36,26,10.708117443868739,12.5,8.934707903780069,2.1451612903225805,2.2222222222222223,2.0384615384615383,1.897872340425532,1.1904761904761905,1.037313432835821,2,2
21,0.3,10.0,0.7,10.0,9,3.0,50,True,True,0.1,0.03,2.0,10.0,27,0.18286445012787725,19.138755980861244,17.307692307692307,67,36,31,11.260504201680673,12.45674740484429,10.130718954248366,2.1343283582089554,2.2222222222222223,2.032258064516129,1.9135802469135803,1.1917808219178083,1.036231884057971,2,2
21,0.3,10.0,0.7,10.0,9,3.0,50,True,True,0.1,0.03,2.0,10.0,28,0.18012422360248448,18.795180722891565,17.17948717948718,68,35,33,11.11111111111111,12.110726643598616,10.21671826625387,2.1323529411764706,2.2285714285714286,2.0303030303030303,1.8980392156862744,1.1986301369863013,1.0354609929078014,2,2
21,0.3,10.0,0.7,10.0,9,3.0,50,True,True,0.1,0.03,2.0,10.0,29,0.18455971049457176,18.97810218978102,17.942583732057415,71,35,36,11.251980982567353,12.152777777777777,10.495626822157435,2.1549295774647885,2.2285714285714286,2.0833333333333335,1.9042145593869733,1.1895424836601307,1.0344827586206897,2,2
21,0.3,10.0,0.7,10.0,9,3.0,50,True,True,0.1,0.03,2.0,10.0,30,0.18874560375146543,19.464720194647203,18.32579185520362,75,36,39,11.503067484662576,12.5,10.714285714285714,2.1466666666666665,2.2222222222222223,2.076923076923077,1.8933823529411764,1.1806451612903226,1.0333333333333334,2,2
21,0.3,10.0,0.7,10.0,9,3.0,50,True,True,0.1,0.03,2.0,10.0,31,0.18109339407744876,19.51219512195122,16.88034188034188,74,36,38,10.930576070901035,12.45674740484429,9.793814432989691,2.1486486486486487,2.2222222222222223,2.0789473684210527,1.8350515463917525,1.169811320754717,1.0326797385620916,2,2
21,0.3,10.0,0.7,10.0,9,3.0,50,True,True,0.1,0.03,2.0,10.0,32,0.18252212389380532,18.226600985221676,18.27309236947791,77,33,44,10.984308131241084,11.418685121107266,10.679611650485436,2.142857142857143,2.242424242424242,2.0681818181818183,1.819672131147541,1.173913043478261,1.032258064516129,2,2
21,0.3,10.0,0.7,10.0,9,3.0,50,True,True,0.1,0.03,2.0,10.0,33,0.17937701396348013,18.137254901960784,17.78202676864245,78,33,45,10.758620689655173,11.418685121107266,10.321100917431194,2.141025641025641,2.242424242424242,2.066666666666667,1.7774294670846396,1.18562874251497,1.031055900621118,2,2
21,0.3,10.0,0.7,10.0,9,3.0,50,True,True,0.1,0.03,2.0,10.0,34,0.17954070981210857,17.28395061728395,18.44484629294756,80,31,49,10.666666666666668,10.76388888888889,10.606060606060606,2.15,2.2580645161290325,2.0816326530612246,1.7650602409638554,1.1695906432748537,1.036144578313253,2,2
21,0.3,10.0,0.7,10.0,9,3.0,50,True,True,0.1,0.03,2.0,10.0,35,0.17748478701825557,15.909090909090908,18.983050847457626,81,28,53,10.411311053984576,9.79020979020979,10.772357723577237,2.1604938271604937,2.25,2.1132075471698113,1.7329545454545454,1.1445086705202312,1.04093567251462,2,2
21,0.3,10.0,0.7,10.0,9,3.0,50,True,True,0.1,0.03,2.0,10.0,36,0.17832512315270935,15.48223350253807,19.32367149758454,84,27,57,10.408921933085502,9.375,10.982658959537572,2.1547619047619047,2.259259259259259,2.1052631578947367,1.7100271002710028,1.1420454545454546,1.0397727272727273,2,2
21,0.3,10.0,0.7,10.0,9,3.0,50,True,True,0.1,0.03,2.0,10.0,37,0.1799043062200957,16.20253164556962,19.076923076923077,86,27,59,10.287081339712918,9.342560553633218,10.786106032906764,2.186046511627907,2.3703703703703702,2.1016949152542375,1.6865284974093264,1.1297297297297297,1.0393258426966292,2,2
21,0.3,10.0,0.7,10.0,9,3.0,50,True,True,0.1,0.03,2.0,10.0,38,0.17472118959107807,15.656565656565657,18.529411764705884,86,26,60,10.011641443538998,9.090909090909092,10.471204188481675,2.186046511627907,2.3846153846153846,2.1,1.6825,1.1216931216931216,1.0380434782608696,2,2
21,0.3,10.0,0.7,10.0,9,3.0,50,True,True,0.1,0.03,2.0,10.0,39,0.17509025270758122,15.538847117794486,18.61777150916784,89,26,63,10.06787330316742,8.996539792387544,10.588235294117647,2.1797752808988764,2.3846153846153846,2.0952380952380953,1.6951219512195121,1.105,1.037837837837838,2,2
21,0.3,10.0,0.7,10.0,9,3.0,50,True,True,0.1,0.03,2.0,10.0,40,0.175284837861525,15.577889447236181,18.57335127860027,91,26,65,9.978070175438598,9.027777777777777,10.416666666666668,2.197802197802198,2.3846153846153846,2.123076923076923,1.675990675990676,1.1144278606965174,1.036649214659686,2,2
21,0.3,10.0,0.7,10.0,9,3.0,50,True,True,0.1,0.03,2.0,10.0,41,0.18127659574468086,16.62531017369727,18.911917098445596,95,26,69,10.117145899893504,8.996539792387544,10.615384615384615,2.2421052631578946,2.576923076923077,2.1159420289855073,1.6832579185520362,1.1170731707317074,1.035897435897436,2,2
21,0.3,10.0,0.7,10.0,9,3.0,50,True,True,0.1,0.03,2.0,10.0,42,0.18760330578512396,16.455696202531644,19.87730061349693,100,25,75,10.309278350515463,8.650519031141869,11.013215859030836,2.27,2.6,2.16,1.6760869565217391,1.1095238095238096,1.035175879396985,2,2
21,0.3,10.0,0.7,10.0,9,3.0,50,True,True,0.1,0.03,2.0,10.0,43,0.19101123595505617,16.581632653061224,20.2576112412178,105,25,80,10.48951048951049,8.741258741258742,11.188811188811188,2.2666666666666666,2.6,2.1625,1.6659707724425887,1.113744075829384,1.0339805825242718,2,2
21,0.3,10.0,0.7,10.0,9,3.0,50,True,True,0.1,0.03,2.0,10.0,44,0.18472330475448168,15.051020408163266,19.977553310886645,107,24,83,10.288461538461538,8.333333333333332,11.037234042553191,2.2149532710280373,2.4583333333333335,2.144578313253012,1.629191321499014,1.1209302325581396,1.0334928229665072,2,2
21,0.3,10.0,0.7,10.0,9,3.0,50,True,True,0.1,0.03,2.0,10.0,45,0.18925056775170326,15.128205128205128,20.515574650912995,110,24,86,10.2803738317757,8.333333333333332,10.997442455242968,2.272727272727273,2.4583333333333335,2.2209302325581395,1.6347992351816443,1.0995475113122173,1.0324074074074074,2,2
21,0.3,10.0,0.7,10.0,9,3.0,50,True,True,0.1,0.03,2.0,10.0,46,0.18823529411764706,15.089514066496163,20.330237358101137,115,24,91,10.397830018083184,8.304498269896193,11.138310893512852,2.226086956521739,2.4583333333333335,2.1648351648351647,1.6238532110091743,1.1066666666666667,1.0319634703196348,2,2
21,0.3,10.0,0.7,10.0,9,3.0,50,True,True,0.1,0.03,2.0,10.0,47,0.18928571428571428,14.322916666666666,20.669291338582678,119,22,97,10.37489102005231,7.665505226480835,11.27906976744186,2.226890756302521,2.5,2.1649484536082473,1.6087719298245613,1.0811965811965811,1.031390134529148,2,2
21,0.3,10.0,0.7,10.0,9,3.0,50,True,True,0.1,0.03,2.0,10.0,48,0.18862690707350901,13.315926892950392,20.868744098205855,122,20,102,10.286677908937605,6.920415224913495,11.37123745819398,2.2295081967213113,2.55,2.1666666666666665,1.6044142614601018,1.0693877551020408,1.030701754385965,2,2
21,0.3,10.0,0.7,10.0,9,3.0,50,True,True,0.1,0.03,2.0,10.0,49,0.19461279461279463,13.350785340314136,21.57751586582049,126,20,106,10.378912685337728,6.944444444444445,11.447084233261338,2.2936507936507935,2.55,2.2452830188679247,1.6165289256198347,1.0728744939271255,1.0297872340425531,2,2
21,0.3,10.0,0.7,10.0,9,3.0,50,True,True,0.1,0.03,2.0,10.0,50,0.2040549378678875,13.123359580052494,22.822299651567945,133,20,113,10.717163577759871,6.968641114982578,11.844863731656185,2.345864661654135,2.5,2.3185840707964602,1.6397415185783522,1.0714285714285714,1.029535864978903,2,2
22,0.3,10.0,0.7,10.0,9,3.0,50,True,True,0.1,0.03,2.0,10.0,0,0.0,0.0,0.0,0,0,0,0.0,0.0,0.0,0.0,0.0,0.0,1.0,1.0,1.0,0,0
22,0.3,10.0,0.7,10.0,9,3.0,50,True,True,0.1,0.03,2.0,10.0,1,0.0215633423180593,2.7303754266211606,0.0,4,4,0,1.08991825613079,1.384083044982699,0.0,2.0,2.0,0.0,1.0451977401129944,1.0,1.0,2,2
22,0.3,10.0,0.7,10.0,9,3.0,50,True,True,0.1,0.03,2.0,10.0,2,0.049738219895287955,6.333333333333334,0.0,8,8,0,2.15633423180593,2.768166089965398,0.0,2.375,2.375,0.0,1.1104651162790697,1.0,1.0,2,2
22,0.3,10.0,0.7,10.0,9,3.0,50,True,True,0.1,0.03,2.0,10.0,3,0.089058524173028,10.927152317880795,2.197802197802198,15,14,1,4.032258064516129,4.964539007092199,1.1111111111111112,2.3333333333333335,2.357142857142857,2.0,1.2181818181818183,1.0,1.0,2,2
22,0.3,10.0,0.7,10.0,9,3.0,50,True,True,0.1,0.03,2.0,10.0,4,0.11138613861386139,14.006514657980457,2.0618556701030926,18,17,1,4.81283422459893,6.115107913669065,1.0416666666666665,2.5,2.5294117647058822,2.0,1.305732484076433,1.0,1.0,2,2
22,0.3,10.0,0.7,10.0,9,3.0,50,True,True,0.1,0.03,2.0,10.0,5,0.12980769230769232,16.507936507936506,1.9801980198019802,20,19,1,5.3908355795148255,7.011070110701106,1.0,2.7,2.736842105263158,2.0,1.4256756756756757,1.0147058823529411,1.0,2,2
22,0.3,10.0,0.7,10.0,9,3.0,50,True,True,0.1,0.03,2.0,10.0,6,0.1261682242990654,16.1993769470405,1.8691588785046727,20,19,1,5.319148936170213,7.037037037037037,0.9433962264150944,2.7,2.736842105263158,2.0,1.4797297297297298,1.014388489208633,1.0,2,2
22,0.3,10.0,0.7,10.0,9,3.0,50,True,True,0.1,0.03,2.0,10.0,7,0.15227272727272728,19.696969696969695,1.8181818181818181,25,24,1,6.631299734748011,8.955223880597014,0.9174311926605505,2.68,2.7083333333333335,2.0,1.6056338028169015,1.014388489208633,1.0,2,2
22,0.3,10.0,0.7,10.0,9,3.0,50,True,True,0.1,0.03,2.0,10.0,8,0.15894039735099338,20.64896755162242,1.7543859649122806,27,26,1,7.049608355091384,9.62962962962963,0.8849557522123894,2.6666666666666665,2.6923076923076925,2.0,1.6690140845070423,1.0142857142857142,1.0,2,2
22,0.3,10.0,0.7,10.0,9,3.0,50,True,True,0.1,0.03,2.0,10.0,9,0.18240343347639484,23.076923076923077,3.4782608695652173,33,31,2,8.571428571428571,11.397058823529411,1.7699115044247788,2.5757575757575757,2.6129032258064515,2.0,1.8161764705882353,1.0217391304347827,1.0,2,2
22,0.3,10.0,0.7,10.0,9,3.0,50,True,True,0.1,0.03,2.0,10.0,10,0.18789144050104384,23.595505617977526,4.878048780487805,35,32,3,8.928571428571429,11.76470588235294,2.5,2.5714285714285716,2.625,2.0,1.8428571428571427,1.036764705882353,1.0,2,2
22,0.3,10.0,0.7,10.0,9,3.0,50,True,True,0.1,0.03,2.0,10.0,11,0.2028397565922921,24.725274725274726,7.751937984496124,39,34,5,9.82367758186398,12.454212454212454,4.032258064516129,2.5641025641025643,2.6470588235294117,2.0,1.963235294117647,1.0285714285714285,1.0,2,2
22,0.3,10.0,0.7,10.0,9,3.0,50,True,True,0.1,0.03,2.0,10.0,12,0.20512820512820512,24.731182795698924,8.88888888888889,41,35,6,10.14851485148515,12.681159420289855,4.6875,2.5365853658536586,2.6285714285714286,2.0,2.0,1.0419580419580419,1.0120481927710843,2,2
22,0.3,10.0,0.7,10.0,9,3.0,50,True,True,0.1,0.03,2.0,10.0,13,0.19923371647509577,23.62204724409449,9.929078014184398,41,34,7,10.0,12.23021582733813,5.303030303030303,2.5365853658536586,2.6470588235294117,2.0,2.0579710144927534,1.0416666666666667,1.0232558139534884,2,2
22,0.3,10.0,0.7,10.0,9,3.0,50,True,True,0.1,0.03,2.0,10.0,14,0.2011173184357542,23.83419689119171,10.596026490066226,43,35,8,10.287081339712918,12.589928057553957,5.714285714285714,2.511627906976744,2.6285714285714286,2.0,2.078014184397163,1.0476190476190477,1.0344827586206897,2,2
22,0.3,10.0,0.7,10.0,9,3.0,50,True,True,0.1,0.03,2.0,10.0,15,0.21880650994575046,25.765306122448976,12.422360248447205,48,38,10,11.267605633802818,13.620071684587815,6.802721088435375,2.5208333333333335,2.6578947368421053,2.0,2.1468531468531467,1.0486111111111112,1.043956043956044,2,2
22,0.3,10.0,0.7,10.0,9,3.0,50,True,True,0.1,0.03,2.0,10.0,16,0.22319859402460457,25.376884422110553,15.204678362573098,51,38,13,11.778290993071593,13.571428571428571,8.49673202614379,2.4901960784313726,2.6578947368421053,2.0,2.2152777777777777,1.0476190476190477,1.054945054945055,2,2
22,0.3,10.0,0.7,10.0,9,3.0,50,True,True,0.1,0.03,2.0,10.0,17,0.22696245733788395,25.615763546798032,16.11111111111111,53,39,14,12.045454545454545,13.87900355871886,8.80503144654088,2.509433962264151,2.6666666666666665,2.0714285714285716,2.2758620689655173,1.0536912751677852,1.064516129032258,2,2
22,0.3,10.0,0.7,10.0,9,3.0,50,True,True,0.1,0.03,2.0,10.0,18,0.22388059701492538,25.365853658536587,16.06217616580311,54,39,15,12.026726057906458,13.87900355871886,8.928571428571429,2.5,2.6666666666666665,2.066666666666667,2.2905405405405403,1.065359477124183,1.074468085106383,2,2
22,0.3,10.0,0.7,10.0,9,3.0,50,True,True,0.1,0.03,2.0,10.0,19,0.22705314009661837,25.181598062954,17.78846153846154,56,39,17,12.121212121212121,13.732394366197184,9.550561797752808,2.517857142857143,2.6666666666666665,2.176470588235294,2.3178807947019866,1.0714285714285714,1.0707070707070707,2,2
22,0.3,10.0,0.7,10.0,9,3.0,50,True,True,0.1,0.03,2.0,10.0,20,0.2222222222222222,24.029126213592235,18.94273127753304,56,37,19,11.789473684210526,13.028169014084506,9.947643979057592,2.5357142857142856,2.675675675675676,2.263157894736842,2.299363057324841,1.0625,1.0693069306930694,2,2
22,0.3,10.0,0.7,10.0,9,3.0,50,True,True,0.1,0.03,2.0,10.0,21,0.22036474164133737,23.42995169082126,19.672131147540984,57,36,21,11.68032786885246,12.631578947368421,10.344827586206897,2.543859649122807,2.6944444444444446,2.2857142857142856,2.2883435582822087,1.0679012345679013,1.0666666666666667,2,2
22,0.3,10.0,0.7,10.0,9,3.0,50,True,True,0.1,0.03,2.0,10.0,22,0.22008862629246675,23.15035799522673,20.155038759689923,59,36,23,11.823647294589177,12.587412587412588,10.7981220657277,2.5254237288135593,2.6944444444444446,2.260869565217391,2.272189349112426,1.093167701863354,1.0636363636363637,2,2
22,0.3,10.0,0.7,10.0,9,3.0,50,True,True,0.1,0.03,2.0,10.0,23,0.20803443328550933,22.03791469194313,18.90909090909091,57,34,23,10.982658959537572,11.846689895470384,9.913793103448276,2.543859649122807,2.735294117647059,2.260869565217391,2.1684782608695654,1.0920245398773005,1.0619469026548674,2,2
22,0.3,10.0,0.7,10.0,9,3.0,50,True,True,0.1,0.03,2.0,10.0,24,0.19665271966527198,21.19047619047619,17.50841750841751,55,32,23,10.299625468164795,11.188811188811188,9.274193548387096,2.5636363636363635,2.78125,2.260869565217391,2.1736842105263157,1.052325581395349,1.0603448275862069,2,2
22,0.3,10.0,0.7,10.0,9,3.0,50,True,True,0.1,0.03,2.0,10.0,25,0.2032520325203252,20.714285714285715,19.81132075471698,58,31,27,10.545454545454545,10.76388888888889,10.305343511450381,2.586206896551724,2.806451612903226,2.3333333333333335,2.145,1.0529411764705883,1.0743801652892562,2,2
22,0.3,10.0,0.7,10.0,9,3.0,50,True,True,0.1,0.03,2.0,10.0,26,0.2118421052631579,21.09004739336493,21.301775147928996,63,32,31,11.170212765957446,11.149825783972126,11.191335740072201,2.5555555555555554,2.78125,2.3225806451612905,2.1699029126213594,1.052325581395349,1.0731707317073171,2,2
22,0.3,10.0,0.7,10.0,9,3.0,50,True,True,0.1,0.03,2.0,10.0,27,0.21099744245524296,21.04018912529551,21.16991643454039,65,32,33,11.149228130360205,11.149825783972126,11.14864864864865,2.5384615384615383,2.78125,2.303030303030303,2.1348837209302327,1.0617977528089888,1.072,2,2
22,0.3,10.0,0.7,10.0,9,3.0,50,True,True,0.1,0.03,2.0,10.0,28,0.20993788819875778,20.5188679245283,21.522309711286088,67,31,36,11.148086522462561,10.801393728222997,11.464968152866243,2.5223880597014925,2.806451612903226,2.2777777777777777,2.125560538116592,1.0666666666666667,1.0692307692307692,2,2
22,0.3,10.0,0.7,10.0,9,3.0,50,True,True,0.1,0.03,2.0,10.0,29,0.21109770808202655,20.47058823529412,21.782178217821784,70,31,39,11.345218800648297,10.801393728222997,11.818181818181818,2.5,2.806451612903226,2.2564102564102564,2.093220338983051,1.0782122905027933,1.0757575757575757,2,2
22,0.3,10.0,0.7,10.0,9,3.0,50,True,True,0.1,0.03,2.0,10.0,30,0.21922626025791325,20.379146919431278,23.4338747099768,76,31,45,11.949685534591195,10.801393728222997,12.893982808022923,2.460526315789474,2.774193548387097,2.2444444444444445,2.0853658536585367,1.0960451977401129,1.0735294117647058,2,2
22,0.3,10.0,0.7,10.0,9,3.0,50,True,True,0.1,0.03,2.0,10.0,31,0.20273348519362186,17.942583732057415,22.39130434782609,72,26,46,10.909090909090908,9.027777777777777,12.365591397849462,2.4722222222222223,2.8846153846153846,2.239130434782609,2.007575757575758,1.1067415730337078,1.070921985815603,2,2
22,0.3,10.0,0.7,10.0,9,3.0,50,True,True,0.1,0.03,2.0,10.0,32,0.20243362831858408,17.38095238095238,22.727272727272727,75,25,50,11.029411764705882,8.650519031141869,12.787723785166241,2.44,2.92,2.2,1.9819494584837545,1.1043956043956045,1.0694444444444444,2,2
22,0.3,10.0,0.7,10.0,9,3.0,50,True,True,0.1,0.03,2.0,10.0,33,0.19871106337271752,17.505995203836928,21.78988326848249,76,25,51,10.795454545454545,8.680555555555555,12.259615384615383,2.4342105263157894,2.92,2.196078431372549,1.9351535836177474,1.1021505376344085,1.0671140939597314,2,2
22,0.3,10.0,0.7,10.0,9,3.0,50,True,True,0.1,0.03,2.0,10.0,34,0.1951983298538622,17.505995203836928,21.072088724584106,77,25,52,10.576923076923077,8.650519031141869,11.845102505694761,2.4285714285714284,2.92,2.1923076923076925,1.891025641025641,1.1021505376344085,1.065359477124183,2,2
22,0.3,10.0,0.7,10.0,9,3.0,50,True,True,0.1,0.03,2.0,10.0,35,0.19574036511156187,17.59036144578313,21.015761821366024,80,25,55,10.666666666666668,8.680555555555555,11.904761904761903,2.4125,2.92,2.1818181818181817,1.89375,1.0994764397905759,1.069182389937107,2,2
22,0.3,10.0,0.7,10.0,9,3.0,50,True,True,0.1,0.03,2.0,10.0,36,0.1980295566502463,17.675544794188863,21.262458471760798,84,25,59,10.81081081081081,8.650519031141869,12.09016393442623,2.392857142857143,2.92,2.169491525423729,1.8664688427299703,1.0984455958549222,1.0674846625766872,2,2
22,0.3,10.0,0.7,10.0,9,3.0,50,True,True,0.1,0.03,2.0,10.0,37,0.2,17.59036144578313,21.58730158730159,88,25,63,11.0,8.650519031141869,12.32876712328767,2.375,2.92,2.1587301587301586,1.8555240793201133,1.1036269430051813,1.0662650602409638,2,2
22,0.3,10.0,0.7,10.0,9,3.0,50,True,True,0.1,0.03,2.0,10.0,38,0.20074349442379183,17.59036144578313,21.6338880484115,91,25,66,11.003627569528417,8.650519031141869,12.267657992565056,2.3736263736263736,2.92,2.1666666666666665,1.8257372654155497,1.1082474226804124,1.0650887573964498,2,2
22,0.3,10.0,0.7,10.0,9,3.0,50,True,True,0.1,0.03,2.0,10.0,39,0.20126353790613719,17.464114832535884,21.73913043478261,93,25,68,10.941176470588236,8.650519031141869,12.121212121212121,2.3978494623655915,2.92,2.2058823529411766,1.8311688311688312,1.1071428571428572,1.062857142857143,2,2
22,0.3,10.0,0.7,10.0,9,3.0,50,True,True,0.1,0.03,2.0,10.0,40,0.20595968448729185,17.067307692307693,22.620689655172413,99,25,74,11.2884834663626,8.650519031141869,12.585034013605442,2.3737373737373737,2.84,2.2162162162162162,1.8275,1.1065989847715736,1.0607734806629834,2,2
22,0.3,10.0,0.7,10.0,9,3.0,50,True,True,0.1,0.03,2.0,10.0,41,0.20340425531914894,16.707021791767556,22.30971128608924,101,24,77,11.123348017621145,8.362369337979095,12.399355877616747,2.366336633663366,2.875,2.207792207792208,1.8086124401913874,1.0980392156862746,1.059782608695652,2,2
22,0.3,10.0,0.7,10.0,9,3.0,50,True,True,0.1,0.03,2.0,10.0,42,0.2066115702479339,16.05839416058394,23.028785982478098,106,23,83,11.312700106723586,8.013937282229964,12.769230769230768,2.358490566037736,2.869565217391304,2.216867469879518,1.8087557603686637,1.0865384615384615,1.0585106382978724,2,2
22,0.3,10.0,0.7,10.0,9,3.0,50,True,True,0.1,0.03,2.0,10.0,43,0.20465489566613163,16.176470588235293,22.553699284009546,108,23,85,11.11111111111111,7.986111111111111,12.426900584795321,2.361111111111111,2.869565217391304,2.223529411764706,1.7702407002188183,1.0930232558139534,1.057591623036649,2,2
22,0.3,10.0,0.7,10.0,9,3.0,50,True,True,0.1,0.03,2.0,10.0,44,0.2049883086515978,15.841584158415841,22.639362912400454,113,23,90,11.199207135777998,7.986111111111111,12.482662968099861,2.327433628318584,2.782608695652174,2.2111111111111112,1.7395833333333333,1.0963302752293578,1.0555555555555556,2,2
22,0.3,10.0,0.7,10.0,9,3.0,50,True,True,0.1,0.03,2.0,10.0,45,0.20060560181680545,14.925373134328357,22.306855277475517,114,21,93,10.89866156787763,7.291666666666667,12.269129287598943,2.324561403508772,2.857142857142857,2.204301075268817,1.7108910891089109,1.0884955752212389,1.055,2,2
22,0.3,10.0,0.7,10.0,9,3.0,50,True,True,0.1,0.03,2.0,10.0,46,0.2,14.105793450881613,22.429906542056074,117,19,98,10.783410138248847,6.597222222222222,12.296110414052698,2.324786324786325,2.9473684210526314,2.204081632653061,1.6901140684410647,1.0822510822510822,1.0523809523809524,2,2
22,0.3,10.0,0.7,10.0,9,3.0,50,True,True,0.1,0.03,2.0,10.0,47,0.20285714285714285,14.177215189873419,22.686567164179106,123,19,104,10.95280498664292,6.5743944636678195,12.470023980815348,2.3089430894308944,2.9473684210526314,2.1923076923076925,1.6825688073394496,1.0743801652892562,1.0518867924528301,2,2
22,0.3,10.0,0.7,10.0,9,3.0,50,True,True,0.1,0.03,2.0,10.0,48,0.2087378640776699,14.249363867684478,23.355576739752145,130,19,111,11.226252158894647,6.5743944636678195,12.773302646720369,2.3153846153846156,2.9473684210526314,2.2072072072072073,1.6808510638297873,1.0826446280991735,1.0497737556561086,2,2
22,0.3,10.0,0.7,10.0,9,3.0,50,True,True,0.1,0.03,2.0,10.0,49,0.20673400673400674,14.213197969543149,23.006416131989003,133,19,114,11.11111111111111,6.5743944636678195,12.555066079295155,2.308270676691729,2.9473684210526314,2.2017543859649122,1.6717948717948719,1.0711462450592886,1.048888888888889,2,2
22,0.3,10.0,0.7,10.0,9,3.0,50,True,True,0.1,0.03,2.0,10.0,50,0.2119032047089601,14.213197969543149,23.612334801762113,137,19,118,11.174551386623165,6.597222222222222,12.57995735607676,2.3649635036496353,2.9473684210526314,2.2711864406779663,1.69,1.0583657587548638,1.0474137931034482,2,2
23,0.3,10.0,0.7,10.0,9,3.0,50,True,True,0.1,0.03,2.0,10.0,0,0.0,0.0,0.0,0,0,0,0.0,0.0,0.0,0.0,0.0,0.0,1.0,1.0,1.0,0,0
23,0.3,10.0,0.7,10.0,9,3.0,50,True,True,0.1,0.03,2.0,10.0,1,0.03234501347708895,4.054054054054054,0.0,5,5,0,1.3736263736263736,1.7301038062283738,0.0,2.4,2.4,0.0,1.0740740740740742,1.0,1.0,2,2
23,0.3,10.0,0.7,10.0,9,3.0,50,True,True,0.1,0.03,2.0,10.0,2,0.05759162303664921,7.308970099667775,0.0,10,10,0,2.7027027027027026,3.4602076124567476,0.0,2.2,2.2,0.0,1.1401273885350318,1.0,1.0,2,2
23,0.3,10.0,0.7,10.0,9,3.0,50,True,True,0.1,0.03,2.0,10.0,3,0.0916030534351145,11.881188118811881,0.0,16,16,0,4.301075268817205,5.673758865248227,0.0,2.25,2.25,0.0,1.2483221476510067,1.0,1.0,2,2
23,0.3,10.0,0.7,10.0,9,3.0,50,True,True,0.1,0.03,2.0,10.0,4,0.10891089108910891,14.332247557003258,0.0,20,20,0,5.319148936170213,7.168458781362006,0.0,2.2,2.2,0.0,1.3426573426573427,1.0,1.0,2,2
23,0.3,10.0,0.7,10.0,9,3.0,50,True,True,0.1,0.03,2.0,10.0,5,0.14182692307692307,18.73015873015873,0.0,27,27,0,7.317073170731707,10.074626865671641,0.0,2.185185185185185,2.185185185185185,0.0,1.565891472868217,1.0145985401459854,1.0,2,2
23,0.3,10.0,0.7,10.0,9,3.0,50,True,True,0.1,0.03,2.0,10.0,6,0.1588785046728972,20.82018927444795,1.8018018018018018,31,30,1,8.24468085106383,11.278195488721805,0.9090909090909091,2.193548387096774,2.2,2.0,1.627906976744186,1.0071428571428571,1.013157894736842,2,2
23,0.3,10.0,0.7,10.0,9,3.0,50,True,True,0.1,0.03,2.0,10.0,7,0.16363636363636364,21.406727828746178,1.7699115044247788,33,32,1,8.661417322834646,11.895910780669144,0.8928571428571428,2.1818181818181817,2.1875,2.0,1.682170542635659,1.0141843971631206,1.0256410256410255,2,2
23,0.3,10.0,0.7,10.0,9,3.0,50,True,True,0.1,0.03,2.0,10.0,8,0.16777041942604856,21.958456973293767,1.7241379310344827,35,34,1,9.02061855670103,12.454212454212454,0.8695652173913043,2.1714285714285713,2.176470588235294,2.0,1.7578125,1.0138888888888888,1.025,2,2
23,0.3,10.0,0.7,10.0,9,3.0,50,True,True,0.1,0.03,2.0,10.0,9,0.16738197424892703,22.028985507246375,1.6528925619834711,36,35,1,9.090909090909092,12.63537906137184,0.8403361344537815,2.1666666666666665,2.1714285714285713,2.0,1.7769230769230768,1.0067114093959733,1.0493827160493827,2,2
23,0.3,10.0,0.7,10.0,9,3.0,50,True,True,0.1,0.03,2.0,10.0,10,0.16701461377870563,22.349570200573066,1.5384615384615385,37,36,1,9.158415841584159,13.043478260869565,0.78125,2.1621621621621623,2.1666666666666665,2.0,1.816793893129771,1.0132450331125828,1.0476190476190477,2,2
23,0.3,10.0,0.7,10.0,9,3.0,50,True,True,0.1,0.03,2.0,10.0,11,0.1663286004056795,22.79202279202279,1.4084507042253522,38,37,1,9.156626506024097,13.405797101449277,0.7194244604316548,2.1578947368421053,2.1621621621621623,2.0,1.8222222222222222,1.0193548387096774,1.0470588235294118,2,2
23,0.3,10.0,0.7,10.0,9,3.0,50,True,True,0.1,0.03,2.0,10.0,12,0.17357001972386588,24.022346368715084,1.342281879194631,41,40,1,9.647058823529411,14.285714285714285,0.6896551724137931,2.1463414634146343,2.15,2.0,1.8478260869565217,1.0125786163522013,1.0459770114942528,2,2
23,0.3,10.0,0.7,10.0,9,3.0,50,True,True,0.1,0.03,2.0,10.0,13,0.1839080459770115,24.861878453038674,3.75,45,42,3,10.344827586206897,14.94661921708185,1.948051948051948,2.1333333333333333,2.142857142857143,2.0,1.8992805755395683,1.0122699386503067,1.0568181818181819,2,2
23,0.3,10.0,0.7,10.0,9,3.0,50,True,True,0.1,0.03,2.0,10.0,14,0.186219739292365,24.59016393442623,5.847953216374268,47,42,5,10.681818181818182,14.94661921708185,3.1446540880503147,2.127659574468085,2.142857142857143,2.0,1.9712230215827338,1.0304878048780488,1.0561797752808988,2,2
23,0.3,10.0,0.7,10.0,9,3.0,50,True,True,0.1,0.03,2.0,10.0,15,0.1844484629294756,24.598930481283425,5.58659217877095,48,43,5,10.666666666666668,15.140845070422534,3.0120481927710845,2.125,2.13953488372093,2.0,2.0,1.029940119760479,1.0543478260869565,2,2
23,0.3,10.0,0.7,10.0,9,3.0,50,True,True,0.1,0.03,2.0,10.0,16,0.18629173989455183,23.93617021276596,8.290155440414509,50,42,8,10.869565217391305,14.788732394366196,4.545454545454546,2.12,2.142857142857143,2.0,2.0067567567567566,1.035928143712575,1.053191489361702,2,2
23,0.3,10.0,0.7,10.0,9,3.0,50,True,True,0.1,0.03,2.0,10.0,17,0.19112627986348124,23.809523809523807,10.576923076923077,53,42,11,11.228813559322035,14.685314685314685,5.913978494623656,2.1132075471698113,2.142857142857143,2.0,1.9935897435897436,1.0421686746987953,1.0515463917525774,2,2
23,0.3,10.0,0.7,10.0,9,3.0,50,True,True,0.1,0.03,2.0,10.0,18,0.1956882255389718,24.02088772845953,11.818181818181818,56,43,13,11.642411642411643,15.034965034965033,6.666666666666667,2.107142857142857,2.13953488372093,2.0,2.0251572327044025,1.0609756097560976,1.0490196078431373,2,2
23,0.3,10.0,0.7,10.0,9,3.0,50,True,True,0.1,0.03,2.0,10.0,19,0.18357487922705315,22.395833333333336,11.814345991561181,54,40,14,10.9979633401222,14.084507042253522,6.763285024154589,2.111111111111111,2.15,2.0,2.0365853658536586,1.072289156626506,1.0480769230769231,2,2
23,0.3,10.0,0.7,10.0,9,3.0,50,True,True,0.1,0.03,2.0,10.0,20,0.18309859154929578,21.354166666666664,13.725490196078432,55,38,17,10.891089108910892,13.333333333333334,7.727272727272727,2.1272727272727274,2.1578947368421053,2.0588235294117645,2.0473372781065087,1.0584795321637428,1.0467289719626167,2,2
23,0.3,10.0,0.7,10.0,9,3.0,50,True,True,0.1,0.03,2.0,10.0,21,0.1778115501519757,21.243523316062177,12.867647058823529,55,38,17,10.556621880998081,13.333333333333334,7.203389830508475,2.1272727272727274,2.1578947368421053,2.0588235294117645,1.9834254143646408,1.052325581395349,1.0442477876106195,2,2
23,0.3,10.0,0.7,10.0,9,3.0,50,True,True,0.1,0.03,2.0,10.0,22,0.17872968980797638,20.51282051282051,14.285714285714285,57,37,20,10.654205607476635,12.89198606271777,8.064516129032258,2.1228070175438596,2.1621621621621623,2.05,1.9788359788359788,1.0654761904761905,1.0420168067226891,2,2
23,0.3,10.0,0.7,10.0,9,3.0,50,True,True,0.1,0.03,2.0,10.0,23,0.1793400286944046,20.051413881748072,15.259740259740258,59,36,23,10.669077757685352,12.5,8.679245283018867,2.1186440677966103,2.1666666666666665,2.0434782608695654,1.9303482587064678,1.0718562874251496,1.04,2,2
23,0.3,10.0,0.7,10.0,9,3.0,50,True,True,0.1,0.03,2.0,10.0,24,0.17433751743375175,19.437340153452684,15.030674846625766,59,35,24,10.369068541300527,12.152777777777777,8.540925266903916,2.1186440677966103,2.1714285714285713,2.0416666666666665,1.8915094339622642,1.0813953488372092,1.04,2,2
23,0.3,10.0,0.7,10.0,9,3.0,50,True,True,0.1,0.03,2.0,10.0,25,0.16666666666666666,18.50899742930591,14.613180515759314,58,33,25,9.880749574105621,11.538461538461538,8.305647840531561,2.1206896551724137,2.1818181818181817,2.04,1.84,1.0919540229885059,1.0387596899224807,2,2
23,0.3,10.0,0.7,10.0,9,3.0,50,True,True,0.1,0.03,2.0,10.0,26,0.1618421052631579,18.3206106870229,13.896457765667575,58,33,25,9.570957095709572,11.498257839721255,7.836990595611286,2.1206896551724137,2.1818181818181817,2.04,1.7800829875518671,1.1085714285714285,1.0378787878787878,2,2
23,0.3,10.0,0.7,10.0,9,3.0,50,True,True,0.1,0.03,2.0,10.0,27,0.1547314578005115,17.12846347607053,13.766233766233766,57,31,26,9.149277688603531,10.76388888888889,7.761194029850746,2.1228070175438596,2.193548387096774,2.0384615384615383,1.7658730158730158,1.101123595505618,1.0444444444444445,2,2
23,0.3,10.0,0.7,10.0,9,3.0,50,True,True,0.1,0.03,2.0,10.0,28,0.15527950310559005,17.08542713567839,14.004914004914005,59,31,28,9.204368174726989,10.76388888888889,7.932011331444759,2.1186440677966103,2.193548387096774,2.0357142857142856,1.7671755725190839,1.0869565217391304,1.0441176470588236,2,2
23,0.3,10.0,0.7,10.0,9,3.0,50,True,True,0.1,0.03,2.0,10.0,29,0.15319662243667068,17.12846347607053,13.657407407407407,60,31,29,9.104704097116842,10.726643598615917,7.837837837837839,2.1166666666666667,2.193548387096774,2.0344827586206895,1.7563636363636363,1.0879120879120878,1.0422535211267605,2,2
23,0.3,10.0,0.7,10.0,9,3.0,50,True,True,0.1,0.03,2.0,10.0,30,0.15123094958968347,17.346938775510203,13.232104121475055,61,31,30,8.905109489051096,10.726643598615917,7.575757575757576,2.1147540983606556,2.193548387096774,2.033333333333333,1.6983050847457628,1.0918918918918918,1.0416666666666667,2,2
23,0.3,10.0,0.7,10.0,9,3.0,50,True,True,0.1,0.03,2.0,10.0,31,0.15261958997722094,17.480719794344473,13.496932515337424,63,31,32,8.885754583921015,10.726643598615917,7.6190476190476195,2.126984126984127,2.193548387096774,2.0625,1.6928104575163399,1.0793650793650793,1.04,2,2
23,0.3,10.0,0.7,10.0,9,3.0,50,True,True,0.1,0.03,2.0,10.0,32,0.15597345132743362,17.402597402597404,14.258188824662813,66,31,35,8.979591836734693,10.726643598615917,7.847533632286996,2.1363636363636362,2.161290322580645,2.1142857142857143,1.6523076923076923,1.0904255319148937,1.0384615384615385,2,2
23,0.3,10.0,0.7,10.0,9,3.0,50,True,True,0.1,0.03,2.0,10.0,33,0.1611170784103115,16.927083333333336,15.539305301645337,70,30,40,9.247027741083222,10.380622837370241,8.547008547008547,2.142857142857143,2.1666666666666665,2.125,1.6607142857142858,1.0894736842105264,1.0375,2,2
23,0.3,10.0,0.7,10.0,9,3.0,50,True,True,0.1,0.03,2.0,10.0,34,0.15762004175365343,16.27296587926509,15.424610051993067,71,29,42,9.102564102564102,10.104529616724738,8.519269776876268,2.1267605633802815,2.1379310344827585,2.119047619047619,1.6373937677053825,1.0824742268041236,1.0493827160493827,2,2
23,0.3,10.0,0.7,10.0,9,3.0,50,True,True,0.1,0.03,2.0,10.0,35,0.1511156186612576,15.625,14.784053156146179,70,28,42,8.695652173913043,9.688581314878892,8.13953488372093,2.1285714285714286,2.142857142857143,2.119047619047619,1.6124661246612466,1.0845771144278606,1.0548780487804879,2,2
23,0.3,10.0,0.7,10.0,9,3.0,50,True,True,0.1,0.03,2.0,10.0,36,0.1566502463054187,15.584415584415584,15.714285714285714,75,28,47,9.047044632086852,9.688581314878892,8.703703703703704,2.12,2.142857142857143,2.106382978723404,1.6151832460732984,1.0829268292682928,1.0538922155688624,2,2
23,0.3,10.0,0.7,10.0,9,3.0,50,True,True,0.1,0.03,2.0,10.0,37,0.16076555023923444,14.921465968586386,16.7420814479638,79,27,52,9.218203033838973,9.375,9.13884007029877,2.1265822784810124,2.111111111111111,2.1346153846153846,1.605,1.0761904761904761,1.0535714285714286,2,2
23,0.3,10.0,0.7,10.0,9,3.0,50,True,True,0.1,0.03,2.0,10.0,38,0.16263940520446096,14.921465968586386,17.002881844380404,81,27,54,9.183673469387756,9.342560553633218,9.106239460370995,2.1604938271604937,2.111111111111111,2.185185185185185,1.603864734299517,1.0737327188940091,1.0529411764705883,2,2
23,0.3,10.0,0.7,10.0,9,3.0,50,True,True,0.1,0.03,2.0,10.0,39,0.1651624548736462,14.960629921259844,17.33149931224209,85,27,58,9.330406147091107,9.342560553633218,9.32475884244373,2.152941176470588,2.111111111111111,2.1724137931034484,1.5885057471264368,1.0790697674418606,1.0511363636363635,2,2
23,0.3,10.0,0.7,10.0,9,3.0,50,True,True,0.1,0.03,2.0,10.0,40,0.16739702015775634,14.473684210526317,17.871222076215506,89,26,63,9.46808510638298,8.996539792387544,9.67741935483871,2.146067415730337,2.1153846153846154,2.1587301587301586,1.5853658536585367,1.0810810810810811,1.0508474576271187,2,2
23,0.3,10.0,0.7,10.0,9,3.0,50,True,True,0.1,0.03,2.0,10.0,41,0.1702127659574468,14.285714285714285,18.318695106649937,94,26,68,9.680741503604532,8.996539792387544,9.970674486803519,2.127659574468085,2.076923076923077,2.1470588235294117,1.578723404255319,1.0748898678414096,1.05,2,2
23,0.3,10.0,0.7,10.0,9,3.0,50,True,True,0.1,0.03,2.0,10.0,42,0.17603305785123968,13.829787234042554,19.304556354916066,99,25,74,9.90990990990991,8.680555555555555,10.40787623066104,2.1515151515151514,2.08,2.175675675675676,1.5864197530864197,1.0704845814977975,1.0481283422459893,2,2
23,0.3,10.0,0.7,10.0,9,3.0,50,True,True,0.1,0.03,2.0,10.0,43,0.17576243980738362,13.756613756613756,19.23963133640553,102,25,77,9.912536443148689,8.680555555555555,10.39136302294197,2.1470588235294117,2.08,2.168831168831169,1.5801980198019803,1.084070796460177,1.0463917525773196,2,2
23,0.3,10.0,0.7,10.0,9,3.0,50,True,True,0.1,0.03,2.0,10.0,44,0.17147310989867498,12.8,18.94273127753304,102,23,79,9.586466165413533,7.986111111111111,10.18041237113402,2.156862745098039,2.0869565217391304,2.1772151898734178,1.551789077212806,1.0913043478260869,1.0452261306532664,2,2
23,0.3,10.0,0.7,10.0,9,3.0,50,True,True,0.1,0.03,2.0,10.0,45,0.17032551097653292,12.868632707774799,18.670886075949365,103,23,80,9.372156505914468,7.958477508650519,9.876543209876543,2.1844660194174756,2.0869565217391304,2.2125,1.5377697841726619,1.0759493670886076,1.0445544554455446,2,2
23,0.3,10.0,0.7,10.0,9,3.0,50,True,True,0.1,0.03,2.0,10.0,46,0.1713235294117647,11.891891891891893,19.090909090909093,106,21,85,9.347442680776014,7.291666666666667,10.047281323877069,2.19811320754717,2.0952380952380953,2.223529411764706,1.5347222222222223,1.0658436213991769,1.0432692307692308,2,2
23,0.3,10.0,0.7,10.0,9,3.0,50,True,True,0.1,0.03,2.0,10.0,47,0.17642857142857143,11.827956989247312,19.747081712062258,112,21,91,9.605488850771868,7.26643598615917,10.376282782212087,2.205357142857143,2.0952380952380953,2.230769230769231,1.5440677966101695,1.0597609561752988,1.0469483568075117,2,2
23,0.3,10.0,0.7,10.0,9,3.0,50,True,True,0.1,0.03,2.0,10.0,48,0.1768377253814147,10.354223433242508,20.186046511627907,116,18,98,9.626556016597512,6.2717770034843205,10.675381263616558,2.1982758620689653,2.111111111111111,2.2142857142857144,1.5384615384615385,1.0570342205323193,1.0467289719626167,2,2
23,0.3,10.0,0.7,10.0,9,3.0,50,True,True,0.1,0.03,2.0,10.0,49,0.17845117845117844,10.382513661202186,20.285969615728327,120,18,102,9.654062751407883,6.25,10.68062827225131,2.2083333333333335,2.111111111111111,2.2254901960784315,1.531347962382445,1.0574712643678161,1.045045045045045,2,2
23,0.3,10.0,0.7,10.0,9,3.0,50,True,True,0.1,0.03,2.0,10.0,50,0.17658600392413343,10.354223433242508,19.965576592082616,122,18,104,9.50896336710834,6.228373702422145,10.46277665995976,2.2131147540983607,2.111111111111111,2.230769230769231,1.5203007518796992,1.048689138576779,1.043859649122807,2,2
24,0.3,10.0,0.7,10.0,9,3.0,50,True,True,0.1,0.03,2.0,10.0,0,0.0,0.0,0.0,0,0,0,0.0,0.0,0.0,0.0,0.0,0.0,1.0,1.0,1.0,0,0
24,0.3,10.0,0.7,10.0,9,3.0,50,True,True,0.1,0.03,2.0,10.0,1,0.02425876010781671,3.061224489795918,0.0,4,4,0,1.092896174863388,1.384083044982699,0.0,2.25,2.25,0.0,1.0520231213872833,1.0,1.0,2,2
24,0.3,10.0,0.7,10.0,9,3.0,50,True,True,0.1,0.03,2.0,10.0,2,0.0549738219895288,7.000000000000001,0.0,10,10,0,2.6954177897574128,3.4602076124567476,0.0,2.1,2.1,0.0,1.1124260355029585,1.0161290322580645,1.0,2,2
24,0.3,10.0,0.7,10.0,9,3.0,50,True,True,0.1,0.03,2.0,10.0,3,0.08396946564885496,10.299003322259136,2.1739130434782608,16,15,1,4.25531914893617,5.263157894736842,1.098901098901099,2.0625,2.066666666666667,2.0,1.1829268292682926,1.0232558139534884,1.0,2,2
24,0.3,10.0,0.7,10.0,9,3.0,50,True,True,0.1,0.03,2.0,10.0,4,0.11633663366336634,13.96103896103896,4.166666666666666,22,20,2,5.835543766578249,7.06713780918728,2.127659574468085,2.1363636363636362,2.15,2.0,1.303225806451613,1.023076923076923,1.0,2,2
24,0.3,10.0,0.7,10.0,9,3.0,50,True,True,0.1,0.03,2.0,10.0,5,0.14903846153846154,18.412698412698415,3.9603960396039604,26,24,2,7.027027027027027,8.856088560885608,2.0202020202020203,2.3846153846153846,2.4166666666666665,2.0,1.5144927536231885,1.0150375939849625,1.0,2,2
24,0.3,10.0,0.7,10.0,9,3.0,50,True,True,0.1,0.03,2.0,10.0,6,0.1588785046728972,19.875776397515526,3.7735849056603774,29,27,2,7.754010695187167,10.0,1.9230769230769231,2.3448275862068964,2.3703703703703702,2.0,1.6029411764705883,1.0150375939849625,1.0,2,2
24,0.3,10.0,0.7,10.0,9,3.0,50,True,True,0.1,0.03,2.0,10.0,7,0.1590909090909091,19.879518072289155,3.7037037037037033,30,28,2,7.936507936507936,10.294117647058822,1.8867924528301887,2.3333333333333335,2.357142857142857,2.0,1.661764705882353,1.0147058823529411,1.0,2,2
24,0.3,10.0,0.7,10.0,9,3.0,50,True,True,0.1,0.03,2.0,10.0,8,0.17660044150110377,22.157434402332363,3.6363636363636362,35,33,2,9.186351706036746,12.087912087912088,1.8518518518518516,2.2857142857142856,2.303030303030303,2.0,1.8076923076923077,1.0144927536231885,1.0,2,2
24,0.3,10.0,0.7,10.0,9,3.0,50,True,True,0.1,0.03,2.0,10.0,9,0.18025751072961374,22.857142857142858,3.4482758620689653,37,35,2,9.511568123393316,12.681159420289855,1.7699115044247788,2.27027027027027,2.2857142857142856,2.0,1.8222222222222222,1.0291970802919708,1.0,2,2
24,0.3,10.0,0.7,10.0,9,3.0,50,True,True,0.1,0.03,2.0,10.0,10,0.17954070981210857,23.03370786516854,3.2520325203252036,38,36,2,9.547738693467336,12.949640287769784,1.6666666666666667,2.263157894736842,2.2777777777777777,2.0,1.8273381294964028,1.0289855072463767,1.0,2,2
24,0.3,10.0,0.7,10.0,9,3.0,50,True,True,0.1,0.03,2.0,10.0,11,0.18255578093306288,22.950819672131146,4.724409448818897,40,37,3,9.900990099009901,13.167259786476867,2.4390243902439024,2.25,2.27027027027027,2.0,1.8661971830985915,1.037313432835821,1.0113636363636365,2,2
24,0.3,10.0,0.7,10.0,9,3.0,50,True,True,0.1,0.03,2.0,10.0,12,0.1854043392504931,23.59249329758713,4.477611940298507,42,39,3,10.24390243902439,13.928571428571429,2.307692307692308,2.238095238095238,2.2564102564102564,2.0,1.9027777777777777,1.0597014925373134,1.011111111111111,2,2
24,0.3,10.0,0.7,10.0,9,3.0,50,True,True,0.1,0.03,2.0,10.0,13,0.19157088122605365,24.80211081794195,4.195804195804196,45,42,3,10.79136690647482,15.053763440860216,2.1739130434782608,2.2222222222222223,2.238095238095238,2.0,1.9788732394366197,1.0724637681159421,1.0108695652173914,2,2
24,0.3,10.0,0.7,10.0,9,3.0,50,True,True,0.1,0.03,2.0,10.0,14,0.1973929236499069,25.257731958762886,5.369127516778524,48,44,4,11.294117647058824,15.602836879432624,2.797202797202797,2.2083333333333335,2.227272727272727,2.0,2.0354609929078014,1.0902777777777777,1.0108695652173914,2,2
24,0.3,10.0,0.7,10.0,9,3.0,50,True,True,0.1,0.03,2.0,10.0,15,0.19168173598553345,24.93638676844784,5.0,48,44,4,11.009174311926607,15.547703180212014,2.6143790849673203,2.2083333333333335,2.227272727272727,2.0,2.0135135135135136,1.096551724137931,1.0105263157894737,2,2
24,0.3,10.0,0.7,10.0,9,3.0,50,True,True,0.1,0.03,2.0,10.0,16,0.18980667838312829,24.873096446700508,5.714285714285714,49,44,5,10.9375,15.602836879432624,3.0120481927710845,2.204081632653061,2.227272727272727,2.0,2.0197368421052633,1.0927152317880795,1.0104166666666667,2,2
24,0.3,10.0,0.7,10.0,9,3.0,50,True,True,0.1,0.03,2.0,10.0,17,0.1945392491467577,24.873096446700508,8.333333333333332,52,44,8,11.304347826086957,15.602836879432624,4.49438202247191,2.1923076923076925,2.227272727272727,2.0,2.0125786163522013,1.1066666666666667,1.0101010101010102,2,2
24,0.3,10.0,0.7,10.0,9,3.0,50,True,True,0.1,0.03,2.0,10.0,18,0.1956882255389718,25.628140703517587,7.804878048780488,54,46,8,11.513859275053305,16.428571428571427,4.232804232804233,2.185185185185185,2.217391304347826,2.0,2.0754716981132075,1.119205298013245,1.0097087378640777,2,2
24,0.3,10.0,0.7,10.0,9,3.0,50,True,True,0.1,0.03,2.0,10.0,19,0.1932367149758454,26.0,7.239819004524888,55,47,8,11.316872427983538,16.666666666666664,3.9215686274509802,2.1818181818181817,2.2127659574468086,2.0,2.0058479532163744,1.1096774193548387,1.0095238095238095,2,2
24,0.3,10.0,0.7,10.0,9,3.0,50,True,True,0.1,0.03,2.0,10.0,20,0.20187793427230047,26.550868486352357,9.322033898305085,59,48,11,11.823647294589177,16.901408450704224,5.116279069767442,2.1864406779661016,2.2291666666666665,2.0,2.04,1.1103896103896105,1.009090909090909,2,2
24,0.3,10.0,0.7,10.0,9,3.0,50,True,True,0.1,0.03,2.0,10.0,21,0.19908814589665655,25.735294117647058,10.4,60,47,13,11.71875,16.376306620209057,5.777777777777778,2.183333333333333,2.234042553191489,2.0,2.033333333333333,1.119496855345912,1.008849557522124,2,2
24,0.3,10.0,0.7,10.0,9,3.0,50,True,True,0.1,0.03,2.0,10.0,22,0.18759231905465287,25.183374083129586,8.955223880597014,58,46,12,10.964083175803403,15.916955017301039,5.0,2.189655172413793,2.239130434782609,2.0,1.9637305699481866,1.1257861635220126,1.017094017094017,2,2
24,0.3,10.0,0.7,10.0,9,3.0,50,True,True,0.1,0.03,2.0,10.0,23,0.18507890961262555,25.121951219512194,9.059233449477352,59,46,13,10.805860805860807,15.916955017301039,5.058365758754864,2.1864406779661016,2.239130434782609,2.0,1.9502487562189055,1.1090909090909091,1.0166666666666666,2,2
24,0.3,10.0,0.7,10.0,9,3.0,50,True,True,0.1,0.03,2.0,10.0,24,0.17573221757322174,24.509803921568626,8.414239482200648,58,45,13,10.28368794326241,15.625,4.710144927536232,2.1724137931034484,2.2222222222222223,2.0,1.892018779342723,1.1098265895953756,1.0166666666666666,2,2
24,0.3,10.0,0.7,10.0,9,3.0,50,True,True,0.1,0.03,2.0,10.0,25,0.1802168021680217,24.390243902439025,10.060975609756099,61,45,16,10.627177700348431,15.625,5.594405594405594,2.180327868852459,2.2222222222222223,2.0625,1.917808219178082,1.1162790697674418,1.0327868852459017,2,2
24,0.3,10.0,0.7,10.0,9,3.0,50,True,True,0.1,0.03,2.0,10.0,26,0.18026315789473685,23.844282238442823,11.174785100286533,63,44,19,10.677966101694915,15.22491349480969,6.312292358803987,2.1746031746031744,2.227272727272727,2.0526315789473686,1.920704845814978,1.128654970760234,1.031496062992126,2,2
24,0.3,10.0,0.7,10.0,9,3.0,50,True,True,0.1,0.03,2.0,10.0,27,0.17519181585677748,23.78640776699029,10.54054054054054,63,44,19,10.327868852459018,15.22491349480969,5.919003115264798,2.1746031746031744,2.227272727272727,2.0526315789473686,1.8672199170124482,1.1264367816091954,1.0381679389312977,2,2
24,0.3,10.0,0.7,10.0,9,3.0,50,True,True,0.1,0.03,2.0,10.0,28,0.17763975155279504,22.815533980582526,12.46819338422392,66,42,24,10.509554140127388,14.53287197231834,7.079646017699115,2.1666666666666665,2.238095238095238,2.0416666666666665,1.876984126984127,1.111764705882353,1.036231884057971,2,2
24,0.3,10.0,0.7,10.0,9,3.0,50,True,True,0.1,0.03,2.0,10.0,29,0.17490952955367914,22.27602905569007,12.740384615384615,67,41,26,10.339506172839506,14.186851211072666,7.242339832869081,2.1641791044776117,2.2439024390243905,2.0384615384615383,1.8464419475655431,1.1104651162790697,1.0283687943262412,2,2
24,0.3,10.0,0.7,10.0,9,3.0,50,True,True,0.1,0.03,2.0,10.0,30,0.17819460726846426,22.815533980582526,13.151927437641723,70,42,28,10.479041916167663,14.53287197231834,7.387862796833773,2.1714285714285713,2.238095238095238,2.0714285714285716,1.8273381294964028,1.11864406779661,1.027972027972028,2,2
24,0.3,10.0,0.7,10.0,9,3.0,50,True,True,0.1,0.03,2.0,10.0,31,0.1765375854214123,21.76039119804401,14.072494669509595,72,40,32,10.419681620839363,13.84083044982699,7.960199004975125,2.1527777777777777,2.225,2.0625,1.8096885813148789,1.1277777777777778,1.027027027027027,2,2
24,0.3,10.0,0.7,10.0,9,3.0,50,True,True,0.1,0.03,2.0,10.0,32,0.17809734513274336,21.813725490196077,14.516129032258066,75,40,35,10.504201680672269,13.84083044982699,8.235294117647058,2.1466666666666665,2.225,2.057142857142857,1.7704918032786885,1.1475409836065573,1.0266666666666666,2,2
24,0.3,10.0,0.7,10.0,9,3.0,50,True,True,0.1,0.03,2.0,10.0,33,0.1761546723952739,20.98765432098765,15.019011406844108,76,38,38,10.29810298102981,13.194444444444445,8.444444444444445,2.1578947368421053,2.236842105263158,2.0789473684210527,1.7399380804953561,1.1405405405405404,1.0326797385620916,2,2
24,0.3,10.0,0.7,10.0,9,3.0,50,True,True,0.1,0.03,2.0,10.0,34,0.17536534446764093,20.44334975369458,15.39855072463768,78,37,41,10.317460317460316,12.937062937062937,8.72340425531915,2.1538461538461537,2.2432432432432434,2.073170731707317,1.744047619047619,1.135135135135135,1.0318471337579618,2,2
24,0.3,10.0,0.7,10.0,9,3.0,50,True,True,0.1,0.03,2.0,10.0,35,0.17342799188640973,20.34313725490196,15.22491349480969,79,37,42,10.10230179028133,12.802768166089965,8.519269776876268,2.1645569620253164,2.2432432432432434,2.0952380952380953,1.7106741573033708,1.135135135135135,1.0308641975308641,2,2
24,0.3,10.0,0.7,10.0,9,3.0,50,True,True,0.1,0.03,2.0,10.0,36,0.17044334975369457,19.950738916256157,15.10673234811166,80,36,44,9.88875154511743,12.5,8.445297504798464,2.1625,2.25,2.090909090909091,1.6737400530503979,1.1538461538461537,1.029585798816568,2,2
24,0.3,10.0,0.7,10.0,9,3.0,50,True,True,0.1,0.03,2.0,10.0,37,0.16937799043062202,19.41031941031941,15.360501567398119,82,35,47,9.808612440191387,12.110726643598616,8.592321755027422,2.158536585365854,2.257142857142857,2.0851063829787235,1.650753768844221,1.1555555555555554,1.0285714285714285,2,2
24,0.3,10.0,0.7,10.0,9,3.0,50,True,True,0.1,0.03,2.0,10.0,38,0.17193308550185873,18.610421836228287,16.344725111441306,85,33,52,9.883720930232558,11.498257839721255,9.07504363001745,2.176470588235294,2.272727272727273,2.1153846153846154,1.6520681265206814,1.1497326203208555,1.0282485875706215,2,2
24,0.3,10.0,0.7,10.0,9,3.0,50,True,True,0.1,0.03,2.0,10.0,39,0.1723826714801444,18.564356435643564,16.477272727272727,88,33,55,9.90990990990991,11.418685121107266,9.181969949916526,2.1704545454545454,2.272727272727273,2.109090909090909,1.6440281030444965,1.1458333333333333,1.0276243093922652,2,2
24,0.3,10.0,0.7,10.0,9,3.0,50,True,True,0.1,0.03,2.0,10.0,40,0.17002629272567923,18.610421836228287,16.124661246612465,89,33,56,9.66340933767644,11.458333333333332,8.846761453396525,2.1797752808988764,2.272727272727273,2.125,1.6177777777777778,1.1326530612244898,1.0268817204301075,2,2
24,0.3,10.0,0.7,10.0,9,3.0,50,True,True,0.1,0.03,2.0,10.0,41,0.16680851063829788,17.980295566502463,15.99479843953186,90,32,58,9.46372239747634,11.072664359861593,8.761329305135952,2.1777777777777776,2.28125,2.1206896551724137,1.603411513859275,1.1330049261083743,1.0265957446808511,2,2
24,0.3,10.0,0.7,10.0,9,3.0,50,True,True,0.1,0.03,2.0,10.0,42,0.1669421487603306,17.936117936117938,16.064757160647574,93,32,61,9.480122324159021,11.11111111111111,8.802308802308803,2.172043010752688,2.28125,2.1147540983606556,1.5922131147540983,1.124401913875598,1.036649214659686,2,2
24,0.3,10.0,0.7,10.0,9,3.0,50,True,True,0.1,0.03,2.0,10.0,43,0.1653290529695024,17.530864197530864,16.05231866825208,95,31,64,9.368836291913215,10.76388888888889,8.81542699724518,2.168421052631579,2.2903225806451615,2.109375,1.5826771653543308,1.1157407407407407,1.0414507772020725,2,2
24,0.3,10.0,0.7,10.0,9,3.0,50,True,True,0.1,0.03,2.0,10.0,44,0.16835541699142634,18.337408312958438,16.132723112128147,97,31,66,9.300095877277085,10.726643598615917,8.753315649867375,2.2268041237113403,2.4193548387096775,2.1363636363636362,1.5795454545454546,1.1111111111111112,1.0398009950248757,2,2
24,0.3,10.0,0.7,10.0,9,3.0,50,True,True,0.1,0.03,2.0,10.0,45,0.17259651778955337,18.337408312958438,16.776315789473685,102,31,71,9.514925373134329,10.726643598615917,9.067688378033207,2.235294117647059,2.4193548387096775,2.1549295774647885,1.5863970588235294,1.1090909090909091,1.0388349514563107,2,2
24,0.3,10.0,0.7,10.0,9,3.0,50,True,True,0.1,0.03,2.0,10.0,46,0.17205882352941176,17.69041769041769,16.998950682056662,105,30,75,9.467989179440938,10.380622837370241,9.146341463414634,2.2285714285714286,2.4,2.16,1.5721830985915493,1.105726872246696,1.0384615384615385,2,2
24,0.3,10.0,0.7,10.0,9,3.0,50,True,True,0.1,0.03,2.0,10.0,47,0.1742857142857143,17.77777777777778,17.28643216080402,109,30,79,9.511343804537521,10.380622837370241,9.218203033838973,2.238532110091743,2.4,2.1772151898734178,1.5625,1.0952380952380953,1.0373831775700935,2,2
24,0.3,10.0,0.7,10.0,9,3.0,50,True,True,0.1,0.03,2.0,10.0,48,0.18169209431345354,17.77777777777778,18.322082931533267,116,30,86,9.863945578231291,10.380622837370241,9.695603156708005,2.2586206896551726,2.4,2.2093023255813953,1.5789473684210527,1.0960698689956332,1.0358744394618835,2,2
24,0.3,10.0,0.7,10.0,9,3.0,50,True,True,0.1,0.03,2.0,10.0,49,0.1797979797979798,16.87344913151365,18.391866913123845,118,28,90,9.703947368421053,9.688581314878892,9.70873786407767,2.26271186440678,2.4285714285714284,2.2111111111111112,1.5646687697160884,1.096638655462185,1.0357142857142858,2,2
24,0.3,10.0,0.7,10.0,9,3.0,50,True,True,0.1,0.03,2.0,10.0,50,0.18116415958142576,16.458852867830423,18.70567375886525,122,27,95,9.7366320830008,9.342560553633218,9.854771784232366,2.2704918032786887,2.4444444444444446,2.221052631578947,1.5545454545454545,1.1054852320675106,1.0343347639484979,2,2
25,0.3,10.0,0.7,10.0,9,3.0,50,True,True,0.1,0.03,2.0,10.0,0,0.0,0.0,0.0,0,0,0,0.0,0.0,0.0,0.0,0.0,0.0,1.0,1.0,1.0,0,0
25,0.3,10.0,0.7,10.0,9,3.0,50,True,True,0.1,0.03,2.0,10.0,1,0.016172506738544475,2.054794520547945,0.0,3,3,0,0.8152173913043478,1.0380622837370241,0.0,2.0,2.0,0.0,1.0346820809248556,1.0,1.0,2,2
25,0.3,10.0,0.7,10.0,9,3.0,50,True,True,0.1,0.03,2.0,10.0,2,0.05235602094240838,6.688963210702341,0.0,10,10,0,2.6881720430107525,3.4602076124567476,0.0,2.0,2.0,0.0,1.1077844311377245,1.0155038759689923,1.0,2,2
25,0.3,10.0,0.7,10.0,9,3.0,50,True,True,0.1,0.03,2.0,10.0,3,0.05597964376590331,7.333333333333333,0.0,11,11,0,2.8795811518324608,3.8062283737024223,0.0,2.0,2.0,0.0,1.1242603550295858,1.0144927536231885,1.0,2,2
25,0.3,10.0,0.7,10.0,9,3.0,50,True,True,0.1,0.03,2.0,10.0,4,0.0594059405940594,8.080808080808081,0.0,12,12,0,3.0690537084398977,4.225352112676056,0.0,2.0,2.0,0.0,1.1411764705882352,1.0136986301369864,1.0,2,2
25,0.3,10.0,0.7,10.0,9,3.0,50,True,True,0.1,0.03,2.0,10.0,5,0.08653846153846154,12.040133779264215,0.0,17,17,0,4.358974358974359,6.227106227106227,0.0,2.1176470588235294,2.1176470588235294,0.0,1.25625,1.0133333333333334,1.0,2,2
25,0.3,10.0,0.7,10.0,9,3.0,50,True,True,0.1,0.03,2.0,10.0,6,0.09345794392523364,12.903225806451612,0.0,19,19,0,4.810126582278481,6.859205776173286,0.0,2.1052631578947367,2.1052631578947367,0.0,1.3121019108280254,1.0124223602484472,1.0172413793103448,2,2
25,0.3,10.0,0.7,10.0,9,3.0,50,True,True,0.1,0.03,2.0,10.0,7,0.10454545454545454,14.64968152866242,0.0,22,22,0,5.5,8.02919708029197,0.0,2.090909090909091,2.090909090909091,0.0,1.3806451612903226,1.0123456790123457,1.0163934426229508,2,2
25,0.3,10.0,0.7,10.0,9,3.0,50,True,True,0.1,0.03,2.0,10.0,8,0.1346578366445916,18.711656441717793,0.0,23,23,0,5.793450881612091,8.518518518518519,0.0,2.652173913043478,2.652173913043478,0.0,1.5066666666666666,1.0123456790123457,1.0161290322580645,2,2
25,0.3,10.0,0.7,10.0,9,3.0,50,True,True,0.1,0.03,2.0,10.0,9,0.13304721030042918,18.507462686567163,0.0,23,23,0,5.7356608478802995,8.518518518518519,0.0,2.6956521739130435,2.6956521739130435,0.0,1.5562913907284768,1.0186335403726707,1.0151515151515151,2,2
25,0.3,10.0,0.7,10.0,9,3.0,50,True,True,0.1,0.03,2.0,10.0,10,0.1336116910229645,18.075801749271136,1.4705882352941175,24,23,1,5.853658536585367,8.363636363636363,0.7407407407407408,2.6666666666666665,2.6956521739130435,2.0,1.596026490066225,1.0179640718562875,1.0149253731343284,2,2
25,0.3,10.0,0.7,10.0,9,3.0,50,True,True,0.1,0.03,2.0,10.0,11,0.15010141987829614,20.396600566572236,1.4285714285714286,28,27,1,6.779661016949152,9.854014598540147,0.7194244604316548,2.642857142857143,2.6666666666666665,2.0,1.6845637583892616,1.0303030303030303,1.0140845070422535,2,2
25,0.3,10.0,0.7,10.0,9,3.0,50,True,True,0.1,0.03,2.0,10.0,12,0.15384615384615385,20.994475138121548,1.3793103448275863,30,29,1,7.159904534606206,10.507246376811594,0.6993006993006993,2.6,2.6206896551724137,2.0,1.74496644295302,1.035928143712575,1.0136986301369864,2,2
25,0.3,10.0,0.7,10.0,9,3.0,50,True,True,0.1,0.03,2.0,10.0,13,0.1685823754789272,22.5201072386059,2.684563758389262,35,33,2,8.293838862559241,11.870503597122301,1.3888888888888888,2.5142857142857142,2.5454545454545454,2.0,1.8551724137931034,1.0602409638554218,1.013157894736842,2,2
25,0.3,10.0,0.7,10.0,9,3.0,50,True,True,0.1,0.03,2.0,10.0,14,0.1713221601489758,23.342175066312997,2.5,37,35,2,8.584686774941995,12.63537906137184,1.2987012987012987,2.4864864864864864,2.5142857142857142,2.0,1.9109589041095891,1.0532544378698225,1.0389610389610389,2,2
25,0.3,10.0,0.7,10.0,9,3.0,50,True,True,0.1,0.03,2.0,10.0,15,0.17721518987341772,24.083769633507853,3.508771929824561,40,37,3,9.049773755656108,13.261648745519713,1.8404907975460123,2.45,2.4864864864864864,2.0,1.92,1.052325581395349,1.05,2,2
25,0.3,10.0,0.7,10.0,9,3.0,50,True,True,0.1,0.03,2.0,10.0,16,0.1757469244288225,24.22680412371134,3.314917127071823,41,38,3,9.090909090909092,13.620071684587815,1.744186046511628,2.4390243902439024,2.473684210526316,2.0,1.89171974522293,1.08,1.064102564102564,2,2
25,0.3,10.0,0.7,10.0,9,3.0,50,True,True,0.1,0.03,2.0,10.0,17,0.17747440273037543,24.427480916030532,4.145077720207254,43,39,4,9.267241379310345,13.829787234042554,2.197802197802198,2.4186046511627906,2.4615384615384617,2.0,1.906832298136646,1.08,1.0588235294117647,2,2
25,0.3,10.0,0.7,10.0,9,3.0,50,True,True,0.1,0.03,2.0,10.0,18,0.1724709784411277,24.561403508771928,2.941176470588235,43,40,3,9.033613445378151,14.084507042253522,1.5625,2.4186046511627906,2.45,2.0,1.9036144578313252,1.089385474860335,1.0574712643678161,2,2
25,0.3,10.0,0.7,10.0,9,3.0,50,True,True,0.1,0.03,2.0,10.0,19,0.1706924315619968,24.19753086419753,3.7037037037037033,44,40,4,9.053497942386832,14.084507042253522,1.9801980198019802,2.409090909090909,2.45,2.0,1.9186046511627908,1.0888888888888888,1.0555555555555556,2,2
25,0.3,10.0,0.7,10.0,9,3.0,50,True,True,0.1,0.03,2.0,10.0,20,0.16588419405320814,23.902439024390244,3.4934497816593884,44,40,4,8.799999999999999,13.986013986013987,1.8691588785046727,2.409090909090909,2.45,2.0,1.9,1.092896174863388,1.0543478260869565,2,2
25,0.3,10.0,0.7,10.0,9,3.0,50,True,True,0.1,0.03,2.0,10.0,21,0.1641337386018237,24.03846153846154,3.3057851239669422,45,41,4,8.737864077669903,14.23611111111111,1.762114537444934,2.4,2.4390243902439024,2.0,1.8783068783068784,1.0923913043478262,1.0515463917525774,2,2
25,0.3,10.0,0.7,10.0,9,3.0,50,True,True,0.1,0.03,2.0,10.0,22,0.18020679468242246,24.70308788598575,7.03125,52,43,9,9.94263862332696,14.982578397212542,3.8135593220338984,2.3461538461538463,2.4186046511627906,2.0,1.9523809523809523,1.108695652173913,1.0612244897959184,2,2
25,0.3,10.0,0.7,10.0,9,3.0,50,True,True,0.1,0.03,2.0,10.0,23,0.16929698708751795,23.923444976076556,6.451612903225806,50,41,9,9.22509225092251,14.285714285714285,3.5294117647058822,2.36,2.4390243902439024,2.0,1.8829268292682926,1.111731843575419,1.0566037735849056,2,2
25,0.3,10.0,0.7,10.0,9,3.0,50,True,True,0.1,0.03,2.0,10.0,24,0.16457461645746166,23.75296912114014,6.081081081081082,50,41,9,8.928571428571429,14.186851211072666,3.3210332103321036,2.36,2.4390243902439024,2.0,1.834862385321101,1.0913978494623655,1.0754716981132075,2,2
25,0.3,10.0,0.7,10.0,9,3.0,50,True,True,0.1,0.03,2.0,10.0,25,0.15989159891598917,23.980815347721823,5.607476635514018,50,41,9,8.635578583765112,14.285714285714285,3.0821917808219177,2.36,2.4390243902439024,2.0,1.793103448275862,1.0846560846560847,1.0833333333333333,2,2
25,0.3,10.0,0.7,10.0,9,3.0,50,True,True,0.1,0.03,2.0,10.0,26,0.15526315789473685,23.809523809523807,5.294117647058823,50,41,9,8.403361344537815,14.186851211072666,2.941176470588235,2.36,2.4390243902439024,2.0,1.7745901639344261,1.0904255319148937,1.079646017699115,2,2
25,0.3,10.0,0.7,10.0,9,3.0,50,True,True,0.1,0.03,2.0,10.0,27,0.1534526854219949,23.923444976076556,5.4945054945054945,51,41,10,8.31973898858075,14.186851211072666,3.0864197530864197,2.3529411764705883,2.4390243902439024,2.0,1.7451737451737452,1.0890052356020943,1.0892857142857142,2,2
25,0.3,10.0,0.7,10.0,9,3.0,50,True,True,0.1,0.03,2.0,10.0,28,0.1515527950310559,24.401913875598087,5.167958656330749,52,42,10,8.201892744479496,14.53287197231834,2.898550724637681,2.3461538461538463,2.4285714285714284,2.0,1.7222222222222223,1.0918367346938775,1.0862068965517242,2,2
25,0.3,10.0,0.7,10.0,9,3.0,50,True,True,0.1,0.03,2.0,10.0,29,0.14837153196622438,23.557692307692307,6.053268765133172,52,40,12,7.938931297709924,13.88888888888889,3.2697547683923704,2.3653846153846154,2.45,2.0833333333333335,1.7117437722419928,1.0909090909090908,1.0819672131147542,2,2
25,0.3,10.0,0.7,10.0,9,3.0,50,True,True,0.1,0.03,2.0,10.0,30,0.14654161781946073,23.132530120481928,6.621004566210045,53,39,14,7.840236686390532,13.541666666666666,3.608247422680412,2.358490566037736,2.4615384615384617,2.0714285714285716,1.688135593220339,1.0833333333333333,1.089430894308943,2,2
25,0.3,10.0,0.7,10.0,9,3.0,50,True,True,0.1,0.03,2.0,10.0,31,0.1469248291571754,23.501199040767386,6.724511930585683,55,40,15,7.902298850574713,13.84083044982699,3.6855036855036856,2.3454545454545452,2.45,2.066666666666667,1.6688102893890675,1.0895522388059702,1.0852713178294573,2,2
25,0.3,10.0,0.7,10.0,9,3.0,50,True,True,0.1,0.03,2.0,10.0,32,0.1404867256637168,23.300970873786408,6.300813008130081,54,39,15,7.479224376731302,13.588850174216027,3.4482758620689653,2.3518518518518516,2.4615384615384617,2.066666666666667,1.6330275229357798,1.0922330097087378,1.0820895522388059,2,2
25,0.3,10.0,0.7,10.0,9,3.0,50,True,True,0.1,0.03,2.0,10.0,33,0.13426423200859292,22.871046228710462,5.961538461538462,53,38,15,7.066666666666667,13.148788927335639,3.2537960954446854,2.358490566037736,2.473684210526316,2.066666666666667,1.5931232091690544,1.080568720379147,1.0808823529411764,2,2
25,0.3,10.0,0.7,10.0,9,3.0,50,True,True,0.1,0.03,2.0,10.0,34,0.1325678496868476,22.815533980582526,6.043956043956044,54,38,16,6.994818652849741,13.148788927335639,3.3126293995859215,2.3518518518518516,2.473684210526316,2.0625,1.577656675749319,1.080188679245283,1.079136690647482,2,2
25,0.3,10.0,0.7,10.0,9,3.0,50,True,True,0.1,0.03,2.0,10.0,35,0.1308316430020284,22.982885085574573,6.065857885615252,55,38,17,6.866416978776529,13.194444444444445,3.313840155945419,2.3454545454545452,2.473684210526316,2.0588235294117645,1.5424164524421593,1.085308056872038,1.0753424657534247,2,2
25,0.3,10.0,0.7,10.0,9,3.0,50,True,True,0.1,0.03,2.0,10.0,36,0.12315270935960591,21.67487684729064,6.075533661740558,53,35,18,6.385542168674699,12.110726643598616,3.3271719038817005,2.358490566037736,2.5142857142857142,2.0555555555555554,1.5170731707317073,1.0833333333333333,1.0743243243243243,2,2
25,0.3,10.0,0.7,10.0,9,3.0,50,True,True,0.1,0.03,2.0,10.0,37,0.1215311004784689,21.62162162162162,6.112852664576803,54,35,19,6.279069767441861,12.110726643598616,3.327495621716287,2.3518518518518516,2.5142857142857142,2.0526315789473686,1.4782608695652173,1.087962962962963,1.0718954248366013,2,2
25,0.3,10.0,0.7,10.0,9,3.0,50,True,True,0.1,0.03,2.0,10.0,38,0.11988847583643122,21.67487684729064,6.119402985074627,55,35,20,6.165919282511211,12.110726643598616,3.316749585406302,2.3454545454545452,2.5142857142857142,2.05,1.448051948051948,1.095890410958904,1.0705128205128205,2,2
25,0.3,10.0,0.7,10.0,9,3.0,50,True,True,0.1,0.03,2.0,10.0,39,0.1164259927797834,21.052631578947366,6.346967559943582,55,33,22,5.939524838012959,11.458333333333332,3.4482758620689653,2.3454545454545452,2.5454545454545454,2.0454545454545454,1.4250513347022586,1.09375,1.0696202531645569,2,2
25,0.3,10.0,0.7,10.0,9,3.0,50,True,True,0.1,0.03,2.0,10.0,40,0.1165644171779141,21.105527638190953,6.594885598923284,57,33,24,5.956112852664576,11.458333333333332,3.587443946188341,2.3333333333333335,2.5454545454545454,2.0416666666666665,1.411764705882353,1.0884955752212389,1.0736196319018405,2,2
25,0.3,10.0,0.7,10.0,9,3.0,50,True,True,0.1,0.03,2.0,10.0,41,0.11319148936170213,21.105527638190953,6.306306306306306,57,33,24,5.751765893037336,11.418685121107266,3.418803418803419,2.3333333333333335,2.5454545454545454,2.0416666666666665,1.3895131086142323,1.090128755364807,1.0718562874251496,2,2
25,0.3,10.0,0.7,10.0,9,3.0,50,True,True,0.1,0.03,2.0,10.0,42,0.1115702479338843,20.759493670886076,6.5030674846625764,58,32,26,5.636540330417882,11.072664359861593,3.5135135135135136,2.3275862068965516,2.5625,2.0384615384615383,1.3683274021352314,1.0893617021276596,1.069364161849711,2,2
25,0.3,10.0,0.7,10.0,9,3.0,50,True,True,0.1,0.03,2.0,10.0,43,0.10834670947030497,20.253164556962027,6.462984723854288,58,31,27,5.446009389671361,10.726643598615917,3.479381443298969,2.3275862068965516,2.5806451612903225,2.037037037037037,1.3531409168081494,1.0791666666666666,1.073446327683616,2,2
25,0.3,10.0,0.7,10.0,9,3.0,50,True,True,0.1,0.03,2.0,10.0,44,0.10678098207326578,19.796954314720814,6.636670416197974,59,30,29,5.353901996370237,10.380622837370241,3.5670356703567037,2.3220338983050848,2.6,2.0344827586206895,1.3425324675324675,1.0708333333333333,1.0698924731182795,2,2
25,0.3,10.0,0.7,10.0,9,3.0,50,True,True,0.1,0.03,2.0,10.0,45,0.10522331566994701,19.948849104859335,6.559139784946237,60,30,30,5.253940455341506,10.380622837370241,3.5169988276670576,2.316666666666667,2.6,2.033333333333333,1.3297045101088647,1.0612244897959184,1.0618556701030928,2,2
25,0.3,10.0,0.7,10.0,9,3.0,50,True,True,0.1,0.03,2.0,10.0,46,0.10220588235294117,19.587628865979383,6.481481481481481,60,29,31,5.080440304826419,10.069444444444445,3.4714445688689812,2.316666666666667,2.6206896551724137,2.032258064516129,1.3188622754491017,1.05859375,1.0612244897959184,2,2
25,0.3,10.0,0.7,10.0,9,3.0,50,True,True,0.1,0.03,2.0,10.0,47,0.09857142857142857,18.974358974358974,6.336633663366337,60,28,32,4.930156121610517,9.688581314878892,3.4482758620689653,2.3,2.642857142857143,2.0,1.31,1.058139534883721,1.0606060606060606,2,2
25,0.3,10.0,0.7,10.0,9,3.0,50,True,True,0.1,0.03,2.0,10.0,48,0.0957004160887656,19.270833333333336,6.049149338374291,60,28,32,4.758128469468676,9.79020979020979,3.282051282051282,2.3,2.642857142857143,2.0,1.2907608695652173,1.0570342205323193,1.0594059405940595,2,2
25,0.3,10.0,0.7,10.0,9,3.0,50,True,True,0.1,0.03,2.0,10.0,49,0.09427609427609428,19.072164948453608,6.01640838650866,61,28,33,4.6923076923076925,9.722222222222223,3.260869565217391,2.2950819672131146,2.642857142857143,2.0,1.2855280312907431,1.0574712643678161,1.0568720379146919,2,2
25,0.3,10.0,0.7,10.0,9,3.0,50,True,True,0.1,0.03,2.0,10.0,50,0.09156311314584696,18.65284974093264,5.94925634295713,61,27,34,4.538690476190476,9.375,3.2196969696969697,2.2950819672131146,2.6666666666666665,2.0,1.273972602739726,1.0534351145038168,1.055045871559633,2,2
26,0.3,10.0,0.7,10.0,9,3.0,50,True,True,0.1,0.03,2.0,10.0,0,0.0,0.0,0.0,0,0,0,0.0,0.0,0.0,0.0,0.0,0.0,1.0,1.0,1.0,0,0
26,0.3,10.0,0.7,10.0,9,3.0,50,True,True,0.1,0.03,2.0,10.0,1,0.026954177897574125,3.389830508474576,0.0,4,4,0,1.095890410958904,1.384083044982699,0.0,2.5,2.5,0.0,1.0606060606060606,1.0,1.0,2,2
26,0.3,10.0,0.7,10.0,9,3.0,50,True,True,0.1,0.03,2.0,10.0,2,0.0549738219895288,6.976744186046512,0.0,9,9,0,2.4324324324324325,3.1141868512110724,0.0,2.3333333333333335,2.3333333333333335,0.0,1.1320754716981132,1.0,1.0,2,2
26,0.3,10.0,0.7,10.0,9,3.0,50,True,True,0.1,0.03,2.0,10.0,3,0.08651399491094147,11.074918566775244,0.0,13,13,0,3.494623655913978,4.545454545454546,0.0,2.6153846153846154,2.6153846153846154,0.0,1.2038216560509554,1.0155038759689923,1.0,2,2
26,0.3,10.0,0.7,10.0,9,3.0,50,True,True,0.1,0.03,2.0,10.0,4,0.10643564356435643,13.141025641025642,2.1739130434782608,16,15,1,4.289544235924933,5.319148936170213,1.098901098901099,2.6875,2.7333333333333334,2.0,1.304635761589404,1.015625,1.0,2,2
26,0.3,10.0,0.7,10.0,9,3.0,50,True,True,0.1,0.03,2.0,10.0,5,0.12980769230769232,16.1993769470405,2.1052631578947367,19,18,1,5.163043478260869,6.569343065693431,1.0638297872340425,2.8421052631578947,2.888888888888889,2.0,1.4642857142857142,1.015625,1.0,2,2
26,0.3,10.0,0.7,10.0,9,3.0,50,True,True,0.1,0.03,2.0,10.0,6,0.1425233644859813,17.220543806646525,4.123711340206185,21,19,2,5.737704918032787,7.011070110701106,2.1052631578947367,2.9047619047619047,3.0,2.0,1.6090225563909775,1.015267175572519,1.0,2,2
26,0.3,10.0,0.7,10.0,9,3.0,50,True,True,0.1,0.03,2.0,10.0,7,0.16136363636363638,19.5906432748538,4.081632653061225,25,23,2,6.775067750677506,8.424908424908425,2.083333333333333,2.84,2.9130434782608696,2.0,1.7076923076923076,1.0305343511450382,1.0,2,2
26,0.3,10.0,0.7,10.0,9,3.0,50,True,True,0.1,0.03,2.0,10.0,8,0.16556291390728478,20.285714285714285,3.8834951456310676,27,25,2,7.219251336898395,9.124087591240876,2.0,2.7777777777777777,2.84,2.0,1.7751937984496124,1.0289855072463767,1.025,2,2
26,0.3,10.0,0.7,10.0,9,3.0,50,True,True,0.1,0.03,2.0,10.0,9,0.1781115879828326,20.949720670391063,7.4074074074074066,31,27,4,8.157894736842106,9.747292418772563,3.8834951456310676,2.6774193548387095,2.7777777777777777,2.0,1.888,1.0275862068965518,1.0253164556962024,2,2
26,0.3,10.0,0.7,10.0,9,3.0,50,True,True,0.1,0.03,2.0,10.0,10,0.18789144050104384,22.52747252747253,6.956521739130435,34,30,4,8.808290155440414,10.869565217391305,3.6363636363636362,2.6470588235294117,2.7333333333333334,2.0,1.968,1.0275862068965518,1.037037037037037,2,2
26,0.3,10.0,0.7,10.0,9,3.0,50,True,True,0.1,0.03,2.0,10.0,11,0.18255578093306288,22.888283378746593,4.761904761904762,34,31,3,8.564231738035264,11.151079136690647,2.5210084033613445,2.6470588235294117,2.7096774193548385,2.0,1.9111111111111112,1.0354609929078014,1.0348837209302326,2,2
26,0.3,10.0,0.7,10.0,9,3.0,50,True,True,0.1,0.03,2.0,10.0,12,0.17751479289940827,22.400000000000002,4.545454545454546,34,31,3,8.353808353808354,10.99290780141844,2.4,2.6470588235294117,2.7096774193548385,2.0,1.9,1.0347222222222223,1.0337078651685394,2,2
26,0.3,10.0,0.7,10.0,9,3.0,50,True,True,0.1,0.03,2.0,10.0,13,0.18007662835249041,21.818181818181817,7.2992700729927,36,31,5,8.716707021791766,10.839160839160838,3.937007874015748,2.611111111111111,2.7096774193548385,2.0,1.9714285714285715,1.0342465753424657,1.043956043956044,2,2
26,0.3,10.0,0.7,10.0,9,3.0,50,True,True,0.1,0.03,2.0,10.0,14,0.186219739292365,23.195876288659793,6.7114093959731544,38,33,5,9.026128266033254,11.619718309859154,3.64963503649635,2.6315789473684212,2.727272727272727,2.0,2.021276595744681,1.0394736842105263,1.0444444444444445,2,2
26,0.3,10.0,0.7,10.0,9,3.0,50,True,True,0.1,0.03,2.0,10.0,15,0.19168173598553345,23.46938775510204,8.695652173913043,41,34,7,9.557109557109557,11.971830985915492,4.827586206896552,2.5853658536585367,2.7058823529411766,2.0,2.076388888888889,1.04,1.0425531914893618,2,2
26,0.3,10.0,0.7,10.0,9,3.0,50,True,True,0.1,0.03,2.0,10.0,16,0.18980667838312829,23.46938775510204,9.03954802259887,42,34,8,9.567198177676538,12.014134275618375,5.128205128205128,2.5714285714285716,2.7058823529411766,2.0,2.0805369127516777,1.0392156862745099,1.0526315789473684,2,2
26,0.3,10.0,0.7,10.0,9,3.0,50,True,True,0.1,0.03,2.0,10.0,17,0.19112627986348124,23.85786802030457,9.375,44,35,9,9.734513274336283,12.411347517730496,5.294117647058823,2.5454545454545454,2.6857142857142855,2.0,2.07741935483871,1.0384615384615385,1.0515463917525774,2,2
26,0.3,10.0,0.7,10.0,9,3.0,50,True,True,0.1,0.03,2.0,10.0,18,0.19071310116086235,23.690773067331673,9.900990099009901,45,35,10,9.761388286334057,12.36749116607774,5.617977528089887,2.5555555555555554,2.7142857142857144,2.0,2.1139240506329116,1.0384615384615385,1.0594059405940595,2,2
26,0.3,10.0,0.7,10.0,9,3.0,50,True,True,0.1,0.03,2.0,10.0,19,0.18840579710144928,23.39901477832512,10.232558139534884,46,35,11,9.70464135021097,12.237762237762238,5.851063829787234,2.5434782608695654,2.7142857142857144,2.0,2.0963855421686746,1.0379746835443038,1.058252427184466,2,2
26,0.3,10.0,0.7,10.0,9,3.0,50,True,True,0.1,0.03,2.0,10.0,20,0.19248826291079812,23.891625615763548,11.158798283261802,49,36,13,10.061601642710473,12.631578947368421,6.435643564356436,2.510204081632653,2.6944444444444446,2.0,2.0804597701149423,1.0440251572327044,1.0571428571428572,2,2
26,0.3,10.0,0.7,10.0,9,3.0,50,True,True,0.1,0.03,2.0,10.0,21,0.1884498480243161,22.982885085574573,12.048192771084338,50,35,15,9.920634920634921,12.152777777777777,6.944444444444445,2.48,2.6857142857142855,2.0,2.027027027027027,1.0576923076923077,1.0535714285714286,2,2
26,0.3,10.0,0.7,10.0,9,3.0,50,True,True,0.1,0.03,2.0,10.0,22,0.19793205317577547,22.794117647058822,15.241635687732341,54,35,19,10.465116279069768,12.195121951219512,8.296943231441048,2.4814814814814814,2.657142857142857,2.1578947368421053,2.0634920634920637,1.0573248407643312,1.0521739130434782,2,2
26,0.3,10.0,0.7,10.0,9,3.0,50,True,True,0.1,0.03,2.0,10.0,23,0.20373027259684362,24.278846153846153,14.590747330960854,56,37,19,10.62618595825427,12.89198606271777,7.916666666666666,2.5357142857142856,2.72972972972973,2.1578947368421053,2.0558375634517767,1.0696202531645569,1.0603448275862069,2,2
26,0.3,10.0,0.7,10.0,9,3.0,50,True,True,0.1,0.03,2.0,10.0,24,0.20781032078103207,24.940047961630697,15.0,59,38,21,10.885608856088561,13.240418118466899,8.235294117647058,2.5254237288135593,2.736842105263158,2.142857142857143,2.0591133004926108,1.075,1.0583333333333333,2,2
26,0.3,10.0,0.7,10.0,9,3.0,50,True,True,0.1,0.03,2.0,10.0,25,0.2018970189701897,24.47058823529412,14.376996805111823,59,38,21,10.59245960502693,13.148788927335639,7.835820895522389,2.5254237288135593,2.736842105263158,2.142857142857143,2.0187793427230045,1.0925925925925926,1.065040650406504,2,2
26,0.3,10.0,0.7,10.0,9,3.0,50,True,True,0.1,0.03,2.0,10.0,26,0.21052631578947367,24.355971896955502,16.816816816816818,64,38,26,11.228070175438596,13.148788927335639,9.252669039145907,2.5,2.736842105263158,2.1538461538461537,2.055045871559633,1.0920245398773005,1.072,2,2
26,0.3,10.0,0.7,10.0,9,3.0,50,True,True,0.1,0.03,2.0,10.0,27,0.20971867007672634,24.355971896955502,16.901408450704224,66,38,28,11.243611584327088,13.148788927335639,9.395973154362416,2.484848484848485,2.736842105263158,2.142857142857143,2.034934497816594,1.0943396226415094,1.0676691729323309,2,2
26,0.3,10.0,0.7,10.0,9,3.0,50,True,True,0.1,0.03,2.0,10.0,28,0.20745341614906831,24.349881796690305,16.75392670157068,68,38,30,11.147540983606557,13.148788927335639,9.345794392523365,2.4558823529411766,2.710526315789474,2.1333333333333333,1.9753086419753085,1.103658536585366,1.0666666666666667,2,2
26,0.3,10.0,0.7,10.0,9,3.0,50,True,True,0.1,0.03,2.0,10.0,29,0.21230398069963813,24.647887323943664,17.617866004962778,71,38,33,11.341853035143771,13.148788927335639,9.792284866468842,2.4788732394366195,2.763157894736842,2.1515151515151514,1.9801587301587302,1.117283950617284,1.0642857142857143,2,2
26,0.3,10.0,0.7,10.0,9,3.0,50,True,True,0.1,0.03,2.0,10.0,30,0.2063305978898007,23.87706855791962,17.441860465116278,71,36,35,10.990712074303406,12.5,9.776536312849162,2.4788732394366195,2.8055555555555554,2.142857142857143,1.9543726235741445,1.1058823529411765,1.070921985815603,2,2
26,0.3,10.0,0.7,10.0,9,3.0,50,True,True,0.1,0.03,2.0,10.0,31,0.20501138952164008,24.647887323943664,16.5929203539823,72,37,35,10.730253353204173,12.847222222222221,9.138381201044385,2.5,2.8378378378378377,2.142857142857143,1.8964285714285714,1.0965909090909092,1.0769230769230769,2,2
26,0.3,10.0,0.7,10.0,9,3.0,50,True,True,0.1,0.03,2.0,10.0,32,0.20464601769911506,25.0,16.3135593220339,74,38,36,10.72463768115942,13.148788927335639,8.977556109725686,2.5,2.8421052631578947,2.138888888888889,1.8927335640138407,1.1049723756906078,1.0753424657534247,2,2
26,0.3,10.0,0.7,10.0,9,3.0,50,True,True,0.1,0.03,2.0,10.0,33,0.20300751879699247,24.94226327944573,16.265060240963855,76,38,38,10.674157303370785,13.148788927335639,8.983451536643026,2.486842105263158,2.8421052631578947,2.1315789473684212,1.8712871287128714,1.1081081081081081,1.0743243243243243,2,2
26,0.3,10.0,0.7,10.0,9,3.0,50,True,True,0.1,0.03,2.0,10.0,34,0.20146137787056367,24.129930394431554,16.888045540796963,79,37,42,10.748299319727892,12.847222222222221,9.395973154362416,2.4430379746835444,2.810810810810811,2.119047619047619,1.8459119496855345,1.1058201058201058,1.087248322147651,2,2
26,0.3,10.0,0.7,10.0,9,3.0,50,True,True,0.1,0.03,2.0,10.0,35,0.1997971602434077,23.310023310023308,17.41472172351885,81,36,45,10.657894736842104,12.5,9.533898305084746,2.432098765432099,2.7777777777777777,2.1555555555555554,1.8253012048192772,1.1099476439790577,1.0838709677419356,2,2
26,0.3,10.0,0.7,10.0,9,3.0,50,True,True,0.1,0.03,2.0,10.0,36,0.19901477832512315,23.14814814814815,17.495711835334475,83,36,47,10.61381074168798,12.45674740484429,9.533468559837727,2.433734939759036,2.7777777777777777,2.1702127659574466,1.8097982708933718,1.1099476439790577,1.0869565217391304,2,2
26,0.3,10.0,0.7,10.0,9,3.0,50,True,True,0.1,0.03,2.0,10.0,37,0.19904306220095694,23.52941176470588,17.419354838709676,86,36,50,10.60419235511714,12.587412587412588,9.523809523809524,2.4186046511627906,2.7777777777777777,2.16,1.7884615384615385,1.095959595959596,1.0858895705521472,2,2
26,0.3,10.0,0.7,10.0,9,3.0,50,True,True,0.1,0.03,2.0,10.0,38,0.1979553903345725,23.953488372093023,17.027863777089784,87,36,51,10.369487485101311,12.45674740484429,9.272727272727273,2.4482758620689653,2.861111111111111,2.156862745098039,1.7578125,1.099502487562189,1.0843373493975903,2,2
26,0.3,10.0,0.7,10.0,9,3.0,50,True,True,0.1,0.03,2.0,10.0,39,0.20216606498194944,23.598130841121495,18.088235294117645,92,35,57,10.635838150289018,12.110726643598616,9.895833333333332,2.4347826086956523,2.8857142857142857,2.1578947368421053,1.7568922305764412,1.0985221674876848,1.0823529411764705,2,2
26,0.3,10.0,0.7,10.0,9,3.0,50,True,True,0.1,0.03,2.0,10.0,40,0.20595968448729185,23.543123543123542,18.820224719101123,97,35,62,10.89887640449438,12.110726643598616,10.316139767054908,2.422680412371134,2.8857142857142857,2.161290322580645,1.7602905569007263,1.0909090909090908,1.087719298245614,2,2
26,0.3,10.0,0.7,10.0,9,3.0,50,True,True,0.1,0.03,2.0,10.0,41,0.2051063829787234,22.716627634660423,19.25133689839572,100,34,66,10.91703056768559,11.76470588235294,10.526315789473683,2.41,2.8529411764705883,2.1818181818181817,1.754060324825986,1.0952380952380953,1.0862068965517242,2,2
26,0.3,10.0,0.7,10.0,9,3.0,50,True,True,0.1,0.03,2.0,10.0,42,0.20826446280991737,22.35294117647059,20.0,106,34,72,11.252653927813164,11.76470588235294,11.0260336906585,2.3773584905660377,2.7941176470588234,2.1805555555555554,1.7662921348314606,1.0904761904761904,1.0833333333333333,2,2
26,0.3,10.0,0.7,10.0,9,3.0,50,True,True,0.1,0.03,2.0,10.0,43,0.20947030497592295,22.35294117647059,20.219244823386116,110,34,76,11.328527291452112,11.76470588235294,11.143695014662756,2.3727272727272726,2.7941176470588234,2.1842105263157894,1.7597402597402598,1.087557603686636,1.0824175824175823,2,2
26,0.3,10.0,0.7,10.0,9,3.0,50,True,True,0.1,0.03,2.0,10.0,44,0.2073265783320343,22.35294117647059,19.93006993006993,113,34,79,11.221449851042701,11.76470588235294,11.002785515320335,2.353982300884956,2.7941176470588234,2.1645569620253164,1.726899383983573,1.0950226244343892,1.0810810810810811,2,2
26,0.3,10.0,0.7,10.0,9,3.0,50,True,True,0.1,0.03,2.0,10.0,45,0.20893262679788038,22.35294117647059,20.200892857142858,117,34,83,11.26082771896054,11.76470588235294,11.066666666666666,2.358974358974359,2.7941176470588234,2.180722891566265,1.7247524752475247,1.0844444444444445,1.0785340314136125,2,2
26,0.3,10.0,0.7,10.0,9,3.0,50,True,True,0.1,0.03,2.0,10.0,46,0.21029411764705883,22.03791469194313,20.575692963752665,122,33,89,11.391223155929039,11.458333333333332,11.36653895274585,2.3442622950819674,2.8181818181818183,2.168539325842697,1.7167300380228137,1.0844444444444445,1.0757575757575757,2,2
26,0.3,10.0,0.7,10.0,9,3.0,50,True,True,0.1,0.03,2.0,10.0,47,0.21142857142857144,22.248803827751196,20.672097759674134,127,33,94,11.462093862815886,11.458333333333332,11.463414634146343,2.3307086614173227,2.8181818181818183,2.1595744680851063,1.7087912087912087,1.0775862068965518,1.0742574257425743,2,2
26,0.3,10.0,0.7,10.0,9,3.0,50,True,True,0.1,0.03,2.0,10.0,48,0.20943134535367544,21.394230769230766,20.760233918128655,131,32,99,11.421098517872712,11.11111111111111,11.525029103608848,2.3053435114503817,2.78125,2.1515151515151514,1.6882661996497372,1.076271186440678,1.0717703349282297,2,2
26,0.3,10.0,0.7,10.0,9,3.0,50,True,True,0.1,0.03,2.0,10.0,49,0.2127946127946128,21.204819277108435,21.30841121495327,138,32,106,11.655405405405405,11.072664359861593,11.843575418994414,2.289855072463768,2.75,2.150943396226415,1.6875,1.0753138075313808,1.0700934579439252,2,2
26,0.3,10.0,0.7,10.0,9,3.0,50,True,True,0.1,0.03,2.0,10.0,50,0.2171353826030085,21.144278606965177,21.91659272404614,145,31,114,11.827079934747145,10.839160839160838,12.127659574468085,2.2896551724137932,2.7419354838709675,2.1666666666666665,1.6764227642276424,1.0693877551020408,1.0678733031674208,2,2
27,0.3,10.0,0.7,10.0,9,3.0,50,True,True,0.1,0.03,2.0,10.0,0,0.0,0.0,0.0,0,0,0,0.0,0.0,0.0,0.0,0.0,0.0,1.0,1.0,1.0,0,0
27,0.3,10.0,0.7,10.0,9,3.0,50,True,True,0.1,0.03,2.0,10.0,1,0.029649595687331536,3.7162162162162162,0.0,4,4,0,1.098901098901099,1.384083044982699,0.0,2.75,2.75,0.0,1.0617977528089888,1.0,1.0,2,2
27,0.3,10.0,0.7,10.0,9,3.0,50,True,True,0.1,0.03,2.0,10.0,2,0.049738219895287955,5.68561872909699,2.4096385542168677,8,7,1,2.15633423180593,2.422145328719723,1.2195121951219512,2.375,2.4285714285714284,2.0,1.0965909090909092,1.017391304347826,1.0,2,2
27,0.3,10.0,0.7,10.0,9,3.0,50,True,True,0.1,0.03,2.0,10.0,3,0.07888040712468193,9.0,4.301075268817205,14,12,2,3.723404255319149,4.2105263157894735,2.197802197802198,2.2142857142857144,2.25,2.0,1.1775147928994083,1.0169491525423728,1.0,2,2
27,0.3,10.0,0.7,10.0,9,3.0,50,True,True,0.1,0.03,2.0,10.0,4,0.10396039603960396,12.541254125412541,3.9603960396039604,18,16,2,4.787234042553192,5.776173285198556,2.0202020202020203,2.3333333333333335,2.375,2.0,1.2699386503067485,1.0166666666666666,1.0,2,2
27,0.3,10.0,0.7,10.0,9,3.0,50,True,True,0.1,0.03,2.0,10.0,5,0.11057692307692307,13.461538461538462,3.8461538461538463,20,18,2,5.347593582887701,6.61764705882353,1.9607843137254901,2.3,2.3333333333333335,2.0,1.3846153846153846,1.0165289256198347,1.0,2,2
27,0.3,10.0,0.7,10.0,9,3.0,50,True,True,0.1,0.03,2.0,10.0,6,0.1261682242990654,14.511041009463725,7.207207207207207,24,20,4,6.4,7.462686567164178,3.7383177570093453,2.25,2.3,2.0,1.5135135135135136,1.016260162601626,1.0,2,2
27,0.3,10.0,0.7,10.0,9,3.0,50,True,True,0.1,0.03,2.0,10.0,7,0.1409090909090909,16.56441717791411,7.017543859649122,27,23,4,7.142857142857142,8.582089552238806,3.6363636363636362,2.2962962962962963,2.347826086956522,2.0,1.5862068965517242,1.031496062992126,1.0,2,2
27,0.3,10.0,0.7,10.0,9,3.0,50,True,True,0.1,0.03,2.0,10.0,8,0.15894039735099338,19.16167664670659,6.722689075630252,32,28,4,8.355091383812011,10.44776119402985,3.4782608695652173,2.25,2.2857142857142856,2.0,1.6736111111111112,1.0317460317460319,1.0123456790123457,2,2
27,0.3,10.0,0.7,10.0,9,3.0,50,True,True,0.1,0.03,2.0,10.0,9,0.16738197424892703,19.825072886297377,8.130081300813007,35,30,5,8.974358974358974,11.029411764705882,4.23728813559322,2.2285714285714286,2.2666666666666666,2.0,1.7412587412587412,1.0310077519379846,1.0120481927710843,2,2
27,0.3,10.0,0.7,10.0,9,3.0,50,True,True,0.1,0.03,2.0,10.0,10,0.15866388308977036,19.484240687679083,6.153846153846154,34,30,4,8.478802992518704,10.830324909747292,3.225806451612903,2.235294117647059,2.2666666666666666,2.0,1.7066666666666668,1.0461538461538462,1.0116279069767442,2,2
27,0.3,10.0,0.7,10.0,9,3.0,50,True,True,0.1,0.03,2.0,10.0,11,0.16227180527383367,20.11173184357542,5.9259259259259265,36,32,4,8.823529411764707,11.469534050179211,3.10077519379845,2.2222222222222223,2.25,2.0,1.743421052631579,1.0522388059701493,1.0116279069767442,2,2
27,0.3,10.0,0.7,10.0,9,3.0,50,True,True,0.1,0.03,2.0,10.0,12,0.16173570019723865,20.385674931129476,5.555555555555555,37,33,4,8.937198067632849,11.870503597122301,2.941176470588235,2.2162162162162162,2.242424242424242,2.0,1.7777777777777777,1.0666666666666667,1.0224719101123596,2,2
27,0.3,10.0,0.7,10.0,9,3.0,50,True,True,0.1,0.03,2.0,10.0,13,0.15708812260536398,20.0,5.263157894736842,37,33,4,8.83054892601432,11.827956989247312,2.857142857142857,2.2162162162162162,2.242424242424242,2.0,1.8246753246753247,1.0797101449275361,1.0454545454545454,2,2
27,0.3,10.0,0.7,10.0,9,3.0,50,True,True,0.1,0.03,2.0,10.0,14,0.16387337057728119,20.91152815013405,6.097560975609756,40,35,5,9.367681498829041,12.63537906137184,3.3333333333333335,2.2,2.2285714285714286,2.0,1.87012987012987,1.0845070422535212,1.043956043956044,2,2
27,0.3,10.0,0.7,10.0,9,3.0,50,True,True,0.1,0.03,2.0,10.0,15,0.16998191681735986,21.220159151193634,7.954545454545454,43,36,7,9.79498861047836,12.857142857142856,4.40251572327044,2.186046511627907,2.2222222222222223,2.0,1.8980891719745223,1.0827586206896551,1.0425531914893618,2,2
27,0.3,10.0,0.7,10.0,9,3.0,50,True,True,0.1,0.03,2.0,10.0,16,0.17926186291739896,21.465968586387437,10.695187165775401,47,37,10,10.491071428571429,13.120567375886525,6.024096385542169,2.1702127659574466,2.2162162162162162,2.0,1.9679487179487178,1.087248322147651,1.0416666666666667,2,2
27,0.3,10.0,0.7,10.0,9,3.0,50,True,True,0.1,0.03,2.0,10.0,17,0.18088737201365188,22.22222222222222,10.050251256281408,49,39,10,10.629067245119305,13.732394366197184,5.649717514124294,2.163265306122449,2.2051282051282053,2.0,1.9329268292682926,1.1125827814569536,1.041237113402062,2,2
27,0.3,10.0,0.7,10.0,9,3.0,50,True,True,0.1,0.03,2.0,10.0,18,0.1724709784411277,21.079691516709513,10.2803738317757,48,37,11,10.191082802547772,13.074204946996467,5.851063829787234,2.1666666666666665,2.2162162162162162,2.0,1.9239766081871346,1.1125827814569536,1.06,2,2
27,0.3,10.0,0.7,10.0,9,3.0,50,True,True,0.1,0.03,2.0,10.0,19,0.16747181964573268,20.35623409669211,10.526315789473683,48,36,12,9.937888198757763,12.631578947368421,6.0606060606060606,2.1666666666666665,2.2222222222222223,2.0,1.926553672316384,1.1019108280254777,1.0594059405940595,2,2
27,0.3,10.0,0.7,10.0,9,3.0,50,True,True,0.1,0.03,2.0,10.0,20,0.162754303599374,20.253164556962027,9.836065573770492,48,36,12,9.619238476953909,12.631578947368421,5.607476635514018,2.1666666666666665,2.2222222222222223,2.0,1.8877005347593583,1.1019108280254777,1.0560747663551402,2,2
27,0.3,10.0,0.7,10.0,9,3.0,50,True,True,0.1,0.03,2.0,10.0,21,0.1702127659574468,20.2020202020202,12.213740458015266,52,36,16,10.097087378640776,12.543554006968641,7.017543859649122,2.1538461538461537,2.2222222222222223,2.0,1.9109947643979057,1.0987654320987654,1.055045871559633,2,2
27,0.3,10.0,0.7,10.0,9,3.0,50,True,True,0.1,0.03,2.0,10.0,22,0.17725258493353027,20.65491183879093,13.571428571428571,56,37,19,10.62618595825427,12.982456140350877,7.851239669421488,2.142857142857143,2.2162162162162162,2.0,1.9390862944162437,1.10062893081761,1.0526315789473684,2,2
27,0.3,10.0,0.7,10.0,9,3.0,50,True,True,0.1,0.03,2.0,10.0,23,0.1750358680057389,20.947630922693268,12.837837837837837,57,38,19,10.497237569060774,13.286713286713287,7.392996108949417,2.1403508771929824,2.210526315789474,2.0,1.8904761904761904,1.1049382716049383,1.0614035087719298,2,2
27,0.3,10.0,0.7,10.0,9,3.0,50,True,True,0.1,0.03,2.0,10.0,24,0.16178521617852162,19.5,11.987381703470032,54,35,19,9.62566844919786,12.195121951219512,6.934306569343065,2.1481481481481484,2.2285714285714286,2.0,1.8468468468468469,1.1024096385542168,1.0689655172413792,2,2
27,0.3,10.0,0.7,10.0,9,3.0,50,True,True,0.1,0.03,2.0,10.0,25,0.16124661246612465,19.05940594059406,12.574850299401197,56,35,21,9.705372616984402,12.110726643598616,7.291666666666667,2.125,2.2,2.0,1.826839826839827,1.1058823529411765,1.0666666666666667,2,2
27,0.3,10.0,0.7,10.0,9,3.0,50,True,True,0.1,0.03,2.0,10.0,26,0.1723684210526316,19.950738916256157,14.124293785310735,62,37,25,10.472972972972974,12.89198606271777,8.19672131147541,2.1129032258064515,2.189189189189189,2.0,1.8487394957983194,1.1169590643274854,1.0661157024793388,2,2
27,0.3,10.0,0.7,10.0,9,3.0,50,True,True,0.1,0.03,2.0,10.0,27,0.17263427109974425,19.554455445544555,14.814814814814813,64,36,28,10.457516339869281,12.543554006968641,8.615384615384615,2.109375,2.1944444444444446,2.0,1.828,1.1085714285714285,1.065040650406504,2,2
27,0.3,10.0,0.7,10.0,9,3.0,50,True,True,0.1,0.03,2.0,10.0,28,0.168944099378882,19.306930693069308,14.463840399002494,65,36,29,10.268562401263823,12.5,8.405797101449275,2.0923076923076924,2.1666666666666665,2.0,1.7932330827067668,1.1073446327683616,1.064516129032258,2,2
27,0.3,10.0,0.7,10.0,9,3.0,50,True,True,0.1,0.03,2.0,10.0,29,0.1712907117008444,19.753086419753085,14.622641509433961,68,37,31,10.381679389312977,12.802768166089965,8.469945355191257,2.088235294117647,2.1621621621621623,2.0,1.7678571428571428,1.1067415730337078,1.062015503875969,2,2
27,0.3,10.0,0.7,10.0,9,3.0,50,True,True,0.1,0.03,2.0,10.0,30,0.16998827667057445,19.50617283950617,14.732142857142858,70,37,33,10.416666666666668,12.847222222222221,8.59375,2.0714285714285716,2.135135135135135,2.0,1.7697594501718212,1.1123595505617978,1.0606060606060606,2,2
27,0.3,10.0,0.7,10.0,9,3.0,50,True,True,0.1,0.03,2.0,10.0,31,0.1674259681093394,19.362745098039216,14.468085106382977,71,37,34,10.274963820549928,12.847222222222221,8.436724565756824,2.0704225352112675,2.135135135135135,2.0,1.756578947368421,1.1123595505617978,1.0579710144927537,2,2
27,0.3,10.0,0.7,10.0,9,3.0,50,True,True,0.1,0.03,2.0,10.0,32,0.16482300884955753,19.41031941031941,14.084507042253522,72,37,35,10.05586592178771,12.847222222222221,8.177570093457943,2.0694444444444446,2.135135135135135,2.0,1.728125,1.1043956043956045,1.056338028169014,2,2
27,0.3,10.0,0.7,10.0,9,3.0,50,True,True,0.1,0.03,2.0,10.0,33,0.16541353383458646,19.559902200489,14.17624521072797,75,38,37,10.16260162601626,13.194444444444445,8.222222222222223,2.0533333333333332,2.1052631578947367,2.0,1.698224852071006,1.1292134831460674,1.0612244897959184,2,2
27,0.3,10.0,0.7,10.0,9,3.0,50,True,True,0.1,0.03,2.0,10.0,34,0.16075156576200417,18.97810218978102,13.893967093235831,75,37,38,9.868421052631579,12.802768166089965,8.067940552016985,2.0533333333333332,2.108108108108108,2.0,1.6816901408450704,1.1222222222222222,1.0671140939597314,2,2
27,0.3,10.0,0.7,10.0,9,3.0,50,True,True,0.1,0.03,2.0,10.0,35,0.15415821501014199,18.137254901960784,13.494809688581316,74,35,39,9.367088607594937,12.110726643598616,7.784431137724551,2.054054054054054,2.1142857142857143,2.0,1.6436170212765957,1.10989010989011,1.064102564102564,2,2
27,0.3,10.0,0.7,10.0,9,3.0,50,True,True,0.1,0.03,2.0,10.0,36,0.14876847290640394,17.82178217821782,12.92962356792144,73,34,39,8.924205378973104,11.846689895470384,7.344632768361582,2.0684931506849313,2.1176470588235294,2.0256410256410255,1.6070528967254407,1.0962566844919786,1.0683229813664596,2,2
27,0.3,10.0,0.7,10.0,9,3.0,50,True,True,0.1,0.03,2.0,10.0,37,0.1444976076555024,17.412935323383085,12.597200622083982,73,33,40,8.608490566037736,11.458333333333332,7.142857142857142,2.0684931506849313,2.121212121212121,2.025,1.583132530120482,1.0989583333333333,1.0662650602409638,2,2
27,0.3,10.0,0.7,10.0,9,3.0,50,True,True,0.1,0.03,2.0,10.0,38,0.1449814126394052,17.08542713567839,12.979351032448378,75,32,43,8.561643835616438,11.149825783972126,7.30050933786078,2.08,2.125,2.046511627906977,1.580046403712297,1.08,1.0591715976331362,2,2
27,0.3,10.0,0.7,10.0,9,3.0,50,True,True,0.1,0.03,2.0,10.0,39,0.14350180505415164,16.751269035532996,13.025210084033615,76,31,45,8.379272326350605,10.801393728222997,7.258064516129033,2.0921052631578947,2.129032258064516,2.066666666666667,1.552863436123348,1.0796019900497513,1.0568181818181819,2,2
27,0.3,10.0,0.7,10.0,9,3.0,50,True,True,0.1,0.03,2.0,10.0,40,0.13847502191060473,16.539440203562343,12.433155080213904,76,31,45,8.085106382978724,10.726643598615917,6.912442396313365,2.0789473684210527,2.096774193548387,2.066666666666667,1.5292887029288702,1.0724637681159421,1.0561797752808988,2,2
27,0.3,10.0,0.7,10.0,9,3.0,50,True,True,0.1,0.03,2.0,10.0,41,0.14127659574468085,17.091836734693878,12.643678160919542,80,32,48,8.23045267489712,11.11111111111111,7.017543859649122,2.075,2.09375,2.0625,1.5200803212851406,1.0657276995305165,1.0552486187845305,2,2
27,0.3,10.0,0.7,10.0,9,3.0,50,True,True,0.1,0.03,2.0,10.0,42,0.14214876033057852,16.237113402061855,13.260340632603407,83,30,53,8.24230387288977,10.380622837370241,7.381615598885793,2.072289156626506,2.1,2.056603773584906,1.502868068833652,1.069767441860465,1.0543478260869565,2,2
27,0.3,10.0,0.7,10.0,9,3.0,50,True,True,0.1,0.03,2.0,10.0,43,0.13723916532905298,15.503875968992247,12.922002328288706,83,29,54,7.9654510556621885,10.034602076124568,7.171314741035857,2.0602409638554215,2.0689655172413794,2.0555555555555554,1.4853479853479854,1.062780269058296,1.053191489361702,2,2
27,0.3,10.0,0.7,10.0,9,3.0,50,True,True,0.1,0.03,2.0,10.0,44,0.1363990646921278,15.544041450777202,12.82051282051282,85,29,56,7.892293407613741,10.034602076124568,7.1065989847715745,2.0588235294117645,2.0689655172413794,2.0535714285714284,1.4710017574692442,1.0565217391304347,1.0518134715025906,2,2
27,0.3,10.0,0.7,10.0,9,3.0,50,True,True,0.1,0.03,2.0,10.0,45,0.13096139288417866,15.104166666666666,12.273212379935966,84,28,56,7.547169811320755,9.688581314878892,6.796116504854369,2.0595238095238093,2.0714285714285716,2.0535714285714284,1.4464882943143813,1.0689655172413792,1.0505050505050506,2,2
27,0.3,10.0,0.7,10.0,9,3.0,50,True,True,0.1,0.03,2.0,10.0,46,0.12941176470588237,15.143603133159269,12.077789150460594,85,28,57,7.397737162750218,9.688581314878892,6.627906976744185,2.070588235294118,2.0714285714285716,2.0701754385964914,1.4326923076923077,1.0720338983050848,1.0492610837438423,2,2
27,0.3,10.0,0.7,10.0,9,3.0,50,True,True,0.1,0.03,2.0,10.0,47,0.12785714285714286,14.323607427055704,12.218963831867057,86,26,60,7.23905723905724,9.059233449477352,6.659267480577137,2.0813953488372094,2.076923076923077,2.0833333333333335,1.4155251141552512,1.0627615062761506,1.0485436893203883,2,2
27,0.3,10.0,0.7,10.0,9,3.0,50,True,True,0.1,0.03,2.0,10.0,48,0.13314840499306518,14.47721179624665,12.909260991580918,91,26,65,7.434640522875817,9.090909090909092,6.929637526652452,2.10989010989011,2.076923076923077,2.123076923076923,1.4143484626647145,1.0675105485232068,1.0469483568075117,2,2
27,0.3,10.0,0.7,10.0,9,3.0,50,True,True,0.1,0.03,2.0,10.0,49,0.13198653198653199,14.016172506738545,12.926391382405743,93,25,68,7.34017363851618,8.680555555555555,6.945863125638406,2.10752688172043,2.08,2.1176470588235294,1.4039270687237027,1.0571428571428572,1.0465116279069768,2,2
27,0.3,10.0,0.7,10.0,9,3.0,50,True,True,0.1,0.03,2.0,10.0,50,0.1379986919555265,14.207650273224044,13.671539122957869,100,25,75,7.64525993883792,8.680555555555555,7.352941176470589,2.11,2.08,2.12,1.401894451962111,1.0557768924302788,1.0458715596330275,2,2
28,0.3,10.0,0.7,10.0,9,3.0,50,True,True,0.1,0.03,2.0,10.0,0,0.0,0.0,0.0,0,0,0,0.0,0.0,0.0,0.0,0.0,0.0,1.0,1.0,1.0,0,0
28,0.3,10.0,0.7,10.0,9,3.0,50,True,True,0.1,0.03,2.0,10.0,1,0.0215633423180593,2.711864406779661,0.0,2,2,0,0.547945205479452,0.6920415224913495,0.0,4.0,4.0,0.0,1.047337278106509,1.0,1.0,3,3
28,0.3,10.0,0.7,10.0,9,3.0,50,True,True,0.1,0.03,2.0,10.0,2,0.05759162303664921,7.236842105263158,0.0,7,7,0,1.9073569482288828,2.422145328719723,0.0,3.142857142857143,3.142857142857143,0.0,1.1280487804878048,1.0075757575757576,1.0,2,2
28,0.3,10.0,0.7,10.0,9,3.0,50,True,True,0.1,0.03,2.0,10.0,3,0.07633587786259542,8.637873754152823,4.3478260869565215,11,9,2,2.941176470588235,3.169014084507042,2.2222222222222223,2.727272727272727,2.888888888888889,2.0,1.2025316455696202,1.0,1.0,2,2
28,0.3,10.0,0.7,10.0,9,3.0,50,True,True,0.1,0.03,2.0,10.0,4,0.0891089108910891,10.526315789473683,4.0,14,12,2,3.723404255319149,4.316546762589928,2.0408163265306123,2.5714285714285716,2.6666666666666665,2.0,1.270967741935484,1.0,1.0,2,2
28,0.3,10.0,0.7,10.0,9,3.0,50,True,True,0.1,0.03,2.0,10.0,5,0.11538461538461539,14.14790996784566,3.8095238095238098,15,13,2,4.021447721179625,4.814814814814815,1.9417475728155338,3.2,3.3846153846153846,2.0,1.3877551020408163,1.0,1.0166666666666666,2,2
28,0.3,10.0,0.7,10.0,9,3.0,50,True,True,0.1,0.03,2.0,10.0,6,0.1308411214953271,16.25,3.7037037037037033,16,14,2,4.25531914893617,5.185185185185185,1.8867924528301887,3.5,3.7142857142857144,2.0,1.4620689655172414,1.0,1.0169491525423728,2,2
28,0.3,10.0,0.7,10.0,9,3.0,50,True,True,0.1,0.03,2.0,10.0,7,0.13863636363636364,17.325227963525837,3.6036036036036037,18,16,2,4.736842105263158,5.904059040590406,1.834862385321101,3.388888888888889,3.5625,2.0,1.5208333333333333,1.0062111801242235,1.0350877192982457,2,2
28,0.3,10.0,0.7,10.0,9,3.0,50,True,True,0.1,0.03,2.0,10.0,8,0.15011037527593818,18.397626112759642,5.172413793103448,20,17,3,5.208333333333334,6.25,2.6785714285714284,3.4,3.6470588235294117,2.0,1.6056338028169015,1.0061728395061729,1.0333333333333334,2,2
28,0.3,10.0,0.7,10.0,9,3.0,50,True,True,0.1,0.03,2.0,10.0,9,0.1609442060085837,19.82758620689655,5.084745762711865,23,20,3,5.943152454780361,7.326007326007327,2.631578947368421,3.260869565217391,3.45,2.0,1.6906474820143884,1.024390243902439,1.0327868852459017,2,2
28,0.3,10.0,0.7,10.0,9,3.0,50,True,True,0.1,0.03,2.0,10.0,10,0.1649269311064718,20.50561797752809,4.878048780487805,24,21,3,6.091370558375635,7.636363636363637,2.5210084033613445,3.2916666666666665,3.4761904761904763,2.0,1.7357142857142858,1.0242424242424242,1.0307692307692307,2,2
28,0.3,10.0,0.7,10.0,9,3.0,50,True,True,0.1,0.03,2.0,10.0,11,0.1744421906693712,21.73913043478261,4.8,27,24,3,6.78391959798995,8.664259927797833,2.479338842975207,3.185185185185185,3.3333333333333335,2.0,1.832116788321168,1.0355029585798816,1.0307692307692307,2,2
28,0.3,10.0,0.7,10.0,9,3.0,50,True,True,0.1,0.03,2.0,10.0,12,0.1913214990138067,23.88451443569554,4.761904761904762,32,29,3,8.0,10.39426523297491,2.479338842975207,3.03125,3.1379310344827585,2.0,1.9848484848484849,1.0416666666666667,1.0294117647058822,2,2
28,0.3,10.0,0.7,10.0,9,3.0,50,True,True,0.1,0.03,2.0,10.0,13,0.19923371647509577,25.19280205655527,4.511278195488721,35,32,3,8.57843137254902,11.387900355871885,2.3622047244094486,2.9714285714285715,3.0625,2.0,2.029850746268657,1.0476190476190477,1.0422535211267605,2,2
28,0.3,10.0,0.7,10.0,9,3.0,50,True,True,0.1,0.03,2.0,10.0,14,0.1973929236499069,25.628140703517587,2.877697841726619,36,34,2,8.633093525179856,12.014134275618375,1.4925373134328357,2.9444444444444446,3.0,2.0,2.036231884057971,1.0650887573964498,1.0410958904109588,2,2
28,0.3,10.0,0.7,10.0,9,3.0,50,True,True,0.1,0.03,2.0,10.0,15,0.19168173598553345,25.31017369727047,2.666666666666667,36,34,2,8.430913348946136,12.014134275618375,1.3888888888888888,2.9444444444444446,3.0,2.0,2.0,1.0710059171597632,1.04,2,2
28,0.3,10.0,0.7,10.0,9,3.0,50,True,True,0.1,0.03,2.0,10.0,16,0.19156414762741653,25.7985257985258,2.4691358024691357,37,35,2,8.428246013667426,12.36749116607774,1.282051282051282,2.945945945945946,3.0,2.0,1.9934640522875817,1.069767441860465,1.0389610389610389,2,2
28,0.3,10.0,0.7,10.0,9,3.0,50,True,True,0.1,0.03,2.0,10.0,17,0.2030716723549488,27.033492822966508,3.571428571428571,40,37,3,9.049773755656108,13.120567375886525,1.875,2.975,3.054054054054054,2.0,2.1059602649006623,1.0751445086705202,1.0512820512820513,2,2
28,0.3,10.0,0.7,10.0,9,3.0,50,True,True,0.1,0.03,2.0,10.0,18,0.20563847429519072,26.60332541567696,6.593406593406594,43,37,6,9.513274336283185,13.028169014084506,3.571428571428571,2.883720930232558,3.027027027027027,2.0,2.156862745098039,1.0742857142857143,1.0493827160493827,2,2
28,0.3,10.0,0.7,10.0,9,3.0,50,True,True,0.1,0.03,2.0,10.0,19,0.21256038647342995,27.058823529411764,8.673469387755102,46,38,8,9.935205183585314,13.333333333333334,4.49438202247191,2.869565217391304,3.026315789473684,2.125,2.1858974358974357,1.0867052023121386,1.0454545454545454,2,2
28,0.3,10.0,0.7,10.0,9,3.0,50,True,True,0.1,0.03,2.0,10.0,20,0.21439749608763695,26.93208430913349,10.377358490566039,48,38,10,10.084033613445378,13.194444444444445,5.319148936170213,2.8541666666666665,3.026315789473684,2.2,2.2138364779874213,1.0842696629213484,1.0444444444444445,2,2
28,0.3,10.0,0.7,10.0,9,3.0,50,True,True,0.1,0.03,2.0,10.0,21,0.21428571428571427,26.995305164319248,11.206896551724139,50,38,12,10.16260162601626,13.194444444444445,5.88235294117647,2.82,3.026315789473684,2.1666666666666665,2.1785714285714284,1.0777777777777777,1.0425531914893618,2,2
28,0.3,10.0,0.7,10.0,9,3.0,50,True,True,0.1,0.03,2.0,10.0,22,0.21122599704579026,26.869158878504674,11.244979919678714,51,38,13,10.099009900990099,13.194444444444445,5.990783410138248,2.803921568627451,3.026315789473684,2.1538461538461537,2.165714285714286,1.0756756756756756,1.053191489361702,2,2
28,0.3,10.0,0.7,10.0,9,3.0,50,True,True,0.1,0.03,2.0,10.0,23,0.20229555236728838,26.340326340326342,10.44776119402985,50,37,13,9.596928982725528,12.847222222222221,5.579399141630901,2.82,3.054054054054054,2.1538461538461537,2.108108108108108,1.0806451612903225,1.0707070707070707,2,2
28,0.3,10.0,0.7,10.0,9,3.0,50,True,True,0.1,0.03,2.0,10.0,24,0.20502092050209206,27.083333333333332,10.526315789473683,51,37,14,9.586466165413533,12.847222222222221,5.737704918032787,2.8823529411764706,3.1621621621621623,2.142857142857143,2.1315789473684212,1.085561497326203,1.0686274509803921,2,2
28,0.3,10.0,0.7,10.0,9,3.0,50,True,True,0.1,0.03,2.0,10.0,25,0.2073170731707317,26.806526806526808,12.297734627831716,54,36,18,9.926470588235293,12.587412587412588,6.976744186046512,2.8333333333333335,3.1944444444444446,2.111111111111111,2.154639175257732,1.0894736842105264,1.0660377358490567,2,2
28,0.3,10.0,0.7,10.0,9,3.0,50,True,True,0.1,0.03,2.0,10.0,26,0.20789473684210527,26.95852534562212,12.576687116564417,56,37,19,10.0,12.847222222222221,6.985294117647059,2.8214285714285716,3.1621621621621623,2.1578947368421053,2.127450980392157,1.0894736842105264,1.0818181818181818,2,2
28,0.3,10.0,0.7,10.0,9,3.0,50,True,True,0.1,0.03,2.0,10.0,27,0.2071611253196931,26.95852534562212,12.931034482758621,58,37,21,10.034602076124568,12.847222222222221,7.241379310344828,2.793103448275862,3.1621621621621623,2.142857142857143,2.102803738317757,1.0952380952380953,1.0775862068965518,2,2
28,0.3,10.0,0.7,10.0,9,3.0,50,True,True,0.1,0.03,2.0,10.0,28,0.20496894409937888,25.70093457943925,14.588859416445624,60,35,25,10.0,12.195121951219512,7.987220447284344,2.75,3.142857142857143,2.2,2.0391304347826087,1.0972972972972972,1.0725806451612903,2,2
28,0.3,10.0,0.7,10.0,9,3.0,50,True,True,0.1,0.03,2.0,10.0,29,0.21109770808202655,25.70093457943925,16.209476309226932,64,35,29,10.339256865912763,12.195121951219512,8.734939759036145,2.734375,3.142857142857143,2.2413793103448274,2.0464135021097047,1.08994708994709,1.069767441860465,2,2
28,0.3,10.0,0.7,10.0,9,3.0,50,True,True,0.1,0.03,2.0,10.0,30,0.20750293083235638,25.64102564102564,15.80188679245283,65,35,30,10.12461059190031,12.152777777777777,8.47457627118644,2.723076923076923,3.142857142857143,2.2333333333333334,2.036734693877551,1.077319587628866,1.0661764705882353,2,2
28,0.3,10.0,0.7,10.0,9,3.0,50,True,True,0.1,0.03,2.0,10.0,31,0.20956719817767655,26.036866359447004,15.99099099099099,68,36,32,10.303030303030303,12.45674740484429,8.62533692722372,2.7058823529411766,3.138888888888889,2.21875,2.0077220077220077,1.082051282051282,1.065217391304348,2,2
28,0.3,10.0,0.7,10.0,9,3.0,50,True,True,0.1,0.03,2.0,10.0,32,0.20907079646017698,25.292740046838407,16.9811320754717,72,35,37,10.480349344978166,12.110726643598616,9.296482412060302,2.625,3.085714285714286,2.189189189189189,1.9708029197080292,1.0753768844221105,1.0638297872340425,2,2
28,0.3,10.0,0.7,10.0,9,3.0,50,True,True,0.1,0.03,2.0,10.0,33,0.20408163265306123,24.764150943396228,16.765285996055226,73,34,39,10.224089635854341,11.805555555555555,9.15492957746479,2.6027397260273974,3.088235294117647,2.1794871794871793,1.9273356401384083,1.061904761904762,1.0633802816901408,2,2
28,0.3,10.0,0.7,10.0,9,3.0,50,True,True,0.1,0.03,2.0,10.0,34,0.2045929018789144,24.705882352941178,17.073170731707318,76,34,42,10.312075983717776,11.76470588235294,9.375,2.5789473684210527,3.088235294117647,2.1666666666666665,1.92,1.056338028169014,1.0608108108108107,2,2
28,0.3,10.0,0.7,10.0,9,3.0,50,True,True,0.1,0.03,2.0,10.0,35,0.2099391480730223,25.295508274231675,17.761989342806395,81,35,46,10.686015831134563,12.195121951219512,9.766454352441615,2.5555555555555554,3.057142857142857,2.1739130434782608,1.9163987138263665,1.064516129032258,1.0671140939597314,2,2
28,0.3,10.0,0.7,10.0,9,3.0,50,True,True,0.1,0.03,2.0,10.0,36,0.21182266009852216,25.415676959619955,18.181818181818183,85,35,50,10.855683269476373,12.195121951219512,10.080645161290322,2.5294117647058822,3.057142857142857,2.16,1.8868501529051989,1.0783410138248848,1.0649350649350648,2,2
28,0.3,10.0,0.7,10.0,9,3.0,50,True,True,0.1,0.03,2.0,10.0,37,0.2076555023923445,25.355450236966824,17.656500802568218,86,35,51,10.60419235511714,12.195121951219512,9.732824427480915,2.5232558139534884,3.057142857142857,2.156862745098039,1.8410404624277457,1.085972850678733,1.0632911392405062,2,2
28,0.3,10.0,0.7,10.0,9,3.0,50,True,True,0.1,0.03,2.0,10.0,38,0.20446096654275092,24.213075060532688,18.099547511312217,88,32,56,10.451306413301662,11.228070175438596,10.053859964093357,2.5,3.125,2.142857142857143,1.8065395095367847,1.0758928571428572,1.0617283950617284,2,2
28,0.3,10.0,0.7,10.0,9,3.0,50,True,True,0.1,0.03,2.0,10.0,39,0.20487364620938628,23.71638141809291,18.59799713876967,92,31,61,10.550458715596331,10.839160839160838,10.409556313993173,2.467391304347826,3.129032258064516,2.1311475409836067,1.7890625,1.065217391304348,1.0602409638554218,2,2
28,0.3,10.0,0.7,10.0,9,3.0,50,True,True,0.1,0.03,2.0,10.0,40,0.19894829097283084,23.03921568627451,18.144611186903138,92,30,62,10.176991150442479,10.416666666666668,10.064935064935066,2.467391304347826,3.1333333333333333,2.1451612903225805,1.745721271393643,1.0649350649350648,1.0584795321637428,2,2
28,0.3,10.0,0.7,10.0,9,3.0,50,True,True,0.1,0.03,2.0,10.0,41,0.1974468085106383,22.772277227722775,18.15823605706874,94,29,65,10.021321961620469,10.069444444444445,10.0,2.4680851063829787,3.1724137931034484,2.1538461538461537,1.7172897196261683,1.0625,1.0571428571428572,2,2
28,0.3,10.0,0.7,10.0,9,3.0,50,True,True,0.1,0.03,2.0,10.0,42,0.1975206611570248,22.332506203473944,18.463444857496903,97,28,69,10.031023784901757,9.722222222222223,10.1620029455081,2.463917525773196,3.2142857142857144,2.1594202898550723,1.7075892857142858,1.058091286307054,1.0555555555555556,2,2
28,0.3,10.0,0.7,10.0,9,3.0,50,True,True,0.1,0.03,2.0,10.0,43,0.19743178170144463,22.332506203473944,18.505338078291814,100,28,72,10.02004008016032,9.722222222222223,10.140845070422536,2.46,3.2142857142857144,2.1666666666666665,1.6923076923076923,1.048,1.0666666666666667,2,2
28,0.3,10.0,0.7,10.0,9,3.0,50,True,True,0.1,0.03,2.0,10.0,44,0.1995323460639127,22.139303482587064,18.955732122587968,104,28,76,10.116731517509727,9.688581314878892,10.284167794316645,2.4615384615384617,3.1785714285714284,2.1973684210526314,1.6822810590631365,1.048,1.0655737704918034,2,2
28,0.3,10.0,0.7,10.0,9,3.0,50,True,True,0.1,0.03,2.0,10.0,45,0.1968205904617714,21.804511278195488,18.76355748373102,106,27,79,9.981167608286253,9.375,10.20671834625323,2.452830188679245,3.2222222222222223,2.189873417721519,1.6673189823874754,1.0461538461538462,1.0648648648648649,2,2
28,0.3,10.0,0.7,10.0,9,3.0,50,True,True,0.1,0.03,2.0,10.0,46,0.2036764705882353,21.75,19.791666666666664,113,27,86,10.357470210815766,9.342560553633218,10.723192019950124,2.4513274336283186,3.2222222222222223,2.2093023255813953,1.6761363636363635,1.05019305019305,1.0628272251308901,2,2
28,0.3,10.0,0.7,10.0,9,3.0,50,True,True,0.1,0.03,2.0,10.0,47,0.20714285714285716,21.303258145363408,20.47952047952048,119,27,92,10.559006211180124,9.342560553633218,10.978520286396181,2.436974789915966,3.1481481481481484,2.2282608695652173,1.6733576642335766,1.0413533834586466,1.0618556701030928,2,2
28,0.3,10.0,0.7,10.0,9,3.0,50,True,True,0.1,0.03,2.0,10.0,48,0.2087378640776699,20.95959595959596,20.84130019120459,123,26,97,10.557939914163091,9.027777777777777,11.060433295324971,2.4471544715447155,3.1923076923076925,2.247422680412371,1.6608391608391608,1.037037037037037,1.06,2,2
28,0.3,10.0,0.7,10.0,9,3.0,50,True,True,0.1,0.03,2.0,10.0,49,0.2101010101010101,19.897959183673468,21.408966148215917,128,26,102,10.666666666666668,8.996539792387544,11.19648737650933,2.4375,3.0,2.2941176470588234,1.6570945945945945,1.0434782608695652,1.0588235294117647,2,2
28,0.3,10.0,0.7,10.0,9,3.0,50,True,True,0.1,0.03,2.0,10.0,50,0.210595160235448,18.6046511627907,21.891418563922944,133,23,110,10.734463276836157,8.013937282229964,11.554621848739496,2.4210526315789473,3.130434782608696,2.272727272727273,1.6547231270358307,1.0390070921985815,1.0576923076923077,2,2
29,0.3,10.0,0.7,10.0,9,3.0,50,True,True,0.1,0.03,2.0,10.0,0,0.0,0.0,0.0,0,0,0,0.0,0.0,0.0,0.0,0.0,0.0,1.0,1.0,1.0,0,0
29,0.3,10.0,0.7,10.0,9,3.0,50,True,True,0.1,0.03,2.0,10.0,1,0.005390835579514825,0.6896551724137931,0.0,1,1,0,0.2702702702702703,0.34602076124567477,0.0,2.0,2.0,0.0,1.0116279069767442,1.0,1.0,2,2
29,0.3,10.0,0.7,10.0,9,3.0,50,True,True,0.1,0.03,2.0,10.0,2,0.02617801047120419,3.4013605442176873,0.0,5,5,0,1.3262599469496021,1.7301038062283738,0.0,2.0,2.0,0.0,1.0584795321637428,1.0,1.0,2,2
29,0.3,10.0,0.7,10.0,9,3.0,50,True,True,0.1,0.03,2.0,10.0,3,0.04071246819338423,4.794520547945205,1.9801980198019802,8,7,1,2.099737532808399,2.491103202846975,1.0,2.0,2.0,2.0,1.1071428571428572,1.014388489208633,1.0,2,2
29,0.3,10.0,0.7,10.0,9,3.0,50,True,True,0.1,0.03,2.0,10.0,4,0.0594059405940594,6.688963210702341,3.8095238095238098,11,9,2,2.8720626631853787,3.214285714285714,1.9417475728155338,2.1818181818181817,2.2222222222222223,2.0,1.1925465838509317,1.013793103448276,1.0,2,2
29,0.3,10.0,0.7,10.0,9,3.0,50,True,True,0.1,0.03,2.0,10.0,5,0.0889423076923077,10.679611650485436,3.7383177570093453,14,12,2,3.733333333333334,4.444444444444445,1.9047619047619049,2.642857142857143,2.75,2.0,1.364864864864865,1.013793103448276,1.0,2,2
29,0.3,10.0,0.7,10.0,9,3.0,50,True,True,0.1,0.03,2.0,10.0,6,0.102803738317757,12.738853503184714,3.508771929824561,17,15,2,4.545454545454546,5.7251908396946565,1.7857142857142856,2.588235294117647,2.6666666666666665,2.0,1.4892086330935252,1.019736842105263,1.0,2,2
29,0.3,10.0,0.7,10.0,9,3.0,50,True,True,0.1,0.03,2.0,10.0,7,0.11818181818181818,13.750000000000002,6.666666666666667,21,17,4,5.526315789473684,6.415094339622642,3.4782608695652173,2.4761904761904763,2.588235294117647,2.0,1.5467625899280575,1.0263157894736843,1.0147058823529411,2,2
29,0.3,10.0,0.7,10.0,9,3.0,50,True,True,0.1,0.03,2.0,10.0,8,0.11699779249448124,13.55421686746988,6.6115702479338845,21,17,4,5.4404145077720205,6.296296296296296,3.4482758620689653,2.5238095238095237,2.6470588235294117,2.0,1.5785714285714285,1.0389610389610389,1.0285714285714285,2,2
29,0.3,10.0,0.7,10.0,9,3.0,50,True,True,0.1,0.03,2.0,10.0,9,0.1223175965665236,13.988095238095239,7.6923076923076925,23,18,5,5.852417302798982,6.691449814126393,4.032258064516129,2.4782608695652173,2.611111111111111,2.0,1.6285714285714286,1.0384615384615385,1.027027027027027,2,2
29,0.3,10.0,0.7,10.0,9,3.0,50,True,True,0.1,0.03,2.0,10.0,10,0.13778705636743216,16.138328530259365,7.575757575757576,26,21,5,6.54911838790932,7.7490774907749085,3.968253968253968,2.5384615384615383,2.6666666666666665,2.0,1.707142857142857,1.0445859872611465,1.027027027027027,2,2
29,0.3,10.0,0.7,10.0,9,3.0,50,True,True,0.1,0.03,2.0,10.0,11,0.15010141987829614,17.877094972067038,7.4074074074074066,28,23,5,6.982543640897755,8.487084870848708,3.8461538461538463,2.642857142857143,2.782608695652174,2.0,1.7801418439716312,1.0445859872611465,1.04,2,2
29,0.3,10.0,0.7,10.0,9,3.0,50,True,True,0.1,0.03,2.0,10.0,12,0.15581854043392504,18.956043956043956,6.993006993006993,30,25,5,7.352941176470589,9.25925925925926,3.6231884057971016,2.6333333333333333,2.76,2.0,1.8169014084507042,1.0628930817610063,1.0389610389610389,2,2
29,0.3,10.0,0.7,10.0,9,3.0,50,True,True,0.1,0.03,2.0,10.0,13,0.14942528735632185,18.428184281842817,6.535947712418301,31,26,5,7.434052757793765,9.558823529411764,3.4482758620689653,2.5161290322580645,2.6153846153846154,2.0,1.8231292517006803,1.0764331210191083,1.0365853658536586,2,2
29,0.3,10.0,0.7,10.0,9,3.0,50,True,True,0.1,0.03,2.0,10.0,14,0.16387337057728119,20.47244094488189,6.41025641025641,36,31,5,8.551068883610451,11.313868613138686,3.4013605442176873,2.4444444444444446,2.5161290322580645,2.0,1.9507042253521127,1.0828025477707006,1.0465116279069768,2,2
29,0.3,10.0,0.7,10.0,9,3.0,50,True,True,0.1,0.03,2.0,10.0,15,0.1717902350813743,21.85089974293059,6.097560975609756,39,34,5,9.11214953271028,12.274368231046932,3.3112582781456954,2.4358974358974357,2.5,2.0,2.0069444444444446,1.0802469135802468,1.072289156626506,2,2
29,0.3,10.0,0.7,10.0,9,3.0,50,True,True,0.1,0.03,2.0,10.0,16,0.17926186291739896,22.55639097744361,7.0588235294117645,42,36,6,9.63302752293578,12.857142857142856,3.8461538461538463,2.4285714285714284,2.5,2.0,2.0620689655172413,1.0909090909090908,1.0714285714285714,2,2
29,0.3,10.0,0.7,10.0,9,3.0,50,True,True,0.1,0.03,2.0,10.0,17,0.18430034129692832,23.15270935960591,7.777777777777778,45,38,7,10.135135135135135,13.523131672597867,4.294478527607362,2.4,2.473684210526316,2.0,2.1216216216216215,1.0987654320987654,1.0681818181818181,2,2
29,0.3,10.0,0.7,10.0,9,3.0,50,True,True,0.1,0.03,2.0,10.0,18,0.1824212271973466,23.18840579710145,7.4074074074074066,46,39,7,10.176991150442479,13.780918727915195,4.142011834319527,2.391304347826087,2.4615384615384617,2.0,2.130718954248366,1.1125,1.064516129032258,2,2
29,0.3,10.0,0.7,10.0,9,3.0,50,True,True,0.1,0.03,2.0,10.0,19,0.1819645732689211,23.57142857142857,6.965174129353234,47,40,7,10.129310344827585,13.937282229965156,3.954802259887006,2.404255319148936,2.475,2.0,2.1049382716049383,1.1180124223602483,1.075268817204301,2,2
29,0.3,10.0,0.7,10.0,9,3.0,50,True,True,0.1,0.03,2.0,10.0,20,0.17996870109546165,23.294117647058822,7.476635514018691,48,40,8,10.084033613445378,13.84083044982699,4.27807486631016,2.3958333333333335,2.475,2.0,2.064327485380117,1.1375,1.0721649484536082,2,2
29,0.3,10.0,0.7,10.0,9,3.0,50,True,True,0.1,0.03,2.0,10.0,21,0.182370820668693,22.823529411764707,9.871244635193133,50,39,11,10.204081632653061,13.494809688581316,5.472636815920398,2.4,2.4871794871794872,2.090909090909091,2.061797752808989,1.1428571428571428,1.07,2,2
29,0.3,10.0,0.7,10.0,9,3.0,50,True,True,0.1,0.03,2.0,10.0,22,0.18020679468242246,23.130841121495326,9.236947791164658,51,40,11,10.139165009940358,13.84083044982699,5.14018691588785,2.392156862745098,2.475,2.090909090909091,2.0268817204301075,1.165644171779141,1.0679611650485437,2,2
29,0.3,10.0,0.7,10.0,9,3.0,50,True,True,0.1,0.03,2.0,10.0,23,0.17790530846484937,22.811059907834103,9.505703422053232,52,40,12,10.15625,13.937282229965156,5.333333333333334,2.3846153846153846,2.475,2.0833333333333335,2.0416666666666665,1.1790123456790123,1.0754716981132075,2,2
29,0.3,10.0,0.7,10.0,9,3.0,50,True,True,0.1,0.03,2.0,10.0,24,0.18131101813110181,22.863741339491916,10.915492957746478,55,40,15,10.416666666666668,13.986013986013987,6.198347107438017,2.3636363636363638,2.475,2.066666666666667,2.040201005025126,1.1726190476190477,1.0754716981132075,2,2
29,0.3,10.0,0.7,10.0,9,3.0,50,True,True,0.1,0.03,2.0,10.0,25,0.1802168021680217,23.201856148491878,10.749185667752444,56,40,16,10.275229357798166,13.986013986013987,6.177606177606178,2.375,2.5,2.0625,2.0047619047619047,1.18562874251497,1.072072072072072,2,2
29,0.3,10.0,0.7,10.0,9,3.0,50,True,True,0.1,0.03,2.0,10.0,26,0.18026315789473685,22.66355140186916,12.048192771084338,58,39,19,10.265486725663717,13.588850174216027,6.83453237410072,2.3620689655172415,2.4871794871794872,2.1052631578947367,1.9684684684684686,1.1823529411764706,1.0701754385964912,2,2
29,0.3,10.0,0.7,10.0,9,3.0,50,True,True,0.1,0.03,2.0,10.0,27,0.1918158567774936,23.665893271461716,13.675213675213676,62,39,23,10.76388888888889,13.684210526315791,7.903780068728522,2.4193548387096775,2.6153846153846154,2.0869565217391304,2.008888888888889,1.1849710982658959,1.0775862068965518,2,2
29,0.3,10.0,0.7,10.0,9,3.0,50,True,True,0.1,0.03,2.0,10.0,28,0.17763975155279504,20.379146919431278,14.882506527415144,63,36,27,10.5,12.5,8.653846153846153,2.2698412698412698,2.388888888888889,2.111111111111111,1.9705882352941178,1.177142857142857,1.0743801652892562,2,2
29,0.3,10.0,0.7,10.0,9,3.0,50,True,True,0.1,0.03,2.0,10.0,29,0.17852834740651388,20.0,15.647921760391197,65,35,30,10.483870967741936,12.152777777777777,9.036144578313253,2.276923076923077,2.4,2.1333333333333333,1.9516129032258065,1.1675977653631284,1.0708661417322836,2,2
29,0.3,10.0,0.7,10.0,9,3.0,50,True,True,0.1,0.03,2.0,10.0,30,0.18053927315357562,20.28301886792453,15.85081585081585,68,36,32,10.658307210031348,12.45674740484429,9.169054441260744,2.264705882352941,2.388888888888889,2.125,1.945945945945946,1.1611111111111112,1.0687022900763359,2,2
29,0.3,10.0,0.7,10.0,9,3.0,50,True,True,0.1,0.03,2.0,10.0,31,0.18906605922551253,20.42755344418052,17.505470459518598,74,36,38,11.297709923664122,12.5,10.354223433242508,2.2432432432432434,2.388888888888889,2.1052631578947367,1.9924242424242424,1.15,1.0661764705882353,2,2
29,0.3,10.0,0.7,10.0,9,3.0,50,True,True,0.1,0.03,2.0,10.0,32,0.18805309734513273,21.07728337236534,16.771488469601678,75,37,38,11.11111111111111,12.802768166089965,9.844559585492227,2.2666666666666666,2.4324324324324325,2.1052631578947367,1.956989247311828,1.1521739130434783,1.0656934306569343,2,2
29,0.3,10.0,0.7,10.0,9,3.0,50,True,True,0.1,0.03,2.0,10.0,33,0.18904403866809882,21.07728337236534,17.063492063492063,78,37,41,11.223021582733812,12.802768166089965,10.098522167487685,2.2564102564102564,2.4324324324324325,2.097560975609756,1.958477508650519,1.1584699453551912,1.0625,2,2
29,0.3,10.0,0.7,10.0,9,3.0,50,True,True,0.1,0.03,2.0,10.0,34,0.18684759916492694,21.07728337236534,16.760828625235405,79,37,42,10.972222222222221,12.802768166089965,9.744779582366588,2.2658227848101267,2.4324324324324325,2.119047619047619,1.8993506493506493,1.1612903225806452,1.0680272108843538,2,2
29,0.3,10.0,0.7,10.0,9,3.0,50,True,True,0.1,0.03,2.0,10.0,35,0.18661257606490872,21.02803738317757,16.845878136200717,81,37,44,10.945945945945947,12.847222222222221,9.734513274336283,2.271604938271605,2.4324324324324325,2.1363636363636362,1.896551724137931,1.1578947368421053,1.080536912751678,2,2
29,0.3,10.0,0.7,10.0,9,3.0,50,True,True,0.1,0.03,2.0,10.0,36,0.19014778325123152,20.833333333333336,17.667238421955403,85,37,48,11.169513797634691,12.802768166089965,10.16949152542373,2.2705882352941176,2.4324324324324325,2.1458333333333335,1.891238670694864,1.168421052631579,1.0774193548387097,2,2
29,0.3,10.0,0.7,10.0,9,3.0,50,True,True,0.1,0.03,2.0,10.0,37,0.19043062200956937,20.745920745920746,17.857142857142858,88,37,51,11.195928753180661,12.802768166089965,10.261569416498995,2.2613636363636362,2.4054054054054053,2.156862745098039,1.8866279069767442,1.1494845360824741,1.08125,2,2
29,0.3,10.0,0.7,10.0,9,3.0,50,True,True,0.1,0.03,2.0,10.0,38,0.18401486988847585,19.570405727923628,17.65601217656012,88,34,54,10.731707317073171,11.888111888111888,10.112359550561797,2.25,2.411764705882353,2.1481481481481484,1.8516483516483517,1.11,1.0714285714285714,2,2
29,0.3,10.0,0.7,10.0,9,3.0,50,True,True,0.1,0.03,2.0,10.0,39,0.18592057761732853,19.09307875894988,18.287373004354137,91,33,58,10.756501182033098,11.458333333333332,10.39426523297491,2.2637362637362637,2.4242424242424243,2.1724137931034484,1.8394736842105264,1.117948717948718,1.0670391061452513,2,2
29,0.3,10.0,0.7,10.0,9,3.0,50,True,True,0.1,0.03,2.0,10.0,40,0.1866783523225241,18.705035971223023,18.646408839779006,93,32,61,10.628571428571428,11.11111111111111,10.391822827938672,2.2903225806451615,2.4375,2.2131147540983607,1.8375634517766497,1.0985221674876848,1.065934065934066,2,2
29,0.3,10.0,0.7,10.0,9,3.0,50,True,True,0.1,0.03,2.0,10.0,41,0.1829787234042553,18.181818181818183,18.361955085865258,94,31,63,10.398230088495575,10.76388888888889,10.227272727272728,2.2872340425531914,2.4516129032258065,2.2063492063492065,1.803357314148681,1.0926829268292684,1.0641711229946524,2,2
29,0.3,10.0,0.7,10.0,9,3.0,50,True,True,0.1,0.03,2.0,10.0,42,0.1768595041322314,18.269230769230766,17.38035264483627,95,31,64,10.117145899893504,10.76388888888889,9.831029185867896,2.2526315789473683,2.4516129032258065,2.15625,1.765237020316027,1.0825242718446602,1.0621761658031088,2,2
29,0.3,10.0,0.7,10.0,9,3.0,50,True,True,0.1,0.03,2.0,10.0,43,0.1781701444622793,18.313253012048193,17.56919374247894,99,31,68,10.174717368961973,10.76388888888889,9.927007299270073,2.242424242424242,2.4516129032258065,2.1470588235294117,1.7456896551724137,1.0657276995305165,1.0609137055837563,2,2
29,0.3,10.0,0.7,10.0,9,3.0,50,True,True,0.1,0.03,2.0,10.0,44,0.17614964925954793,17.560975609756095,17.64032073310424,101,29,72,10.009910802775025,10.069444444444445,9.986130374479888,2.237623762376238,2.4827586206896552,2.138888888888889,1.7246376811594204,1.0669642857142858,1.0603015075376885,2,2
29,0.3,10.0,0.7,10.0,9,3.0,50,True,True,0.1,0.03,2.0,10.0,45,0.18849356548069643,20.28301886792453,18.171683389074694,106,30,76,10.321324245374878,10.380622837370241,10.29810298102981,2.349056603773585,2.8666666666666667,2.1447368421052633,1.758130081300813,1.0666666666666667,1.0588235294117647,2,2
29,0.3,10.0,0.7,10.0,9,3.0,50,True,True,0.1,0.03,2.0,10.0,46,0.19338235294117648,20.42755344418052,18.849840255591054,112,30,82,10.546139359698682,10.380622837370241,10.608020698576972,2.3482142857142856,2.8666666666666667,2.158536585365854,1.7470817120622568,1.0614035087719298,1.0576923076923077,2,2
29,0.3,10.0,0.7,10.0,9,3.0,50,True,True,0.1,0.03,2.0,10.0,47,0.19357142857142856,20.379146919431278,18.916155419222903,116,30,86,10.555050045495905,10.380622837370241,10.617283950617285,2.336206896551724,2.8666666666666667,2.1511627906976742,1.722735674676525,1.0598290598290598,1.0576923076923077,2,2
29,0.3,10.0,0.7,10.0,9,3.0,50,True,True,0.1,0.03,2.0,10.0,48,0.19694868238557559,20.379146919431278,19.411764705882355,122,30,92,10.748898678414097,10.380622837370241,10.874704491725769,2.3278688524590163,2.8666666666666667,2.152173913043478,1.7150442477876107,1.055084745762712,1.0566037735849056,2,2
29,0.3,10.0,0.7,10.0,9,3.0,50,True,True,0.1,0.03,2.0,10.0,49,0.20067340067340067,20.52505966587112,19.887429643527206,129,30,99,11.006825938566553,10.380622837370241,11.211778029445075,2.310077519379845,2.8666666666666667,2.1414141414141414,1.7120954003407156,1.0506329113924051,1.0547945205479452,2,2
29,0.3,10.0,0.7,10.0,9,3.0,50,True,True,0.1,0.03,2.0,10.0,50,0.2040549378678875,20.574162679425836,20.342034203420344,136,30,106,11.248966087675766,10.380622837370241,11.521739130434783,2.2941176470588234,2.8666666666666667,2.1320754716981134,1.7140495867768595,1.0532786885245902,1.053811659192825,2,2
30,0.3,10.0,0.7,10.0,9,3.0,50,True,True,0.1,0.03,2.0,10.0,0,0.0,0.0,0.0,0,0,0,0.0,0.0,0.0,0.0,0.0,0.0,1.0,1.0,1.0,0,0
30,0.3,10.0,0.7,10.0,9,3.0,50,True,True,0.1,0.03,2.0,10.0,1,0.029649595687331536,3.7162162162162162,0.0,4,4,0,1.098901098901099,1.384083044982699,0.0,2.75,2.75,0.0,1.064327485380117,1.0,1.0,2,2
30,0.3,10.0,0.7,10.0,9,3.0,50,True,True,0.1,0.03,2.0,10.0,2,0.05759162303664921,7.28476821192053,0.0,9,9,0,2.4390243902439024,3.1141868512110724,0.0,2.4444444444444446,2.4444444444444446,0.0,1.1183431952662721,1.0166666666666666,1.0,2,2
30,0.3,10.0,0.7,10.0,9,3.0,50,True,True,0.1,0.03,2.0,10.0,3,0.08651399491094147,10.526315789473683,2.247191011235955,14,13,1,3.753351206434316,4.56140350877193,1.1363636363636365,2.4285714285714284,2.4615384615384617,2.0,1.1951219512195121,1.0163934426229508,1.0,2,2
30,0.3,10.0,0.7,10.0,9,3.0,50,True,True,0.1,0.03,2.0,10.0,4,0.10891089108910891,12.666666666666668,5.769230769230769,17,14,3,4.533333333333333,5.090909090909091,3.0,2.588235294117647,2.7142857142857144,2.0,1.294871794871795,1.0161290322580645,1.0,2,2
30,0.3,10.0,0.7,10.0,9,3.0,50,True,True,0.1,0.03,2.0,10.0,5,0.11298076923076923,13.355048859934854,5.5045871559633035,18,15,3,4.81283422459893,5.555555555555555,2.8846153846153846,2.611111111111111,2.7333333333333334,2.0,1.3986486486486487,1.013986013986014,1.0,2,2
30,0.3,10.0,0.7,10.0,9,3.0,50,True,True,0.1,0.03,2.0,10.0,6,0.12383177570093458,14.873417721518987,5.357142857142857,20,17,3,5.347593582887701,6.343283582089552,2.8301886792452833,2.65,2.764705882352941,2.0,1.4965034965034965,1.0194805194805194,1.0,2,2
30,0.3,10.0,0.7,10.0,9,3.0,50,True,True,0.1,0.03,2.0,10.0,7,0.13636363636363635,16.615384615384617,5.217391304347826,22,19,3,5.82010582010582,7.063197026022305,2.7522935779816518,2.727272727272727,2.8421052631578947,2.0,1.574468085106383,1.0193548387096774,1.0,2,2
30,0.3,10.0,0.7,10.0,9,3.0,50,True,True,0.1,0.03,2.0,10.0,8,0.1456953642384106,17.91044776119403,5.084745762711865,25,22,3,6.561679790026247,8.148148148148149,2.7027027027027026,2.64,2.727272727272727,2.0,1.6838235294117647,1.0254777070063694,1.0,2,2
30,0.3,10.0,0.7,10.0,9,3.0,50,True,True,0.1,0.03,2.0,10.0,9,0.14163090128755365,16.76300578034682,6.666666666666667,26,22,4,6.683804627249357,7.9422382671480145,3.571428571428571,2.5384615384615383,2.6363636363636362,2.0,1.7266187050359711,1.025974025974026,1.0,2,2
30,0.3,10.0,0.7,10.0,9,3.0,50,True,True,0.1,0.03,2.0,10.0,10,0.14822546972860126,17.647058823529413,6.557377049180328,28,24,4,7.142857142857142,8.633093525179856,3.508771929824561,2.5357142857142856,2.625,2.0,1.7785714285714285,1.0326797385620916,1.0140845070422535,2,2
30,0.3,10.0,0.7,10.0,9,3.0,50,True,True,0.1,0.03,2.0,10.0,11,0.15415821501014199,18.478260869565215,6.4,30,26,4,7.5566750629722925,9.285714285714286,3.418803418803419,2.533333333333333,2.6153846153846154,2.0,1.856115107913669,1.038709677419355,1.0136986301369864,2,2
30,0.3,10.0,0.7,10.0,9,3.0,50,True,True,0.1,0.03,2.0,10.0,12,0.14201183431952663,17.066666666666666,6.0606060606060606,28,24,4,6.982543640897755,8.60215053763441,3.278688524590164,2.5714285714285716,2.6666666666666665,2.0,1.8732394366197183,1.064516129032258,1.027027027027027,2,2
30,0.3,10.0,0.7,10.0,9,3.0,50,True,True,0.1,0.03,2.0,10.0,13,0.14367816091954022,17.585301837270343,5.673758865248227,29,25,4,7.090464547677261,8.960573476702509,3.076923076923077,2.586206896551724,2.68,2.0,1.864864864864865,1.0769230769230769,1.0263157894736843,2,2
30,0.3,10.0,0.7,10.0,9,3.0,50,True,True,0.1,0.03,2.0,10.0,14,0.15083798882681565,18.76606683804627,5.405405405405405,32,28,4,7.637231503579953,9.89399293286219,2.941176470588235,2.53125,2.607142857142857,2.0,1.8831168831168832,1.077922077922078,1.0253164556962024,2,2
30,0.3,10.0,0.7,10.0,9,3.0,50,True,True,0.1,0.03,2.0,10.0,15,0.14647377938517178,19.035532994923855,3.7735849056603774,32,29,3,7.441860465116279,10.247349823321555,2.0408163265306123,2.53125,2.586206896551724,2.0,1.8860759493670887,1.089171974522293,1.024390243902439,2,2
30,0.3,10.0,0.7,10.0,9,3.0,50,True,True,0.1,0.03,2.0,10.0,16,0.14586994727592267,18.84422110552764,4.678362573099415,33,29,4,7.46606334841629,10.13986013986014,2.564102564102564,2.515151515151515,2.586206896551724,2.0,1.8650306748466257,1.1049382716049383,1.0238095238095237,2,2
30,0.3,10.0,0.7,10.0,9,3.0,50,True,True,0.1,0.03,2.0,10.0,17,0.14505119453924914,19.25,4.301075268817205,34,30,4,7.555555555555555,10.526315789473683,2.4242424242424243,2.5,2.566666666666667,2.0,1.8928571428571428,1.1139240506329113,1.0222222222222221,2,2
30,0.3,10.0,0.7,10.0,9,3.0,50,True,True,0.1,0.03,2.0,10.0,18,0.15091210613598674,20.34313725490196,4.102564102564102,36,32,4,7.792207792207792,11.11111111111111,2.2988505747126435,2.5277777777777777,2.59375,2.0,1.9294117647058824,1.1049382716049383,1.0212765957446808,2,2
30,0.3,10.0,0.7,10.0,9,3.0,50,True,True,0.1,0.03,2.0,10.0,19,0.15942028985507245,20.68126520681265,6.666666666666667,40,33,7,8.492569002123142,11.538461538461538,3.783783783783784,2.475,2.5757575757575757,2.0,2.011904761904762,1.1,1.032258064516129,2,2
30,0.3,10.0,0.7,10.0,9,3.0,50,True,True,0.1,0.03,2.0,10.0,20,0.16118935837245696,21.394230769230766,6.278026905829597,42,35,7,8.695652173913043,12.195121951219512,3.571428571428571,2.4523809523809526,2.5428571428571427,2.0,1.9887005649717515,1.1280487804878048,1.0303030303030303,2,2
30,0.3,10.0,0.7,10.0,9,3.0,50,True,True,0.1,0.03,2.0,10.0,21,0.15653495440729484,21.44578313253012,5.761316872427984,42,35,7,8.450704225352112,12.195121951219512,3.3333333333333335,2.4523809523809526,2.5428571428571427,2.0,1.946524064171123,1.1411042944785277,1.0285714285714285,2,2
30,0.3,10.0,0.7,10.0,9,3.0,50,True,True,0.1,0.03,2.0,10.0,22,0.15952732644017725,22.380952380952383,5.447470817120623,44,37,7,8.610567514677104,12.89198606271777,3.125,2.4545454545454546,2.5405405405405403,2.0,1.953125,1.1437125748502994,1.0277777777777777,2,2
30,0.3,10.0,0.7,10.0,9,3.0,50,True,True,0.1,0.03,2.0,10.0,23,0.15925394548063126,22.565320665083135,5.797101449275362,46,38,8,8.761904761904763,13.194444444444445,3.375527426160337,2.4130434782608696,2.5,2.0,1.9215686274509804,1.1506024096385543,1.0458715596330275,2,2
30,0.3,10.0,0.7,10.0,9,3.0,50,True,True,0.1,0.03,2.0,10.0,24,0.15760111576011157,22.090261282660332,6.756756756756757,47,37,10,8.719851576994433,12.89198606271777,3.968253968253968,2.404255319148936,2.5135135135135136,2.0,1.9289099526066351,1.144578313253012,1.0526315789473684,2,2
30,0.3,10.0,0.7,10.0,9,3.0,50,True,True,0.1,0.03,2.0,10.0,25,0.15447154471544716,21.04018912529551,7.936507936507936,48,36,12,8.664259927797833,12.5,4.511278195488721,2.375,2.4722222222222223,2.0833333333333335,1.9223744292237444,1.1461988304093567,1.0521739130434782,2,2
30,0.3,10.0,0.7,10.0,9,3.0,50,True,True,0.1,0.03,2.0,10.0,26,0.15921052631578947,21.22641509433962,9.226190476190476,50,35,15,8.756567425569177,12.152777777777777,5.30035335689046,2.42,2.5714285714285716,2.066666666666667,1.9241071428571428,1.151685393258427,1.0508474576271187,2,2
30,0.3,10.0,0.7,10.0,9,3.0,50,True,True,0.1,0.03,2.0,10.0,27,0.159846547314578,20.52505966587112,10.743801652892563,53,34,19,8.952702702702704,11.846689895470384,6.229508196721312,2.358490566037736,2.5294117647058822,2.0526315789473686,1.8949579831932772,1.1485714285714286,1.0483870967741935,2,2
30,0.3,10.0,0.7,10.0,9,3.0,50,True,True,0.1,0.03,2.0,10.0,28,0.15527950310559005,18.401937046004843,12.5,55,31,24,9.0311986863711,10.839160839160838,7.430340557275541,2.272727272727273,2.4516129032258065,2.0416666666666665,1.9065040650406504,1.12707182320442,1.0476190476190477,2,2
30,0.3,10.0,0.7,10.0,9,3.0,50,True,True,0.1,0.03,2.0,10.0,29,0.16164053075995174,19.03614457831325,13.285024154589372,59,32,27,9.44,11.149825783972126,7.988165680473373,2.2711864406779663,2.46875,2.037037037037037,1.9098039215686275,1.1373626373626373,1.0465116279069768,2,2
30,0.3,10.0,0.7,10.0,9,3.0,50,True,True,0.1,0.03,2.0,10.0,30,0.15474794841735054,17.317073170731707,13.769751693002258,59,29,30,9.119010819165378,10.175438596491228,8.287292817679557,2.23728813559322,2.4482758620689653,2.033333333333333,1.8708487084870848,1.1366120218579234,1.0454545454545454,2,2
30,0.3,10.0,0.7,10.0,9,3.0,50,True,True,0.1,0.03,2.0,10.0,31,0.15148063781321183,16.46489104116223,13.978494623655912,60,28,32,8.968609865470851,9.75609756097561,8.37696335078534,2.216666666666667,2.4285714285714284,2.03125,1.8327526132404182,1.1311475409836065,1.0431654676258992,2,2
30,0.3,10.0,0.7,10.0,9,3.0,50,True,True,0.1,0.03,2.0,10.0,32,0.14712389380530974,16.425120772946862,13.26530612244898,60,28,32,8.633093525179856,9.75609756097561,7.8431372549019605,2.216666666666667,2.4285714285714284,2.03125,1.7868852459016393,1.1170212765957446,1.0492957746478873,2,2
30,0.3,10.0,0.7,10.0,9,3.0,50,True,True,0.1,0.03,2.0,10.0,33,0.1439312567132116,15.47911547911548,13.549618320610687,61,26,35,8.437067773167358,9.090909090909092,8.009153318077804,2.19672131147541,2.423076923076923,2.0285714285714285,1.759375,1.0909090909090908,1.062937062937063,2,2
30,0.3,10.0,0.7,10.0,9,3.0,50,True,True,0.1,0.03,2.0,10.0,34,0.14926931106471816,16.54501216545012,13.711151736745887,64,27,37,8.60215053763441,9.40766550522648,8.096280087527353,2.234375,2.5185185185185186,2.027027027027027,1.7659574468085106,1.09,1.0529801324503312,2,2
30,0.3,10.0,0.7,10.0,9,3.0,50,True,True,0.1,0.03,2.0,10.0,35,0.14807302231237324,16.82926829268293,13.368055555555555,65,27,38,8.430609597924773,9.375,7.867494824016563,2.246153846153846,2.5555555555555554,2.026315789473684,1.7270114942528736,1.099009900990099,1.0516129032258064,2,2
30,0.3,10.0,0.7,10.0,9,3.0,50,True,True,0.1,0.03,2.0,10.0,36,0.14876847290640394,16.42156862745098,13.838550247116968,68,26,42,8.521303258145362,9.059233449477352,8.21917808219178,2.2205882352941178,2.576923076923077,2.0,1.690217391304348,1.1237623762376239,1.0506329113924051,2,2
30,0.3,10.0,0.7,10.0,9,3.0,50,True,True,0.1,0.03,2.0,10.0,37,0.14354066985645933,15.686274509803921,13.500784929356357,68,25,43,8.222490931076178,8.680555555555555,7.977736549165121,2.2058823529411766,2.56,2.0,1.6487179487179486,1.1280788177339902,1.0484848484848486,2,2
30,0.3,10.0,0.7,10.0,9,3.0,50,True,True,0.1,0.03,2.0,10.0,38,0.14591078066914498,15.136476426799009,14.26448736998514,70,24,46,8.177570093457943,8.362369337979095,8.084358523725834,2.242857142857143,2.5416666666666665,2.0869565217391304,1.6397058823529411,1.105263157894737,1.0476190476190477,2,2
30,0.3,10.0,0.7,10.0,9,3.0,50,True,True,0.1,0.03,2.0,10.0,39,0.14620938628158844,15.270935960591133,14.245014245014245,71,23,48,8.049886621315192,7.986111111111111,8.080808080808081,2.2816901408450705,2.6956521739130435,2.0833333333333335,1.6338028169014085,1.0904761904761904,1.0578034682080926,2,2
30,0.3,10.0,0.7,10.0,9,3.0,50,True,True,0.1,0.03,2.0,10.0,40,0.1516213847502191,15.308641975308642,15.081521739130435,76,23,53,8.315098468271334,7.958477508650519,8.48,2.276315789473684,2.6956521739130435,2.0943396226415096,1.6188340807174888,1.0849056603773586,1.05,2,2
30,0.3,10.0,0.7,10.0,9,3.0,50,True,True,0.1,0.03,2.0,10.0,41,0.1523404255319149,15.270935960591133,15.214564369310793,79,23,56,8.36864406779661,7.958477508650519,8.549618320610687,2.2658227848101267,2.6956521739130435,2.0892857142857144,1.6155507559395248,1.0772727272727274,1.0497237569060773,2,2
30,0.3,10.0,0.7,10.0,9,3.0,50,True,True,0.1,0.03,2.0,10.0,42,0.15537190082644628,15.270935960591133,15.671641791044777,83,23,60,8.53031860226105,7.958477508650519,8.771929824561402,2.2650602409638556,2.6956521739130435,2.1,1.6137787056367432,1.075221238938053,1.0486486486486486,2,2
30,0.3,10.0,0.7,10.0,9,3.0,50,True,True,0.1,0.03,2.0,10.0,43,0.15971107544141253,15.270935960591133,16.30952380952381,87,23,64,8.7,7.958477508650519,9.0014064697609,2.2873563218390807,2.6956521739130435,2.140625,1.6234817813765183,1.0745614035087718,1.0473684210526315,2,2
30,0.3,10.0,0.7,10.0,9,3.0,50,True,True,0.1,0.03,2.0,10.0,44,0.16679657053780203,15.422885572139302,17.253121452894437,94,23,71,9.108527131782946,7.986111111111111,9.543010752688172,2.276595744680851,2.6956521739130435,2.140845070422535,1.622568093385214,1.0692640692640694,1.0466321243523315,2,2
30,0.3,10.0,0.7,10.0,9,3.0,50,True,True,0.1,0.03,2.0,10.0,45,0.17638152914458743,15.346534653465346,18.647764449291166,103,23,80,9.76303317535545,7.986111111111111,10.430247718383312,2.262135922330097,2.6956521739130435,2.1375,1.6608863198458574,1.0711297071129706,1.0463917525773196,2,2
30,0.3,10.0,0.7,10.0,9,3.0,50,True,True,0.1,0.03,2.0,10.0,46,0.18161764705882352,16.216216216216218,18.99265477439664,106,23,83,9.796672828096119,7.958477508650519,10.466582597730138,2.330188679245283,2.869565217391304,2.180722891566265,1.6710280373831776,1.070539419087137,1.0452261306532664,2,2
30,0.3,10.0,0.7,10.0,9,3.0,50,True,True,0.1,0.03,2.0,10.0,47,0.18285714285714286,15.671641791044777,19.338677354709418,111,22,89,9.919571045576408,7.665505226480835,10.697115384615383,2.3063063063063063,2.8636363636363638,2.168539325842697,1.6565295169946332,1.0666666666666667,1.0430622009569377,2,2
30,0.3,10.0,0.7,10.0,9,3.0,50,True,True,0.1,0.03,2.0,10.0,48,0.18446601941747573,15.632754342431761,19.53801732435034,116,22,94,10.043290043290042,7.612456747404845,10.854503464203233,2.293103448275862,2.8636363636363638,2.1595744680851063,1.6557093425605536,1.0602409638554218,1.04739336492891,2,2
30,0.3,10.0,0.7,10.0,9,3.0,50,True,True,0.1,0.03,2.0,10.0,49,0.18855218855218855,15.75,20.0,122,22,100,10.234899328859061,7.638888888888889,11.061946902654867,2.2950819672131146,2.8636363636363638,2.17,1.6566164154103853,1.0505836575875487,1.0462962962962963,2,2
30,0.3,10.0,0.7,10.0,9,3.0,50,True,True,0.1,0.03,2.0,10.0,50,0.19424460431654678,15.949367088607595,20.634920634920633,129,22,107,10.445344129554655,7.638888888888889,11.298838437170012,2.302325581395349,2.8636363636363638,2.1869158878504673,1.6479099678456592,1.0378787878787878,1.0502283105022832,2,2
