engine,run_number,seed,patch_index,slum_occupants
mesa,1,6512902294699416937,1,2
mesa,1,6512902294699416937,2,3
mesa,1,6512902294699416937,3,2
mesa,1,6512902294699416937,4,2
mesa,1,6512902294699416937,5,3
mesa,1,6512902294699416937,6,2
mesa,1,6512902294699416937,7,2
mesa,1,6512902294699416937,8,3
mesa,1,6512902294699416937,9,2
mesa,1,6512902294699416937,10,3
mesa,1,6512902294699416937,11,2
mesa,1,6512902294699416937,12,2
mesa,1,6512902294699416937,13,2
mesa,1,6512902294699416937,14,2
mesa,1,6512902294699416937,15,2
mesa,1,6512902294699416937,16,4
mesa,1,6512902294699416937,17,2
mesa,1,6512902294699416937,18,2
mesa,1,6512902294699416937,19,2
mesa,1,6512902294699416937,20,2
mesa,1,6512902294699416937,21,2
mesa,1,6512902294699416937,22,2
mesa,1,6512902294699416937,23,5
mesa,1,6512902294699416937,24,3
mesa,1,6512902294699416937,25,2
mesa,1,6512902294699416937,26,2
mesa,1,6512902294699416937,27,3
mesa,1,6512902294699416937,28,2
mesa,1,6512902294699416937,29,4
mesa,1,6512902294699416937,30,2
mesa,1,6512902294699416937,31,4
mesa,1,6512902294699416937,32,2
mesa,1,6512902294699416937,33,2
mesa,1,6512902294699416937,34,3
mesa,1,6512902294699416937,35,2
mesa,1,6512902294699416937,36,2
mesa,1,6512902294699416937,37,2
mesa,1,6512902294699416937,38,2
mesa,1,6512902294699416937,39,6
mesa,1,6512902294699416937,40,2
mesa,1,6512902294699416937,41,2
mesa,1,6512902294699416937,42,2
mesa,1,6512902294699416937,43,2
mesa,1,6512902294699416937,44,2
mesa,1,6512902294699416937,45,2
mesa,1,6512902294699416937,46,2
mesa,1,6512902294699416937,47,2
mesa,1,6512902294699416937,48,2
mesa,1,6512902294699416937,49,2
mesa,1,6512902294699416937,50,2
mesa,1,6512902294699416937,51,2
mesa,1,6512902294699416937,52,4
mesa,1,6512902294699416937,53,2
mesa,1,6512902294699416937,54,2
mesa,1,6512902294699416937,55,2
mesa,1,6512902294699416937,56,2
mesa,1,6512902294699416937,57,6
mesa,1,6512902294699416937,58,2
mesa,1,6512902294699416937,59,2
mesa,1,6512902294699416937,60,2
mesa,1,6512902294699416937,61,2
mesa,1,6512902294699416937,62,3
mesa,1,6512902294699416937,63,2
mesa,1,6512902294699416937,64,4
mesa,1,6512902294699416937,65,2
mesa,1,6512902294699416937,66,2
mesa,1,6512902294699416937,67,2
mesa,1,6512902294699416937,68,2
mesa,1,6512902294699416937,69,3
mesa,1,6512902294699416937,70,2
mesa,1,6512902294699416937,71,3
mesa,1,6512902294699416937,72,2
mesa,1,6512902294699416937,73,2
mesa,1,6512902294699416937,74,2
mesa,1,6512902294699416937,75,2
mesa,1,6512902294699416937,76,2
mesa,1,6512902294699416937,77,3
mesa,1,6512902294699416937,78,2
mesa,1,6512902294699416937,79,2
mesa,1,6512902294699416937,80,4
mesa,1,6512902294699416937,81,3
mesa,1,6512902294699416937,82,2
mesa,1,6512902294699416937,83,3
mesa,1,6512902294699416937,84,2
mesa,1,6512902294699416937,85,2
mesa,1,6512902294699416937,86,2
mesa,1,6512902294699416937,87,2
mesa,1,6512902294699416937,88,2
mesa,1,6512902294699416937,89,2
mesa,1,6512902294699416937,90,2
mesa,1,6512902294699416937,91,2
mesa,1,6512902294699416937,92,3
mesa,1,6512902294699416937,93,2
mesa,1,6512902294699416937,94,2
mesa,1,6512902294699416937,95,3
mesa,1,6512902294699416937,96,2
mesa,1,6512902294699416937,97,2
mesa,1,6512902294699416937,98,2
mesa,1,6512902294699416937,99,2
mesa,1,6512902294699416937,100,2
mesa,1,6512902294699416937,101,2
mesa,1,6512902294699416937,102,2
mesa,1,6512902294699416937,103,2
mesa,1,6512902294699416937,104,2
mesa,1,6512902294699416937,105,2
mesa,1,6512902294699416937,106,2
mesa,1,6512902294699416937,107,2
mesa,1,6512902294699416937,108,2
mesa,1,6512902294699416937,109,2
mesa,1,6512902294699416937,110,2
mesa,1,6512902294699416937,111,2
mesa,1,6512902294699416937,112,2
mesa,1,6512902294699416937,113,2
mesa,1,6512902294699416937,114,2
mesa,1,6512902294699416937,115,3
mesa,1,6512902294699416937,116,2
mesa,1,6512902294699416937,117,3
mesa,1,6512902294699416937,118,2
mesa,1,6512902294699416937,119,2
mesa,1,6512902294699416937,120,2
mesa,1,6512902294699416937,121,2
mesa,1,6512902294699416937,122,2
mesa,1,6512902294699416937,123,2
mesa,1,6512902294699416937,124,2
mesa,2,7231377022304299890,1,2
mesa,2,7231377022304299890,2,2
mesa,2,7231377022304299890,3,2
mesa,2,7231377022304299890,4,2
mesa,2,7231377022304299890,5,2
mesa,2,7231377022304299890,6,2
mesa,2,7231377022304299890,7,2
mesa,2,7231377022304299890,8,2
mesa,2,7231377022304299890,9,2
mesa,2,7231377022304299890,10,2
mesa,2,7231377022304299890,11,2
mesa,2,7231377022304299890,12,2
mesa,2,7231377022304299890,13,2
mesa,2,7231377022304299890,14,2
mesa,2,7231377022304299890,15,2
mesa,2,7231377022304299890,16,2
mesa,2,7231377022304299890,17,2
mesa,2,7231377022304299890,18,3
mesa,2,7231377022304299890,19,2
mesa,2,7231377022304299890,20,2
mesa,2,7231377022304299890,21,2
mesa,2,7231377022304299890,22,2
mesa,2,7231377022304299890,23,2
mesa,2,7231377022304299890,24,2
mesa,2,7231377022304299890,25,2
mesa,2,7231377022304299890,26,2
mesa,2,7231377022304299890,27,2
mesa,2,7231377022304299890,28,2
mesa,2,7231377022304299890,29,2
mesa,2,7231377022304299890,30,2
mesa,2,7231377022304299890,31,2
mesa,2,7231377022304299890,32,2
mesa,2,7231377022304299890,33,2
mesa,2,7231377022304299890,34,2
mesa,2,7231377022304299890,35,2
mesa,2,7231377022304299890,36,3
mesa,2,7231377022304299890,37,2
mesa,2,7231377022304299890,38,2
mesa,2,7231377022304299890,39,2
mesa,2,7231377022304299890,40,2
mesa,2,7231377022304299890,41,2
mesa,2,7231377022304299890,42,2
mesa,2,7231377022304299890,43,2
mesa,2,7231377022304299890,44,2
mesa,2,7231377022304299890,45,2
mesa,2,7231377022304299890,46,2
mesa,2,7231377022304299890,47,3
mesa,2,7231377022304299890,48,2
mesa,2,7231377022304299890,49,2
mesa,2,7231377022304299890,50,2
mesa,2,7231377022304299890,51,2
mesa,2,7231377022304299890,52,2
mesa,2,7231377022304299890,53,4
mesa,2,7231377022304299890,54,2
mesa,2,7231377022304299890,55,4
mesa,2,7231377022304299890,56,2
mesa,2,7231377022304299890,57,2
mesa,2,7231377022304299890,58,2
mesa,2,7231377022304299890,59,12
mesa,2,7231377022304299890,60,4
mesa,2,7231377022304299890,61,2
mesa,2,7231377022304299890,62,2
mesa,2,7231377022304299890,63,2
mesa,2,7231377022304299890,64,2
mesa,2,7231377022304299890,65,3
mesa,2,7231377022304299890,66,2
mesa,2,7231377022304299890,67,4
mesa,2,7231377022304299890,68,2
mesa,2,7231377022304299890,69,2
mesa,2,7231377022304299890,70,2
mesa,2,7231377022304299890,71,2
mesa,2,7231377022304299890,72,2
mesa,2,7231377022304299890,73,2
mesa,2,7231377022304299890,74,2
mesa,2,7231377022304299890,75,2
mesa,2,7231377022304299890,76,2
mesa,2,7231377022304299890,77,6
mesa,2,7231377022304299890,78,2
mesa,2,7231377022304299890,79,2
mesa,2,7231377022304299890,80,2
mesa,2,7231377022304299890,81,2
mesa,2,7231377022304299890,82,2
mesa,2,7231377022304299890,83,2
mesa,2,7231377022304299890,84,2
mesa,2,7231377022304299890,85,4
mesa,2,7231377022304299890,86,2
mesa,2,7231377022304299890,87,2
mesa,2,7231377022304299890,88,2
mesa,2,7231377022304299890,89,2
mesa,2,7231377022304299890,90,2
mesa,2,7231377022304299890,91,2
mesa,2,7231377022304299890,92,2
mesa,2,7231377022304299890,93,2
mesa,2,7231377022304299890,94,2
mesa,2,7231377022304299890,95,2
mesa,2,7231377022304299890,96,2
mesa,2,7231377022304299890,97,2
mesa,2,7231377022304299890,98,2
mesa,2,7231377022304299890,99,3
mesa,2,7231377022304299890,100,2
mesa,2,7231377022304299890,101,2
mesa,2,7231377022304299890,102,2
mesa,2,7231377022304299890,103,2
mesa,2,7231377022304299890,104,2
mesa,2,7231377022304299890,105,2
mesa,2,7231377022304299890,106,2
mesa,2,7231377022304299890,107,2
mesa,2,7231377022304299890,108,3
mesa,2,7231377022304299890,109,2
mesa,2,7231377022304299890,110,2
mesa,2,7231377022304299890,111,3
mesa,2,7231377022304299890,112,2
mesa,2,7231377022304299890,113,2
mesa,2,7231377022304299890,114,2
mesa,2,7231377022304299890,115,2
mesa,2,7231377022304299890,116,5
mesa,2,7231377022304299890,117,2
mesa,2,7231377022304299890,118,2
mesa,2,7231377022304299890,119,2
mesa,2,7231377022304299890,120,2
mesa,2,7231377022304299890,121,2
mesa,2,7231377022304299890,122,2
mesa,2,7231377022304299890,123,2
mesa,2,7231377022304299890,124,2
mesa,2,7231377022304299890,125,2
mesa,2,7231377022304299890,126,2
mesa,2,7231377022304299890,127,2
mesa,2,7231377022304299890,128,2
mesa,2,7231377022304299890,129,2
mesa,2,7231377022304299890,130,2
mesa,2,7231377022304299890,131,2
mesa,3,4786558760875221914,1,3
mesa,3,4786558760875221914,2,2
mesa,3,4786558760875221914,3,2
mesa,3,4786558760875221914,4,2
mesa,3,4786558760875221914,5,3
mesa,3,4786558760875221914,6,2
mesa,3,4786558760875221914,7,2
mesa,3,4786558760875221914,8,2
mesa,3,4786558760875221914,9,2
mesa,3,4786558760875221914,10,2
mesa,3,4786558760875221914,11,2
mesa,3,4786558760875221914,12,2
mesa,3,4786558760875221914,13,3
mesa,3,4786558760875221914,14,2
mesa,3,4786558760875221914,15,3
mesa,3,4786558760875221914,16,2
mesa,3,4786558760875221914,17,2
mesa,3,4786558760875221914,18,2
mesa,3,4786558760875221914,19,2
mesa,3,4786558760875221914,20,2
mesa,3,4786558760875221914,21,3
mesa,3,4786558760875221914,22,2
mesa,3,4786558760875221914,23,3
mesa,3,4786558760875221914,24,2
mesa,3,4786558760875221914,25,3
mesa,3,4786558760875221914,26,2
mesa,3,4786558760875221914,27,2
mesa,3,4786558760875221914,28,2
mesa,3,4786558760875221914,29,2
mesa,3,4786558760875221914,30,2
mesa,3,4786558760875221914,31,4
mesa,3,4786558760875221914,32,2
mesa,3,4786558760875221914,33,2
mesa,3,4786558760875221914,34,2
mesa,3,4786558760875221914,35,2
mesa,3,4786558760875221914,36,2
mesa,3,4786558760875221914,37,2
mesa,3,4786558760875221914,38,2
mesa,3,4786558760875221914,39,2
mesa,3,4786558760875221914,40,2
mesa,3,4786558760875221914,41,3
mesa,3,4786558760875221914,42,2
mesa,3,4786558760875221914,43,2
mesa,3,4786558760875221914,44,2
mesa,3,4786558760875221914,45,2
mesa,3,4786558760875221914,46,3
mesa,3,4786558760875221914,47,2
mesa,3,4786558760875221914,48,2
mesa,3,4786558760875221914,49,2
mesa,3,4786558760875221914,50,3
mesa,3,4786558760875221914,51,2
mesa,3,4786558760875221914,52,2
mesa,3,4786558760875221914,53,2
mesa,3,4786558760875221914,54,2
mesa,3,4786558760875221914,55,3
mesa,3,4786558760875221914,56,2
mesa,3,4786558760875221914,57,3
mesa,3,4786558760875221914,58,2
mesa,3,4786558760875221914,59,4
mesa,3,4786558760875221914,60,3
mesa,3,4786558760875221914,61,2
mesa,3,4786558760875221914,62,2
mesa,3,4786558760875221914,63,2
mesa,3,4786558760875221914,64,2
mesa,3,4786558760875221914,65,2
mesa,3,4786558760875221914,66,2
mesa,3,4786558760875221914,67,3
mesa,3,4786558760875221914,68,2
mesa,3,4786558760875221914,69,2
mesa,3,4786558760875221914,70,2
mesa,3,4786558760875221914,71,2
mesa,3,4786558760875221914,72,2
mesa,3,4786558760875221914,73,2
mesa,3,4786558760875221914,74,2
mesa,3,4786558760875221914,75,2
mesa,3,4786558760875221914,76,2
mesa,3,4786558760875221914,77,2
mesa,3,4786558760875221914,78,2
mesa,3,4786558760875221914,79,2
mesa,3,4786558760875221914,80,3
mesa,3,4786558760875221914,81,2
mesa,3,4786558760875221914,82,3
mesa,3,4786558760875221914,83,2
mesa,3,4786558760875221914,84,2
mesa,3,4786558760875221914,85,3
mesa,3,4786558760875221914,86,3
mesa,3,4786558760875221914,87,2
mesa,3,4786558760875221914,88,2
mesa,3,4786558760875221914,89,3
mesa,3,4786558760875221914,90,2
mesa,3,4786558760875221914,91,2
mesa,3,4786558760875221914,92,2
mesa,3,4786558760875221914,93,2
mesa,3,4786558760875221914,94,2
mesa,3,4786558760875221914,95,2
mesa,3,4786558760875221914,96,2
mesa,3,4786558760875221914,97,2
mesa,3,4786558760875221914,98,3
mesa,3,4786558760875221914,99,2
mesa,3,4786558760875221914,100,2
mesa,3,4786558760875221914,101,2
mesa,3,4786558760875221914,102,2
mesa,3,4786558760875221914,103,2
mesa,3,4786558760875221914,104,2
mesa,3,4786558760875221914,105,2
mesa,3,4786558760875221914,106,2
mesa,3,4786558760875221914,107,2
mesa,3,4786558760875221914,108,2
mesa,3,4786558760875221914,109,2
mesa,3,4786558760875221914,110,2
mesa,3,4786558760875221914,111,2
mesa,3,4786558760875221914,112,2
mesa,3,4786558760875221914,113,2
mesa,3,4786558760875221914,114,2
mesa,3,4786558760875221914,115,4
mesa,3,4786558760875221914,116,2
mesa,3,4786558760875221914,117,2
mesa,3,4786558760875221914,118,2
mesa,3,4786558760875221914,119,2
mesa,3,4786558760875221914,120,2
mesa,3,4786558760875221914,121,3
mesa,3,4786558760875221914,122,2
mesa,3,4786558760875221914,123,2
mesa,3,4786558760875221914,124,2
mesa,3,4786558760875221914,125,2
mesa,3,4786558760875221914,126,2
mesa,4,7078651828599247398,1,2
mesa,4,7078651828599247398,2,3
mesa,4,7078651828599247398,3,2
mesa,4,7078651828599247398,4,2
mesa,4,7078651828599247398,5,2
mesa,4,7078651828599247398,6,2
mesa,4,7078651828599247398,7,2
mesa,4,7078651828599247398,8,2
mesa,4,7078651828599247398,9,2
mesa,4,7078651828599247398,10,2
mesa,4,7078651828599247398,11,2
mesa,4,7078651828599247398,12,2
mesa,4,7078651828599247398,13,2
mesa,4,7078651828599247398,14,2
mesa,4,7078651828599247398,15,2
mesa,4,7078651828599247398,16,2
mesa,4,7078651828599247398,17,2
mesa,4,7078651828599247398,18,2
mesa,4,7078651828599247398,19,2
mesa,4,7078651828599247398,20,2
mesa,4,7078651828599247398,21,2
mesa,4,7078651828599247398,22,2
mesa,4,7078651828599247398,23,3
mesa,4,7078651828599247398,24,2
mesa,4,7078651828599247398,25,2
mesa,4,7078651828599247398,26,2
mesa,4,7078651828599247398,27,2
mesa,4,7078651828599247398,28,2
mesa,4,7078651828599247398,29,2
mesa,4,7078651828599247398,30,3
mesa,4,7078651828599247398,31,2
mesa,4,7078651828599247398,32,2
mesa,4,7078651828599247398,33,2
mesa,4,7078651828599247398,34,4
mesa,4,7078651828599247398,35,2
mesa,4,7078651828599247398,36,2
mesa,4,7078651828599247398,37,2
mesa,4,7078651828599247398,38,2
mesa,4,7078651828599247398,39,2
mesa,4,7078651828599247398,40,2
mesa,4,7078651828599247398,41,2
mesa,4,7078651828599247398,42,2
mesa,4,7078651828599247398,43,2
mesa,4,7078651828599247398,44,3
mesa,4,7078651828599247398,45,3
mesa,4,7078651828599247398,46,2
mesa,4,7078651828599247398,47,2
mesa,4,7078651828599247398,48,2
mesa,4,7078651828599247398,49,3
mesa,4,7078651828599247398,50,2
mesa,4,7078651828599247398,51,2
mesa,4,7078651828599247398,52,2
mesa,4,7078651828599247398,53,2
mesa,4,7078651828599247398,54,2
mesa,4,7078651828599247398,55,2
mesa,4,7078651828599247398,56,2
mesa,4,7078651828599247398,57,2
mesa,4,7078651828599247398,58,5
mesa,4,7078651828599247398,59,5
mesa,4,7078651828599247398,60,3
mesa,4,7078651828599247398,61,3
mesa,4,7078651828599247398,62,3
mesa,4,7078651828599247398,63,2
mesa,4,7078651828599247398,64,3
mesa,4,7078651828599247398,65,3
mesa,4,7078651828599247398,66,4
mesa,4,7078651828599247398,67,2
mesa,4,7078651828599247398,68,2
mesa,4,7078651828599247398,69,2
mesa,4,7078651828599247398,70,2
mesa,4,7078651828599247398,71,2
mesa,4,7078651828599247398,72,2
mesa,4,7078651828599247398,73,2
mesa,4,7078651828599247398,74,4
mesa,4,7078651828599247398,75,2
mesa,4,7078651828599247398,76,2
mesa,4,7078651828599247398,77,3
mesa,4,7078651828599247398,78,2
mesa,4,7078651828599247398,79,2
mesa,4,7078651828599247398,80,3
mesa,4,7078651828599247398,81,2
mesa,4,7078651828599247398,82,2
mesa,4,7078651828599247398,83,2
mesa,4,7078651828599247398,84,2
mesa,4,7078651828599247398,85,7
mesa,4,7078651828599247398,86,2
mesa,4,7078651828599247398,87,2
mesa,4,7078651828599247398,88,2
mesa,4,7078651828599247398,89,2
mesa,4,7078651828599247398,90,2
mesa,4,7078651828599247398,91,2
mesa,4,7078651828599247398,92,2
mesa,4,7078651828599247398,93,3
mesa,4,7078651828599247398,94,2
mesa,4,7078651828599247398,95,2
mesa,4,7078651828599247398,96,3
mesa,4,7078651828599247398,97,2
mesa,4,7078651828599247398,98,2
mesa,4,7078651828599247398,99,2
mesa,4,7078651828599247398,100,2
mesa,4,7078651828599247398,101,3
mesa,4,7078651828599247398,102,3
mesa,4,7078651828599247398,103,2
mesa,4,7078651828599247398,104,2
mesa,4,7078651828599247398,105,2
mesa,4,7078651828599247398,106,3
mesa,4,7078651828599247398,107,2
mesa,4,7078651828599247398,108,2
mesa,4,7078651828599247398,109,2
mesa,4,7078651828599247398,110,3
mesa,4,7078651828599247398,111,2
mesa,4,7078651828599247398,112,2
mesa,4,7078651828599247398,113,2
mesa,4,7078651828599247398,114,2
mesa,4,7078651828599247398,115,2
mesa,4,7078651828599247398,116,2
mesa,4,7078651828599247398,117,2
mesa,4,7078651828599247398,118,2
mesa,5,2865044097428016345,1,2
mesa,5,2865044097428016345,2,2
mesa,5,2865044097428016345,3,2
mesa,5,2865044097428016345,4,2
mesa,5,2865044097428016345,5,2
mesa,5,2865044097428016345,6,2
mesa,5,2865044097428016345,7,2
mesa,5,2865044097428016345,8,2
mesa,5,2865044097428016345,9,2
mesa,5,2865044097428016345,10,2
mesa,5,2865044097428016345,11,2
mesa,5,2865044097428016345,12,2
mesa,5,2865044097428016345,13,2
mesa,5,2865044097428016345,14,2
mesa,5,2865044097428016345,15,3
mesa,5,2865044097428016345,16,2
mesa,5,2865044097428016345,17,2
mesa,5,2865044097428016345,18,2
mesa,5,2865044097428016345,19,2
mesa,5,2865044097428016345,20,2
mesa,5,2865044097428016345,21,2
mesa,5,2865044097428016345,22,2
mesa,5,2865044097428016345,23,4
mesa,5,2865044097428016345,24,2
mesa,5,2865044097428016345,25,2
mesa,5,2865044097428016345,26,2
mesa,5,2865044097428016345,27,2
mesa,5,2865044097428016345,28,2
mesa,5,2865044097428016345,29,2
mesa,5,2865044097428016345,30,2
mesa,5,2865044097428016345,31,2
mesa,5,2865044097428016345,32,3
mesa,5,2865044097428016345,33,2
mesa,5,2865044097428016345,34,2
mesa,5,2865044097428016345,35,2
mesa,5,2865044097428016345,36,2
mesa,5,2865044097428016345,37,3
mesa,5,2865044097428016345,38,2
mesa,5,2865044097428016345,39,2
mesa,5,2865044097428016345,40,2
mesa,5,2865044097428016345,41,2
mesa,5,2865044097428016345,42,2
mesa,5,2865044097428016345,43,2
mesa,5,2865044097428016345,44,2
mesa,5,2865044097428016345,45,2
mesa,5,2865044097428016345,46,2
mesa,5,2865044097428016345,47,3
mesa,5,2865044097428016345,48,2
mesa,5,2865044097428016345,49,2
mesa,5,2865044097428016345,50,2
mesa,5,2865044097428016345,51,3
mesa,5,2865044097428016345,52,2
mesa,5,2865044097428016345,53,3
mesa,5,2865044097428016345,54,2
mesa,5,2865044097428016345,55,2
mesa,5,2865044097428016345,56,2
mesa,5,2865044097428016345,57,9
mesa,5,2865044097428016345,58,2
mesa,5,2865044097428016345,59,5
mesa,5,2865044097428016345,60,4
mesa,5,2865044097428016345,61,2
mesa,5,2865044097428016345,62,4
mesa,5,2865044097428016345,63,5
mesa,5,2865044097428016345,64,2
mesa,5,2865044097428016345,65,2
mesa,5,2865044097428016345,66,2
mesa,5,2865044097428016345,67,3
mesa,5,2865044097428016345,68,2
mesa,5,2865044097428016345,69,2
mesa,5,2865044097428016345,70,2
mesa,5,2865044097428016345,71,2
mesa,5,2865044097428016345,72,2
mesa,5,2865044097428016345,73,7
mesa,5,2865044097428016345,74,2
mesa,5,2865044097428016345,75,2
mesa,5,2865044097428016345,76,2
mesa,5,2865044097428016345,77,2
mesa,5,2865044097428016345,78,2
mesa,5,2865044097428016345,79,2
mesa,5,2865044097428016345,80,2
mesa,5,2865044097428016345,81,2
mesa,5,2865044097428016345,82,3
mesa,5,2865044097428016345,83,4
mesa,5,2865044097428016345,84,4
mesa,5,2865044097428016345,85,5
mesa,5,2865044097428016345,86,3
mesa,5,2865044097428016345,87,3
mesa,5,2865044097428016345,88,3
mesa,5,2865044097428016345,89,2
mesa,5,2865044097428016345,90,2
mesa,5,2865044097428016345,91,2
mesa,5,2865044097428016345,92,3
mesa,5,2865044097428016345,93,2
mesa,5,2865044097428016345,94,2
mesa,5,2865044097428016345,95,2
mesa,5,2865044097428016345,96,2
mesa,5,2865044097428016345,97,2
mesa,5,2865044097428016345,98,2
mesa,5,2865044097428016345,99,3
mesa,5,2865044097428016345,100,2
mesa,5,2865044097428016345,101,2
mesa,5,2865044097428016345,102,2
mesa,5,2865044097428016345,103,2
mesa,5,2865044097428016345,104,4
mesa,5,2865044097428016345,105,2
mesa,5,2865044097428016345,106,2
mesa,5,2865044097428016345,107,2
mesa,5,2865044097428016345,108,3
mesa,5,2865044097428016345,109,2
mesa,5,2865044097428016345,110,2
mesa,5,2865044097428016345,111,2
mesa,5,2865044097428016345,112,2
mesa,5,2865044097428016345,113,2
mesa,5,2865044097428016345,114,2
mesa,5,2865044097428016345,115,2
mesa,5,2865044097428016345,116,4
mesa,5,2865044097428016345,117,2
mesa,5,2865044097428016345,118,2
mesa,5,2865044097428016345,119,2
mesa,5,2865044097428016345,120,2
mesa,5,2865044097428016345,121,2
mesa,5,2865044097428016345,122,2
mesa,5,2865044097428016345,123,3
mesa,5,2865044097428016345,124,2
mesa,5,2865044097428016345,125,2
mesa,5,2865044097428016345,126,2
mesa,5,2865044097428016345,127,2
mesa,5,2865044097428016345,128,2
mesa,5,2865044097428016345,129,2
mesa,5,2865044097428016345,130,3
mesa,5,2865044097428016345,131,2
mesa,5,2865044097428016345,132,2
mesa,5,2865044097428016345,133,2
mesa,5,2865044097428016345,134,2
mesa,5,2865044097428016345,135,2
mesa,5,2865044097428016345,136,2
mesa,5,2865044097428016345,137,2
mesa,5,2865044097428016345,138,2
mesa,6,8651792460407218879,1,2
mesa,6,8651792460407218879,2,3
mesa,6,8651792460407218879,3,2
mesa,6,8651792460407218879,4,2
mesa,6,8651792460407218879,5,3
mesa,6,8651792460407218879,6,2
mesa,6,8651792460407218879,7,2
mesa,6,8651792460407218879,8,2
mesa,6,8651792460407218879,9,2
mesa,6,8651792460407218879,10,2
mesa,6,8651792460407218879,11,2
mesa,6,8651792460407218879,12,2
mesa,6,8651792460407218879,13,2
mesa,6,8651792460407218879,14,3
mesa,6,8651792460407218879,15,2
mesa,6,8651792460407218879,16,2
mesa,6,8651792460407218879,17,2
mesa,6,8651792460407218879,18,2
mesa,6,8651792460407218879,19,2
mesa,6,8651792460407218879,20,7
mesa,6,8651792460407218879,21,3
mesa,6,8651792460407218879,22,2
mesa,6,8651792460407218879,23,2
mesa,6,8651792460407218879,24,2
mesa,6,8651792460407218879,25,2
mesa,6,8651792460407218879,26,3
mesa,6,8651792460407218879,27,2
mesa,6,8651792460407218879,28,2
mesa,6,8651792460407218879,29,3
mesa,6,8651792460407218879,30,3
mesa,6,8651792460407218879,31,2
mesa,6,8651792460407218879,32,2
mesa,6,8651792460407218879,33,2
mesa,6,8651792460407218879,34,2
mesa,6,8651792460407218879,35,2
mesa,6,8651792460407218879,36,4
mesa,6,8651792460407218879,37,2
mesa,6,8651792460407218879,38,2
mesa,6,8651792460407218879,39,2
mesa,6,8651792460407218879,40,2
mesa,6,8651792460407218879,41,2
mesa,6,8651792460407218879,42,2
mesa,6,8651792460407218879,43,2
mesa,6,8651792460407218879,44,2
mesa,6,8651792460407218879,45,4
mesa,6,8651792460407218879,46,2
mesa,6,8651792460407218879,47,3
mesa,6,8651792460407218879,48,2
mesa,6,8651792460407218879,49,10
mesa,6,8651792460407218879,50,3
mesa,6,8651792460407218879,51,4
mesa,6,8651792460407218879,52,2
mesa,6,8651792460407218879,53,2
mesa,6,8651792460407218879,54,3
mesa,6,8651792460407218879,55,3
mesa,6,8651792460407218879,56,4
mesa,6,8651792460407218879,57,3
mesa,6,8651792460407218879,58,2
mesa,6,8651792460407218879,59,3
mesa,6,8651792460407218879,60,3
mesa,6,8651792460407218879,61,6
mesa,6,8651792460407218879,62,2
mesa,6,8651792460407218879,63,2
mesa,6,8651792460407218879,64,7
mesa,6,8651792460407218879,65,3
mesa,6,8651792460407218879,66,4
mesa,6,8651792460407218879,67,2
mesa,6,8651792460407218879,68,3
mesa,6,8651792460407218879,69,5
mesa,6,8651792460407218879,70,4
mesa,6,8651792460407218879,71,2
mesa,6,8651792460407218879,72,2
mesa,6,8651792460407218879,73,2
mesa,6,8651792460407218879,74,2
mesa,6,8651792460407218879,75,2
mesa,6,8651792460407218879,76,2
mesa,6,8651792460407218879,77,8
mesa,6,8651792460407218879,78,2
mesa,6,8651792460407218879,79,2
mesa,6,8651792460407218879,80,2
mesa,6,8651792460407218879,81,2
mesa,6,8651792460407218879,82,2
mesa,6,8651792460407218879,83,2
mesa,6,8651792460407218879,84,2
mesa,6,8651792460407218879,85,2
mesa,6,8651792460407218879,86,3
mesa,6,8651792460407218879,87,3
mesa,6,8651792460407218879,88,2
mesa,6,8651792460407218879,89,2
mesa,6,8651792460407218879,90,2
mesa,6,8651792460407218879,91,3
mesa,6,8651792460407218879,92,2
mesa,6,8651792460407218879,93,2
mesa,6,8651792460407218879,94,2
mesa,6,8651792460407218879,95,3
mesa,6,8651792460407218879,96,2
mesa,6,8651792460407218879,97,2
mesa,6,8651792460407218879,98,2
mesa,6,8651792460407218879,99,4
mesa,6,8651792460407218879,100,2
mesa,6,8651792460407218879,101,2
mesa,6,8651792460407218879,102,3
mesa,6,8651792460407218879,103,2
mesa,6,8651792460407218879,104,2
mesa,6,8651792460407218879,105,2
mesa,6,8651792460407218879,106,2
mesa,6,8651792460407218879,107,2
mesa,6,8651792460407218879,108,3
mesa,6,8651792460407218879,109,2
mesa,6,8651792460407218879,110,2
mesa,6,8651792460407218879,111,2
mesa,6,8651792460407218879,112,2
mesa,6,8651792460407218879,113,4
mesa,6,8651792460407218879,114,2
mesa,6,8651792460407218879,115,3
mesa,6,8651792460407218879,116,2
mesa,6,8651792460407218879,117,2
mesa,6,8651792460407218879,118,2
mesa,6,8651792460407218879,119,2
mesa,6,8651792460407218879,120,2
mesa,6,8651792460407218879,121,2
mesa,6,8651792460407218879,122,4
mesa,6,8651792460407218879,123,2
mesa,6,8651792460407218879,124,3
mesa,6,8651792460407218879,125,2
mesa,6,8651792460407218879,126,3
mesa,6,8651792460407218879,127,4
mesa,6,8651792460407218879,128,2
mesa,6,8651792460407218879,129,2
mesa,6,8651792460407218879,130,2
mesa,6,8651792460407218879,131,2
mesa,6,8651792460407218879,132,2
mesa,7,4798352960778975599,1,3
mesa,7,4798352960778975599,2,2
mesa,7,4798352960778975599,3,2
mesa,7,4798352960778975599,4,2
mesa,7,4798352960778975599,5,2
mesa,7,4798352960778975599,6,2
mesa,7,4798352960778975599,7,2
mesa,7,4798352960778975599,8,3
mesa,7,4798352960778975599,9,2
mesa,7,4798352960778975599,10,2
mesa,7,4798352960778975599,11,2
mesa,7,4798352960778975599,12,2
mesa,7,4798352960778975599,13,2
mesa,7,4798352960778975599,14,2
mesa,7,4798352960778975599,15,2
mesa,7,4798352960778975599,16,2
mesa,7,4798352960778975599,17,8
mesa,7,4798352960778975599,18,2
mesa,7,4798352960778975599,19,2
mesa,7,4798352960778975599,20,2
mesa,7,4798352960778975599,21,4
mesa,7,4798352960778975599,22,2
mesa,7,4798352960778975599,23,2
mesa,7,4798352960778975599,24,2
mesa,7,4798352960778975599,25,2
mesa,7,4798352960778975599,26,3
mesa,7,4798352960778975599,27,2
mesa,7,4798352960778975599,28,5
mesa,7,4798352960778975599,29,2
mesa,7,4798352960778975599,30,3
mesa,7,4798352960778975599,31,2
mesa,7,4798352960778975599,32,2
mesa,7,4798352960778975599,33,2
mesa,7,4798352960778975599,34,2
mesa,7,4798352960778975599,35,2
mesa,7,4798352960778975599,36,3
mesa,7,4798352960778975599,37,2
mesa,7,4798352960778975599,38,2
mesa,7,4798352960778975599,39,2
mesa,7,4798352960778975599,40,2
mesa,7,4798352960778975599,41,2
mesa,7,4798352960778975599,42,2
mesa,7,4798352960778975599,43,4
mesa,7,4798352960778975599,44,2
mesa,7,4798352960778975599,45,2
mesa,7,4798352960778975599,46,2
mesa,7,4798352960778975599,47,2
mesa,7,4798352960778975599,48,2
mesa,7,4798352960778975599,49,2
mesa,7,4798352960778975599,50,2
mesa,7,4798352960778975599,51,3
mesa,7,4798352960778975599,52,3
mesa,7,4798352960778975599,53,4
mesa,7,4798352960778975599,54,3
mesa,7,4798352960778975599,55,2
mesa,7,4798352960778975599,56,2
mesa,7,4798352960778975599,57,2
mesa,7,4798352960778975599,58,3
mesa,7,4798352960778975599,59,2
mesa,7,4798352960778975599,60,2
mesa,7,4798352960778975599,61,2
mesa,7,4798352960778975599,62,2
mesa,7,4798352960778975599,63,3
mesa,7,4798352960778975599,64,3
mesa,7,4798352960778975599,65,2
mesa,7,4798352960778975599,66,2
mesa,7,4798352960778975599,67,3
mesa,7,4798352960778975599,68,3
mesa,7,4798352960778975599,69,5
mesa,7,4798352960778975599,70,2
mesa,7,4798352960778975599,71,2
mesa,7,4798352960778975599,72,2
mesa,7,4798352960778975599,73,2
mesa,7,4798352960778975599,74,2
mesa,7,4798352960778975599,75,2
mesa,7,4798352960778975599,76,5
mesa,7,4798352960778975599,77,2
mesa,7,4798352960778975599,78,2
mesa,7,4798352960778975599,79,2
mesa,7,4798352960778975599,80,2
mesa,7,4798352960778975599,81,2
mesa,7,4798352960778975599,82,2
mesa,7,4798352960778975599,83,2
mesa,7,4798352960778975599,84,2
mesa,7,4798352960778975599,85,3
mesa,7,4798352960778975599,86,2
mesa,7,4798352960778975599,87,2
mesa,7,4798352960778975599,88,2
mesa,7,4798352960778975599,89,2
mesa,7,4798352960778975599,90,2
mesa,7,4798352960778975599,91,2
mesa,7,4798352960778975599,92,2
mesa,7,4798352960778975599,93,3
mesa,7,4798352960778975599,94,2
mesa,7,4798352960778975599,95,2
mesa,7,4798352960778975599,96,2
mesa,7,4798352960778975599,97,2
mesa,7,4798352960778975599,98,2
mesa,7,4798352960778975599,99,5
mesa,7,4798352960778975599,100,4
mesa,7,4798352960778975599,101,2
mesa,7,4798352960778975599,102,3
mesa,7,4798352960778975599,103,3
mesa,7,4798352960778975599,104,2
mesa,7,4798352960778975599,105,3
mesa,7,4798352960778975599,106,5
mesa,7,4798352960778975599,107,2
mesa,7,4798352960778975599,108,2
mesa,7,4798352960778975599,109,2
mesa,7,4798352960778975599,110,2
mesa,7,4798352960778975599,111,2
mesa,7,4798352960778975599,112,2
mesa,7,4798352960778975599,113,2
mesa,7,4798352960778975599,114,2
mesa,7,4798352960778975599,115,2
mesa,7,4798352960778975599,116,2
mesa,7,4798352960778975599,117,3
mesa,7,4798352960778975599,118,2
mesa,7,4798352960778975599,119,2
mesa,7,4798352960778975599,120,2
mesa,7,4798352960778975599,121,2
mesa,7,4798352960778975599,122,2
mesa,7,4798352960778975599,123,2
mesa,7,4798352960778975599,124,2
mesa,7,4798352960778975599,125,2
mesa,7,4798352960778975599,126,2
mesa,7,4798352960778975599,127,2
mesa,7,4798352960778975599,128,2
mesa,7,4798352960778975599,129,3
mesa,7,4798352960778975599,130,2
mesa,7,4798352960778975599,131,2
mesa,7,4798352960778975599,132,2
mesa,7,4798352960778975599,133,2
mesa,7,4798352960778975599,134,2
mesa,7,4798352960778975599,135,3
mesa,7,4798352960778975599,136,2
mesa,7,4798352960778975599,137,2
mesa,7,4798352960778975599,138,2
mesa,7,4798352960778975599,139,3
mesa,7,4798352960778975599,140,2
mesa,7,4798352960778975599,141,2
mesa,7,4798352960778975599,142,2
mesa,7,4798352960778975599,143,2
mesa,7,4798352960778975599,144,2
mesa,7,4798352960778975599,145,3
mesa,7,4798352960778975599,146,2
mesa,7,4798352960778975599,147,2
mesa,7,4798352960778975599,148,2
mesa,7,4798352960778975599,149,2
mesa,8,2870170757112160405,1,2
mesa,8,2870170757112160405,2,2
mesa,8,2870170757112160405,3,2
mesa,8,2870170757112160405,4,2
mesa,8,2870170757112160405,5,2
mesa,8,2870170757112160405,6,2
mesa,8,2870170757112160405,7,2
mesa,8,2870170757112160405,8,2
mesa,8,2870170757112160405,9,2
mesa,8,2870170757112160405,10,2
mesa,8,2870170757112160405,11,3
mesa,8,2870170757112160405,12,3
mesa,8,2870170757112160405,13,4
mesa,8,2870170757112160405,14,2
mesa,8,2870170757112160405,15,2
mesa,8,2870170757112160405,16,3
mesa,8,2870170757112160405,17,2
mesa,8,2870170757112160405,18,2
mesa,8,2870170757112160405,19,2
mesa,8,2870170757112160405,20,2
mesa,8,2870170757112160405,21,2
mesa,8,2870170757112160405,22,4
mesa,8,2870170757112160405,23,6
mesa,8,2870170757112160405,24,2
mesa,8,2870170757112160405,25,3
mesa,8,2870170757112160405,26,2
mesa,8,2870170757112160405,27,2
mesa,8,2870170757112160405,28,4
mesa,8,2870170757112160405,29,2
mesa,8,2870170757112160405,30,2
mesa,8,2870170757112160405,31,2
mesa,8,2870170757112160405,32,2
mesa,8,2870170757112160405,33,2
mesa,8,2870170757112160405,34,2
mesa,8,2870170757112160405,35,3
mesa,8,2870170757112160405,36,2
mesa,8,2870170757112160405,37,2
mesa,8,2870170757112160405,38,2
mesa,8,2870170757112160405,39,2
mesa,8,2870170757112160405,40,3
mesa,8,2870170757112160405,41,2
mesa,8,2870170757112160405,42,4
mesa,8,2870170757112160405,43,2
mesa,8,2870170757112160405,44,3
mesa,8,2870170757112160405,45,3
mesa,8,2870170757112160405,46,4
mesa,8,2870170757112160405,47,2
mesa,8,2870170757112160405,48,2
mesa,8,2870170757112160405,49,4
mesa,8,2870170757112160405,50,3
mesa,8,2870170757112160405,51,2
mesa,8,2870170757112160405,52,2
mesa,8,2870170757112160405,53,3
mesa,8,2870170757112160405,54,2
mesa,8,2870170757112160405,55,4
mesa,8,2870170757112160405,56,12
mesa,8,2870170757112160405,57,2
mesa,8,2870170757112160405,58,2
mesa,8,2870170757112160405,59,3
mesa,8,2870170757112160405,60,4
mesa,8,2870170757112160405,61,2
mesa,8,2870170757112160405,62,2
mesa,8,2870170757112160405,63,2
mesa,8,2870170757112160405,64,3
mesa,8,2870170757112160405,65,2
mesa,8,2870170757112160405,66,4
mesa,8,2870170757112160405,67,2
mesa,8,2870170757112160405,68,2
mesa,8,2870170757112160405,69,2
mesa,8,2870170757112160405,70,2
mesa,8,2870170757112160405,71,4
mesa,8,2870170757112160405,72,5
mesa,8,2870170757112160405,73,2
mesa,8,2870170757112160405,74,2
mesa,8,2870170757112160405,75,2
mesa,8,2870170757112160405,76,3
mesa,8,2870170757112160405,77,2
mesa,8,2870170757112160405,78,2
mesa,8,2870170757112160405,79,2
mesa,8,2870170757112160405,80,2
mesa,8,2870170757112160405,81,2
mesa,8,2870170757112160405,82,2
mesa,8,2870170757112160405,83,2
mesa,8,2870170757112160405,84,2
mesa,8,2870170757112160405,85,2
mesa,8,2870170757112160405,86,2
mesa,8,2870170757112160405,87,3
mesa,8,2870170757112160405,88,2
mesa,8,2870170757112160405,89,2
mesa,8,2870170757112160405,90,2
mesa,8,2870170757112160405,91,3
mesa,8,2870170757112160405,92,2
mesa,8,2870170757112160405,93,2
mesa,8,2870170757112160405,94,2
mesa,8,2870170757112160405,95,2
mesa,8,2870170757112160405,96,2
mesa,8,2870170757112160405,97,2
mesa,8,2870170757112160405,98,3
mesa,8,2870170757112160405,99,2
mesa,8,2870170757112160405,100,2
mesa,8,2870170757112160405,101,3
mesa,8,2870170757112160405,102,2
mesa,8,2870170757112160405,103,2
mesa,8,2870170757112160405,104,3
mesa,8,2870170757112160405,105,2
mesa,8,2870170757112160405,106,2
mesa,8,2870170757112160405,107,2
mesa,8,2870170757112160405,108,3
mesa,8,2870170757112160405,109,2
mesa,8,2870170757112160405,110,2
mesa,8,2870170757112160405,111,3
mesa,8,2870170757112160405,112,4
mesa,8,2870170757112160405,113,2
mesa,8,2870170757112160405,114,2
mesa,8,2870170757112160405,115,2
mesa,8,2870170757112160405,116,3
mesa,8,2870170757112160405,117,2
mesa,8,2870170757112160405,118,3
mesa,8,2870170757112160405,119,2
mesa,8,2870170757112160405,120,3
mesa,8,2870170757112160405,121,2
mesa,9,1799580327007078412,1,2
mesa,9,1799580327007078412,2,2
mesa,9,1799580327007078412,3,2
mesa,9,1799580327007078412,4,2
mesa,9,1799580327007078412,5,2
mesa,9,1799580327007078412,6,2
mesa,9,1799580327007078412,7,3
mesa,9,1799580327007078412,8,2
mesa,9,1799580327007078412,9,2
mesa,9,1799580327007078412,10,2
mesa,9,1799580327007078412,11,2
mesa,9,1799580327007078412,12,3
mesa,9,1799580327007078412,13,2
mesa,9,1799580327007078412,14,2
mesa,9,1799580327007078412,15,2
mesa,9,1799580327007078412,16,3
mesa,9,1799580327007078412,17,2
mesa,9,1799580327007078412,18,2
mesa,9,1799580327007078412,19,2
mesa,9,1799580327007078412,20,2
mesa,9,1799580327007078412,21,2
mesa,9,1799580327007078412,22,2
mesa,9,1799580327007078412,23,2
mesa,9,1799580327007078412,24,2
mesa,9,1799580327007078412,25,2
mesa,9,1799580327007078412,26,5
mesa,9,1799580327007078412,27,2
mesa,9,1799580327007078412,28,2
mesa,9,1799580327007078412,29,2
mesa,9,1799580327007078412,30,3
mesa,9,1799580327007078412,31,2
mesa,9,1799580327007078412,32,2
mesa,9,1799580327007078412,33,2
mesa,9,1799580327007078412,34,2
mesa,9,1799580327007078412,35,2
mesa,9,1799580327007078412,36,3
mesa,9,1799580327007078412,37,2
mesa,9,1799580327007078412,38,2
mesa,9,1799580327007078412,39,2
mesa,9,1799580327007078412,40,2
mesa,9,1799580327007078412,41,2
mesa,9,1799580327007078412,42,2
mesa,9,1799580327007078412,43,2
mesa,9,1799580327007078412,44,2
mesa,9,1799580327007078412,45,2
mesa,9,1799580327007078412,46,2
mesa,9,1799580327007078412,47,2
mesa,9,1799580327007078412,48,5
mesa,9,1799580327007078412,49,3
mesa,9,1799580327007078412,50,2
mesa,9,1799580327007078412,51,2
mesa,9,1799580327007078412,52,3
mesa,9,1799580327007078412,53,2
mesa,9,1799580327007078412,54,4
mesa,9,1799580327007078412,55,2
mesa,9,1799580327007078412,56,2
mesa,9,1799580327007078412,57,2
mesa,9,1799580327007078412,58,2
mesa,9,1799580327007078412,59,2
mesa,9,1799580327007078412,60,10
mesa,9,1799580327007078412,61,2
mesa,9,1799580327007078412,62,3
mesa,9,1799580327007078412,63,2
mesa,9,1799580327007078412,64,2
mesa,9,1799580327007078412,65,2
mesa,9,1799580327007078412,66,2
mesa,9,1799580327007078412,67,3
mesa,9,1799580327007078412,68,2
mesa,9,1799580327007078412,69,3
mesa,9,1799580327007078412,70,2
mesa,9,1799580327007078412,71,2
mesa,9,1799580327007078412,72,2
mesa,9,1799580327007078412,73,2
mesa,9,1799580327007078412,74,2
mesa,9,1799580327007078412,75,2
mesa,9,1799580327007078412,76,2
mesa,9,1799580327007078412,77,2
mesa,9,1799580327007078412,78,2
mesa,9,1799580327007078412,79,3
mesa,9,1799580327007078412,80,5
mesa,9,1799580327007078412,81,5
mesa,9,1799580327007078412,82,2
mesa,9,1799580327007078412,83,2
mesa,9,1799580327007078412,84,2
mesa,9,1799580327007078412,85,2
mesa,9,1799580327007078412,86,2
mesa,9,1799580327007078412,87,3
mesa,9,1799580327007078412,88,4
mesa,9,1799580327007078412,89,2
mesa,9,1799580327007078412,90,2
mesa,9,1799580327007078412,91,2
mesa,9,1799580327007078412,92,2
mesa,9,1799580327007078412,93,2
mesa,9,1799580327007078412,94,2
mesa,9,1799580327007078412,95,2
mesa,9,1799580327007078412,96,2
mesa,9,1799580327007078412,97,2
mesa,9,1799580327007078412,98,3
mesa,9,1799580327007078412,99,3
mesa,9,1799580327007078412,100,2
mesa,9,1799580327007078412,101,2
mesa,9,1799580327007078412,102,2
mesa,9,1799580327007078412,103,2
mesa,9,1799580327007078412,104,7
mesa,9,1799580327007078412,105,3
mesa,9,1799580327007078412,106,3
mesa,9,1799580327007078412,107,2
mesa,9,1799580327007078412,108,2
mesa,9,1799580327007078412,109,4
mesa,9,1799580327007078412,110,2
mesa,9,1799580327007078412,111,2
mesa,9,1799580327007078412,112,2
mesa,9,1799580327007078412,113,3
mesa,9,1799580327007078412,114,2
mesa,9,1799580327007078412,115,2
mesa,9,1799580327007078412,116,2
mesa,9,1799580327007078412,117,2
mesa,9,1799580327007078412,118,2
mesa,9,1799580327007078412,119,2
mesa,9,1799580327007078412,120,3
mesa,9,1799580327007078412,121,2
mesa,9,1799580327007078412,122,2
mesa,9,1799580327007078412,123,2
mesa,9,1799580327007078412,124,3
mesa,9,1799580327007078412,125,2
mesa,9,1799580327007078412,126,3
mesa,9,1799580327007078412,127,2
mesa,9,1799580327007078412,128,2
mesa,9,1799580327007078412,129,2
mesa,9,1799580327007078412,130,2
mesa,10,6472797241800602798,1,2
mesa,10,6472797241800602798,2,2
mesa,10,6472797241800602798,3,2
mesa,10,6472797241800602798,4,2
mesa,10,6472797241800602798,5,3
mesa,10,6472797241800602798,6,2
mesa,10,6472797241800602798,7,3
mesa,10,6472797241800602798,8,2
mesa,10,6472797241800602798,9,3
mesa,10,6472797241800602798,10,2
mesa,10,6472797241800602798,11,2
mesa,10,6472797241800602798,12,2
mesa,10,6472797241800602798,13,2
mesa,10,6472797241800602798,14,2
mesa,10,6472797241800602798,15,2
mesa,10,6472797241800602798,16,2
mesa,10,6472797241800602798,17,3
mesa,10,6472797241800602798,18,4
mesa,10,6472797241800602798,19,2
mesa,10,6472797241800602798,20,2
mesa,10,6472797241800602798,21,2
mesa,10,6472797241800602798,22,2
mesa,10,6472797241800602798,23,5
mesa,10,6472797241800602798,24,2
mesa,10,6472797241800602798,25,2
mesa,10,6472797241800602798,26,2
mesa,10,6472797241800602798,27,2
mesa,10,6472797241800602798,28,2
mesa,10,6472797241800602798,29,3
mesa,10,6472797241800602798,30,2
mesa,10,6472797241800602798,31,3
mesa,10,6472797241800602798,32,2
mesa,10,6472797241800602798,33,2
mesa,10,6472797241800602798,34,4
mesa,10,6472797241800602798,35,2
mesa,10,6472797241800602798,36,2
mesa,10,6472797241800602798,37,2
mesa,10,6472797241800602798,38,2
mesa,10,6472797241800602798,39,3
mesa,10,6472797241800602798,40,2
mesa,10,6472797241800602798,41,2
mesa,10,6472797241800602798,42,2
mesa,10,6472797241800602798,43,2
mesa,10,6472797241800602798,44,2
mesa,10,6472797241800602798,45,2
mesa,10,6472797241800602798,46,2
mesa,10,6472797241800602798,47,2
mesa,10,6472797241800602798,48,3
mesa,10,6472797241800602798,49,2
mesa,10,6472797241800602798,50,2
mesa,10,6472797241800602798,51,2
mesa,10,6472797241800602798,52,3
mesa,10,6472797241800602798,53,7
mesa,10,6472797241800602798,54,2
mesa,10,6472797241800602798,55,2
mesa,10,6472797241800602798,56,2
mesa,10,6472797241800602798,57,2
mesa,10,6472797241800602798,58,2
mesa,10,6472797241800602798,59,2
mesa,10,6472797241800602798,60,4
mesa,10,6472797241800602798,61,2
mesa,10,6472797241800602798,62,2
mesa,10,6472797241800602798,63,3
mesa,10,6472797241800602798,64,5
mesa,10,6472797241800602798,65,2
mesa,10,6472797241800602798,66,2
mesa,10,6472797241800602798,67,3
mesa,10,6472797241800602798,68,2
mesa,10,6472797241800602798,69,2
mesa,10,6472797241800602798,70,3
mesa,10,6472797241800602798,71,2
mesa,10,6472797241800602798,72,4
mesa,10,6472797241800602798,73,2
mesa,10,6472797241800602798,74,2
mesa,10,6472797241800602798,75,2
mesa,10,6472797241800602798,76,2
mesa,10,6472797241800602798,77,2
mesa,10,6472797241800602798,78,2
mesa,10,6472797241800602798,79,3
mesa,10,6472797241800602798,80,2
mesa,10,6472797241800602798,81,2
mesa,10,6472797241800602798,82,4
mesa,10,6472797241800602798,83,2
mesa,10,6472797241800602798,84,2
mesa,10,6472797241800602798,85,4
mesa,10,6472797241800602798,86,3
mesa,10,6472797241800602798,87,2
mesa,10,6472797241800602798,88,2
mesa,10,6472797241800602798,89,3
mesa,10,6472797241800602798,90,2
mesa,10,6472797241800602798,91,3
mesa,10,6472797241800602798,92,5
mesa,10,6472797241800602798,93,2
mesa,10,6472797241800602798,94,2
mesa,10,6472797241800602798,95,2
mesa,10,6472797241800602798,96,3
mesa,10,6472797241800602798,97,2
mesa,10,6472797241800602798,98,2
mesa,10,6472797241800602798,99,2
mesa,10,6472797241800602798,100,3
mesa,10,6472797241800602798,101,2
mesa,10,6472797241800602798,102,2
mesa,10,6472797241800602798,103,2
mesa,10,6472797241800602798,104,2
mesa,10,6472797241800602798,105,2
mesa,10,6472797241800602798,106,3
mesa,10,6472797241800602798,107,2
mesa,10,6472797241800602798,108,2
mesa,10,6472797241800602798,109,2
mesa,10,6472797241800602798,110,4
mesa,10,6472797241800602798,111,3
mesa,10,6472797241800602798,112,2
mesa,10,6472797241800602798,113,2
mesa,10,6472797241800602798,114,2
mesa,10,6472797241800602798,115,4
mesa,10,6472797241800602798,116,2
mesa,10,6472797241800602798,117,2
mesa,10,6472797241800602798,118,2
mesa,10,6472797241800602798,119,2
mesa,10,6472797241800602798,120,2
mesa,10,6472797241800602798,121,2
mesa,10,6472797241800602798,122,2
mesa,10,6472797241800602798,123,2
mesa,10,6472797241800602798,124,2
mesa,10,6472797241800602798,125,2
mesa,10,6472797241800602798,126,2
mesa,10,6472797241800602798,127,2
mesa,10,6472797241800602798,128,2
mesa,10,6472797241800602798,129,2
mesa,10,6472797241800602798,130,2
mesa,10,6472797241800602798,131,2
mesa,10,6472797241800602798,132,2
mesa,10,6472797241800602798,133,2
mesa,10,6472797241800602798,134,2
mesa,10,6472797241800602798,135,2
mesa,10,6472797241800602798,136,2
mesa,10,6472797241800602798,137,2
mesa,10,6472797241800602798,138,4
mesa,10,6472797241800602798,139,2
mesa,10,6472797241800602798,140,2
mesa,10,6472797241800602798,141,2
mesa,10,6472797241800602798,142,2
mesa,11,2062687946700046674,1,2
mesa,11,2062687946700046674,2,2
mesa,11,2062687946700046674,3,2
mesa,11,2062687946700046674,4,2
mesa,11,2062687946700046674,5,2
mesa,11,2062687946700046674,6,2
mesa,11,2062687946700046674,7,2
mesa,11,2062687946700046674,8,2
mesa,11,2062687946700046674,9,2
mesa,11,2062687946700046674,10,2
mesa,11,2062687946700046674,11,2
mesa,11,2062687946700046674,12,2
mesa,11,2062687946700046674,13,2
mesa,11,2062687946700046674,14,2
mesa,11,2062687946700046674,15,2
mesa,11,2062687946700046674,16,2
mesa,11,2062687946700046674,17,2
mesa,11,2062687946700046674,18,7
mesa,11,2062687946700046674,19,2
mesa,11,2062687946700046674,20,2
mesa,11,2062687946700046674,21,2
mesa,11,2062687946700046674,22,3
mesa,11,2062687946700046674,23,4
mesa,11,2062687946700046674,24,4
mesa,11,2062687946700046674,25,3
mesa,11,2062687946700046674,26,2
mesa,11,2062687946700046674,27,2
mesa,11,2062687946700046674,28,2
mesa,11,2062687946700046674,29,4
mesa,11,2062687946700046674,30,2
mesa,11,2062687946700046674,31,2
mesa,11,2062687946700046674,32,2
mesa,11,2062687946700046674,33,5
mesa,11,2062687946700046674,34,2
mesa,11,2062687946700046674,35,3
mesa,11,2062687946700046674,36,3
mesa,11,2062687946700046674,37,2
mesa,11,2062687946700046674,38,2
mesa,11,2062687946700046674,39,2
mesa,11,2062687946700046674,40,2
mesa,11,2062687946700046674,41,2
mesa,11,2062687946700046674,42,2
mesa,11,2062687946700046674,43,2
mesa,11,2062687946700046674,44,2
mesa,11,2062687946700046674,45,2
mesa,11,2062687946700046674,46,2
mesa,11,2062687946700046674,47,2
mesa,11,2062687946700046674,48,2
mesa,11,2062687946700046674,49,4
mesa,11,2062687946700046674,50,2
mesa,11,2062687946700046674,51,2
mesa,11,2062687946700046674,52,4
mesa,11,2062687946700046674,53,2
mesa,11,2062687946700046674,54,5
mesa,11,2062687946700046674,55,9
mesa,11,2062687946700046674,56,2
mesa,11,2062687946700046674,57,2
mesa,11,2062687946700046674,58,3
mesa,11,2062687946700046674,59,2
mesa,11,2062687946700046674,60,3
mesa,11,2062687946700046674,61,2
mesa,11,2062687946700046674,62,2
mesa,11,2062687946700046674,63,2
mesa,11,2062687946700046674,64,2
mesa,11,2062687946700046674,65,2
mesa,11,2062687946700046674,66,2
mesa,11,2062687946700046674,67,4
mesa,11,2062687946700046674,68,4
mesa,11,2062687946700046674,69,3
mesa,11,2062687946700046674,70,2
mesa,11,2062687946700046674,71,2
mesa,11,2062687946700046674,72,2
mesa,11,2062687946700046674,73,2
mesa,11,2062687946700046674,74,3
mesa,11,2062687946700046674,75,2
mesa,11,2062687946700046674,76,2
mesa,11,2062687946700046674,77,2
mesa,11,2062687946700046674,78,2
mesa,11,2062687946700046674,79,2
mesa,11,2062687946700046674,80,2
mesa,11,2062687946700046674,81,2
mesa,11,2062687946700046674,82,2
mesa,11,2062687946700046674,83,2
mesa,11,2062687946700046674,84,3
mesa,11,2062687946700046674,85,2
mesa,11,2062687946700046674,86,3
mesa,11,2062687946700046674,87,2
mesa,11,2062687946700046674,88,2
mesa,11,2062687946700046674,89,3
mesa,11,2062687946700046674,90,3
mesa,11,2062687946700046674,91,2
mesa,11,2062687946700046674,92,2
mesa,11,2062687946700046674,93,2
mesa,11,2062687946700046674,94,7
mesa,11,2062687946700046674,95,2
mesa,11,2062687946700046674,96,2
mesa,11,2062687946700046674,97,2
mesa,11,2062687946700046674,98,3
mesa,11,2062687946700046674,99,2
mesa,11,2062687946700046674,100,2
mesa,11,2062687946700046674,101,2
mesa,11,2062687946700046674,102,2
mesa,11,2062687946700046674,103,2
mesa,11,2062687946700046674,104,2
mesa,11,2062687946700046674,105,2
mesa,11,2062687946700046674,106,2
mesa,11,2062687946700046674,107,3
mesa,11,2062687946700046674,108,2
mesa,11,2062687946700046674,109,2
mesa,11,2062687946700046674,110,2
mesa,11,2062687946700046674,111,3
mesa,11,2062687946700046674,112,3
mesa,11,2062687946700046674,113,2
mesa,11,2062687946700046674,114,3
mesa,11,2062687946700046674,115,2
mesa,11,2062687946700046674,116,2
mesa,11,2062687946700046674,117,2
mesa,11,2062687946700046674,118,2
mesa,11,2062687946700046674,119,2
mesa,11,2062687946700046674,120,2
mesa,11,2062687946700046674,121,2
mesa,11,2062687946700046674,122,2
mesa,11,2062687946700046674,123,2
mesa,11,2062687946700046674,124,2
mesa,12,1288702035818957092,1,2
mesa,12,1288702035818957092,2,2
mesa,12,1288702035818957092,3,2
mesa,12,1288702035818957092,4,2
mesa,12,1288702035818957092,5,2
mesa,12,1288702035818957092,6,2
mesa,12,1288702035818957092,7,2
mesa,12,1288702035818957092,8,2
mesa,12,1288702035818957092,9,2
mesa,12,1288702035818957092,10,2
mesa,12,1288702035818957092,11,2
mesa,12,1288702035818957092,12,2
mesa,12,1288702035818957092,13,2
mesa,12,1288702035818957092,14,2
mesa,12,1288702035818957092,15,2
mesa,12,1288702035818957092,16,2
mesa,12,1288702035818957092,17,2
mesa,12,1288702035818957092,18,2
mesa,12,1288702035818957092,19,2
mesa,12,1288702035818957092,20,4
mesa,12,1288702035818957092,21,2
mesa,12,1288702035818957092,22,2
mesa,12,1288702035818957092,23,2
mesa,12,1288702035818957092,24,2
mesa,12,1288702035818957092,25,2
mesa,12,1288702035818957092,26,9
mesa,12,1288702035818957092,27,2
mesa,12,1288702035818957092,28,2
mesa,12,1288702035818957092,29,2
mesa,12,1288702035818957092,30,5
mesa,12,1288702035818957092,31,2
mesa,12,1288702035818957092,32,2
mesa,12,1288702035818957092,33,2
mesa,12,1288702035818957092,34,3
mesa,12,1288702035818957092,35,2
mesa,12,1288702035818957092,36,2
mesa,12,1288702035818957092,37,2
mesa,12,1288702035818957092,38,11
mesa,12,1288702035818957092,39,2
mesa,12,1288702035818957092,40,2
mesa,12,1288702035818957092,41,2
mesa,12,1288702035818957092,42,3
mesa,12,1288702035818957092,43,4
mesa,12,1288702035818957092,44,2
mesa,12,1288702035818957092,45,2
mesa,12,1288702035818957092,46,2
mesa,12,1288702035818957092,47,2
mesa,12,1288702035818957092,48,3
mesa,12,1288702035818957092,49,2
mesa,12,1288702035818957092,50,2
mesa,12,1288702035818957092,51,2
mesa,12,1288702035818957092,52,2
mesa,12,1288702035818957092,53,3
mesa,12,1288702035818957092,54,2
mesa,12,1288702035818957092,55,2
mesa,12,1288702035818957092,56,2
mesa,12,1288702035818957092,57,2
mesa,12,1288702035818957092,58,2
mesa,12,1288702035818957092,59,3
mesa,12,1288702035818957092,60,2
mesa,12,1288702035818957092,61,2
mesa,12,1288702035818957092,62,2
mesa,12,1288702035818957092,63,2
mesa,12,1288702035818957092,64,2
mesa,12,1288702035818957092,65,2
mesa,12,1288702035818957092,66,2
mesa,12,1288702035818957092,67,2
mesa,12,1288702035818957092,68,2
mesa,12,1288702035818957092,69,2
mesa,12,1288702035818957092,70,2
mesa,12,1288702035818957092,71,2
mesa,12,1288702035818957092,72,2
mesa,12,1288702035818957092,73,2
mesa,12,1288702035818957092,74,2
mesa,12,1288702035818957092,75,2
mesa,12,1288702035818957092,76,2
mesa,12,1288702035818957092,77,2
mesa,12,1288702035818957092,78,2
mesa,12,1288702035818957092,79,2
mesa,12,1288702035818957092,80,2
mesa,12,1288702035818957092,81,2
mesa,13,7935381053558873730,1,2
mesa,13,7935381053558873730,2,2
mesa,13,7935381053558873730,3,2
mesa,13,7935381053558873730,4,2
mesa,13,7935381053558873730,5,2
mesa,13,7935381053558873730,6,2
mesa,13,7935381053558873730,7,2
mesa,13,7935381053558873730,8,2
mesa,13,7935381053558873730,9,2
mesa,13,7935381053558873730,10,2
mesa,13,7935381053558873730,11,2
mesa,13,7935381053558873730,12,2
mesa,13,7935381053558873730,13,2
mesa,13,7935381053558873730,14,2
mesa,13,7935381053558873730,15,3
mesa,13,7935381053558873730,16,2
mesa,13,7935381053558873730,17,2
mesa,13,7935381053558873730,18,2
mesa,13,7935381053558873730,19,2
mesa,13,7935381053558873730,20,2
mesa,13,7935381053558873730,21,2
mesa,13,7935381053558873730,22,2
mesa,13,7935381053558873730,23,2
mesa,13,7935381053558873730,24,2
mesa,13,7935381053558873730,25,2
mesa,13,7935381053558873730,26,3
mesa,13,7935381053558873730,27,2
mesa,13,7935381053558873730,28,2
mesa,13,7935381053558873730,29,2
mesa,13,7935381053558873730,30,2
mesa,13,7935381053558873730,31,2
mesa,13,7935381053558873730,32,2
mesa,13,7935381053558873730,33,2
mesa,13,7935381053558873730,34,2
mesa,13,7935381053558873730,35,2
mesa,13,7935381053558873730,36,2
mesa,13,7935381053558873730,37,2
mesa,13,7935381053558873730,38,2
mesa,13,7935381053558873730,39,3
mesa,13,7935381053558873730,40,2
mesa,13,7935381053558873730,41,2
mesa,13,7935381053558873730,42,2
mesa,13,7935381053558873730,43,2
mesa,13,7935381053558873730,44,2
mesa,13,7935381053558873730,45,2
mesa,13,7935381053558873730,46,2
mesa,13,7935381053558873730,47,4
mesa,13,7935381053558873730,48,4
mesa,13,7935381053558873730,49,2
mesa,13,7935381053558873730,50,2
mesa,13,7935381053558873730,51,2
mesa,13,7935381053558873730,52,2
mesa,13,7935381053558873730,53,2
mesa,13,7935381053558873730,54,3
mesa,13,7935381053558873730,55,2
mesa,13,7935381053558873730,56,2
mesa,13,7935381053558873730,57,2
mesa,13,7935381053558873730,58,2
mesa,13,7935381053558873730,59,2
mesa,13,7935381053558873730,60,2
mesa,13,7935381053558873730,61,2
mesa,13,7935381053558873730,62,2
mesa,13,7935381053558873730,63,2
mesa,13,7935381053558873730,64,2
mesa,13,7935381053558873730,65,2
mesa,13,7935381053558873730,66,2
mesa,13,7935381053558873730,67,2
mesa,13,7935381053558873730,68,2
mesa,13,7935381053558873730,69,2
mesa,13,7935381053558873730,70,2
mesa,13,7935381053558873730,71,2
mesa,13,7935381053558873730,72,3
mesa,13,7935381053558873730,73,2
mesa,13,7935381053558873730,74,2
mesa,13,7935381053558873730,75,2
mesa,13,7935381053558873730,76,2
mesa,13,7935381053558873730,77,2
mesa,13,7935381053558873730,78,2
mesa,13,7935381053558873730,79,2
mesa,13,7935381053558873730,80,5
mesa,13,7935381053558873730,81,2
mesa,13,7935381053558873730,82,2
mesa,13,7935381053558873730,83,2
mesa,13,7935381053558873730,84,2
mesa,13,7935381053558873730,85,6
mesa,13,7935381053558873730,86,2
mesa,13,7935381053558873730,87,2
mesa,13,7935381053558873730,88,3
mesa,13,7935381053558873730,89,2
mesa,13,7935381053558873730,90,2
mesa,13,7935381053558873730,91,2
mesa,13,7935381053558873730,92,2
mesa,13,7935381053558873730,93,2
mesa,13,7935381053558873730,94,2
mesa,13,7935381053558873730,95,2
mesa,13,7935381053558873730,96,2
mesa,13,7935381053558873730,97,2
mesa,13,7935381053558873730,98,2
mesa,13,7935381053558873730,99,3
mesa,13,7935381053558873730,100,2
mesa,13,7935381053558873730,101,2
mesa,13,7935381053558873730,102,2
mesa,13,7935381053558873730,103,2
mesa,13,7935381053558873730,104,2
mesa,13,7935381053558873730,105,2
mesa,13,7935381053558873730,106,2
mesa,13,7935381053558873730,107,2
mesa,13,7935381053558873730,108,2
mesa,13,7935381053558873730,109,3
mesa,13,7935381053558873730,110,2
mesa,13,7935381053558873730,111,2
mesa,13,7935381053558873730,112,2
mesa,13,7935381053558873730,113,2
mesa,13,7935381053558873730,114,2
mesa,13,7935381053558873730,115,3
mesa,13,7935381053558873730,116,2
mesa,13,7935381053558873730,117,2
mesa,13,7935381053558873730,118,2
mesa,13,7935381053558873730,119,2
mesa,13,7935381053558873730,120,2
mesa,13,7935381053558873730,121,2
mesa,13,7935381053558873730,122,2
mesa,13,7935381053558873730,123,2
mesa,13,7935381053558873730,124,2
mesa,13,7935381053558873730,125,2
mesa,13,7935381053558873730,126,2
mesa,13,7935381053558873730,127,2
mesa,13,7935381053558873730,128,2
mesa,13,7935381053558873730,129,2
mesa,13,7935381053558873730,130,2
mesa,13,7935381053558873730,131,3
mesa,13,7935381053558873730,132,2
mesa,13,7935381053558873730,133,2
mesa,13,7935381053558873730,134,2
mesa,13,7935381053558873730,135,3
mesa,13,7935381053558873730,136,2
mesa,13,7935381053558873730,137,2
mesa,13,7935381053558873730,138,2
mesa,13,7935381053558873730,139,3
mesa,14,7674929494840036483,1,2
mesa,14,7674929494840036483,2,3
mesa,14,7674929494840036483,3,2
mesa,14,7674929494840036483,4,2
mesa,14,7674929494840036483,5,2
mesa,14,7674929494840036483,6,2
mesa,14,7674929494840036483,7,2
mesa,14,7674929494840036483,8,2
mesa,14,7674929494840036483,9,2
mesa,14,7674929494840036483,10,2
mesa,14,7674929494840036483,11,2
mesa,14,7674929494840036483,12,2
mesa,14,7674929494840036483,13,2
mesa,14,7674929494840036483,14,2
mesa,14,7674929494840036483,15,2
mesa,14,7674929494840036483,16,2
mesa,14,7674929494840036483,17,2
mesa,14,7674929494840036483,18,2
mesa,14,7674929494840036483,19,2
mesa,14,7674929494840036483,20,2
mesa,14,7674929494840036483,21,2
mesa,14,7674929494840036483,22,2
mesa,14,7674929494840036483,23,2
mesa,14,7674929494840036483,24,2
mesa,14,7674929494840036483,25,3
mesa,14,7674929494840036483,26,2
mesa,14,7674929494840036483,27,2
mesa,14,7674929494840036483,28,2
mesa,14,7674929494840036483,29,2
mesa,14,7674929494840036483,30,2
mesa,14,7674929494840036483,31,2
mesa,14,7674929494840036483,32,2
mesa,14,7674929494840036483,33,4
mesa,14,7674929494840036483,34,2
mesa,14,7674929494840036483,35,3
mesa,14,7674929494840036483,36,2
mesa,14,7674929494840036483,37,2
mesa,14,7674929494840036483,38,2
mesa,14,7674929494840036483,39,2
mesa,14,7674929494840036483,40,3
mesa,14,7674929494840036483,41,2
mesa,14,7674929494840036483,42,2
mesa,14,7674929494840036483,43,2
mesa,14,7674929494840036483,44,3
mesa,14,7674929494840036483,45,2
mesa,14,7674929494840036483,46,2
mesa,14,7674929494840036483,47,2
mesa,14,7674929494840036483,48,2
mesa,14,7674929494840036483,49,2
mesa,14,7674929494840036483,50,2
mesa,14,7674929494840036483,51,2
mesa,14,7674929494840036483,52,3
mesa,14,7674929494840036483,53,6
mesa,14,7674929494840036483,54,2
mesa,14,7674929494840036483,55,4
mesa,14,7674929494840036483,56,2
mesa,14,7674929494840036483,57,2
mesa,14,7674929494840036483,58,2
mesa,14,7674929494840036483,59,2
mesa,14,7674929494840036483,60,2
mesa,14,7674929494840036483,61,2
mesa,14,7674929494840036483,62,2
mesa,14,7674929494840036483,63,2
mesa,14,7674929494840036483,64,2
mesa,14,7674929494840036483,65,2
mesa,14,7674929494840036483,66,2
mesa,14,7674929494840036483,67,2
mesa,14,7674929494840036483,68,3
mesa,14,7674929494840036483,69,2
mesa,14,7674929494840036483,70,2
mesa,14,7674929494840036483,71,2
mesa,14,7674929494840036483,72,2
mesa,14,7674929494840036483,73,2
mesa,14,7674929494840036483,74,2
mesa,14,7674929494840036483,75,2
mesa,14,7674929494840036483,76,2
mesa,14,7674929494840036483,77,2
mesa,14,7674929494840036483,78,2
mesa,14,7674929494840036483,79,2
mesa,14,7674929494840036483,80,2
mesa,14,7674929494840036483,81,2
mesa,14,7674929494840036483,82,2
mesa,14,7674929494840036483,83,2
mesa,14,7674929494840036483,84,2
mesa,14,7674929494840036483,85,2
mesa,14,7674929494840036483,86,2
mesa,14,7674929494840036483,87,2
mesa,14,7674929494840036483,88,2
mesa,14,7674929494840036483,89,2
mesa,14,7674929494840036483,90,2
mesa,14,7674929494840036483,91,2
mesa,14,7674929494840036483,92,2
mesa,14,7674929494840036483,93,2
mesa,14,7674929494840036483,94,2
mesa,14,7674929494840036483,95,2
mesa,14,7674929494840036483,96,3
mesa,14,7674929494840036483,97,2
mesa,14,7674929494840036483,98,2
mesa,14,7674929494840036483,99,2
mesa,14,7674929494840036483,100,2
mesa,14,7674929494840036483,101,2
mesa,14,7674929494840036483,102,2
mesa,14,7674929494840036483,103,2
mesa,15,4613624328044332388,1,2
mesa,15,4613624328044332388,2,2
mesa,15,4613624328044332388,3,2
mesa,15,4613624328044332388,4,2
mesa,15,4613624328044332388,5,2
mesa,15,4613624328044332388,6,2
mesa,15,4613624328044332388,7,2
mesa,15,4613624328044332388,8,2
mesa,15,4613624328044332388,9,2
mesa,15,4613624328044332388,10,4
mesa,15,4613624328044332388,11,2
mesa,15,4613624328044332388,12,3
mesa,15,4613624328044332388,13,2
mesa,15,4613624328044332388,14,2
mesa,15,4613624328044332388,15,2
mesa,15,4613624328044332388,16,2
mesa,15,4613624328044332388,17,2
mesa,15,4613624328044332388,18,2
mesa,15,4613624328044332388,19,2
mesa,15,4613624328044332388,20,2
mesa,15,4613624328044332388,21,2
mesa,15,4613624328044332388,22,2
mesa,15,4613624328044332388,23,3
mesa,15,4613624328044332388,24,3
mesa,15,4613624328044332388,25,2
mesa,15,4613624328044332388,26,2
mesa,15,4613624328044332388,27,3
mesa,15,4613624328044332388,28,2
mesa,15,4613624328044332388,29,2
mesa,15,4613624328044332388,30,2
mesa,15,4613624328044332388,31,2
mesa,15,4613624328044332388,32,2
mesa,15,4613624328044332388,33,2
mesa,15,4613624328044332388,34,2
mesa,15,4613624328044332388,35,2
mesa,15,4613624328044332388,36,2
mesa,15,4613624328044332388,37,3
mesa,15,4613624328044332388,38,2
mesa,15,4613624328044332388,39,2
mesa,15,4613624328044332388,40,2
mesa,15,4613624328044332388,41,2
mesa,15,4613624328044332388,42,2
mesa,15,4613624328044332388,43,2
mesa,15,4613624328044332388,44,2
mesa,15,4613624328044332388,45,2
mesa,15,4613624328044332388,46,2
mesa,15,4613624328044332388,47,2
mesa,15,4613624328044332388,48,2
mesa,15,4613624328044332388,49,2
mesa,15,4613624328044332388,50,2
mesa,15,4613624328044332388,51,2
mesa,15,4613624328044332388,52,2
mesa,15,4613624328044332388,53,2
mesa,15,4613624328044332388,54,2
mesa,15,4613624328044332388,55,2
mesa,15,4613624328044332388,56,2
mesa,15,4613624328044332388,57,3
mesa,15,4613624328044332388,58,3
mesa,15,4613624328044332388,59,2
mesa,15,4613624328044332388,60,2
mesa,15,4613624328044332388,61,2
mesa,15,4613624328044332388,62,2
mesa,15,4613624328044332388,63,2
mesa,15,4613624328044332388,64,2
mesa,15,4613624328044332388,65,2
mesa,15,4613624328044332388,66,2
mesa,15,4613624328044332388,67,2
mesa,15,4613624328044332388,68,2
mesa,15,4613624328044332388,69,2
mesa,15,4613624328044332388,70,2
mesa,15,4613624328044332388,71,2
mesa,15,4613624328044332388,72,2
mesa,15,4613624328044332388,73,3
mesa,15,4613624328044332388,74,3
mesa,15,4613624328044332388,75,2
mesa,15,4613624328044332388,76,2
mesa,15,4613624328044332388,77,5
mesa,15,4613624328044332388,78,2
mesa,15,4613624328044332388,79,2
mesa,15,4613624328044332388,80,2
mesa,15,4613624328044332388,81,2
mesa,15,4613624328044332388,82,2
mesa,15,4613624328044332388,83,2
mesa,15,4613624328044332388,84,2
mesa,15,4613624328044332388,85,2
mesa,15,4613624328044332388,86,2
mesa,15,4613624328044332388,87,3
mesa,15,4613624328044332388,88,3
mesa,15,4613624328044332388,89,2
mesa,15,4613624328044332388,90,3
mesa,15,4613624328044332388,91,2
mesa,15,4613624328044332388,92,2
mesa,15,4613624328044332388,93,2
mesa,15,4613624328044332388,94,2
mesa,15,4613624328044332388,95,2
mesa,15,4613624328044332388,96,2
mesa,15,4613624328044332388,97,2
mesa,15,4613624328044332388,98,2
mesa,15,4613624328044332388,99,2
mesa,15,4613624328044332388,100,2
mesa,15,4613624328044332388,101,2
mesa,15,4613624328044332388,102,2
mesa,15,4613624328044332388,103,3
mesa,15,4613624328044332388,104,2
mesa,15,4613624328044332388,105,2
mesa,15,4613624328044332388,106,2
mesa,15,4613624328044332388,107,2
mesa,15,4613624328044332388,108,2
mesa,16,4995937566212487830,1,2
mesa,16,4995937566212487830,2,2
mesa,16,4995937566212487830,3,3
mesa,16,4995937566212487830,4,2
mesa,16,4995937566212487830,5,2
mesa,16,4995937566212487830,6,2
mesa,16,4995937566212487830,7,2
mesa,16,4995937566212487830,8,2
mesa,16,4995937566212487830,9,2
mesa,16,4995937566212487830,10,2
mesa,16,4995937566212487830,11,2
mesa,16,4995937566212487830,12,2
mesa,16,4995937566212487830,13,2
mesa,16,4995937566212487830,14,2
mesa,16,4995937566212487830,15,2
mesa,16,4995937566212487830,16,2
mesa,16,4995937566212487830,17,4
mesa,16,4995937566212487830,18,2
mesa,16,4995937566212487830,19,2
mesa,16,4995937566212487830,20,2
mesa,16,4995937566212487830,21,2
mesa,16,4995937566212487830,22,4
mesa,16,4995937566212487830,23,3
mesa,16,4995937566212487830,24,2
mesa,16,4995937566212487830,25,2
mesa,16,4995937566212487830,26,2
mesa,16,4995937566212487830,27,2
mesa,16,4995937566212487830,28,2
mesa,16,4995937566212487830,29,2
mesa,16,4995937566212487830,30,4
mesa,16,4995937566212487830,31,2
mesa,16,4995937566212487830,32,2
mesa,16,4995937566212487830,33,2
mesa,16,4995937566212487830,34,2
mesa,16,4995937566212487830,35,2
mesa,16,4995937566212487830,36,2
mesa,16,4995937566212487830,37,2
mesa,16,4995937566212487830,38,2
mesa,16,4995937566212487830,39,2
mesa,16,4995937566212487830,40,3
mesa,16,4995937566212487830,41,2
mesa,16,4995937566212487830,42,2
mesa,16,4995937566212487830,43,3
mesa,16,4995937566212487830,44,2
mesa,16,4995937566212487830,45,3
mesa,16,4995937566212487830,46,2
mesa,16,4995937566212487830,47,2
mesa,16,4995937566212487830,48,2
mesa,16,4995937566212487830,49,2
mesa,16,4995937566212487830,50,3
mesa,16,4995937566212487830,51,2
mesa,16,4995937566212487830,52,2
mesa,16,4995937566212487830,53,2
mesa,16,4995937566212487830,54,2
mesa,16,4995937566212487830,55,3
mesa,16,4995937566212487830,56,2
mesa,16,4995937566212487830,57,2
mesa,16,4995937566212487830,58,6
mesa,16,4995937566212487830,59,2
mesa,16,4995937566212487830,60,2
mesa,16,4995937566212487830,61,2
mesa,16,4995937566212487830,62,2
mesa,16,4995937566212487830,63,2
mesa,16,4995937566212487830,64,2
mesa,16,4995937566212487830,65,3
mesa,16,4995937566212487830,66,2
mesa,16,4995937566212487830,67,4
mesa,16,4995937566212487830,68,2
mesa,16,4995937566212487830,69,2
mesa,16,4995937566212487830,70,2
mesa,16,4995937566212487830,71,4
mesa,16,4995937566212487830,72,2
mesa,16,4995937566212487830,73,2
mesa,16,4995937566212487830,74,2
mesa,16,4995937566212487830,75,3
mesa,16,4995937566212487830,76,6
mesa,16,4995937566212487830,77,2
mesa,16,4995937566212487830,78,2
mesa,16,4995937566212487830,79,2
mesa,16,4995937566212487830,80,3
mesa,16,4995937566212487830,81,2
mesa,16,4995937566212487830,82,2
mesa,16,4995937566212487830,83,5
mesa,16,4995937566212487830,84,2
mesa,16,4995937566212487830,85,2
mesa,16,4995937566212487830,86,3
mesa,16,4995937566212487830,87,2
mesa,16,4995937566212487830,88,2
mesa,16,4995937566212487830,89,2
mesa,16,4995937566212487830,90,3
mesa,16,4995937566212487830,91,2
mesa,16,4995937566212487830,92,2
mesa,16,4995937566212487830,93,2
mesa,16,4995937566212487830,94,2
mesa,16,4995937566212487830,95,3
mesa,16,4995937566212487830,96,2
mesa,16,4995937566212487830,97,2
mesa,16,4995937566212487830,98,2
mesa,16,4995937566212487830,99,2
mesa,16,4995937566212487830,100,4
mesa,16,4995937566212487830,101,2
mesa,16,4995937566212487830,102,2
mesa,16,4995937566212487830,103,2
mesa,16,4995937566212487830,104,2
mesa,16,4995937566212487830,105,2
mesa,16,4995937566212487830,106,3
mesa,16,4995937566212487830,107,2
mesa,16,4995937566212487830,108,2
mesa,16,4995937566212487830,109,2
mesa,16,4995937566212487830,110,2
mesa,16,4995937566212487830,111,2
mesa,16,4995937566212487830,112,3
mesa,16,4995937566212487830,113,2
mesa,16,4995937566212487830,114,2
mesa,16,4995937566212487830,115,2
mesa,16,4995937566212487830,116,2
mesa,16,4995937566212487830,117,2
mesa,16,4995937566212487830,118,2
mesa,16,4995937566212487830,119,2
mesa,16,4995937566212487830,120,2
mesa,16,4995937566212487830,121,4
mesa,16,4995937566212487830,122,2
mesa,16,4995937566212487830,123,2
mesa,16,4995937566212487830,124,2
mesa,16,4995937566212487830,125,2
mesa,16,4995937566212487830,126,3
mesa,16,4995937566212487830,127,2
mesa,16,4995937566212487830,128,2
mesa,16,4995937566212487830,129,2
mesa,16,4995937566212487830,130,2
mesa,16,4995937566212487830,131,2
mesa,16,4995937566212487830,132,2
mesa,16,4995937566212487830,133,2
mesa,16,4995937566212487830,134,2
mesa,16,4995937566212487830,135,2
mesa,16,4995937566212487830,136,2
mesa,16,4995937566212487830,137,2
mesa,16,4995937566212487830,138,2
mesa,16,4995937566212487830,139,2
mesa,16,4995937566212487830,140,2
mesa,16,4995937566212487830,141,2
mesa,16,4995937566212487830,142,2
mesa,16,4995937566212487830,143,2
mesa,16,4995937566212487830,144,2
mesa,16,4995937566212487830,145,2
mesa,17,4556704973082384644,1,3
mesa,17,4556704973082384644,2,2
mesa,17,4556704973082384644,3,2
mesa,17,4556704973082384644,4,2
mesa,17,4556704973082384644,5,2
mesa,17,4556704973082384644,6,2
mesa,17,4556704973082384644,7,2
mesa,17,4556704973082384644,8,2
mesa,17,4556704973082384644,9,3
mesa,17,4556704973082384644,10,2
mesa,17,4556704973082384644,11,2
mesa,17,4556704973082384644,12,2
mesa,17,4556704973082384644,13,2
mesa,17,4556704973082384644,14,2
mesa,17,4556704973082384644,15,3
mesa,17,4556704973082384644,16,2
mesa,17,4556704973082384644,17,2
mesa,17,4556704973082384644,18,2
mesa,17,4556704973082384644,19,2
mesa,17,4556704973082384644,20,2
mesa,17,4556704973082384644,21,2
mesa,17,4556704973082384644,22,3
mesa,17,4556704973082384644,23,2
mesa,17,4556704973082384644,24,2
mesa,17,4556704973082384644,25,2
mesa,17,4556704973082384644,26,2
mesa,17,4556704973082384644,27,2
mesa,17,4556704973082384644,28,2
mesa,17,4556704973082384644,29,2
mesa,17,4556704973082384644,30,3
mesa,17,4556704973082384644,31,2
mesa,17,4556704973082384644,32,2
mesa,17,4556704973082384644,33,2
mesa,17,4556704973082384644,34,2
mesa,17,4556704973082384644,35,2
mesa,17,4556704973082384644,36,2
mesa,17,4556704973082384644,37,2
mesa,17,4556704973082384644,38,2
mesa,17,4556704973082384644,39,2
mesa,17,4556704973082384644,40,2
mesa,17,4556704973082384644,41,2
mesa,17,4556704973082384644,42,2
mesa,17,4556704973082384644,43,3
mesa,17,4556704973082384644,44,2
mesa,17,4556704973082384644,45,2
mesa,17,4556704973082384644,46,2
mesa,17,4556704973082384644,47,2
mesa,17,4556704973082384644,48,2
mesa,17,4556704973082384644,49,2
mesa,17,4556704973082384644,50,2
mesa,17,4556704973082384644,51,2
mesa,17,4556704973082384644,52,2
mesa,17,4556704973082384644,53,3
mesa,17,4556704973082384644,54,2
mesa,17,4556704973082384644,55,2
mesa,17,4556704973082384644,56,5
mesa,17,4556704973082384644,57,2
mesa,17,4556704973082384644,58,2
mesa,17,4556704973082384644,59,2
mesa,17,4556704973082384644,60,4
mesa,17,4556704973082384644,61,2
mesa,17,4556704973082384644,62,2
mesa,17,4556704973082384644,63,3
mesa,17,4556704973082384644,64,2
mesa,17,4556704973082384644,65,4
mesa,17,4556704973082384644,66,2
mesa,17,4556704973082384644,67,4
mesa,17,4556704973082384644,68,4
mesa,17,4556704973082384644,69,2
mesa,17,4556704973082384644,70,2
mesa,17,4556704973082384644,71,2
mesa,17,4556704973082384644,72,2
mesa,17,4556704973082384644,73,3
mesa,17,4556704973082384644,74,2
mesa,17,4556704973082384644,75,2
mesa,17,4556704973082384644,76,3
mesa,17,4556704973082384644,77,4
mesa,17,4556704973082384644,78,2
mesa,17,4556704973082384644,79,4
mesa,17,4556704973082384644,80,2
mesa,17,4556704973082384644,81,2
mesa,17,4556704973082384644,82,2
mesa,17,4556704973082384644,83,4
mesa,17,4556704973082384644,84,2
mesa,17,4556704973082384644,85,2
mesa,17,4556704973082384644,86,2
mesa,17,4556704973082384644,87,2
mesa,17,4556704973082384644,88,2
mesa,17,4556704973082384644,89,2
mesa,17,4556704973082384644,90,2
mesa,17,4556704973082384644,91,2
mesa,17,4556704973082384644,92,2
mesa,17,4556704973082384644,93,4
mesa,17,4556704973082384644,94,2
mesa,17,4556704973082384644,95,2
mesa,17,4556704973082384644,96,2
mesa,17,4556704973082384644,97,2
mesa,17,4556704973082384644,98,2
mesa,17,4556704973082384644,99,2
mesa,17,4556704973082384644,100,2
mesa,17,4556704973082384644,101,2
mesa,17,4556704973082384644,102,4
mesa,17,4556704973082384644,103,2
mesa,17,4556704973082384644,104,2
mesa,17,4556704973082384644,105,2
mesa,17,4556704973082384644,106,2
mesa,17,4556704973082384644,107,4
mesa,17,4556704973082384644,108,2
mesa,17,4556704973082384644,109,3
mesa,17,4556704973082384644,110,2
mesa,17,4556704973082384644,111,2
mesa,17,4556704973082384644,112,2
mesa,17,4556704973082384644,113,8
mesa,17,4556704973082384644,114,2
mesa,17,4556704973082384644,115,2
mesa,17,4556704973082384644,116,2
mesa,17,4556704973082384644,117,2
mesa,17,4556704973082384644,118,2
mesa,17,4556704973082384644,119,2
mesa,17,4556704973082384644,120,2
mesa,17,4556704973082384644,121,2
mesa,17,4556704973082384644,122,3
mesa,17,4556704973082384644,123,2
mesa,17,4556704973082384644,124,2
mesa,17,4556704973082384644,125,2
mesa,17,4556704973082384644,126,2
mesa,17,4556704973082384644,127,2
mesa,17,4556704973082384644,128,2
mesa,17,4556704973082384644,129,2
mesa,17,4556704973082384644,130,3
mesa,17,4556704973082384644,131,2
mesa,17,4556704973082384644,132,2
mesa,17,4556704973082384644,133,2
mesa,17,4556704973082384644,134,3
mesa,17,4556704973082384644,135,3
mesa,17,4556704973082384644,136,2
mesa,18,8476470079210904413,1,2
mesa,18,8476470079210904413,2,3
mesa,18,8476470079210904413,3,2
mesa,18,8476470079210904413,4,2
mesa,18,8476470079210904413,5,2
mesa,18,8476470079210904413,6,2
mesa,18,8476470079210904413,7,2
mesa,18,8476470079210904413,8,2
mesa,18,8476470079210904413,9,2
mesa,18,8476470079210904413,10,3
mesa,18,8476470079210904413,11,2
mesa,18,8476470079210904413,12,3
mesa,18,8476470079210904413,13,2
mesa,18,8476470079210904413,14,2
mesa,18,8476470079210904413,15,2
mesa,18,8476470079210904413,16,2
mesa,18,8476470079210904413,17,2
mesa,18,8476470079210904413,18,2
mesa,18,8476470079210904413,19,2
mesa,18,8476470079210904413,20,2
mesa,18,8476470079210904413,21,2
mesa,18,8476470079210904413,22,2
mesa,18,8476470079210904413,23,4
mesa,18,8476470079210904413,24,2
mesa,18,8476470079210904413,25,3
mesa,18,8476470079210904413,26,2
mesa,18,8476470079210904413,27,2
mesa,18,8476470079210904413,28,2
mesa,18,8476470079210904413,29,2
mesa,18,8476470079210904413,30,2
mesa,18,8476470079210904413,31,2
mesa,18,8476470079210904413,32,2
mesa,18,8476470079210904413,33,2
mesa,18,8476470079210904413,34,2
mesa,18,8476470079210904413,35,2
mesa,18,8476470079210904413,36,2
mesa,18,8476470079210904413,37,2
mesa,18,8476470079210904413,38,2
mesa,18,8476470079210904413,39,2
mesa,18,8476470079210904413,40,2
mesa,18,8476470079210904413,41,2
mesa,18,8476470079210904413,42,2
mesa,18,8476470079210904413,43,2
mesa,18,8476470079210904413,44,2
mesa,18,8476470079210904413,45,2
mesa,18,8476470079210904413,46,2
mesa,18,8476470079210904413,47,2
mesa,18,8476470079210904413,48,2
mesa,18,8476470079210904413,49,2
mesa,18,8476470079210904413,50,2
mesa,18,8476470079210904413,51,3
mesa,18,8476470079210904413,52,5
mesa,18,8476470079210904413,53,2
mesa,18,8476470079210904413,54,2
mesa,18,8476470079210904413,55,2
mesa,18,8476470079210904413,56,2
mesa,18,8476470079210904413,57,2
mesa,18,8476470079210904413,58,2
mesa,18,8476470079210904413,59,3
mesa,18,8476470079210904413,60,3
mesa,18,8476470079210904413,61,2
mesa,18,8476470079210904413,62,5
mesa,18,8476470079210904413,63,6
mesa,18,8476470079210904413,64,2
mesa,18,8476470079210904413,65,2
mesa,18,8476470079210904413,66,2
mesa,18,8476470079210904413,67,2
mesa,18,8476470079210904413,68,2
mesa,18,8476470079210904413,69,2
mesa,18,8476470079210904413,70,2
mesa,18,8476470079210904413,71,2
mesa,18,8476470079210904413,72,2
mesa,18,8476470079210904413,73,2
mesa,18,8476470079210904413,74,2
mesa,18,8476470079210904413,75,2
mesa,18,8476470079210904413,76,2
mesa,18,8476470079210904413,77,2
mesa,18,8476470079210904413,78,2
mesa,18,8476470079210904413,79,2
mesa,18,8476470079210904413,80,3
mesa,18,8476470079210904413,81,2
mesa,18,8476470079210904413,82,2
mesa,18,8476470079210904413,83,4
mesa,18,8476470079210904413,84,2
mesa,18,8476470079210904413,85,2
mesa,18,8476470079210904413,86,2
mesa,18,8476470079210904413,87,2
mesa,18,8476470079210904413,88,2
mesa,18,8476470079210904413,89,2
mesa,18,8476470079210904413,90,2
mesa,18,8476470079210904413,91,2
mesa,18,8476470079210904413,92,2
mesa,18,8476470079210904413,93,2
mesa,18,8476470079210904413,94,2
mesa,18,8476470079210904413,95,2
mesa,18,8476470079210904413,96,2
mesa,18,8476470079210904413,97,2
mesa,18,8476470079210904413,98,2
mesa,18,8476470079210904413,99,2
mesa,18,8476470079210904413,100,2
mesa,18,8476470079210904413,101,2
mesa,18,8476470079210904413,102,2
mesa,18,8476470079210904413,103,2
mesa,18,8476470079210904413,104,2
mesa,18,8476470079210904413,105,2
mesa,18,8476470079210904413,106,2
mesa,18,8476470079210904413,107,2
mesa,18,8476470079210904413,108,2
mesa,18,8476470079210904413,109,3
mesa,18,8476470079210904413,110,2
mesa,18,8476470079210904413,111,3
mesa,18,8476470079210904413,112,2
mesa,18,8476470079210904413,113,2
mesa,18,8476470079210904413,114,2
mesa,18,8476470079210904413,115,3
mesa,18,8476470079210904413,116,2
mesa,18,8476470079210904413,117,2
mesa,18,8476470079210904413,118,2
mesa,18,8476470079210904413,119,2
mesa,18,8476470079210904413,120,2
mesa,18,8476470079210904413,121,3
mesa,18,8476470079210904413,122,3
mesa,18,8476470079210904413,123,2
mesa,19,1454548424982663689,1,2
mesa,19,1454548424982663689,2,2
mesa,19,1454548424982663689,3,3
mesa,19,1454548424982663689,4,2
mesa,19,1454548424982663689,5,3
mesa,19,1454548424982663689,6,2
mesa,19,1454548424982663689,7,2
mesa,19,1454548424982663689,8,3
mesa,19,1454548424982663689,9,2
mesa,19,1454548424982663689,10,2
mesa,19,1454548424982663689,11,2
mesa,19,1454548424982663689,12,2
mesa,19,1454548424982663689,13,2
mesa,19,1454548424982663689,14,2
mesa,19,1454548424982663689,15,3
mesa,19,1454548424982663689,16,2
mesa,19,1454548424982663689,17,2
mesa,19,1454548424982663689,18,3
mesa,19,1454548424982663689,19,2
mesa,19,1454548424982663689,20,2
mesa,19,1454548424982663689,21,2
mesa,19,1454548424982663689,22,3
mesa,19,1454548424982663689,23,2
mesa,19,1454548424982663689,24,3
mesa,19,1454548424982663689,25,2
mesa,19,1454548424982663689,26,2
mesa,19,1454548424982663689,27,2
mesa,19,1454548424982663689,28,2
mesa,19,1454548424982663689,29,2
mesa,19,1454548424982663689,30,2
mesa,19,1454548424982663689,31,2
mesa,19,1454548424982663689,32,2
mesa,19,1454548424982663689,33,2
mesa,19,1454548424982663689,34,3
mesa,19,1454548424982663689,35,2
mesa,19,1454548424982663689,36,2
mesa,19,1454548424982663689,37,2
mesa,19,1454548424982663689,38,3
mesa,19,1454548424982663689,39,6
mesa,19,1454548424982663689,40,2
mesa,19,1454548424982663689,41,2
mesa,19,1454548424982663689,42,2
mesa,19,1454548424982663689,43,2
mesa,19,1454548424982663689,44,2
mesa,19,1454548424982663689,45,2
mesa,19,1454548424982663689,46,2
mesa,19,1454548424982663689,47,2
mesa,19,1454548424982663689,48,2
mesa,19,1454548424982663689,49,3
mesa,19,1454548424982663689,50,2
mesa,19,1454548424982663689,51,2
mesa,19,1454548424982663689,52,2
mesa,19,1454548424982663689,53,2
mesa,19,1454548424982663689,54,3
mesa,19,1454548424982663689,55,2
mesa,19,1454548424982663689,56,2
mesa,19,1454548424982663689,57,2
mesa,19,1454548424982663689,58,2
mesa,19,1454548424982663689,59,2
mesa,19,1454548424982663689,60,3
mesa,19,1454548424982663689,61,2
mesa,19,1454548424982663689,62,2
mesa,19,1454548424982663689,63,2
mesa,19,1454548424982663689,64,2
mesa,19,1454548424982663689,65,2
mesa,19,1454548424982663689,66,2
mesa,19,1454548424982663689,67,2
mesa,19,1454548424982663689,68,2
mesa,19,1454548424982663689,69,2
mesa,19,1454548424982663689,70,2
mesa,19,1454548424982663689,71,2
mesa,19,1454548424982663689,72,2
mesa,19,1454548424982663689,73,2
mesa,19,1454548424982663689,74,2
mesa,19,1454548424982663689,75,2
mesa,19,1454548424982663689,76,2
mesa,19,1454548424982663689,77,2
mesa,19,1454548424982663689,78,3
mesa,19,1454548424982663689,79,2
mesa,19,1454548424982663689,80,2
mesa,19,1454548424982663689,81,3
mesa,19,1454548424982663689,82,2
mesa,19,1454548424982663689,83,6
mesa,19,1454548424982663689,84,2
mesa,19,1454548424982663689,85,2
mesa,19,1454548424982663689,86,2
mesa,19,1454548424982663689,87,2
mesa,19,1454548424982663689,88,2
mesa,19,1454548424982663689,89,2
mesa,19,1454548424982663689,90,2
mesa,19,1454548424982663689,91,2
mesa,19,1454548424982663689,92,5
mesa,19,1454548424982663689,93,2
mesa,19,1454548424982663689,94,2
mesa,19,1454548424982663689,95,2
mesa,19,1454548424982663689,96,2
mesa,19,1454548424982663689,97,2
mesa,19,1454548424982663689,98,2
mesa,19,1454548424982663689,99,2
mesa,19,1454548424982663689,100,2
mesa,19,1454548424982663689,101,2
mesa,19,1454548424982663689,102,2
mesa,19,1454548424982663689,103,2
mesa,19,1454548424982663689,104,2
mesa,19,1454548424982663689,105,3
mesa,19,1454548424982663689,106,2
mesa,19,1454548424982663689,107,2
mesa,19,1454548424982663689,108,2
mesa,19,1454548424982663689,109,2
mesa,19,1454548424982663689,110,2
mesa,19,1454548424982663689,111,2
mesa,19,1454548424982663689,112,2
mesa,19,1454548424982663689,113,2
mesa,19,1454548424982663689,114,5
mesa,19,1454548424982663689,115,2
mesa,19,1454548424982663689,116,2
mesa,19,1454548424982663689,117,2
mesa,19,1454548424982663689,118,2
mesa,19,1454548424982663689,119,2
mesa,19,1454548424982663689,120,2
mesa,19,1454548424982663689,121,2
mesa,19,1454548424982663689,122,2
mesa,19,1454548424982663689,123,3
mesa,19,1454548424982663689,124,2
mesa,19,1454548424982663689,125,2
mesa,19,1454548424982663689,126,3
mesa,19,1454548424982663689,127,3
mesa,19,1454548424982663689,128,2
mesa,19,1454548424982663689,129,2
mesa,19,1454548424982663689,130,2
mesa,19,1454548424982663689,131,3
mesa,19,1454548424982663689,132,2
mesa,19,1454548424982663689,133,3
mesa,19,1454548424982663689,134,2
mesa,19,1454548424982663689,135,2
mesa,19,1454548424982663689,136,2
mesa,19,1454548424982663689,137,2
mesa,19,1454548424982663689,138,2
mesa,19,1454548424982663689,139,2
mesa,19,1454548424982663689,140,2
mesa,19,1454548424982663689,141,2
mesa,19,1454548424982663689,142,2
mesa,19,1454548424982663689,143,2
mesa,19,1454548424982663689,144,2
mesa,19,1454548424982663689,145,2
mesa,19,1454548424982663689,146,2
mesa,19,1454548424982663689,147,2
mesa,19,1454548424982663689,148,3
mesa,20,5341495872753715187,1,3
mesa,20,5341495872753715187,2,3
mesa,20,5341495872753715187,3,2
mesa,20,5341495872753715187,4,3
mesa,20,5341495872753715187,5,2
mesa,20,5341495872753715187,6,3
mesa,20,5341495872753715187,7,2
mesa,20,5341495872753715187,8,2
mesa,20,5341495872753715187,9,2
mesa,20,5341495872753715187,10,2
mesa,20,5341495872753715187,11,2
mesa,20,5341495872753715187,12,2
mesa,20,5341495872753715187,13,2
mesa,20,5341495872753715187,14,2
mesa,20,5341495872753715187,15,2
mesa,20,5341495872753715187,16,2
mesa,20,5341495872753715187,17,2
mesa,20,5341495872753715187,18,2
mesa,20,5341495872753715187,19,2
mesa,20,5341495872753715187,20,2
mesa,20,5341495872753715187,21,2
mesa,20,5341495872753715187,22,2
mesa,20,5341495872753715187,23,2
mesa,20,5341495872753715187,24,2
mesa,20,5341495872753715187,25,6
mesa,20,5341495872753715187,26,2
mesa,20,5341495872753715187,27,2
mesa,20,5341495872753715187,28,2
mesa,20,5341495872753715187,29,2
mesa,20,5341495872753715187,30,2
mesa,20,5341495872753715187,31,3
mesa,20,5341495872753715187,32,2
mesa,20,5341495872753715187,33,2
mesa,20,5341495872753715187,34,2
mesa,20,5341495872753715187,35,2
mesa,20,5341495872753715187,36,2
mesa,20,5341495872753715187,37,13
mesa,20,5341495872753715187,38,2
mesa,20,5341495872753715187,39,3
mesa,20,5341495872753715187,40,2
mesa,20,5341495872753715187,41,3
mesa,20,5341495872753715187,42,2
mesa,20,5341495872753715187,43,2
mesa,20,5341495872753715187,44,2
mesa,20,5341495872753715187,45,3
mesa,20,5341495872753715187,46,2
mesa,20,5341495872753715187,47,2
mesa,20,5341495872753715187,48,2
mesa,20,5341495872753715187,49,2
mesa,20,5341495872753715187,50,2
mesa,20,5341495872753715187,51,2
mesa,20,5341495872753715187,52,2
mesa,20,5341495872753715187,53,2
mesa,20,5341495872753715187,54,2
mesa,20,5341495872753715187,55,2
mesa,20,5341495872753715187,56,2
mesa,20,5341495872753715187,57,2
mesa,20,5341495872753715187,58,2
mesa,20,5341495872753715187,59,3
mesa,20,5341495872753715187,60,2
mesa,20,5341495872753715187,61,2
mesa,20,5341495872753715187,62,2
mesa,20,5341495872753715187,63,2
mesa,20,5341495872753715187,64,2
mesa,20,5341495872753715187,65,2
mesa,20,5341495872753715187,66,2
mesa,20,5341495872753715187,67,2
mesa,20,5341495872753715187,68,2
mesa,20,5341495872753715187,69,2
mesa,20,5341495872753715187,70,2
mesa,20,5341495872753715187,71,2
mesa,20,5341495872753715187,72,2
mesa,20,5341495872753715187,73,3
mesa,20,5341495872753715187,74,2
mesa,20,5341495872753715187,75,2
mesa,20,5341495872753715187,76,2
mesa,20,5341495872753715187,77,2
mesa,20,5341495872753715187,78,2
mesa,20,5341495872753715187,79,2
mesa,20,5341495872753715187,80,2
mesa,20,5341495872753715187,81,2
mesa,20,5341495872753715187,82,3
mesa,20,5341495872753715187,83,2
mesa,20,5341495872753715187,84,2
mesa,20,5341495872753715187,85,2
mesa,20,5341495872753715187,86,2
mesa,20,5341495872753715187,87,5
mesa,20,5341495872753715187,88,2
mesa,20,5341495872753715187,89,2
mesa,20,5341495872753715187,90,2
mesa,20,5341495872753715187,91,2
mesa,20,5341495872753715187,92,5
mesa,20,5341495872753715187,93,2
mesa,20,5341495872753715187,94,2
mesa,20,5341495872753715187,95,2
mesa,20,5341495872753715187,96,2
mesa,20,5341495872753715187,97,2
mesa,20,5341495872753715187,98,2
mesa,20,5341495872753715187,99,2
mesa,20,5341495872753715187,100,3
mesa,20,5341495872753715187,101,2
mesa,20,5341495872753715187,102,2
mesa,20,5341495872753715187,103,2
mesa,20,5341495872753715187,104,2
mesa,20,5341495872753715187,105,3
mesa,20,5341495872753715187,106,2
mesa,20,5341495872753715187,107,2
mesa,20,5341495872753715187,108,2
mesa,20,5341495872753715187,109,2
mesa,20,5341495872753715187,110,2
mesa,20,5341495872753715187,111,2
mesa,20,5341495872753715187,112,2
mesa,20,5341495872753715187,113,2
mesa,20,5341495872753715187,114,4
mesa,20,5341495872753715187,115,2
mesa,20,5341495872753715187,116,2
mesa,20,5341495872753715187,117,2
mesa,20,5341495872753715187,118,2
mesa,20,5341495872753715187,119,2
mesa,20,5341495872753715187,120,2
mesa,20,5341495872753715187,121,2
mesa,20,5341495872753715187,122,2
mesa,20,5341495872753715187,123,2
mesa,20,5341495872753715187,124,2
mesa,20,5341495872753715187,125,2
mesa,20,5341495872753715187,126,3
mesa,20,5341495872753715187,127,2
mesa,20,5341495872753715187,128,2
mesa,20,5341495872753715187,129,4
mesa,20,5341495872753715187,130,2
mesa,20,5341495872753715187,131,2
mesa,20,5341495872753715187,132,2
mesa,20,5341495872753715187,133,4
mesa,20,5341495872753715187,134,2
mesa,21,5443673115960323994,1,2
mesa,21,5443673115960323994,2,2
mesa,21,5443673115960323994,3,2
mesa,21,5443673115960323994,4,2
mesa,21,5443673115960323994,5,3
mesa,21,5443673115960323994,6,2
mesa,21,5443673115960323994,7,2
mesa,21,5443673115960323994,8,2
mesa,21,5443673115960323994,9,2
mesa,21,5443673115960323994,10,2
mesa,21,5443673115960323994,11,2
mesa,21,5443673115960323994,12,2
mesa,21,5443673115960323994,13,2
mesa,21,5443673115960323994,14,2
mesa,21,5443673115960323994,15,2
mesa,21,5443673115960323994,16,2
mesa,21,5443673115960323994,17,2
mesa,21,5443673115960323994,18,3
mesa,21,5443673115960323994,19,2
mesa,21,5443673115960323994,20,3
mesa,21,5443673115960323994,21,2
mesa,21,5443673115960323994,22,2
mesa,21,5443673115960323994,23,2
mesa,21,5443673115960323994,24,2
mesa,21,5443673115960323994,25,2
mesa,21,5443673115960323994,26,2
mesa,21,5443673115960323994,27,2
mesa,21,5443673115960323994,28,2
mesa,21,5443673115960323994,29,2
mesa,21,5443673115960323994,30,2
mesa,21,5443673115960323994,31,2
mesa,21,5443673115960323994,32,2
mesa,21,5443673115960323994,33,2
mesa,21,5443673115960323994,34,7
mesa,21,5443673115960323994,35,2
mesa,21,5443673115960323994,36,2
mesa,21,5443673115960323994,37,2
mesa,21,5443673115960323994,38,2
mesa,21,5443673115960323994,39,3
mesa,21,5443673115960323994,40,2
mesa,21,5443673115960323994,41,2
mesa,21,5443673115960323994,42,2
mesa,21,5443673115960323994,43,2
mesa,21,5443673115960323994,44,2
mesa,21,5443673115960323994,45,2
mesa,21,5443673115960323994,46,2
mesa,21,5443673115960323994,47,2
mesa,21,5443673115960323994,48,2
mesa,21,5443673115960323994,49,2
mesa,21,5443673115960323994,50,2
mesa,21,5443673115960323994,51,2
mesa,21,5443673115960323994,52,2
mesa,21,5443673115960323994,53,2
mesa,21,5443673115960323994,54,2
mesa,21,5443673115960323994,55,2
mesa,21,5443673115960323994,56,2
mesa,21,5443673115960323994,57,2
mesa,21,5443673115960323994,58,2
mesa,21,5443673115960323994,59,2
mesa,21,5443673115960323994,60,7
mesa,21,5443673115960323994,61,2
mesa,21,5443673115960323994,62,12
mesa,21,5443673115960323994,63,2
mesa,21,5443673115960323994,64,2
mesa,21,5443673115960323994,65,2
mesa,21,5443673115960323994,66,3
mesa,21,5443673115960323994,67,2
mesa,21,5443673115960323994,68,2
mesa,21,5443673115960323994,69,2
mesa,21,5443673115960323994,70,3
mesa,21,5443673115960323994,71,2
mesa,21,5443673115960323994,72,3
mesa,21,5443673115960323994,73,2
mesa,21,5443673115960323994,74,5
mesa,21,5443673115960323994,75,2
mesa,21,5443673115960323994,76,2
mesa,21,5443673115960323994,77,2
mesa,21,5443673115960323994,78,2
mesa,21,5443673115960323994,79,2
mesa,21,5443673115960323994,80,3
mesa,21,5443673115960323994,81,2
mesa,21,5443673115960323994,82,2
mesa,21,5443673115960323994,83,2
mesa,21,5443673115960323994,84,2
mesa,21,5443673115960323994,85,2
mesa,21,5443673115960323994,86,3
mesa,21,5443673115960323994,87,2
mesa,21,5443673115960323994,88,2
mesa,21,5443673115960323994,89,2
mesa,21,5443673115960323994,90,2
mesa,21,5443673115960323994,91,5
mesa,21,5443673115960323994,92,2
mesa,21,5443673115960323994,93,2
mesa,21,5443673115960323994,94,2
mesa,21,5443673115960323994,95,2
mesa,21,5443673115960323994,96,2
mesa,21,5443673115960323994,97,2
mesa,21,5443673115960323994,98,2
mesa,21,5443673115960323994,99,2
mesa,21,5443673115960323994,100,3
mesa,21,5443673115960323994,101,4
mesa,21,5443673115960323994,102,2
mesa,21,5443673115960323994,103,2
mesa,21,5443673115960323994,104,2
mesa,21,5443673115960323994,105,3
mesa,21,5443673115960323994,106,6
mesa,21,5443673115960323994,107,2
mesa,21,5443673115960323994,108,2
mesa,21,5443673115960323994,109,2
mesa,21,5443673115960323994,110,2
mesa,21,5443673115960323994,111,2
mesa,21,5443673115960323994,112,2
mesa,21,5443673115960323994,113,2
mesa,21,5443673115960323994,114,2
mesa,21,5443673115960323994,115,2
mesa,21,5443673115960323994,116,2
mesa,21,5443673115960323994,117,2
mesa,21,5443673115960323994,118,3
mesa,21,5443673115960323994,119,3
mesa,21,5443673115960323994,120,2
mesa,21,5443673115960323994,121,2
mesa,21,5443673115960323994,122,2
mesa,21,5443673115960323994,123,2
mesa,21,5443673115960323994,124,2
mesa,21,5443673115960323994,125,3
mesa,21,5443673115960323994,126,2
mesa,21,5443673115960323994,127,2
mesa,21,5443673115960323994,128,2
mesa,21,5443673115960323994,129,2
mesa,21,5443673115960323994,130,2
mesa,21,5443673115960323994,131,2
mesa,21,5443673115960323994,132,2
mesa,21,5443673115960323994,133,2
mesa,22,3595548649576362892,1,2
mesa,22,3595548649576362892,2,2
mesa,22,3595548649576362892,3,2
mesa,22,3595548649576362892,4,2
mesa,22,3595548649576362892,5,2
mesa,22,3595548649576362892,6,2
mesa,22,3595548649576362892,7,2
mesa,22,3595548649576362892,8,2
mesa,22,3595548649576362892,9,2
mesa,22,3595548649576362892,10,3
mesa,22,3595548649576362892,11,3
mesa,22,3595548649576362892,12,2
mesa,22,3595548649576362892,13,3
mesa,22,3595548649576362892,14,2
mesa,22,3595548649576362892,15,2
mesa,22,3595548649576362892,16,2
mesa,22,3595548649576362892,17,2
mesa,22,3595548649576362892,18,2
mesa,22,3595548649576362892,19,3
mesa,22,3595548649576362892,20,2
mesa,22,3595548649576362892,21,3
mesa,22,3595548649576362892,22,2
mesa,22,3595548649576362892,23,2
mesa,22,3595548649576362892,24,2
mesa,22,3595548649576362892,25,3
mesa,22,3595548649576362892,26,3
mesa,22,3595548649576362892,27,2
mesa,22,3595548649576362892,28,2
mesa,22,3595548649576362892,29,2
mesa,22,3595548649576362892,30,2
mesa,22,3595548649576362892,31,2
mesa,22,3595548649576362892,32,2
mesa,22,3595548649576362892,33,2
mesa,22,3595548649576362892,34,2
mesa,22,3595548649576362892,35,2
mesa,22,3595548649576362892,36,3
mesa,22,3595548649576362892,37,5
mesa,22,3595548649576362892,38,3
mesa,22,3595548649576362892,39,2
mesa,22,3595548649576362892,40,2
mesa,22,3595548649576362892,41,2
mesa,22,3595548649576362892,42,2
mesa,22,3595548649576362892,43,2
mesa,22,3595548649576362892,44,2
mesa,22,3595548649576362892,45,2
mesa,22,3595548649576362892,46,2
mesa,22,3595548649576362892,47,2
mesa,22,3595548649576362892,48,2
mesa,22,3595548649576362892,49,3
mesa,22,3595548649576362892,50,3
mesa,22,3595548649576362892,51,2
mesa,22,3595548649576362892,52,2
mesa,22,3595548649576362892,53,2
mesa,22,3595548649576362892,54,2
mesa,22,3595548649576362892,55,2
mesa,22,3595548649576362892,56,2
mesa,22,3595548649576362892,57,2
mesa,22,3595548649576362892,58,2
mesa,22,3595548649576362892,59,2
mesa,22,3595548649576362892,60,5
mesa,22,3595548649576362892,61,7
mesa,22,3595548649576362892,62,2
mesa,22,3595548649576362892,63,2
mesa,22,3595548649576362892,64,2
mesa,22,3595548649576362892,65,3
mesa,22,3595548649576362892,66,2
mesa,22,3595548649576362892,67,2
mesa,22,3595548649576362892,68,2
mesa,22,3595548649576362892,69,2
mesa,22,3595548649576362892,70,5
mesa,22,3595548649576362892,71,11
mesa,22,3595548649576362892,72,2
mesa,22,3595548649576362892,73,2
mesa,22,3595548649576362892,74,2
mesa,22,3595548649576362892,75,2
mesa,22,3595548649576362892,76,2
mesa,22,3595548649576362892,77,3
mesa,22,3595548649576362892,78,2
mesa,22,3595548649576362892,79,2
mesa,22,3595548649576362892,80,3
mesa,22,3595548649576362892,81,3
mesa,22,3595548649576362892,82,3
mesa,22,3595548649576362892,83,2
mesa,22,3595548649576362892,84,2
mesa,22,3595548649576362892,85,2
mesa,22,3595548649576362892,86,2
mesa,22,3595548649576362892,87,2
mesa,22,3595548649576362892,88,3
mesa,22,3595548649576362892,89,3
mesa,22,3595548649576362892,90,2
mesa,22,3595548649576362892,91,2
mesa,22,3595548649576362892,92,2
mesa,22,3595548649576362892,93,4
mesa,22,3595548649576362892,94,2
mesa,22,3595548649576362892,95,2
mesa,22,3595548649576362892,96,2
mesa,22,3595548649576362892,97,3
mesa,22,3595548649576362892,98,2
mesa,22,3595548649576362892,99,2
mesa,22,3595548649576362892,100,2
mesa,22,3595548649576362892,101,3
mesa,22,3595548649576362892,102,2
mesa,22,3595548649576362892,103,2
mesa,22,3595548649576362892,104,2
mesa,22,3595548649576362892,105,2
mesa,22,3595548649576362892,106,2
mesa,22,3595548649576362892,107,2
mesa,22,3595548649576362892,108,2
mesa,22,3595548649576362892,109,3
mesa,22,3595548649576362892,110,2
mesa,22,3595548649576362892,111,2
mesa,22,3595548649576362892,112,2
mesa,22,3595548649576362892,113,2
mesa,22,3595548649576362892,114,2
mesa,22,3595548649576362892,115,2
mesa,22,3595548649576362892,116,2
mesa,22,3595548649576362892,117,2
mesa,22,3595548649576362892,118,3
mesa,22,3595548649576362892,119,2
mesa,22,3595548649576362892,120,3
mesa,22,3595548649576362892,121,2
mesa,22,3595548649576362892,122,2
mesa,22,3595548649576362892,123,2
mesa,22,3595548649576362892,124,2
mesa,22,3595548649576362892,125,2
mesa,22,3595548649576362892,126,2
mesa,22,3595548649576362892,127,3
mesa,22,3595548649576362892,128,2
mesa,22,3595548649576362892,129,2
mesa,22,3595548649576362892,130,2
mesa,22,3595548649576362892,131,2
mesa,22,3595548649576362892,132,3
mesa,22,3595548649576362892,133,2
mesa,22,3595548649576362892,134,2
mesa,22,3595548649576362892,135,2
mesa,22,3595548649576362892,136,2
mesa,22,3595548649576362892,137,2
mesa,23,9078909957676491917,1,2
mesa,23,9078909957676491917,2,2
mesa,23,9078909957676491917,3,3
mesa,23,9078909957676491917,4,2
mesa,23,9078909957676491917,5,2
mesa,23,9078909957676491917,6,2
mesa,23,9078909957676491917,7,2
mesa,23,9078909957676491917,8,2
mesa,23,9078909957676491917,9,2
mesa,23,9078909957676491917,10,2
mesa,23,9078909957676491917,11,2
mesa,23,9078909957676491917,12,2
mesa,23,9078909957676491917,13,2
mesa,23,9078909957676491917,14,2
mesa,23,9078909957676491917,15,3
mesa,23,9078909957676491917,16,2
mesa,23,9078909957676491917,17,2
mesa,23,9078909957676491917,18,2
mesa,23,9078909957676491917,19,3
mesa,23,9078909957676491917,20,2
mesa,23,9078909957676491917,21,2
mesa,23,9078909957676491917,22,2
mesa,23,9078909957676491917,23,2
mesa,23,9078909957676491917,24,2
mesa,23,9078909957676491917,25,2
mesa,23,9078909957676491917,26,2
mesa,23,9078909957676491917,27,3
mesa,23,9078909957676491917,28,2
mesa,23,9078909957676491917,29,5
mesa,23,9078909957676491917,30,2
mesa,23,9078909957676491917,31,2
mesa,23,9078909957676491917,32,2
mesa,23,9078909957676491917,33,2
mesa,23,9078909957676491917,34,2
mesa,23,9078909957676491917,35,3
mesa,23,9078909957676491917,36,3
mesa,23,9078909957676491917,37,3
mesa,23,9078909957676491917,38,2
mesa,23,9078909957676491917,39,2
mesa,23,9078909957676491917,40,3
mesa,23,9078909957676491917,41,3
mesa,23,9078909957676491917,42,2
mesa,23,9078909957676491917,43,2
mesa,23,9078909957676491917,44,2
mesa,23,9078909957676491917,45,2
mesa,23,9078909957676491917,46,2
mesa,23,9078909957676491917,47,2
mesa,23,9078909957676491917,48,2
mesa,23,9078909957676491917,49,3
mesa,23,9078909957676491917,50,2
mesa,23,9078909957676491917,51,2
mesa,23,9078909957676491917,52,2
mesa,23,9078909957676491917,53,2
mesa,23,9078909957676491917,54,2
mesa,23,9078909957676491917,55,2
mesa,23,9078909957676491917,56,2
mesa,23,9078909957676491917,57,2
mesa,23,9078909957676491917,58,2
mesa,23,9078909957676491917,59,2
mesa,23,9078909957676491917,60,2
mesa,23,9078909957676491917,61,2
mesa,23,9078909957676491917,62,2
mesa,23,9078909957676491917,63,2
mesa,23,9078909957676491917,64,2
mesa,23,9078909957676491917,65,2
mesa,23,9078909957676491917,66,2
mesa,23,9078909957676491917,67,2
mesa,23,9078909957676491917,68,2
mesa,23,9078909957676491917,69,2
mesa,23,9078909957676491917,70,2
mesa,23,9078909957676491917,71,2
mesa,23,9078909957676491917,72,2
mesa,23,9078909957676491917,73,2
mesa,23,9078909957676491917,74,3
mesa,23,9078909957676491917,75,2
mesa,23,9078909957676491917,76,2
mesa,23,9078909957676491917,77,2
mesa,23,9078909957676491917,78,2
mesa,23,9078909957676491917,79,4
mesa,23,9078909957676491917,80,3
mesa,23,9078909957676491917,81,2
mesa,23,9078909957676491917,82,2
mesa,23,9078909957676491917,83,2
mesa,23,9078909957676491917,84,2
mesa,23,9078909957676491917,85,2
mesa,23,9078909957676491917,86,2
mesa,23,9078909957676491917,87,2
mesa,23,9078909957676491917,88,2
mesa,23,9078909957676491917,89,2
mesa,23,9078909957676491917,90,3
mesa,23,9078909957676491917,91,2
mesa,23,9078909957676491917,92,2
mesa,23,9078909957676491917,93,2
mesa,23,9078909957676491917,94,2
mesa,23,9078909957676491917,95,2
mesa,23,9078909957676491917,96,2
mesa,23,9078909957676491917,97,2
mesa,23,9078909957676491917,98,2
mesa,23,9078909957676491917,99,2
mesa,23,9078909957676491917,100,2
mesa,23,9078909957676491917,101,2
mesa,23,9078909957676491917,102,3
mesa,23,9078909957676491917,103,2
mesa,23,9078909957676491917,104,3
mesa,23,9078909957676491917,105,2
mesa,23,9078909957676491917,106,2
mesa,23,9078909957676491917,107,2
mesa,23,9078909957676491917,108,2
mesa,23,9078909957676491917,109,2
mesa,23,9078909957676491917,110,2
mesa,23,9078909957676491917,111,2
mesa,23,9078909957676491917,112,2
mesa,23,9078909957676491917,113,2
mesa,23,9078909957676491917,114,2
mesa,23,9078909957676491917,115,5
mesa,23,9078909957676491917,116,3
mesa,23,9078909957676491917,117,2
mesa,23,9078909957676491917,118,2
mesa,23,9078909957676491917,119,3
mesa,23,9078909957676491917,120,2
mesa,23,9078909957676491917,121,3
mesa,23,9078909957676491917,122,2
mesa,24,8598463949376142235,1,2
mesa,24,8598463949376142235,2,2
mesa,24,8598463949376142235,3,2
mesa,24,8598463949376142235,4,2
mesa,24,8598463949376142235,5,2
mesa,24,8598463949376142235,6,2
mesa,24,8598463949376142235,7,2
mesa,24,8598463949376142235,8,3
mesa,24,8598463949376142235,9,2
mesa,24,8598463949376142235,10,2
mesa,24,8598463949376142235,11,2
mesa,24,8598463949376142235,12,3
mesa,24,8598463949376142235,13,2
mesa,24,8598463949376142235,14,2
mesa,24,8598463949376142235,15,2
mesa,24,8598463949376142235,16,2
mesa,24,8598463949376142235,17,2
mesa,24,8598463949376142235,18,2
mesa,24,8598463949376142235,19,2
mesa,24,8598463949376142235,20,3
mesa,24,8598463949376142235,21,2
mesa,24,8598463949376142235,22,2
mesa,24,8598463949376142235,23,4
mesa,24,8598463949376142235,24,2
mesa,24,8598463949376142235,25,3
mesa,24,8598463949376142235,26,2
mesa,24,8598463949376142235,27,2
mesa,24,8598463949376142235,28,2
mesa,24,8598463949376142235,29,2
mesa,24,8598463949376142235,30,2
mesa,24,8598463949376142235,31,2
mesa,24,8598463949376142235,32,2
mesa,24,8598463949376142235,33,5
mesa,24,8598463949376142235,34,2
mesa,24,8598463949376142235,35,2
mesa,24,8598463949376142235,36,2
mesa,24,8598463949376142235,37,6
mesa,24,8598463949376142235,38,2
mesa,24,8598463949376142235,39,2
mesa,24,8598463949376142235,40,2
mesa,24,8598463949376142235,41,2
mesa,24,8598463949376142235,42,2
mesa,24,8598463949376142235,43,2
mesa,24,8598463949376142235,44,2
mesa,24,8598463949376142235,45,2
mesa,24,8598463949376142235,46,2
mesa,24,8598463949376142235,47,2
mesa,24,8598463949376142235,48,3
mesa,24,8598463949376142235,49,2
mesa,24,8598463949376142235,50,2
mesa,24,8598463949376142235,51,2
mesa,24,8598463949376142235,52,2
mesa,24,8598463949376142235,53,2
mesa,24,8598463949376142235,54,2
mesa,24,8598463949376142235,55,2
mesa,24,8598463949376142235,56,4
mesa,24,8598463949376142235,57,2
mesa,24,8598463949376142235,58,2
mesa,24,8598463949376142235,59,2
mesa,24,8598463949376142235,60,2
mesa,24,8598463949376142235,61,6
mesa,24,8598463949376142235,62,3
mesa,24,8598463949376142235,63,2
mesa,24,8598463949376142235,64,2
mesa,24,8598463949376142235,65,2
mesa,24,8598463949376142235,66,2
mesa,24,8598463949376142235,67,4
mesa,24,8598463949376142235,68,2
mesa,24,8598463949376142235,69,2
mesa,24,8598463949376142235,70,2
mesa,24,8598463949376142235,71,2
mesa,24,8598463949376142235,72,2
mesa,24,8598463949376142235,73,2
mesa,24,8598463949376142235,74,2
mesa,24,8598463949376142235,75,3
mesa,24,8598463949376142235,76,2
mesa,24,8598463949376142235,77,2
mesa,24,8598463949376142235,78,2
mesa,24,8598463949376142235,79,2
mesa,24,8598463949376142235,80,2
mesa,24,8598463949376142235,81,2
mesa,24,8598463949376142235,82,2
mesa,24,8598463949376142235,83,2
mesa,24,8598463949376142235,84,3
mesa,24,8598463949376142235,85,2
mesa,24,8598463949376142235,86,3
mesa,24,8598463949376142235,87,2
mesa,24,8598463949376142235,88,2
mesa,24,8598463949376142235,89,2
mesa,24,8598463949376142235,90,2
mesa,24,8598463949376142235,91,3
mesa,24,8598463949376142235,92,3
mesa,24,8598463949376142235,93,2
mesa,24,8598463949376142235,94,2
mesa,24,8598463949376142235,95,2
mesa,24,8598463949376142235,96,2
mesa,24,8598463949376142235,97,2
mesa,24,8598463949376142235,98,2
mesa,24,8598463949376142235,99,2
mesa,24,8598463949376142235,100,2
mesa,24,8598463949376142235,101,2
mesa,24,8598463949376142235,102,2
mesa,24,8598463949376142235,103,2
mesa,24,8598463949376142235,104,2
mesa,24,8598463949376142235,105,2
mesa,24,8598463949376142235,106,3
mesa,24,8598463949376142235,107,2
mesa,24,8598463949376142235,108,2
mesa,24,8598463949376142235,109,2
mesa,24,8598463949376142235,110,2
mesa,24,8598463949376142235,111,2
mesa,24,8598463949376142235,112,3
mesa,24,8598463949376142235,113,2
mesa,24,8598463949376142235,114,3
mesa,24,8598463949376142235,115,2
mesa,24,8598463949376142235,116,2
mesa,24,8598463949376142235,117,2
mesa,24,8598463949376142235,118,2
mesa,24,8598463949376142235,119,2
mesa,24,8598463949376142235,120,4
mesa,24,8598463949376142235,121,2
mesa,24,8598463949376142235,122,2
mesa,25,3518244239738277620,1,2
mesa,25,3518244239738277620,2,2
mesa,25,3518244239738277620,3,2
mesa,25,3518244239738277620,4,2
mesa,25,3518244239738277620,5,2
mesa,25,3518244239738277620,6,2
mesa,25,3518244239738277620,7,2
mesa,25,3518244239738277620,8,2
mesa,25,3518244239738277620,9,2
mesa,25,3518244239738277620,10,2
mesa,25,3518244239738277620,11,2
mesa,25,3518244239738277620,12,2
mesa,25,3518244239738277620,13,2
mesa,25,3518244239738277620,14,2
mesa,25,3518244239738277620,15,2
mesa,25,3518244239738277620,16,2
mesa,25,3518244239738277620,17,2
mesa,25,3518244239738277620,18,2
mesa,25,3518244239738277620,19,2
mesa,25,3518244239738277620,20,2
mesa,25,3518244239738277620,21,2
mesa,25,3518244239738277620,22,2
mesa,25,3518244239738277620,23,2
mesa,25,3518244239738277620,24,2
mesa,25,3518244239738277620,25,3
mesa,25,3518244239738277620,26,2
mesa,25,3518244239738277620,27,2
mesa,25,3518244239738277620,28,3
mesa,25,3518244239738277620,29,2
mesa,25,3518244239738277620,30,2
mesa,25,3518244239738277620,31,2
mesa,25,3518244239738277620,32,2
mesa,25,3518244239738277620,33,2
mesa,25,3518244239738277620,34,2
mesa,25,3518244239738277620,35,2
mesa,25,3518244239738277620,36,2
mesa,25,3518244239738277620,37,2
mesa,25,3518244239738277620,38,16
mesa,25,3518244239738277620,39,2
mesa,25,3518244239738277620,40,2
mesa,25,3518244239738277620,41,2
mesa,25,3518244239738277620,42,2
mesa,25,3518244239738277620,43,2
mesa,25,3518244239738277620,44,2
mesa,25,3518244239738277620,45,2
mesa,25,3518244239738277620,46,2
mesa,25,3518244239738277620,47,2
mesa,25,3518244239738277620,48,2
mesa,25,3518244239738277620,49,2
mesa,25,3518244239738277620,50,4
mesa,25,3518244239738277620,51,2
mesa,25,3518244239738277620,52,2
mesa,25,3518244239738277620,53,2
mesa,25,3518244239738277620,54,2
mesa,25,3518244239738277620,55,2
mesa,25,3518244239738277620,56,2
mesa,25,3518244239738277620,57,2
mesa,25,3518244239738277620,58,2
mesa,25,3518244239738277620,59,2
mesa,25,3518244239738277620,60,2
mesa,25,3518244239738277620,61,2
mesa,26,2395098970302324274,1,2
mesa,26,2395098970302324274,2,2
mesa,26,2395098970302324274,3,2
mesa,26,2395098970302324274,4,3
mesa,26,2395098970302324274,5,2
mesa,26,2395098970302324274,6,2
mesa,26,2395098970302324274,7,2
mesa,26,2395098970302324274,8,2
mesa,26,2395098970302324274,9,4
mesa,26,2395098970302324274,10,3
mesa,26,2395098970302324274,11,3
mesa,26,2395098970302324274,12,2
mesa,26,2395098970302324274,13,2
mesa,26,2395098970302324274,14,2
mesa,26,2395098970302324274,15,2
mesa,26,2395098970302324274,16,2
mesa,26,2395098970302324274,17,2
mesa,26,2395098970302324274,18,2
mesa,26,2395098970302324274,19,2
mesa,26,2395098970302324274,20,4
mesa,26,2395098970302324274,21,2
mesa,26,2395098970302324274,22,2
mesa,26,2395098970302324274,23,2
mesa,26,2395098970302324274,24,2
mesa,26,2395098970302324274,25,4
mesa,26,2395098970302324274,26,2
mesa,26,2395098970302324274,27,2
mesa,26,2395098970302324274,28,2
mesa,26,2395098970302324274,29,2
mesa,26,2395098970302324274,30,2
mesa,26,2395098970302324274,31,2
mesa,26,2395098970302324274,32,3
mesa,26,2395098970302324274,33,2
mesa,26,2395098970302324274,34,2
mesa,26,2395098970302324274,35,2
mesa,26,2395098970302324274,36,2
mesa,26,2395098970302324274,37,2
mesa,26,2395098970302324274,38,2
mesa,26,2395098970302324274,39,5
mesa,26,2395098970302324274,40,2
mesa,26,2395098970302324274,41,3
mesa,26,2395098970302324274,42,2
mesa,26,2395098970302324274,43,2
mesa,26,2395098970302324274,44,2
mesa,26,2395098970302324274,45,2
mesa,26,2395098970302324274,46,3
mesa,26,2395098970302324274,47,2
mesa,26,2395098970302324274,48,2
mesa,26,2395098970302324274,49,2
mesa,26,2395098970302324274,50,2
mesa,26,2395098970302324274,51,2
mesa,26,2395098970302324274,52,5
mesa,26,2395098970302324274,53,2
mesa,26,2395098970302324274,54,2
mesa,26,2395098970302324274,55,2
mesa,26,2395098970302324274,56,2
mesa,26,2395098970302324274,57,5
mesa,26,2395098970302324274,58,2
mesa,26,2395098970302324274,59,3
mesa,26,2395098970302324274,60,2
mesa,26,2395098970302324274,61,2
mesa,26,2395098970302324274,62,3
mesa,26,2395098970302324274,63,2
mesa,26,2395098970302324274,64,2
mesa,26,2395098970302324274,65,2
mesa,26,2395098970302324274,66,2
mesa,26,2395098970302324274,67,2
mesa,26,2395098970302324274,68,2
mesa,26,2395098970302324274,69,2
mesa,26,2395098970302324274,70,2
mesa,26,2395098970302324274,71,2
mesa,26,2395098970302324274,72,3
mesa,26,2395098970302324274,73,2
mesa,26,2395098970302324274,74,2
mesa,26,2395098970302324274,75,2
mesa,26,2395098970302324274,76,2
mesa,26,2395098970302324274,77,3
mesa,26,2395098970302324274,78,2
mesa,26,2395098970302324274,79,2
mesa,26,2395098970302324274,80,6
mesa,26,2395098970302324274,81,2
mesa,26,2395098970302324274,82,3
mesa,26,2395098970302324274,83,2
mesa,26,2395098970302324274,84,2
mesa,26,2395098970302324274,85,2
mesa,26,2395098970302324274,86,3
mesa,26,2395098970302324274,87,2
mesa,26,2395098970302324274,88,3
mesa,26,2395098970302324274,89,2
mesa,26,2395098970302324274,90,3
mesa,26,2395098970302324274,91,2
mesa,26,2395098970302324274,92,2
mesa,26,2395098970302324274,93,3
mesa,26,2395098970302324274,94,2
mesa,26,2395098970302324274,95,2
mesa,26,2395098970302324274,96,2
mesa,26,2395098970302324274,97,2
mesa,26,2395098970302324274,98,2
mesa,26,2395098970302324274,99,2
mesa,26,2395098970302324274,100,6
mesa,26,2395098970302324274,101,3
mesa,26,2395098970302324274,102,2
mesa,26,2395098970302324274,103,2
mesa,26,2395098970302324274,104,2
mesa,26,2395098970302324274,105,2
mesa,26,2395098970302324274,106,2
mesa,26,2395098970302324274,107,2
mesa,26,2395098970302324274,108,2
mesa,26,2395098970302324274,109,2
mesa,26,2395098970302324274,110,2
mesa,26,2395098970302324274,111,2
mesa,26,2395098970302324274,112,2
mesa,26,2395098970302324274,113,2
mesa,26,2395098970302324274,114,2
mesa,26,2395098970302324274,115,2
mesa,26,2395098970302324274,116,2
mesa,26,2395098970302324274,117,2
mesa,26,2395098970302324274,118,2
mesa,26,2395098970302324274,119,2
mesa,26,2395098970302324274,120,2
mesa,26,2395098970302324274,121,2
mesa,26,2395098970302324274,122,2
mesa,26,2395098970302324274,123,2
mesa,26,2395098970302324274,124,2
mesa,26,2395098970302324274,125,2
mesa,26,2395098970302324274,126,2
mesa,26,2395098970302324274,127,2
mesa,26,2395098970302324274,128,2
mesa,26,2395098970302324274,129,2
mesa,26,2395098970302324274,130,3
mesa,26,2395098970302324274,131,3
mesa,26,2395098970302324274,132,2
mesa,26,2395098970302324274,133,2
mesa,26,2395098970302324274,134,2
mesa,26,2395098970302324274,135,2
mesa,26,2395098970302324274,136,2
mesa,26,2395098970302324274,137,2
mesa,26,2395098970302324274,138,3
mesa,26,2395098970302324274,139,2
mesa,26,2395098970302324274,140,2
mesa,26,2395098970302324274,141,2
mesa,26,2395098970302324274,142,2
mesa,26,2395098970302324274,143,2
mesa,26,2395098970302324274,144,2
mesa,26,2395098970302324274,145,2
mesa,27,8248253095957417848,1,2
mesa,27,8248253095957417848,2,3
mesa,27,8248253095957417848,3,2
mesa,27,8248253095957417848,4,2
mesa,27,8248253095957417848,5,2
mesa,27,8248253095957417848,6,2
mesa,27,8248253095957417848,7,2
mesa,27,8248253095957417848,8,2
mesa,27,8248253095957417848,9,2
mesa,27,8248253095957417848,10,2
mesa,27,8248253095957417848,11,2
mesa,27,8248253095957417848,12,2
mesa,27,8248253095957417848,13,2
mesa,27,8248253095957417848,14,2
mesa,27,8248253095957417848,15,2
mesa,27,8248253095957417848,16,2
mesa,27,8248253095957417848,17,2
mesa,27,8248253095957417848,18,2
mesa,27,8248253095957417848,19,2
mesa,27,8248253095957417848,20,2
mesa,27,8248253095957417848,21,2
mesa,27,8248253095957417848,22,2
mesa,27,8248253095957417848,23,2
mesa,27,8248253095957417848,24,2
mesa,27,8248253095957417848,25,2
mesa,27,8248253095957417848,26,2
mesa,27,8248253095957417848,27,2
mesa,27,8248253095957417848,28,2
mesa,27,8248253095957417848,29,2
mesa,27,8248253095957417848,30,2
mesa,27,8248253095957417848,31,2
mesa,27,8248253095957417848,32,2
mesa,27,8248253095957417848,33,2
mesa,27,8248253095957417848,34,2
mesa,27,8248253095957417848,35,2
mesa,27,8248253095957417848,36,2
mesa,27,8248253095957417848,37,2
mesa,27,8248253095957417848,38,4
mesa,27,8248253095957417848,39,2
mesa,27,8248253095957417848,40,2
mesa,27,8248253095957417848,41,2
mesa,27,8248253095957417848,42,2
mesa,27,8248253095957417848,43,2
mesa,27,8248253095957417848,44,2
mesa,27,8248253095957417848,45,2
mesa,27,8248253095957417848,46,2
mesa,27,8248253095957417848,47,2
mesa,27,8248253095957417848,48,2
mesa,27,8248253095957417848,49,2
mesa,27,8248253095957417848,50,2
mesa,27,8248253095957417848,51,2
mesa,27,8248253095957417848,52,2
mesa,27,8248253095957417848,53,2
mesa,27,8248253095957417848,54,2
mesa,27,8248253095957417848,55,2
mesa,27,8248253095957417848,56,2
mesa,27,8248253095957417848,57,2
mesa,27,8248253095957417848,58,2
mesa,27,8248253095957417848,59,2
mesa,27,8248253095957417848,60,2
mesa,27,8248253095957417848,61,2
mesa,27,8248253095957417848,62,2
mesa,27,8248253095957417848,63,2
mesa,27,8248253095957417848,64,2
mesa,27,8248253095957417848,65,3
mesa,27,8248253095957417848,66,2
mesa,27,8248253095957417848,67,3
mesa,27,8248253095957417848,68,2
mesa,27,8248253095957417848,69,2
mesa,27,8248253095957417848,70,2
mesa,27,8248253095957417848,71,2
mesa,27,8248253095957417848,72,2
mesa,27,8248253095957417848,73,2
mesa,27,8248253095957417848,74,2
mesa,27,8248253095957417848,75,2
mesa,27,8248253095957417848,76,2
mesa,27,8248253095957417848,77,2
mesa,27,8248253095957417848,78,2
mesa,27,8248253095957417848,79,2
mesa,27,8248253095957417848,80,2
mesa,27,8248253095957417848,81,2
mesa,27,8248253095957417848,82,5
mesa,27,8248253095957417848,83,2
mesa,27,8248253095957417848,84,2
mesa,27,8248253095957417848,85,3
mesa,27,8248253095957417848,86,2
mesa,27,8248253095957417848,87,2
mesa,27,8248253095957417848,88,2
mesa,27,8248253095957417848,89,2
mesa,27,8248253095957417848,90,2
mesa,27,8248253095957417848,91,2
mesa,27,8248253095957417848,92,2
mesa,27,8248253095957417848,93,2
mesa,27,8248253095957417848,94,2
mesa,27,8248253095957417848,95,3
mesa,27,8248253095957417848,96,2
mesa,27,8248253095957417848,97,2
mesa,27,8248253095957417848,98,2
mesa,27,8248253095957417848,99,3
mesa,27,8248253095957417848,100,2
mesa,28,2525409785526286404,1,2
mesa,28,2525409785526286404,2,2
mesa,28,2525409785526286404,3,2
mesa,28,2525409785526286404,4,2
mesa,28,2525409785526286404,5,2
mesa,28,2525409785526286404,6,2
mesa,28,2525409785526286404,7,3
mesa,28,2525409785526286404,8,3
mesa,28,2525409785526286404,9,2
mesa,28,2525409785526286404,10,2
mesa,28,2525409785526286404,11,2
mesa,28,2525409785526286404,12,3
mesa,28,2525409785526286404,13,2
mesa,28,2525409785526286404,14,2
mesa,28,2525409785526286404,15,2
mesa,28,2525409785526286404,16,2
mesa,28,2525409785526286404,17,2
mesa,28,2525409785526286404,18,2
mesa,28,2525409785526286404,19,2
mesa,28,2525409785526286404,20,2
mesa,28,2525409785526286404,21,2
mesa,28,2525409785526286404,22,2
mesa,28,2525409785526286404,23,3
mesa,28,2525409785526286404,24,2
mesa,28,2525409785526286404,25,2
mesa,28,2525409785526286404,26,3
mesa,28,2525409785526286404,27,2
mesa,28,2525409785526286404,28,2
mesa,28,2525409785526286404,29,2
mesa,28,2525409785526286404,30,2
mesa,28,2525409785526286404,31,2
mesa,28,2525409785526286404,32,3
mesa,28,2525409785526286404,33,2
mesa,28,2525409785526286404,34,2
mesa,28,2525409785526286404,35,2
mesa,28,2525409785526286404,36,2
mesa,28,2525409785526286404,37,2
mesa,28,2525409785526286404,38,2
mesa,28,2525409785526286404,39,2
mesa,28,2525409785526286404,40,2
mesa,28,2525409785526286404,41,2
mesa,28,2525409785526286404,42,2
mesa,28,2525409785526286404,43,2
mesa,28,2525409785526286404,44,2
mesa,28,2525409785526286404,45,2
mesa,28,2525409785526286404,46,2
mesa,28,2525409785526286404,47,2
mesa,28,2525409785526286404,48,2
mesa,28,2525409785526286404,49,3
mesa,28,2525409785526286404,50,2
mesa,28,2525409785526286404,51,2
mesa,28,2525409785526286404,52,2
mesa,28,2525409785526286404,53,2
mesa,28,2525409785526286404,54,2
mesa,28,2525409785526286404,55,2
mesa,28,2525409785526286404,56,2
mesa,28,2525409785526286404,57,2
mesa,28,2525409785526286404,58,2
mesa,28,2525409785526286404,59,2
mesa,28,2525409785526286404,60,2
mesa,28,2525409785526286404,61,3
mesa,28,2525409785526286404,62,4
mesa,28,2525409785526286404,63,3
mesa,28,2525409785526286404,64,12
mesa,28,2525409785526286404,65,4
mesa,28,2525409785526286404,66,2
mesa,28,2525409785526286404,67,2
mesa,28,2525409785526286404,68,2
mesa,28,2525409785526286404,69,2
mesa,28,2525409785526286404,70,2
mesa,28,2525409785526286404,71,2
mesa,28,2525409785526286404,72,3
mesa,28,2525409785526286404,73,2
mesa,28,2525409785526286404,74,8
mesa,28,2525409785526286404,75,2
mesa,28,2525409785526286404,76,3
mesa,28,2525409785526286404,77,3
mesa,28,2525409785526286404,78,2
mesa,28,2525409785526286404,79,2
mesa,28,2525409785526286404,80,2
mesa,28,2525409785526286404,81,3
mesa,28,2525409785526286404,82,2
mesa,28,2525409785526286404,83,2
mesa,28,2525409785526286404,84,5
mesa,28,2525409785526286404,85,3
mesa,28,2525409785526286404,86,2
mesa,28,2525409785526286404,87,5
mesa,28,2525409785526286404,88,5
mesa,28,2525409785526286404,89,2
mesa,28,2525409785526286404,90,2
mesa,28,2525409785526286404,91,2
mesa,28,2525409785526286404,92,2
mesa,28,2525409785526286404,93,2
mesa,28,2525409785526286404,94,2
mesa,28,2525409785526286404,95,4
mesa,28,2525409785526286404,96,3
mesa,28,2525409785526286404,97,2
mesa,28,2525409785526286404,98,3
mesa,28,2525409785526286404,99,2
mesa,28,2525409785526286404,100,2
mesa,28,2525409785526286404,101,2
mesa,28,2525409785526286404,102,2
mesa,28,2525409785526286404,103,2
mesa,28,2525409785526286404,104,4
mesa,28,2525409785526286404,105,2
mesa,28,2525409785526286404,106,3
mesa,28,2525409785526286404,107,3
mesa,28,2525409785526286404,108,2
mesa,28,2525409785526286404,109,2
mesa,28,2525409785526286404,110,2
mesa,28,2525409785526286404,111,2
mesa,28,2525409785526286404,112,5
mesa,28,2525409785526286404,113,2
mesa,28,2525409785526286404,114,2
mesa,28,2525409785526286404,115,3
mesa,28,2525409785526286404,116,2
mesa,28,2525409785526286404,117,2
mesa,28,2525409785526286404,118,2
mesa,28,2525409785526286404,119,2
mesa,28,2525409785526286404,120,2
mesa,28,2525409785526286404,121,2
mesa,28,2525409785526286404,122,2
mesa,28,2525409785526286404,123,2
mesa,28,2525409785526286404,124,2
mesa,28,2525409785526286404,125,3
mesa,28,2525409785526286404,126,2
mesa,28,2525409785526286404,127,2
mesa,28,2525409785526286404,128,2
mesa,28,2525409785526286404,129,2
mesa,28,2525409785526286404,130,2
mesa,28,2525409785526286404,131,2
mesa,28,2525409785526286404,132,2
mesa,28,2525409785526286404,133,2
mesa,29,1493860678497262181,1,2
mesa,29,1493860678497262181,2,2
mesa,29,1493860678497262181,3,2
mesa,29,1493860678497262181,4,2
mesa,29,1493860678497262181,5,3
mesa,29,1493860678497262181,6,2
mesa,29,1493860678497262181,7,2
mesa,29,1493860678497262181,8,2
mesa,29,1493860678497262181,9,2
mesa,29,1493860678497262181,10,2
mesa,29,1493860678497262181,11,2
mesa,29,1493860678497262181,12,2
mesa,29,1493860678497262181,13,2
mesa,29,1493860678497262181,14,2
mesa,29,1493860678497262181,15,2
mesa,29,1493860678497262181,16,2
mesa,29,1493860678497262181,17,2
mesa,29,1493860678497262181,18,2
mesa,29,1493860678497262181,19,2
mesa,29,1493860678497262181,20,2
mesa,29,1493860678497262181,21,2
mesa,29,1493860678497262181,22,2
mesa,29,1493860678497262181,23,2
mesa,29,1493860678497262181,24,2
mesa,29,1493860678497262181,25,2
mesa,29,1493860678497262181,26,2
mesa,29,1493860678497262181,27,2
mesa,29,1493860678497262181,28,2
mesa,29,1493860678497262181,29,2
mesa,29,1493860678497262181,30,2
mesa,29,1493860678497262181,31,2
mesa,29,1493860678497262181,32,2
mesa,29,1493860678497262181,33,2
mesa,29,1493860678497262181,34,2
mesa,29,1493860678497262181,35,3
mesa,29,1493860678497262181,36,3
mesa,29,1493860678497262181,37,2
mesa,29,1493860678497262181,38,2
mesa,29,1493860678497262181,39,3
mesa,29,1493860678497262181,40,3
mesa,29,1493860678497262181,41,4
mesa,29,1493860678497262181,42,2
mesa,29,1493860678497262181,43,2
mesa,29,1493860678497262181,44,2
mesa,29,1493860678497262181,45,2
mesa,29,1493860678497262181,46,2
mesa,29,1493860678497262181,47,2
mesa,29,1493860678497262181,48,2
mesa,29,1493860678497262181,49,3
mesa,29,1493860678497262181,50,2
mesa,29,1493860678497262181,51,2
mesa,29,1493860678497262181,52,3
mesa,29,1493860678497262181,53,2
mesa,29,1493860678497262181,54,3
mesa,29,1493860678497262181,55,2
mesa,29,1493860678497262181,56,2
mesa,29,1493860678497262181,57,4
mesa,29,1493860678497262181,58,2
mesa,29,1493860678497262181,59,2
mesa,29,1493860678497262181,60,2
mesa,29,1493860678497262181,61,2
mesa,29,1493860678497262181,62,2
mesa,29,1493860678497262181,63,2
mesa,29,1493860678497262181,64,2
mesa,29,1493860678497262181,65,3
mesa,29,1493860678497262181,66,2
mesa,29,1493860678497262181,67,2
mesa,29,1493860678497262181,68,2
mesa,29,1493860678497262181,69,14
mesa,29,1493860678497262181,70,2
mesa,29,1493860678497262181,71,2
mesa,29,1493860678497262181,72,2
mesa,29,1493860678497262181,73,2
mesa,29,1493860678497262181,74,2
mesa,29,1493860678497262181,75,2
mesa,29,1493860678497262181,76,4
mesa,29,1493860678497262181,77,4
mesa,29,1493860678497262181,78,2
mesa,29,1493860678497262181,79,6
mesa,29,1493860678497262181,80,2
mesa,29,1493860678497262181,81,2
mesa,29,1493860678497262181,82,3
mesa,29,1493860678497262181,83,2
mesa,29,1493860678497262181,84,2
mesa,29,1493860678497262181,85,2
mesa,29,1493860678497262181,86,2
mesa,29,1493860678497262181,87,2
mesa,29,1493860678497262181,88,3
mesa,29,1493860678497262181,89,2
mesa,29,1493860678497262181,90,2
mesa,29,1493860678497262181,91,2
mesa,29,1493860678497262181,92,2
mesa,29,1493860678497262181,93,2
mesa,29,1493860678497262181,94,2
mesa,29,1493860678497262181,95,2
mesa,29,1493860678497262181,96,2
mesa,29,1493860678497262181,97,2
mesa,29,1493860678497262181,98,2
mesa,29,1493860678497262181,99,2
mesa,29,1493860678497262181,100,2
mesa,29,1493860678497262181,101,2
mesa,29,1493860678497262181,102,2
mesa,29,1493860678497262181,103,2
mesa,29,1493860678497262181,104,2
mesa,29,1493860678497262181,105,3
mesa,29,1493860678497262181,106,2
mesa,29,1493860678497262181,107,2
mesa,29,1493860678497262181,108,2
mesa,29,1493860678497262181,109,2
mesa,29,1493860678497262181,110,2
mesa,29,1493860678497262181,111,2
mesa,29,1493860678497262181,112,2
mesa,29,1493860678497262181,113,2
mesa,29,1493860678497262181,114,2
mesa,29,1493860678497262181,115,2
mesa,29,1493860678497262181,116,2
mesa,29,1493860678497262181,117,2
mesa,29,1493860678497262181,118,2
mesa,29,1493860678497262181,119,2
mesa,29,1493860678497262181,120,2
mesa,29,1493860678497262181,121,2
mesa,29,1493860678497262181,122,2
mesa,29,1493860678497262181,123,3
mesa,29,1493860678497262181,124,2
mesa,29,1493860678497262181,125,3
mesa,29,1493860678497262181,126,3
mesa,29,1493860678497262181,127,2
mesa,29,1493860678497262181,128,2
mesa,29,1493860678497262181,129,2
mesa,29,1493860678497262181,130,2
mesa,29,1493860678497262181,131,2
mesa,29,1493860678497262181,132,3
mesa,29,1493860678497262181,133,2
mesa,29,1493860678497262181,134,2
mesa,29,1493860678497262181,135,2
mesa,29,1493860678497262181,136,2
mesa,30,6206361787397998430,1,2
mesa,30,6206361787397998430,2,2
mesa,30,6206361787397998430,3,2
mesa,30,6206361787397998430,4,3
mesa,30,6206361787397998430,5,3
mesa,30,6206361787397998430,6,2
mesa,30,6206361787397998430,7,2
mesa,30,6206361787397998430,8,2
mesa,30,6206361787397998430,9,2
mesa,30,6206361787397998430,10,2
mesa,30,6206361787397998430,11,2
mesa,30,6206361787397998430,12,2
mesa,30,6206361787397998430,13,2
mesa,30,6206361787397998430,14,2
mesa,30,6206361787397998430,15,2
mesa,30,6206361787397998430,16,2
mesa,30,6206361787397998430,17,2
mesa,30,6206361787397998430,18,2
mesa,30,6206361787397998430,19,2
mesa,30,6206361787397998430,20,2
mesa,30,6206361787397998430,21,2
mesa,30,6206361787397998430,22,3
mesa,30,6206361787397998430,23,2
mesa,30,6206361787397998430,24,2
mesa,30,6206361787397998430,25,2
mesa,30,6206361787397998430,26,2
mesa,30,6206361787397998430,27,2
mesa,30,6206361787397998430,28,3
mesa,30,6206361787397998430,29,2
mesa,30,6206361787397998430,30,3
mesa,30,6206361787397998430,31,2
mesa,30,6206361787397998430,32,2
mesa,30,6206361787397998430,33,2
mesa,30,6206361787397998430,34,3
mesa,30,6206361787397998430,35,2
mesa,30,6206361787397998430,36,2
mesa,30,6206361787397998430,37,2
mesa,30,6206361787397998430,38,2
mesa,30,6206361787397998430,39,2
mesa,30,6206361787397998430,40,3
mesa,30,6206361787397998430,41,2
mesa,30,6206361787397998430,42,2
mesa,30,6206361787397998430,43,2
mesa,30,6206361787397998430,44,2
mesa,30,6206361787397998430,45,2
mesa,30,6206361787397998430,46,2
mesa,30,6206361787397998430,47,2
mesa,30,6206361787397998430,48,2
mesa,30,6206361787397998430,49,2
mesa,30,6206361787397998430,50,2
mesa,30,6206361787397998430,51,2
mesa,30,6206361787397998430,52,2
mesa,30,6206361787397998430,53,2
mesa,30,6206361787397998430,54,6
mesa,30,6206361787397998430,55,2
mesa,30,6206361787397998430,56,2
mesa,30,6206361787397998430,57,3
mesa,30,6206361787397998430,58,2
mesa,30,6206361787397998430,59,2
mesa,30,6206361787397998430,60,4
mesa,30,6206361787397998430,61,3
mesa,30,6206361787397998430,62,2
mesa,30,6206361787397998430,63,5
mesa,30,6206361787397998430,64,2
mesa,30,6206361787397998430,65,2
mesa,30,6206361787397998430,66,2
mesa,30,6206361787397998430,67,2
mesa,30,6206361787397998430,68,3
mesa,30,6206361787397998430,69,2
mesa,30,6206361787397998430,70,4
mesa,30,6206361787397998430,71,4
mesa,30,6206361787397998430,72,2
mesa,30,6206361787397998430,73,6
mesa,30,6206361787397998430,74,2
mesa,30,6206361787397998430,75,2
mesa,30,6206361787397998430,76,5
mesa,30,6206361787397998430,77,2
mesa,30,6206361787397998430,78,2
mesa,30,6206361787397998430,79,2
mesa,30,6206361787397998430,80,2
mesa,30,6206361787397998430,81,2
mesa,30,6206361787397998430,82,2
mesa,30,6206361787397998430,83,3
mesa,30,6206361787397998430,84,3
mesa,30,6206361787397998430,85,2
mesa,30,6206361787397998430,86,2
mesa,30,6206361787397998430,87,2
mesa,30,6206361787397998430,88,2
mesa,30,6206361787397998430,89,3
mesa,30,6206361787397998430,90,2
mesa,30,6206361787397998430,91,2
mesa,30,6206361787397998430,92,2
mesa,30,6206361787397998430,93,2
mesa,30,6206361787397998430,94,2
mesa,30,6206361787397998430,95,2
mesa,30,6206361787397998430,96,2
mesa,30,6206361787397998430,97,2
mesa,30,6206361787397998430,98,5
mesa,30,6206361787397998430,99,2
mesa,30,6206361787397998430,100,2
mesa,30,6206361787397998430,101,2
mesa,30,6206361787397998430,102,2
mesa,30,6206361787397998430,103,3
mesa,30,6206361787397998430,104,2
mesa,30,6206361787397998430,105,2
mesa,30,6206361787397998430,106,2
mesa,30,6206361787397998430,107,2
mesa,30,6206361787397998430,108,2
mesa,30,6206361787397998430,109,2
mesa,30,6206361787397998430,110,2
mesa,30,6206361787397998430,111,3
mesa,30,6206361787397998430,112,2
mesa,30,6206361787397998430,113,2
mesa,30,6206361787397998430,114,2
mesa,30,6206361787397998430,115,2
mesa,30,6206361787397998430,116,2
mesa,30,6206361787397998430,117,3
mesa,30,6206361787397998430,118,2
mesa,30,6206361787397998430,119,2
mesa,30,6206361787397998430,120,2
mesa,30,6206361787397998430,121,2
mesa,30,6206361787397998430,122,2
mesa,30,6206361787397998430,123,2
mesa,30,6206361787397998430,124,2
mesa,30,6206361787397998430,125,2
mesa,30,6206361787397998430,126,2
mesa,30,6206361787397998430,127,2
mesa,30,6206361787397998430,128,2
mesa,30,6206361787397998430,129,2
