"BehaviorSpace results (NetLogo 6.4.0)","Table version 2.0"
"references/csssa2026/Slumulation-master/OriginalModel/Slumulation_NetLogo6_1.nlogo"
"Typical Run 30 Rep Reference"
"07/03/2026 14:01:28:107 +0800"
"min-pxcor","max-pxcor","min-pycor","max-pycor"
"-25","25","-25","25"
"[run number]","staying-power","percent-inappropriate-land","informalityindex","percent-prime-land","initialcitylimit","popgrowthrate","SimulationRuntime","Politics","Develop","price-sensitivity","diffusion-rate","economicgrowthrate","initialinequality","[step]","slumpoppercent","centralslumpoppercent","peripheryslumpoppercent","num-slums","central-num-slums","peripheral-num-slums","slumareapercent","centralslumareapercent","peripheryslumareapercent","slum-density","central-slum-density","periphery-slum-density","red-density","blue-density","green-density","smallest-slum","largest-slum"
"1","0.3","10","0.7","10","9","3","50","true","true","0.1","0.03","2","10","0","0","0","0","0","0","0","0","0","0","0","0","0","1","1","1","0","0"
"1","0.3","10","0.7","10","9","3","50","true","true","0.1","0.03","2","10","1","0.03234501347708895","4.054054054054054","0","5","5","0","1.3736263736263736","1.7301038062283738","0","2.4","2.4","0","1.0710059171597632","1","1","2","2"
"1","0.3","10","0.7","10","9","3","50","true","true","0.1","0.03","2","10","2","0.0549738219895288","6.976744186046512","0","9","9","0","2.4324324324324325","3.1141868512110724","0","2.3333333333333335","2.3333333333333335","0","1.125748502994012","1","1","2","2"
"1","0.3","10","0.7","10","9","3","50","true","true","0.1","0.03","2","10","3","0.07888040712468193","10.231023102310232","0","14","14","0","3.7433155080213902","4.929577464788732","0","2.2142857142857144","2.2142857142857144","0","1.2","1","1","2","2"
"1","0.3","10","0.7","10","9","3","50","true","true","0.1","0.03","2","10","4","0.09158415841584158","11","3.8461538461538463","17","15","2","4.450261780104712","5.357142857142857","1.9607843137254901","2.176470588235294","2.2","2","1.2439024390243902","1","1","2","2"
"1","0.3","10","0.7","10","9","3","50","true","true","0.1","0.03","2","10","5","0.10817307692307693","13.311688311688311","3.7037037037037033","21","19","2","5.46875","6.83453237410072","1.8867924528301887","2.142857142857143","2.1578947368421053","2","1.3270440251572326","1.0071942446043165","1","2","2"
"1","0.3","10","0.7","10","9","3","50","true","true","0.1","0.03","2","10","6","0.1308411214953271","16.40378548895899","3.6036036036036037","26","24","2","6.7885117493472595","8.75912408759124","1.834862385321101","2.1538461538461537","2.1666666666666665","2","1.4666666666666666","1.0071942446043165","1","2","2"
"1","0.3","10","0.7","10","9","3","50","true","true","0.1","0.03","2","10","7","0.1431818181818182","17.70186335403727","5.084745762711865","30","27","3","7.6923076923076925","9.818181818181818","2.608695652173913","2.1","2.111111111111111","2","1.5165562913907285","1.0144927536231885","1","2","2"
"1","0.3","10","0.7","10","9","3","50","true","true","0.1","0.03","2","10","8","0.141280353200883","17.62917933130699","4.838709677419355","31","28","3","7.8085642317380355","10.144927536231885","2.479338842975207","2.064516129032258","2.0714285714285716","2","1.5657894736842106","1.014388489208633","1","2","2"
"1","0.3","10","0.7","10","9","3","50","true","true","0.1","0.03","2","10","9","0.15879828326180256","20.178041543026705","4.651162790697675","36","33","3","8.955223880597014","11.956521739130435","2.380952380952381","2.0555555555555554","2.0606060606060606","2","1.6644295302013423","1.0070921985815602","1","2","2"
"1","0.3","10","0.7","10","9","3","50","true","true","0.1","0.03","2","10","10","0.17536534446764093","22.807017543859647","4.37956204379562","41","38","3","10.049019607843137","13.818181818181818","2.2556390977443606","2.048780487804878","2.0526315789473686","2","1.7671232876712328","1.0071428571428571","1","2","2"
"1","0.3","10","0.7","10","9","3","50","true","true","0.1","0.03","2","10","11","0.17849898580121704","23.42857142857143","4.195804195804196","43","40","3","10.361445783132531","14.492753623188406","2.158273381294964","2.046511627906977","2.05","2","1.804054054054054","1.013986013986014","1","2","2"
"1","0.3","10","0.7","10","9","3","50","true","true","0.1","0.03","2","10","12","0.1854043392504931","24.788732394366196","3.9473684210526314","46","43","3","10.849056603773585","15.523465703971121","2.0408163265306123","2.0434782608695654","2.046511627906977","2","1.8266666666666667","1.0347222222222223","1","2","2"
"1","0.3","10","0.7","10","9","3","50","true","true","0.1","0.03","2","10","13","0.19540229885057472","25.41436464088398","6.25","50","45","5","11.547344110854503","16.071428571428573","3.2679738562091507","2.04","2.0444444444444443","2","1.8866666666666667","1.0372670807453417","1","2","2"
"1","0.3","10","0.7","10","9","3","50","true","true","0.1","0.03","2","10","14","0.1973929236499069","25.753424657534246","6.976744186046512","52","46","6","11.76470588235294","16.48745519713262","3.6809815950920246","2.0384615384615383","2.0434782608695654","2","1.9025974025974026","1.0375","1.0263157894736843","2","2"
"1","0.3","10","0.7","10","9","3","50","true","true","0.1","0.03","2","10","15","0.18806509945750452","24.664879356568363","6.666666666666667","51","45","6","11.20879120879121","15.789473684210526","3.5294117647058822","2.0392156862745097","2.0444444444444443","2","1.8484848484848484","1.0506329113924051","1.025","2","2"
"1","0.3","10","0.7","10","9","3","50","true","true","0.1","0.03","2","10","16","0.2038664323374341","26.273458445040216","9.183673469387756","57","48","9","12.337662337662337","17.08185053380783","4.972375690607735","2.0350877192982457","2.0416666666666665","2","1.9268292682926829","1.0628930817610063","1.024390243902439","2","2"
"1","0.3","10","0.7","10","9","3","50","true","true","0.1","0.03","2","10","17","0.19965870307167236","26.052631578947366","8.737864077669903","58","49","9","12.26215644820296","17.375886524822697","4.712041884816754","2.0172413793103448","2.020408163265306","2","1.912280701754386","1.0683229813664596","1.0481927710843373","2","2"
"1","0.3","10","0.7","10","9","3","50","true","true","0.1","0.03","2","10","18","0.19402985074626866","26.052631578947366","8.071748878923767","58","49","9","11.90965092402464","17.437722419928825","4.368932038834951","2.0172413793103448","2.020408163265306","2","1.8839779005524862","1.075","1.0465116279069768","2","2"
"1","0.3","10","0.7","10","9","3","50","true","true","0.1","0.03","2","10","19","0.1996779388083736","26.439790575916227","9.623430962343097","61","50","11","12.273641851106639","17.793594306049823","5.092592592592593","2.0327868852459017","2.02","2.090909090909091","1.9230769230769231","1.0853658536585367","1.0449438202247192","2","2"
"1","0.3","10","0.7","10","9","3","50","true","true","0.1","0.03","2","10","20","0.19718309859154928","25.647668393782386","10.67193675889328","62","49","13","12.156862745098039","17.314487632508836","5.726872246696035","2.032258064516129","2.020408163265306","2.076923076923077","1.9206349206349207","1.084848484848485","1.043010752688172","2","2"
"1","0.3","10","0.7","10","9","3","50","true","true","0.1","0.03","2","10","21","0.1945288753799392","25.255102040816325","10.902255639097744","63","49","14","12.068965517241379","17.192982456140353","5.9071729957805905","2.0317460317460316","2.020408163265306","2.0714285714285716","1.9183673469387754","1.0828402366863905","1.053191489361702","2","2"
"1","0.3","10","0.7","10","9","3","50","true","true","0.1","0.03","2","10","22","0.1935007385524372","25.063291139240505","11.347517730496454","64","49","15","11.940298507462686","17.192982456140353","5.9760956175298805","2.046875","2.020408163265306","2.1333333333333333","1.9257425742574257","1.095808383233533","1.0396039603960396","2","2"
"1","0.3","10","0.7","10","9","3","50","true","true","0.1","0.03","2","10","23","0.19655667144906744","24.75","12.794612794612794","67","49","18","12.226277372262775","17.073170731707318","6.896551724137931","2.044776119402985","2.020408163265306","2.111111111111111","1.9514563106796117","1.1011904761904763","1.0377358490566038","2","2"
"1","0.3","10","0.7","10","9","3","50","true","true","0.1","0.03","2","10","24","0.1910739191073919","24.688279301745634","12.025316455696203","67","49","18","11.858407079646017","17.073170731707318","6.474820143884892","2.044776119402985","2.020408163265306","2.111111111111111","1.9174311926605505","1.0872093023255813","1.037037037037037","2","2"
"1","0.3","10","0.7","10","9","3","50","true","true","0.1","0.03","2","10","25","0.1910569105691057","24.189526184538654","13.056379821958458","69","48","21","11.89655172413793","16.72473867595819","7.167235494880546","2.0434782608695654","2.0208333333333335","2.0952380952380953","1.9327354260089686","1.0852272727272727","1.045045045045045","2","2"
"1","0.3","10","0.7","10","9","3","50","true","true","0.1","0.03","2","10","26","0.19342105263157894","23.891625615763548","14.124293785310735","72","48","24","12.121212121212121","16.666666666666664","7.8431372549019605","2.0416666666666665","2.0208333333333335","2.0833333333333335","1.9307359307359306","1.0965909090909092","1.0521739130434782","2","2"
"1","0.3","10","0.7","10","9","3","50","true","true","0.1","0.03","2","10","27","0.19309462915601022","23.774509803921568","14.43850267379679","74","48","26","12.171052631578947","16.783216783216783","8.074534161490684","2.0405405405405403","2.0208333333333335","2.076923076923077","1.9493670886075949","1.0971428571428572","1.0491803278688525","2","2"
"1","0.3","10","0.7","10","9","3","50","true","true","0.1","0.03","2","10","28","0.2","24.819277108433734","14.871794871794872","79","51","28","12.680577849117174","17.647058823529413","8.383233532934131","2.037974683544304","2.019607843137255","2.0714285714285716","1.9669421487603307","1.11864406779661","1.048","2","2"
"1","0.3","10","0.7","10","9","3","50","true","true","0.1","0.03","2","10","29","0.1942098914354644","24.396135265700483","14.457831325301203","79","50","29","12.305295950155763","17.36111111111111","8.192090395480225","2.037974683544304","2.02","2.0689655172413794","1.9330708661417322","1.1195652173913044","1.056","2","2"
"1","0.3","10","0.7","10","9","3","50","true","true","0.1","0.03","2","10","30","0.18405627198124266","23.600973236009732","13.574660633484163","77","48","29","11.561561561561561","16.666666666666664","7.671957671957672","2.038961038961039","2.0208333333333335","2.0689655172413794","1.8801498127340823","1.1237113402061856","1.0555555555555556","2","2"
"1","0.3","10","0.7","10","9","3","50","true","true","0.1","0.03","2","10","31","0.1765375854214123","23.114355231143552","12.84796573875803","76","47","29","11.06259097525473","16.26297577854671","7.2864321608040195","2.039473684210526","2.021276595744681","2.0689655172413794","1.8464285714285715","1.1155778894472361","1.0610687022900764","2","2"
"1","0.3","10","0.7","10","9","3","50","true","true","0.1","0.03","2","10","32","0.17146017699115043","23.284313725490197","12.096774193548388","76","47","29","10.659186535764375","16.319444444444446","6.8235294117647065","2.039473684210526","2.021276595744681","2.0689655172413794","1.7885906040268456","1.1159420289855073","1.0606060606060606","2","2"
"1","0.3","10","0.7","10","9","3","50","true","true","0.1","0.03","2","10","33","0.17185821697099893","22.524752475247524","13.092979127134724","77","45","32","10.490463215258854","15.6794425087108","7.158836689038031","2.0779220779220777","2.022222222222222","2.15625","1.779552715654952","1.1182266009852218","1.0575539568345325","2","2"
"1","0.3","10","0.7","10","9","3","50","true","true","0.1","0.03","2","10","34","0.1732776617954071","22.469135802469136","13.5623869801085","80","45","35","10.596026490066226","15.625","7.494646680942184","2.075","2.022222222222222","2.142857142857143","1.7746913580246915","1.1153846153846154","1.055944055944056","2","2"
"1","0.3","10","0.7","10","9","3","50","true","true","0.1","0.03","2","10","35","0.1744421906693712","22.413793103448278","13.96551724137931","83","45","38","10.682110682110682","15.570934256055363","7.786885245901639","2.072289156626506","2.022222222222222","2.1315789473684212","1.7603550295857988","1.1298076923076923","1.054054054054054","2","2"
"1","0.3","10","0.7","10","9","3","50","true","true","0.1","0.03","2","10","36","0.17536945812807883","21.588089330024815","14.869281045751634","86","43","43","10.669975186104217","14.878892733564014","8.317214700193423","2.0697674418604652","2.0232558139534884","2.116279069767442","1.7359550561797752","1.1291866028708133","1.0522875816993464","2","2"
"1","0.3","10","0.7","10","9","3","50","true","true","0.1","0.03","2","10","37","0.1799043062200957","21.144278606965177","16.018662519440124","91","42","49","10.95066185318893","14.53287197231834","9.040590405904059","2.065934065934066","2.0238095238095237","2.1020408163265305","1.7358490566037736","1.1207729468599035","1.049689440993789","2","2"
"1","0.3","10","0.7","10","9","3","50","true","true","0.1","0.03","2","10","38","0.18401486988847585","21.35678391959799","16.666666666666664","96","42","54","11.201866977829638","14.583333333333334","9.490333919156415","2.0625","2.0238095238095237","2.0925925925925926","1.711734693877551","1.1379310344827587","1.0481927710843373","2","2"
"1","0.3","10","0.7","10","9","3","50","true","true","0.1","0.03","2","10","39","0.18953068592057762","21.464646464646464","17.5561797752809","101","42","59","11.477272727272728","14.53287197231834","9.983079526226735","2.0792079207920793","2.0238095238095237","2.1186440677966103","1.7185185185185186","1.146341463414634","1.047337278106509","2","2"
"1","0.3","10","0.7","10","9","3","50","true","true","0.1","0.03","2","10","40","0.18229623137598597","20.10178117048346","17.245989304812834","100","39","61","10.964912280701753","13.541666666666666","9.775641025641026","2.08","2.0256410256410255","2.1147540983606556","1.6845794392523366","1.1421800947867298","1.0467836257309941","2","2"
"1","0.3","10","0.7","10","9","3","50","true","true","0.1","0.03","2","10","41","0.18468085106382978","20.10178117048346","17.647058823529413","104","39","65","11.052072263549416","13.494809688581316","9.969325153374232","2.0865384615384617","2.0256410256410255","2.123076923076923","1.670378619153675","1.1355140186915889","1.0459770114942528","2","2"
"1","0.3","10","0.7","10","9","3","50","true","true","0.1","0.03","2","10","42","0.1884297520661157","20.153061224489797","18.21515892420538","109","39","70","11.260330578512397","13.541666666666666","10.294117647058822","2.091743119266055","2.0256410256410255","2.1285714285714286","1.6702355460385439","1.1408450704225352","1.0446927374301676","2","2"
"1","0.3","10","0.7","10","9","3","50","true","true","0.1","0.03","2","10","43","0.18459069020866772","20.256410256410255","17.640186915887853","110","39","71","10.978043912175648","13.541666666666666","9.943977591036415","2.090909090909091","2.0256410256410255","2.1267605633802815","1.6303030303030304","1.1559633027522935","1.0446927374301676","2","2"
"1","0.3","10","0.7","10","9","3","50","true","true","0.1","0.03","2","10","44","0.18082618862042088","19.59287531806616","17.415730337078653","111","38","73","10.72463768115942","13.148788927335639","9.785522788203753","2.09009009009009","2.026315789473684","2.1232876712328768","1.6112185686653773","1.1689497716894977","1.043010752688172","2","2"
"1","0.3","10","0.7","10","9","3","50","true","true","0.1","0.03","2","10","45","0.19454958364875094","19.743589743589745","19.33404940923738","123","38","85","11.571025399811854","13.194444444444445","10.967741935483872","2.089430894308943","2.026315789473684","2.1176470588235294","1.6438095238095238","1.15695067264574","1.0416666666666667","2","2"
"1","0.3","10","0.7","10","9","3","50","true","true","0.1","0.03","2","10","46","0.1948529411764706","20.95959595959596","18.87966804979253","123","37","86","11.263736263736265","12.89198606271777","10.683229813664596","2.154471544715447","2.2432432432432434","2.116279069767442","1.6422018348623852","1.1341991341991342","1.0518134715025906","2","2"
"1","0.3","10","0.7","10","9","3","50","true","true","0.1","0.03","2","10","47","0.1992857142857143","20.20460358056266","19.821605550049554","127","35","92","11.319073083778965","12.280701754385964","10.991636798088411","2.1968503937007875","2.257142857142857","2.1739130434782608","1.6500888099467141","1.1304347826086956","1.0497512437810945","2","2"
"1","0.3","10","0.7","10","9","3","50","true","true","0.1","0.03","2","10","48","0.19833564493758668","20","19.770773638968482","129","35","94","11.139896373056994","12.152777777777777","10.804597701149426","2.2170542635658914","2.257142857142857","2.202127659574468","1.627318718381113","1.1353711790393013","1.0483091787439613","2","2"
"1","0.3","10","0.7","10","9","3","50","true","true","0.1","0.03","2","10","49","0.19797979797979798","19.59287531806616","19.871794871794872","132","34","98","11","11.805555555555555","10.74561403508772","2.227272727272727","2.264705882352941","2.2142857142857144","1.6129032258064515","1.1168831168831168","1.0509259259259258","2","2"
"1","0.3","10","0.7","10","9","3","50","true","true","0.1","0.03","2","10","50","0.20863309352517986","19.642857142857142","21.284080914687774","139","34","105","11.328443357783211","11.805555555555555","11.182108626198083","2.2949640287769784","2.264705882352941","2.3047619047619046","1.643312101910828","1.1134453781512605","1.0497737556561086","2","2"
"2","0.3","10","0.7","10","9","3","50","true","true","0.1","0.03","2","10","0","0","0","0","0","0","0","0","0","0","0","0","0","1","1","1","0","0"
"2","0.3","10","0.7","10","9","3","50","true","true","0.1","0.03","2","10","1","0.02425876010781671","3.061224489795918","0","4","4","0","1.092896174863388","1.384083044982699","0","2.25","2.25","0","1.052325581395349","1","1","2","2"
"2","0.3","10","0.7","10","9","3","50","true","true","0.1","0.03","2","10","2","0.04450261780104712","5.704697986577181","0","8","8","0","2.1447721179624666","2.768166089965398","0","2.125","2.125","0","1.1011904761904763","1","1","2","2"
"2","0.3","10","0.7","10","9","3","50","true","true","0.1","0.03","2","10","3","0.058524173027989825","7.666666666666666","0","11","11","0","2.9023746701846966","3.8461538461538463","0","2.090909090909091","2.090909090909091","0","1.1454545454545455","1.0080645161290323","1","2","2"
"2","0.3","10","0.7","10","9","3","50","true","true","0.1","0.03","2","10","4","0.08663366336633663","9.830508474576272","5.5045871559633035","17","14","3","4.450261780104712","5.072463768115942","2.8301886792452833","2.0588235294117645","2.0714285714285716","2","1.2468354430379747","1.0077519379844961","1","2","2"
"2","0.3","10","0.7","10","9","3","50","true","true","0.1","0.03","2","10","5","0.11778846153846154","13.131313131313133","8.403361344537815","23","18","5","6.036745406824147","6.741573033707865","4.385964912280701","2.130434782608696","2.1666666666666665","2","1.3945578231292517","1.0075757575757576","1","2","2"
"2","0.3","10","0.7","10","9","3","50","true","true","0.1","0.03","2","10","6","0.12850467289719625","14.65798045602606","8.264462809917356","26","21","5","6.770833333333333","7.835820895522389","4.310344827586207","2.1153846153846154","2.142857142857143","2","1.4825174825174825","1.0073529411764706","1","2","2"
"2","0.3","10","0.7","10","9","3","50","true","true","0.1","0.03","2","10","7","0.14545454545454545","16.507936507936506","9.6","31","25","6","8.051948051948052","9.363295880149813","5.084745762711865","2.064516129032258","2.08","2","1.625","1.0072463768115942","1","2","2"
"2","0.3","10","0.7","10","9","3","50","true","true","0.1","0.03","2","10","8","0.16335540838852097","18.902439024390244","9.6","36","30","6","9.254498714652955","11.07011070110701","5.084745762711865","2.0555555555555554","2.066666666666667","2","1.7674418604651163","1.0068027210884354","1","2","2"
"2","0.3","10","0.7","10","9","3","50","true","true","0.1","0.03","2","10","9","0.17167381974248927","20.8955223880597","7.633587786259542","39","34","5","9.873417721518987","12.546125461254611","4.032258064516129","2.051282051282051","2.0588235294117645","2","1.858267716535433","1.0136054421768708","1","2","2"
"2","0.3","10","0.7","10","9","3","50","true","true","0.1","0.03","2","10","10","0.17536534446764093","21.052631578947366","8.75912408759124","41","35","6","10.25","12.915129151291513","4.651162790697675","2.048780487804878","2.057142857142857","2","1.8992248062015504","1.0202702702702702","1.0121951219512195","2","2"
"2","0.3","10","0.7","10","9","3","50","true","true","0.1","0.03","2","10","11","0.19878296146044624","23.49570200573066","11.11111111111111","48","40","8","11.881188118811881","14.760147601476014","6.015037593984962","2.0416666666666665","2.05","2","2.073170731707317","1.0198675496688743","1.024390243902439","2","2"
"2","0.3","10","0.7","10","9","3","50","true","true","0.1","0.03","2","10","12","0.19723865877712032","23.333333333333332","10.884353741496598","49","41","8","11.98044009779951","14.909090909090908","5.970149253731343","2.0408163265306123","2.048780487804878","2","2.130081300813008","1.0394736842105263","1.0235294117647058","2","2"
"2","0.3","10","0.7","10","9","3","50","true","true","0.1","0.03","2","10","13","0.19540229885057472","23.243243243243246","10.526315789473683","50","42","8","12.048192771084338","15.217391304347828","5.755395683453238","2.04","2.0476190476190474","2","2.176","1.0526315789473684","1.0227272727272727","2","2"
"2","0.3","10","0.7","10","9","3","50","true","true","0.1","0.03","2","10","14","0.19366852886405958","22.811671087533156","11.25","51","42","9","12.142857142857142","15.328467153284672","6.164383561643835","2.0392156862745097","2.0476190476190474","2","2.2283464566929134","1.0662251655629138","1.0333333333333334","2","2"
"2","0.3","10","0.7","10","9","3","50","true","true","0.1","0.03","2","10","15","0.19168173598553345","22.5130890052356","11.695906432748536","52","42","10","12.121212121212121","15.384615384615385","6.41025641025641","2.0384615384615383","2.0476190476190474","2","2.234848484848485","1.06","1.0421052631578946","2","2"
"2","0.3","10","0.7","10","9","3","50","true","true","0.1","0.03","2","10","16","0.18629173989455183","21.59383033419023","12.222222222222221","52","41","11","11.738148984198645","14.642857142857144","6.748466257668712","2.0384615384615383","2.048780487804878","2","2.1702127659574466","1.0580645161290323","1.0421052631578946","2","2"
"2","0.3","10","0.7","10","9","3","50","true","true","0.1","0.03","2","10","17","0.19112627986348124","22.33502538071066","12.5","55","43","12","12.114537444933921","15.302491103202847","6.9364161849710975","2.036363636363636","2.046511627906977","2","2.179310344827586","1.0718954248366013","1.0495049504950495","2","2"
"2","0.3","10","0.7","10","9","3","50","true","true","0.1","0.03","2","10","18","0.1890547263681592","21.265822784810126","14.423076923076922","55","41","14","11.752136752136751","14.385964912280702","7.650273224043716","2.0727272727272728","2.048780487804878","2.142857142857143","2.1372549019607843","1.0774193548387097","1.058252427184466","2","2"
"2","0.3","10","0.7","10","9","3","50","true","true","0.1","0.03","2","10","19","0.18679549114331723","20.707070707070706","15.11111111111111","56","40","16","11.618257261410788","14.035087719298245","8.121827411167512","2.0714285714285716","2.05","2.125","2.0787878787878786","1.0714285714285714","1.0660377358490567","2","2"
"2","0.3","10","0.7","10","9","3","50","true","true","0.1","0.03","2","10","20","0.18153364632237873","20.603015075376884","14.107883817427386","56","40","16","11.359026369168356","14.035087719298245","7.6923076923076925","2.0714285714285716","2.05","2.125","2.0710059171597632","1.0869565217391304","1.0754716981132075","2","2"
"2","0.3","10","0.7","10","9","3","50","true","true","0.1","0.03","2","10","21","0.1762917933130699","20.448877805486283","13.229571984435799","56","40","16","11.08910891089109","14.035087719298245","7.2727272727272725","2.0714285714285716","2.05","2.125","2.0331491712707184","1.0886075949367089","1.0727272727272728","2","2"
"2","0.3","10","0.7","10","9","3","50","true","true","0.1","0.03","2","10","22","0.17725258493353027","20.588235294117645","13.382899628252787","58","41","17","11.175337186897881","14.186851211072666","7.391304347826087","2.0689655172413794","2.048780487804878","2.1176470588235294","2.0432432432432432","1.0925925925925926","1.0701754385964912","2","2"
"2","0.3","10","0.7","10","9","3","50","true","true","0.1","0.03","2","10","23","0.17790530846484937","19.656019656019655","15.172413793103448","60","39","21","11.25703564727955","13.541666666666666","8.571428571428571","2.066666666666667","2.051282051282051","2.0952380952380953","2.06282722513089","1.0914634146341464","1.0689655172413792","2","2"
"2","0.3","10","0.7","10","9","3","50","true","true","0.1","0.03","2","10","24","0.17294281729428174","19.607843137254903","14.239482200647249","60","39","21","10.909090909090908","13.494809688581316","8.045977011494253","2.066666666666667","2.051282051282051","2.0952380952380953","2.014851485148515","1.089820359281437","1.0666666666666667","2","2"
"2","0.3","10","0.7","10","9","3","50","true","true","0.1","0.03","2","10","25","0.16802168021680217","19.070904645476773","13.98176291793313","60","38","22","10.56338028169014","13.148788927335639","7.885304659498208","2.066666666666667","2.0526315789473686","2.090909090909091","1.9537037037037037","1.0952380952380953","1.0731707317073171","2","2"
"2","0.3","10","0.7","10","9","3","50","true","true","0.1","0.03","2","10","26","0.16842105263157894","18.581907090464547","14.814814814814813","62","37","25","10.580204778156997","12.802768166089965","8.417508417508419","2.064516129032258","2.054054054054054","2.08","1.9380530973451326","1.0935672514619883","1.0714285714285714","2","2"
"2","0.3","10","0.7","10","9","3","50","true","true","0.1","0.03","2","10","27","0.16751918158567775","17.647058823529413","15.775401069518717","63","35","28","10.465116279069768","12.152777777777777","8.9171974522293","2.0793650793650795","2.057142857142857","2.107142857142857","1.9194915254237288","1.0977011494252873","1.078125","2","2"
"2","0.3","10","0.7","10","9","3","50","true","true","0.1","0.03","2","10","28","0.1701863354037267","17.073170731707318","16.962025316455694","66","34","32","10.662358642972535","11.76470588235294","9.696969696969697","2.0757575757575757","2.0588235294117645","2.09375","1.910569105691057","1.1111111111111112","1.0740740740740742","2","2"
"2","0.3","10","0.7","10","9","3","50","true","true","0.1","0.03","2","10","29","0.1712907117008444","17.114914425427873","17.142857142857142","68","34","34","10.641627543035993","11.846689895470384","9.659090909090908","2.088235294117647","2.0588235294117645","2.1176470588235294","1.8910505836575875","1.1085714285714285","1.0719424460431655","2","2"
"2","0.3","10","0.7","10","9","3","50","true","true","0.1","0.03","2","10","30","0.17702227432590856","16.87344913151365","18.444444444444443","72","33","39","10.876132930513595","11.498257839721255","10.4","2.0972222222222223","2.0606060606060606","2.128205128205128","1.867158671586716","1.101123595505618","1.070921985815603","2","2"
"2","0.3","10","0.7","10","9","3","50","true","true","0.1","0.03","2","10","31","0.1765375854214123","17.412935323383085","17.857142857142858","74","34","40","10.802919708029197","11.805555555555555","10.075566750629724","2.0945945945945947","2.0588235294117645","2.125","1.8546099290780143","1.0864864864864865","1.0694444444444444","2","2"
"2","0.3","10","0.7","10","9","3","50","true","true","0.1","0.03","2","10","32","0.17588495575221239","17.3697270471464","17.764471057884233","75","34","41","10.608203677510609","11.76470588235294","9.808612440191387","2.12","2.0588235294117645","2.1707317073170733","1.8401360544217686","1.078125","1.0684931506849316","2","2"
"2","0.3","10","0.7","10","9","3","50","true","true","0.1","0.03","2","10","33","0.18045112781954886","17.45635910224439","18.49056603773585","79","34","45","10.866574965612106","11.76470588235294","10.273972602739725","2.1265822784810124","2.0588235294117645","2.1777777777777776","1.850498338870432","1.0862944162436547","1.0666666666666667","2","2"
"2","0.3","10","0.7","10","9","3","50","true","true","0.1","0.03","2","10","34","0.17954070981210857","17","18.63799283154122","81","33","48","10.8","11.418685121107266","10.412147505422993","2.123456790123457","2.0606060606060606","2.1666666666666665","1.820754716981132","1.0974358974358975","1.064516129032258","2","2"
"2","0.3","10","0.7","10","9","3","50","true","true","0.1","0.03","2","10","35","0.18052738336713997","16.582914572864322","19.047619047619047","84","32","52","10.838709677419354","11.11111111111111","10.677618069815194","2.119047619047619","2.0625","2.1538461538461537","1.8023952095808384","1.097938144329897","1.062111801242236","2","2"
"2","0.3","10","0.7","10","9","3","50","true","true","0.1","0.03","2","10","36","0.1832512315270936","16.541353383458645","19.480519480519483","88","32","56","11","11.072664359861593","10.95890410958904","2.1136363636363638","2.0625","2.142857142857143","1.7976878612716762","1.0829268292682928","1.062111801242236","2","2"
"2","0.3","10","0.7","10","9","3","50","true","true","0.1","0.03","2","10","37","0.17799043062200956","16.08040201005025","18.856259659969087","88","31","57","10.602409638554217","10.726643598615917","10.536044362292053","2.1136363636363638","2.064516129032258","2.1403508771929824","1.7533875338753389","1.0776699029126213","1.0602409638554218","2","2"
"2","0.3","10","0.7","10","9","3","50","true","true","0.1","0.03","2","10","38","0.17936802973977695","16.624685138539043","18.7039764359352","91","32","59","10.593713620488941","11.072664359861593","10.350877192982457","2.120879120879121","2.0625","2.152542372881356","1.7260981912144704","1.0813397129186604","1.058139534883721","2","2"
"2","0.3","10","0.7","10","9","3","50","true","true","0.1","0.03","2","10","39","0.18682310469314078","16.624685138539043","19.831223628691983","97","32","65","10.997732426303855","11.072664359861593","10.961214165261383","2.134020618556701","2.0625","2.169230769230769","1.743073047858942","1.0861244019138756","1.0558659217877095","2","2"
"2","0.3","10","0.7","10","9","3","50","true","true","0.1","0.03","2","10","40","0.19281332164767748","16.666666666666664","20.671140939597315","103","32","71","11.331133113311331","11.072664359861593","11.451612903225806","2.1359223300970873","2.0625","2.1690140845070425","1.7439613526570048","1.0825242718446602","1.053763440860215","2","2"
"2","0.3","10","0.7","10","9","3","50","true","true","0.1","0.03","2","10","41","0.18638297872340426","15.306122448979592","20.306513409961685","102","29","73","10.816542948038176","10.069444444444445","11.145038167938932","2.1470588235294117","2.0689655172413794","2.1780821917808217","1.703872437357631","1.0825242718446602","1.0515463917525774","2","2"
"2","0.3","10","0.7","10","9","3","50","true","true","0.1","0.03","2","10","42","0.1859504132231405","14.322250639386189","20.634920634920633","105","27","78","10.79136690647482","9.342560553633218","11.403508771929824","2.142857142857143","2.074074074074074","2.1666666666666665","1.6934782608695653","1.0788177339901477","1.0495049504950495","2","2"
"2","0.3","10","0.7","10","9","3","50","true","true","0.1","0.03","2","10","43","0.18619582664526485","14.470284237726098","20.48894062863795","108","27","81","10.724925521350546","9.375","11.265646731571627","2.1481481481481484","2.074074074074074","2.1728395061728394","1.6632443531827514","1.067632850241546","1.048780487804878","2","2"
"2","0.3","10","0.7","10","9","3","50","true","true","0.1","0.03","2","10","44","0.18784099766173032","15.364583333333334","20.24471635150167","112","28","84","10.748560460652591","9.75609756097561","11.125827814569536","2.1517857142857144","2.107142857142857","2.1666666666666665","1.6496062992125984","1.062200956937799","1.0469483568075117","2","2"
"2","0.3","10","0.7","10","9","3","50","true","true","0.1","0.03","2","10","45","0.186222558667676","15.544041450777202","19.893048128342247","114","28","86","10.614525139664805","9.688581314878892","10.955414012738855","2.1578947368421053","2.142857142857143","2.1627906976744184","1.637218045112782","1.0576923076923077","1.0454545454545454","2","2"
"2","0.3","10","0.7","10","9","3","50","true","true","0.1","0.03","2","10","46","0.17941176470588235","14.099216710182768","19.447287615148415","113","25","88","10.134529147982063","8.680555555555555","10.640870616686819","2.15929203539823","2.16","2.159090909090909","1.606060606060606","1.0420560747663552","1.048888888888889","2","2"
"2","0.3","10","0.7","10","9","3","50","true","true","0.1","0.03","2","10","47","0.1757142857142857","14.136125654450263","18.860510805500983","114","25","89","9.87012987012987","8.650519031141869","10.277136258660507","2.1578947368421053","2.16","2.157303370786517","1.5687919463087248","1.0414746543778801","1.0482456140350878","2","2"
"2","0.3","10","0.7","10","9","3","50","true","true","0.1","0.03","2","10","48","0.17753120665742025","13.989637305699482","19.12878787878788","119","25","94","10.03372681281619","8.650519031141869","10.479375696767","2.1512605042016806","2.16","2.148936170212766","1.5714285714285714","1.0542986425339367","1.0478260869565217","2","2"
"2","0.3","10","0.7","10","9","3","50","true","true","0.1","0.03","2","10","49","0.1723905723905724","13.881748071979436","18.43065693430657","119","25","94","9.706362153344209","8.650519031141869","10.032017075773746","2.1512605042016806","2.16","2.148936170212766","1.5527950310559007","1.0526315789473684","1.047008547008547","2","2"
"2","0.3","10","0.7","10","9","3","50","true","true","0.1","0.03","2","10","50","0.17135382603008503","13.846153846153847","18.26163301141352","122","25","97","9.636650868878357","8.650519031141869","9.92835209825998","2.1475409836065573","2.16","2.1443298969072164","1.5356083086053411","1.0603448275862069","1.0464135021097047","2","2"
"3","0.3","10","0.7","10","9","3","50","true","true","0.1","0.03","2","10","0","0","0","0","0","0","0","0","0","0","0","0","0","1","1","1","0","0"
"3","0.3","10","0.7","10","9","3","50","true","true","0.1","0.03","2","10","1","0.0215633423180593","2.7210884353741496","0","3","3","0","0.819672131147541","1.0380622837370241","0","2.6666666666666665","2.6666666666666665","0","1.0465116279069768","1","1","2","2"
"3","0.3","10","0.7","10","9","3","50","true","true","0.1","0.03","2","10","2","0.049738219895287955","6.312292358803987","0","7","7","0","1.891891891891892","2.422145328719723","0","2.7142857142857144","2.7142857142857144","0","1.1130952380952381","1","1","2","2"
"3","0.3","10","0.7","10","9","3","50","true","true","0.1","0.03","2","10","3","0.07633587786259542","9.933774834437086","0","11","11","0","2.941176470588235","3.8869257950530036","0","2.727272727272727","2.727272727272727","0","1.1840490797546013","1","1","2","2"
"3","0.3","10","0.7","10","9","3","50","true","true","0.1","0.03","2","10","4","0.11138613861386139","14.563106796116504","0","14","14","0","3.7735849056603774","5.072463768115942","0","3.2142857142857144","3.2142857142857144","0","1.3006535947712419","1.0071942446043165","1","2","2"
"3","0.3","10","0.7","10","9","3","50","true","true","0.1","0.03","2","10","5","0.1201923076923077","15.238095238095239","1.9801980198019802","19","18","1","5.10752688172043","6.61764705882353","1","2.6315789473684212","2.6666666666666665","2","1.4444444444444444","1","1","2","2"
"3","0.3","10","0.7","10","9","3","50","true","true","0.1","0.03","2","10","6","0.14018691588785046","17.791411042944784","1.9607843137254901","21","20","1","5.64516129032258","7.380073800738007","0.9900990099009901","2.857142857142857","2.9","2","1.5579710144927537","1","1","2","2"
"3","0.3","10","0.7","10","9","3","50","true","true","0.1","0.03","2","10","7","0.16590909090909092","21.13095238095238","1.9230769230769231","26","25","1","6.989247311827956","9.293680297397769","0.9708737864077669","2.8076923076923075","2.84","2","1.7121212121212122","1","1","2","2"
"3","0.3","10","0.7","10","9","3","50","true","true","0.1","0.03","2","10","8","0.18984547461368653","24.137931034482758","1.9047619047619049","30","29","1","8.064516129032258","10.820895522388058","0.9615384615384616","2.8666666666666667","2.896551724137931","2","1.888","1","1","2","2"
"3","0.3","10","0.7","10","9","3","50","true","true","0.1","0.03","2","10","9","0.19313304721030042","24.788732394366196","1.8018018018018018","31","30","1","8.179419525065963","11.152416356877323","0.9090909090909091","2.903225806451613","2.933333333333333","2","1.9","1.0070921985815602","1","2","2"
"3","0.3","10","0.7","10","9","3","50","true","true","0.1","0.03","2","10","10","0.21085594989561587","27.27272727272727","1.7241379310344827","34","33","1","8.970976253298153","12.452830188679245","0.8771929824561403","2.9705882352941178","3","2","2.048","1.0218978102189782","1","2","2"
"3","0.3","10","0.7","10","9","3","50","true","true","0.1","0.03","2","10","11","0.2129817444219067","27.61394101876676","1.6666666666666667","36","35","1","9.278350515463918","12.915129151291513","0.8547008547008548","2.9166666666666665","2.942857142857143","2","2.112","1.0133333333333334","1","2","2"
"3","0.3","10","0.7","10","9","3","50","true","true","0.1","0.03","2","10","12","0.21104536489151873","26.861702127659576","4.580152671755725","37","34","3","9.319899244332493","12.454212454212454","2.4193548387096775","2.891891891891892","2.9705882352941178","2","2.176","1.013157894736842","1","2","2"
"3","0.3","10","0.7","10","9","3","50","true","true","0.1","0.03","2","10","13","0.210727969348659","27.083333333333332","4.3478260869565215","38","35","3","9.382716049382717","12.727272727272727","2.307692307692308","2.8947368421052633","2.9714285714285715","2","2.1705426356589146","1.019108280254777","1.0123456790123457","2","2"
"3","0.3","10","0.7","10","9","3","50","true","true","0.1","0.03","2","10","14","0.22346368715083798","27.39018087855297","9.333333333333334","43","36","7","10.38647342995169","12.996389891696749","5.109489051094891","2.7906976744186047","2.9444444444444446","2","2.2325581395348837","1.0377358490566038","1.0120481927710843","2","2"
"3","0.3","10","0.7","10","9","3","50","true","true","0.1","0.03","2","10","15","0.2224231464737794","27.249357326478147","10.365853658536585","44","36","8","10.352941176470589","12.949640287769784","5.442176870748299","2.7954545454545454","2.9444444444444446","2.125","2.2313432835820897","1.0368098159509203","1.0119047619047619","2","2"
"3","0.3","10","0.7","10","9","3","50","true","true","0.1","0.03","2","10","16","0.22144112478031636","27.088607594936708","10.919540229885058","46","37","9","10.50228310502283","13.120567375886525","5.769230769230769","2.739130434782609","2.891891891891892","2.111111111111111","2.198581560283688","1.0426829268292683","1.0114942528735633","2","2"
"3","0.3","10","0.7","10","9","3","50","true","true","0.1","0.03","2","10","17","0.22184300341296928","27.02020202020202","12.105263157894736","48","37","11","10.643015521064301","13.074204946996467","6.547619047619048","2.7083333333333335","2.891891891891892","2.090909090909091","2.17687074829932","1.0479041916167664","1.0224719101123596","2","2"
"3","0.3","10","0.7","10","9","3","50","true","true","0.1","0.03","2","10","18","0.22553897180762852","26.700251889168765","14.563106796116504","51","37","14","11.062906724511931","13.074204946996467","7.865168539325842","2.6666666666666665","2.864864864864865","2.142857142857143","2.2266666666666666","1.049689440993789","1.0204081632653061","2","2"
"3","0.3","10","0.7","10","9","3","50","true","true","0.1","0.03","2","10","19","0.2222222222222222","26.368159203980102","14.61187214611872","52","37","15","10.970464135021098","12.937062937062937","7.9787234042553195","2.6538461538461537","2.864864864864865","2.1333333333333333","2.2038216560509554","1.0419161676646707","1.030612244897959","2","2"
"3","0.3","10","0.7","10","9","3","50","true","true","0.1","0.03","2","10","20","0.22065727699530516","25.925925925925924","15.384615384615385","54","37","17","11.065573770491802","12.89198606271777","8.45771144278607","2.611111111111111","2.8378378378378377","2.1176470588235294","2.1626506024096384","1.0481927710843373","1.0392156862745099","2","2"
"3","0.3","10","0.7","10","9","3","50","true","true","0.1","0.03","2","10","21","0.21732522796352582","25.609756097560975","15.32258064516129","55","37","18","11.066398390342053","12.982456140350877","8.49056603773585","2.6","2.8378378378378377","2.111111111111111","2.181286549707602","1.0535714285714286","1.0485436893203883","2","2"
"3","0.3","10","0.7","10","9","3","50","true","true","0.1","0.03","2","10","22","0.21122599704579026","24.938875305623473","15.298507462686567","54","36","18","10.546875","12.587412587412588","7.964601769911504","2.6481481481481484","2.8333333333333335","2.2777777777777777","2.131868131868132","1.0479041916167664","1.0555555555555556","2","2"
"3","0.3","10","0.7","10","9","3","50","true","true","0.1","0.03","2","10","23","0.21807747489239598","25.845410628019323","15.901060070671377","58","38","20","11.068702290076336","13.286713286713287","8.403361344537815","2.6206896551724137","2.8157894736842106","2.25","2.161290322580645","1.0467836257309941","1.0642201834862386","2","2"
"3","0.3","10","0.7","10","9","3","50","true","true","0.1","0.03","2","10","24","0.21896792189679218","25.65947242206235","16.666666666666664","60","38","22","11.1731843575419","13.286713286713287","8.764940239043826","2.6166666666666667","2.8157894736842106","2.272727272727273","2.1391752577319587","1.0710059171597632","1.0614035087719298","2","2"
"3","0.3","10","0.7","10","9","3","50","true","true","0.1","0.03","2","10","25","0.2222222222222222","26.128266033254157","17.034700315457414","63","39","24","11.433756805807622","13.588850174216027","9.090909090909092","2.6031746031746033","2.8205128205128207","2.25","2.144278606965174","1.069364161849711","1.0701754385964912","2","2"
"3","0.3","10","0.7","10","9","3","50","true","true","0.1","0.03","2","10","26","0.21842105263157896","26.004728132387704","16.61721068249258","64","39","25","11.247803163444638","13.588850174216027","8.865248226950355","2.59375","2.8205128205128207","2.24","2.088785046728972","1.0823529411764705","1.0661157024793388","2","2"
"3","0.3","10","0.7","10","9","3","50","true","true","0.1","0.03","2","10","27","0.21227621483375958","25.41966426858513","16.43835616438356","64","37","27","10.865874363327674","12.982456140350877","8.881578947368421","2.59375","2.864864864864865","2.2222222222222223","2.0440528634361232","1.0751445086705202","1.064516129032258","2","2"
"3","0.3","10","0.7","10","9","3","50","true","true","0.1","0.03","2","10","28","0.2111801242236025","25.358851674641148","16.5374677002584","66","37","29","10.819672131147541","12.89198606271777","8.978328173374612","2.5757575757575757","2.864864864864865","2.206896551724138","1.995850622406639","1.0747126436781609","1.062015503875969","2","2"
"3","0.3","10","0.7","10","9","3","50","true","true","0.1","0.03","2","10","29","0.20989143546441497","25.358851674641148","16.54501216545012","68","37","31","10.759493670886076","12.847222222222221","9.011627906976743","2.5588235294117645","2.864864864864865","2.193548387096774","1.9565217391304348","1.0833333333333333","1.0610687022900764","2","2"
"3","0.3","10","0.7","10","9","3","50","true","true","0.1","0.03","2","10","30","0.21219226260257915","25.48076923076923","17.162471395881006","71","37","34","10.856269113149846","12.847222222222221","9.289617486338798","2.5492957746478875","2.864864864864865","2.2058823529411766","1.9144981412639406","1.0898876404494382","1.0588235294117647","2","2"
"3","0.3","10","0.7","10","9","3","50","true","true","0.1","0.03","2","10","31","0.214123006833713","25.060827250608277","18.201284796573873","75","36","39","11.061946902654867","12.543554006968641","9.974424552429667","2.506666666666667","2.861111111111111","2.1794871794871793","1.900355871886121","1.0819672131147542","1.0579710144927537","2","2"
"3","0.3","10","0.7","10","9","3","50","true","true","0.1","0.03","2","10","32","0.2168141592920354","24.879227053140095","18.979591836734695","78","36","42","11.206896551724139","12.5","10.294117647058822","2.5128205128205128","2.861111111111111","2.2142857142857144","1.9198606271777003","1.074468085106383","1.055944055944056","2","2"
"3","0.3","10","0.7","10","9","3","50","true","true","0.1","0.03","2","10","33","0.22019334049409237","24.759615384615387","19.80582524271845","82","36","46","11.468531468531468","12.45674740484429","10.7981220657277","2.5","2.861111111111111","2.217391304347826","1.929054054054054","1.0810810810810811","1.0526315789473684","2","2"
"3","0.3","10","0.7","10","9","3","50","true","true","0.1","0.03","2","10","34","0.21920668058455114","24.700239808153476","19.77818853974122","84","36","48","11.428571428571429","12.45674740484429","10.762331838565023","2.5","2.861111111111111","2.2291666666666665","1.912621359223301","1.0869565217391304","1.0569620253164558","2","2"
"3","0.3","10","0.7","10","9","3","50","true","true","0.1","0.03","2","10","35","0.22210953346855983","24.819277108433734","20.31523642732049","88","36","52","11.578947368421053","12.45674740484429","11.040339702760086","2.4886363636363638","2.861111111111111","2.230769230769231","1.8858024691358024","1.0957446808510638","1.05625","2","2"
"3","0.3","10","0.7","10","9","3","50","true","true","0.1","0.03","2","10","36","0.21674876847290642","24.330900243309003","19.867549668874172","89","35","54","11.280101394169835","12.110726643598616","10.8","2.4719101123595504","2.857142857142857","2.2222222222222223","1.8323699421965318","1.1005291005291005","1.0548780487804879","2","2"
"3","0.3","10","0.7","10","9","3","50","true","true","0.1","0.03","2","10","37","0.21435406698564594","23.703703703703706","20","91","33","58","11.124694376528117","11.458333333333332","10.943396226415095","2.4615384615384617","2.909090909090909","2.206896551724138","1.81267217630854","1.0816326530612246","1.0542168674698795","2","2"
"3","0.3","10","0.7","10","9","3","50","true","true","0.1","0.03","2","10","38","0.2174721189591078","23.762376237623762","20.535714285714285","95","33","62","11.255924170616113","11.418685121107266","11.17117117117117","2.463157894736842","2.909090909090909","2.225806451612903","1.783289817232376","1.0918367346938775","1.0529411764705883","2","2"
"3","0.3","10","0.7","10","9","3","50","true","true","0.1","0.03","2","10","39","0.21931407942238268","23.82133995037221","20.851063829787233","99","33","66","11.353211009174311","11.458333333333332","11.301369863013697","2.4545454545454546","2.909090909090909","2.227272727272727","1.7675","1.0945273631840795","1.052325581395349","2","2"
"3","0.3","10","0.7","10","9","3","50","true","true","0.1","0.03","2","10","40","0.21910604732690622","23.6318407960199","20.974289580514206","103","33","70","11.431742508324085","11.418685121107266","11.437908496732026","2.4271844660194173","2.878787878787879","2.2142857142857144","1.7632850241545894","1.0922330097087378","1.0508474576271187","2","2"
"3","0.3","10","0.7","10","9","3","50","true","true","0.1","0.03","2","10","41","0.225531914893617","22.727272727272727","22.464698331193837","109","31","78","11.733046286329387","10.726643598615917","12.1875","2.4311926605504586","2.903225806451613","2.2435897435897436","1.7704918032786885","1.0917874396135265","1.048913043478261","2","2"
"3","0.3","10","0.7","10","9","3","50","true","true","0.1","0.03","2","10","42","0.2190082644628099","21.82741116751269","21.936274509803923","110","30","80","11.446409989594173","10.416666666666668","11.88707280832095","2.409090909090909","2.8666666666666667","2.2375","1.7350993377483444","1.080568720379147","1.0481283422459893","2","2"
"3","0.3","10","0.7","10","9","3","50","true","true","0.1","0.03","2","10","43","0.21268057784911718","21.012658227848103","21.386603995299648","110","29","81","11.04417670682731","10.069444444444445","11.440677966101696","2.409090909090909","2.8620689655172415","2.246913580246914","1.7014613778705636","1.069767441860465","1.046875","2","2"
"3","0.3","10","0.7","10","9","3","50","true","true","0.1","0.03","2","10","44","0.2127825409197194","20.10178117048346","21.79775280898876","115","28","87","11.154219204655675","9.688581314878892","11.725067385444744","2.373913043478261","2.8214285714285716","2.2298850574712645","1.6826347305389222","1.072072072072072","1.0520833333333333","2","2"
"3","0.3","10","0.7","10","9","3","50","true","true","0.1","0.03","2","10","45","0.21271763815291445","19.69309462915601","21.935483870967744","117","27","90","11.006585136406397","9.342560553633218","11.627906976744185","2.4017094017094016","2.8518518518518516","2.2666666666666666","1.6641221374045803","1.08","1.0510204081632653","2","2"
"3","0.3","10","0.7","10","9","3","50","true","true","0.1","0.03","2","10","46","0.21102941176470588","18.34625322997416","22.199383350462487","119","25","94","10.847766636280767","8.650519031141869","11.633663366336634","2.411764705882353","2.84","2.297872340425532","1.6580882352941178","1.0735930735930737","1.05","2","2"
"3","0.3","10","0.7","10","9","3","50","true","true","0.1","0.03","2","10","47","0.21285714285714286","17.662337662337663","22.660098522167488","124","25","99","10.944395410414828","8.650519031141869","11.729857819905213","2.403225806451613","2.72","2.323232323232323","1.6519434628975265","1.050420168067227","1.048780487804878","2","2"
"3","0.3","10","0.7","10","9","3","50","true","true","0.1","0.03","2","10","48","0.21983356449375868","17.277486910994764","23.67924528301887","131","24","107","11.244635193133048","8.362369337979095","12.186788154897494","2.4198473282442747","2.75","2.3457943925233646","1.6592465753424657","1.0537190082644627","1.0480769230769231","2","2"
"3","0.3","10","0.7","10","9","3","50","true","true","0.1","0.03","2","10","49","0.22828282828282828","20.603015075376884","23.643054277828888","135","25","110","11.335012594458437","8.650519031141869","12.195121951219512","2.511111111111111","3.28","2.3363636363636364","1.6817420435510888","1.0526315789473684","1.04739336492891","2","2"
"3","0.3","10","0.7","10","9","3","50","true","true","0.1","0.03","2","10","50","0.22825376062786135","19.548872180451127","23.98230088495575","136","23","113","11.129296235679215","7.986111111111111","12.098501070663811","2.5661764705882355","3.391304347826087","2.398230088495575","1.6758064516129032","1.0557768924302788","1.0514018691588785","2","2"
"4","0.3","10","0.7","10","9","3","50","true","true","0.1","0.03","2","10","0","0","0","0","0","0","0","0","0","0","0","0","0","1","1","1","0","0"
"4","0.3","10","0.7","10","9","3","50","true","true","0.1","0.03","2","10","1","0.02425876010781671","3.061224489795918","0","4","4","0","1.092896174863388","1.384083044982699","0","2.25","2.25","0","1.0508474576271187","1","1","2","2"
"4","0.3","10","0.7","10","9","3","50","true","true","0.1","0.03","2","10","2","0.049738219895287955","6.333333333333334","0","8","8","0","2.15633423180593","2.768166089965398","0","2.375","2.375","0","1.1091954022988506","1","1","2","2"
"4","0.3","10","0.7","10","9","3","50","true","true","0.1","0.03","2","10","3","0.06361323155216285","8.305647840531561","0","11","11","0","2.933333333333333","3.8869257950530036","0","2.272727272727273","2.272727272727273","0","1.1676300578034682","1","1","2","2"
"4","0.3","10","0.7","10","9","3","50","true","true","0.1","0.03","2","10","4","0.08168316831683169","10.784313725490197","0","14","14","0","3.6939313984168867","4.98220640569395","0","2.357142857142857","2.357142857142857","0","1.2307692307692308","1","1","2","2"
"4","0.3","10","0.7","10","9","3","50","true","true","0.1","0.03","2","10","5","0.12259615384615384","16.19047619047619","0","17","17","0","4.56989247311828","6.273062730627306","0","3","3","0","1.3846153846153846","1.007462686567164","1","2","2"
"4","0.3","10","0.7","10","9","3","50","true","true","0.1","0.03","2","10","6","0.14485981308411214","19.1358024691358","0","20","20","0","5.376344086021505","7.462686567164178","0","3.1","3.1","0","1.5170068027210883","1","1","2","2"
"4","0.3","10","0.7","10","9","3","50","true","true","0.1","0.03","2","10","7","0.15","19.939577039274926","0","22","22","0","5.835543766578249","8.178438661710038","0","3","3","0","1.564625850340136","1.006896551724138","1.032258064516129","2","2"
"4","0.3","10","0.7","10","9","3","50","true","true","0.1","0.03","2","10","8","0.16997792494481237","22.647058823529413","0","26","26","0","6.842105263157896","9.66542750929368","0","2.9615384615384617","2.9615384615384617","0","1.6482758620689655","1.013986013986014","1.0454545454545454","2","2"
"4","0.3","10","0.7","10","9","3","50","true","true","0.1","0.03","2","10","9","0.16952789699570817","22.254335260115607","1.6666666666666667","27","26","1","6.958762886597938","9.59409594095941","0.8547008547008548","2.925925925925926","2.9615384615384617","2","1.6870748299319729","1.0135135135135136","1.0461538461538462","2","2"
"4","0.3","10","0.7","10","9","3","50","true","true","0.1","0.03","2","10","10","0.18789144050104384","24.858757062146893","1.6","31","30","1","7.868020304568528","11.029411764705882","0.819672131147541","2.903225806451613","2.933333333333333","2","1.7671232876712328","1.0066666666666666","1.044776119402985","2","2"
"4","0.3","10","0.7","10","9","3","50","true","true","0.1","0.03","2","10","11","0.1947261663286004","25.344352617079892","3.076923076923077","34","32","2","8.5","11.678832116788321","1.5873015873015872","2.823529411764706","2.875","2","1.8601398601398602","1.0064935064935066","1.0434782608695652","2","2"
"4","0.3","10","0.7","10","9","3","50","true","true","0.1","0.03","2","10","12","0.20512820512820512","26.486486486486488","4.37956204379562","36","33","3","8.866995073891626","12","2.2900763358778624","2.888888888888889","2.9696969696969697","2","1.93006993006993","1.0064102564102564","1.0422535211267605","2","2"
"4","0.3","10","0.7","10","9","3","50","true","true","0.1","0.03","2","10","13","0.210727969348659","27.368421052631582","4.225352112676056","38","35","3","9.223300970873787","12.63537906137184","2.2222222222222223","2.8947368421052633","2.9714285714285715","2","1.9930555555555556","1.0127388535031847","1.0410958904109588","2","2"
"4","0.3","10","0.7","10","9","3","50","true","true","0.1","0.03","2","10","14","0.21787709497206703","28.31168831168831","5.263157894736842","41","37","4","9.785202863961814","13.454545454545455","2.7777777777777777","2.8536585365853657","2.945945945945946","2","2.06993006993007","1.025","1.0405405405405406","2","2"
"4","0.3","10","0.7","10","9","3","50","true","true","0.1","0.03","2","10","15","0.22423146473779385","28.865979381443296","7.2727272727272725","45","39","6","10.440835266821345","14.130434782608695","3.870967741935484","2.7555555555555555","2.871794871794872","2","2.117241379310345","1.0182926829268293","1.0394736842105263","2","2"
"4","0.3","10","0.7","10","9","3","50","true","true","0.1","0.03","2","10","16","0.22144112478031636","28.644501278772378","7.865168539325842","46","39","7","10.407239819004525","14.181818181818182","4.191616766467066","2.739130434782609","2.871794871794872","2","2.098684210526316","1.0176470588235293","1.0405405405405406","2","2"
"4","0.3","10","0.7","10","9","3","50","true","true","0.1","0.03","2","10","17","0.22525597269624573","29.57393483709273","7.4866310160427805","49","42","7","10.79295154185022","15.107913669064748","3.977272727272727","2.693877551020408","2.8095238095238093","2","2.107594936708861","1.0176470588235293","1.0389610389610389","2","2"
"4","0.3","10","0.7","10","9","3","50","true","true","0.1","0.03","2","10","18","0.2222222222222222","28.992628992628994","8.16326530612245","50","42","8","10.683760683760683","14.788732394366196","4.3478260869565215","2.68","2.8095238095238093","2","2.066666666666667","1.0289017341040463","1.05","2","2"
"4","0.3","10","0.7","10","9","3","50","true","true","0.1","0.03","2","10","19","0.23349436392914655","28.850855745721272","12.735849056603774","55","42","13","11.506276150627615","14.736842105263156","6.7357512953367875","2.6363636363636362","2.8095238095238093","2.076923076923077","2.1317365269461077","1.028735632183908","1.048780487804878","2","2"
"4","0.3","10","0.7","10","9","3","50","true","true","0.1","0.03","2","10","20","0.23630672926447574","28.502415458937197","14.666666666666666","58","42","16","11.934156378600823","14.685314685314685","8","2.603448275862069","2.8095238095238093","2.0625","2.197604790419162","1.03954802259887","1.0476190476190477","2","2"
"4","0.3","10","0.7","10","9","3","50","true","true","0.1","0.03","2","10","21","0.24316109422492402","29.620853080568722","14.83050847457627","62","45","17","12.525252525252526","15.734265734265735","8.133971291866029","2.5806451612903225","2.7777777777777777","2.0588235294117645","2.283132530120482","1.0441988950276244","1.0465116279069768","2","2"
"4","0.3","10","0.7","10","9","3","50","true","true","0.1","0.03","2","10","22","0.24224519940915806","30.352941176470587","13.88888888888889","64","47","17","12.573673870333987","16.376306620209057","7.657657657657657","2.5625","2.74468085106383","2.0588235294117645","2.2329545454545454","1.0561797752808988","1.054945054945055","2","2"
"4","0.3","10","0.7","10","9","3","50","true","true","0.1","0.03","2","10","23","0.23529411764705882","29.7423887587822","13.703703703703704","65","47","18","12.404580152671755","16.376306620209057","7.59493670886076","2.523076923076923","2.702127659574468","2.0555555555555554","2.193548387096774","1.0617977528089888","1.0526315789473684","2","2"
"4","0.3","10","0.7","10","9","3","50","true","true","0.1","0.03","2","10","24","0.22873082287308227","29.411764705882355","13.356164383561644","65","46","19","12.037037037037036","16.083916083916083","7.480314960629922","2.523076923076923","2.717391304347826","2.0526315789473686","2.1313131313131315","1.0718232044198894","1.0520833333333333","2","2"
"4","0.3","10","0.7","10","9","3","50","true","true","0.1","0.03","2","10","25","0.22764227642276422","28.805620608899297","14.469453376205788","67","45","22","12.028725314183124","15.6794425087108","8.148148148148149","2.5074626865671643","2.7333333333333334","2.0454545454545454","2.1159420289855073","1.0710382513661203","1.0505050505050506","2","2"
"4","0.3","10","0.7","10","9","3","50","true","true","0.1","0.03","2","10","26","0.2355263157894737","28.87323943661972","16.766467065868262","72","45","27","12.587412587412588","15.734265734265735","9.44055944055944","2.486111111111111","2.7333333333333334","2.074074074074074","2.1626794258373208","1.0634920634920635","1.0490196078431373","2","2"
"4","0.3","10","0.7","10","9","3","50","true","true","0.1","0.03","2","10","27","0.24040920716112532","28.77358490566038","18.435754189944134","77","45","32","13.050847457627118","15.6794425087108","10.561056105610561","2.4415584415584415","2.7111111111111112","2.0625","2.1376146788990824","1.085561497326203","1.0462962962962963","2","2"
"4","0.3","10","0.7","10","9","3","50","true","true","0.1","0.03","2","10","28","0.23850931677018633","28.904428904428904","18.085106382978726","78","45","33","12.850082372322898","15.570934256055363","10.377358490566039","2.4615384615384617","2.7555555555555555","2.0606060606060606","2.11353711790393","1.0918918918918918","1.043859649122807","2","2"
"4","0.3","10","0.7","10","9","3","50","true","true","0.1","0.03","2","10","29","0.2376357056694813","28.47058823529412","18.81188118811881","81","44","37","13.001605136436597","15.384615384615385","10.979228486646884","2.432098765432099","2.75","2.054054054054054","2.1092436974789917","1.08994708994709","1.0521739130434782","2","2"
"4","0.3","10","0.7","10","9","3","50","true","true","0.1","0.03","2","10","30","0.22977725674091443","27.634660421545664","18.30985915492958","81","43","38","12.636505460218409","14.982578397212542","10.734463276836157","2.419753086419753","2.744186046511628","2.0526315789473686","2.0843373493975905","1.0972972972972972","1.048","2","2"
"4","0.3","10","0.7","10","9","3","50","true","true","0.1","0.03","2","10","31","0.22779043280182232","27.251184834123222","18.640350877192983","83","42","41","12.5","14.685314685314685","10.846560846560847","2.4096385542168677","2.738095238095238","2.073170731707317","2.0338345864661656","1.0869565217391304","1.0458015267175573","2","2"
"4","0.3","10","0.7","10","9","3","50","true","true","0.1","0.03","2","10","32","0.23119469026548672","28.306264501160094","18.39323467230444","85","43","42","12.445095168374817","14.878892733564014","10.65989847715736","2.458823529411765","2.8372093023255816","2.0714285714285716","2.014388489208633","1.0962566844919786","1.0451127819548873","2","2"
"4","0.3","10","0.7","10","9","3","50","true","true","0.1","0.03","2","10","33","0.22556390977443608","28.438228438228435","17.52988047808765","85","43","42","12.005649717514125","14.930555555555555","10","2.4705882352941178","2.8372093023255816","2.0952380952380953","1.9560810810810811","1.1058201058201058","1.0437956204379562","2","2"
"4","0.3","10","0.7","10","9","3","50","true","true","0.1","0.03","2","10","34","0.22338204592901878","27.972027972027973","17.76937618147448","87","42","45","11.852861035422343","14.53287197231834","10.112359550561797","2.4597701149425286","2.857142857142857","2.088888888888889","1.9196141479099678","1.1025641025641026","1.042857142857143","2","2"
"4","0.3","10","0.7","10","9","3","50","true","true","0.1","0.03","2","10","35","0.21906693711967545","27.699530516431924","17.5","88","41","47","11.563731931668856","14.23611111111111","9.936575052854122","2.4545454545454546","2.8780487804878048","2.0851063829787235","1.8810975609756098","1.095","1.0416666666666667","2","2"
"4","0.3","10","0.7","10","9","3","50","true","true","0.1","0.03","2","10","36","0.2147783251231527","27.634660421545664","17.006802721088434","89","41","48","11.30876747141042","14.186851211072666","9.63855421686747","2.449438202247191","2.8780487804878048","2.0833333333333335","1.8439306358381502","1.1","1.0397350993377483","2","2"
"4","0.3","10","0.7","10","9","3","50","true","true","0.1","0.03","2","10","37","0.215311004784689","26.41509433962264","18.19645732689211","93","39","54","11.481481481481481","13.494809688581316","10.36468330134357","2.4193548387096775","2.871794871794872","2.0925925925925926","1.8487394957983194","1.1044776119402986","1.0382165605095541","2","2"
"4","0.3","10","0.7","10","9","3","50","true","true","0.1","0.03","2","10","38","0.2174721189591078","26.004728132387704","18.98928024502297","97","38","59","11.602870813397129","13.148788927335639","10.786106032906764","2.4123711340206184","2.8947368421052633","2.1016949152542375","1.8293333333333333","1.1029411764705883","1.0377358490566038","2","2"
"4","0.3","10","0.7","10","9","3","50","true","true","0.1","0.03","2","10","39","0.22021660649819494","26.066350710900476","19.533527696793","102","38","64","11.805555555555555","13.148788927335639","11.130434782608695","2.392156862745098","2.8947368421052633","2.09375","1.817948717948718","1.1009615384615385","1.0365853658536586","2","2"
"4","0.3","10","0.7","10","9","3","50","true","true","0.1","0.03","2","10","40","0.21384750219106047","25.59241706161137","18.915159944367176","103","38","65","11.521252796420582","13.194444444444445","10.726072607260726","2.3689320388349513","2.8421052631578947","2.0923076923076924","1.7878048780487805","1.0985915492957747","1.0357142857142858","2","2"
"4","0.3","10","0.7","10","9","3","50","true","true","0.1","0.03","2","10","41","0.21106382978723404","24.821002386634845","19.047619047619047","105","36","69","11.363636363636363","12.5","10.849056603773585","2.361904761904762","2.888888888888889","2.0869565217391304","1.7788235294117647","1.090497737556561","1.0348837209302326","2","2"
"4","0.3","10","0.7","10","9","3","50","true","true","0.1","0.03","2","10","42","0.21570247933884298","24.46043165467626","20.05044136191677","111","35","76","11.659663865546218","12.152777777777777","11.44578313253012","2.3513513513513513","2.914285714285714","2.0921052631578947","1.7840909090909092","1.08","1.04","2","2"
"4","0.3","10","0.7","10","9","3","50","true","true","0.1","0.03","2","10","43","0.22150882825040127","24.46043165467626","20.989143546441497","117","35","82","11.95097037793667","12.110726643598616","11.884057971014492","2.358974358974359","2.914285714285714","2.1219512195121952","1.7833698030634573","1.0855855855855856","1.0382513661202186","2","2"
"4","0.3","10","0.7","10","9","3","50","true","true","0.1","0.03","2","10","44","0.22369446609508964","24.817518248175183","21.21559633027523","122","35","87","12.055335968379447","12.195121951219512","12","2.3524590163934427","2.914285714285714","2.1264367816091956","1.7710084033613445","1.09009009009009","1.036649214659686","2","2"
"4","0.3","10","0.7","10","9","3","50","true","true","0.1","0.03","2","10","45","0.22482967448902347","25.24271844660194","21.232123212321234","125","36","89","11.984659635666347","12.5","11.788079470198676","2.376","2.888888888888889","2.168539325842697","1.7647058823529411","1.087719298245614","1.0357142857142858","2","2"
"4","0.3","10","0.7","10","9","3","50","true","true","0.1","0.03","2","10","46","0.22941176470588234","26.49164677804296","21.360255047821468","129","37","92","12.044817927170868","12.802768166089965","11.76470588235294","2.4186046511627906","3","2.1847826086956523","1.7641325536062378","1.087719298245614","1.035","2","2"
"4","0.3","10","0.7","10","9","3","50","true","true","0.1","0.03","2","10","47","0.23285714285714285","26.506024096385545","21.928934010152286","135","37","98","12.195121951219512","12.802768166089965","11.98044009779951","2.414814814814815","2.972972972972973","2.204081632653061","1.7542213883677298","1.0808510638297872","1.0343137254901962","2","2"
"4","0.3","10","0.7","10","9","3","50","true","true","0.1","0.03","2","10","48","0.22676837725381416","25.98039215686275","21.37330754352031","135","35","100","11.728931364031277","12.152777777777777","11.587485515643106","2.422222222222222","3.0285714285714285","2.21","1.7183600713012477","1.0688259109311742","1.0338164251207729","2","2"
"4","0.3","10","0.7","10","9","3","50","true","true","0.1","0.03","2","10","49","0.2377104377104377","26.044226044226043","22.912801484230055","144","35","109","12.213740458015266","12.110726643598616","12.247191011235955","2.451388888888889","3.0285714285714285","2.2660550458715596","1.7408695652173913","1.0685483870967742","1.0330188679245282","2","2"
"4","0.3","10","0.7","10","9","3","50","true","true","0.1","0.03","2","10","50","0.24133420536298233","26.172839506172842","23.398576512455517","152","35","117","12.489728841413312","12.152777777777777","12.594187298170075","2.4276315789473686","3.0285714285714285","2.247863247863248","1.7399328859060403","1.0671936758893281","1.0325581395348837","2","2"
"5","0.3","10","0.7","10","9","3","50","true","true","0.1","0.03","2","10","0","0","0","0","0","0","0","0","0","0","0","0","0","1","1","1","0","0"
"5","0.3","10","0.7","10","9","3","50","true","true","0.1","0.03","2","10","1","0.03234501347708895","4.054054054054054","0","5","5","0","1.3736263736263736","1.7301038062283738","0","2.4","2.4","0","1.072289156626506","1","1","2","2"
"5","0.3","10","0.7","10","9","3","50","true","true","0.1","0.03","2","10","2","0.05759162303664921","6.64451827242525","2.4691358024691357","9","8","1","2.4390243902439024","2.768166089965398","1.25","2.4444444444444446","2.5","2","1.1349693251533743","1","1","2","2"
"5","0.3","10","0.7","10","9","3","50","true","true","0.1","0.03","2","10","3","0.06870229007633588","8.305647840531561","2.1739130434782608","10","9","1","2.680965147453083","3.180212014134275","1.1111111111111112","2.7","2.7777777777777777","2","1.1829268292682926","1","1","2","2"
"5","0.3","10","0.7","10","9","3","50","true","true","0.1","0.03","2","10","4","0.07425742574257425","9.180327868852459","2.0202020202020203","11","10","1","2.9177718832891246","3.558718861209965","1.0416666666666665","2.727272727272727","2.8","2","1.2422360248447204","1","1","2","2"
"5","0.3","10","0.7","10","9","3","50","true","true","0.1","0.03","2","10","5","0.10336538461538461","12.786885245901638","3.6036036036036037","14","12","2","3.763440860215054","4.511278195488721","1.8867924528301887","3.0714285714285716","3.25","2","1.389261744966443","1","1","2","2"
"5","0.3","10","0.7","10","9","3","50","true","true","0.1","0.03","2","10","6","0.12149532710280374","15.286624203821656","3.508771929824561","17","15","2","4.533333333333333","5.639097744360902","1.834862385321101","3.0588235294117645","3.2","2","1.4827586206896552","1","1","2","2"
"5","0.3","10","0.7","10","9","3","50","true","true","0.1","0.03","2","10","7","0.12272727272727273","16.1993769470405","1.680672268907563","18","17","1","4.712041884816754","6.367041198501873","0.8695652173913043","3","3.0588235294117645","2","1.510204081632653","1","1.03125","2","2"
"5","0.3","10","0.7","10","9","3","50","true","true","0.1","0.03","2","10","8","0.1280353200883002","16.265060240963855","3.3057851239669422","20","18","2","5.154639175257731","6.61764705882353","1.7241379310344827","2.9","3","2","1.54","1","1.0666666666666667","2","2"
"5","0.3","10","0.7","10","9","3","50","true","true","0.1","0.03","2","10","9","0.13090128755364808","16.52173913043478","3.3057851239669422","21","19","2","5.357142857142857","6.909090909090909","1.7094017094017095","2.9047619047619047","3","2","1.5933333333333333","1.0124223602484472","1.0666666666666667","2","2"
"5","0.3","10","0.7","10","9","3","50","true","true","0.1","0.03","2","10","10","0.13569937369519833","17.329545454545457","3.149606299212598","23","21","2","5.764411027568922","7.608695652173914","1.6260162601626018","2.8260869565217392","2.9047619047619047","2","1.6423841059602649","1.0125","1.0615384615384615","2","2"
"5","0.3","10","0.7","10","9","3","50","true","true","0.1","0.03","2","10","11","0.15212981744421908","19.113573407202217","4.545454545454546","27","24","3","6.683168316831684","8.664259927797833","2.3622047244094486","2.7777777777777777","2.875","2","1.7315436241610738","1.0186335403726707","1.0597014925373134","2","2"
"5","0.3","10","0.7","10","9","3","50","true","true","0.1","0.03","2","10","12","0.16173570019723865","18.904109589041095","9.15492957746479","30","24","6","7.334963325183375","8.664259927797833","4.545454545454546","2.7333333333333334","2.875","2.1666666666666665","1.8231292517006803","1.0182926829268293","1.0588235294117647","2","2"
"5","0.3","10","0.7","10","9","3","50","true","true","0.1","0.03","2","10","13","0.16666666666666666","19.51219512195122","9.803921568627452","32","25","7","7.637231503579953","8.992805755395683","4.964539007092199","2.71875","2.88","2.142857142857143","1.8410596026490067","1.0242424242424242","1.056338028169014","2","2"
"5","0.3","10","0.7","10","9","3","50","true","true","0.1","0.03","2","10","14","0.16201117318435754","19.098143236074268","9.375","32","25","7","7.459207459207459","8.865248226950355","4.761904761904762","2.71875","2.88","2.142857142857143","1.8238993710691824","1.0301204819277108","1.0555555555555556","2","2"
"5","0.3","10","0.7","10","9","3","50","true","true","0.1","0.03","2","10","15","0.17540687160940324","20.77922077922078","10.119047619047619","35","27","8","8.064516129032258","9.574468085106384","5.263157894736842","2.7714285714285714","2.962962962962963","2.125","1.9166666666666667","1.0294117647058822","1.082191780821918","2","2"
"5","0.3","10","0.7","10","9","3","50","true","true","0.1","0.03","2","10","16","0.1757469244288225","20.77922077922078","10.869565217391305","36","27","9","8.108108108108109","9.574468085106384","5.555555555555555","2.7777777777777777","2.962962962962963","2.2222222222222223","1.925","1.0470588235294118","1.077922077922078","2","2"
"5","0.3","10","0.7","10","9","3","50","true","true","0.1","0.03","2","10","17","0.1552901023890785","18.635170603674542","9.75609756097561","35","26","9","7.543103448275862","9.15492957746479","5","2.6","2.730769230769231","2.2222222222222223","1.7944444444444445","1.0538922155688624","1.0740740740740742","2","2"
"5","0.3","10","0.7","10","9","3","50","true","true","0.1","0.03","2","10","18","0.15091210613598674","17.829457364341085","10.185185185185185","35","25","10","7.352941176470589","8.741258741258742","5.263157894736842","2.6","2.76","2.2","1.7819148936170213","1.0532544378698225","1.0714285714285714","2","2"
"5","0.3","10","0.7","10","9","3","50","true","true","0.1","0.03","2","10","19","0.1497584541062802","17.602040816326532","10.480349344978166","36","25","11","7.377049180327869","8.710801393728223","5.472636815920398","2.5833333333333335","2.76","2.1818181818181817","1.7875647668393781","1.0635838150289016","1.069767441860465","2","2"
"5","0.3","10","0.7","10","9","3","50","true","true","0.1","0.03","2","10","20","0.15492957746478872","18.06615776081425","11.38211382113821","39","26","13","7.75347912524851","8.996539792387544","6.074766355140187","2.5384615384615383","2.730769230769231","2.1538461538461537","1.7839195979899498","1.0677966101694916","1.0795454545454546","2","2"
"5","0.3","10","0.7","10","9","3","50","true","true","0.1","0.03","2","10","21","0.1580547112462006","18.639798488664987","11.494252873563218","41","27","14","7.992202729044834","9.375","6.222222222222222","2.5365853658536586","2.740740740740741","2.142857142857143","1.8267326732673268","1.0666666666666667","1.0898876404494382","2","2"
"5","0.3","10","0.7","10","9","3","50","true","true","0.1","0.03","2","10","22","0.16100443131462333","18.527918781725887","12.7208480565371","43","27","16","8.128544423440454","9.375","6.639004149377594","2.5348837209302326","2.7037037037037037","2.25","1.8113207547169812","1.0604395604395604","1.0869565217391304","2","2"
"5","0.3","10","0.7","10","9","3","50","true","true","0.1","0.03","2","10","23","0.17216642754662842","18.939393939393938","14.950166112956811","48","28","20","8.872458410351202","9.722222222222223","7.905138339920949","2.5","2.6785714285714284","2.25","1.8511627906976744","1.0706521739130435","1.0851063829787233","2","2"
"5","0.3","10","0.7","10","9","3","50","true","true","0.1","0.03","2","10","24","0.16457461645746166","18.204488778054863","14.240506329113925","47","27","20","8.483754512635379","9.40766550522648","7.490636704119851","2.5106382978723403","2.7037037037037037","2.25","1.8482142857142858","1.0824175824175823","1.0816326530612246","2","2"
"5","0.3","10","0.7","10","9","3","50","true","true","0.1","0.03","2","10","25","0.16531165311653118","17.206982543640898","15.727002967359049","50","26","24","8.818342151675484","9.059233449477352","8.571428571428571","2.44","2.6538461538461537","2.2083333333333335","1.8733624454148472","1.074468085106383","1.0808080808080809","2","2"
"5","0.3","10","0.7","10","9","3","50","true","true","0.1","0.03","2","10","26","0.16578947368421051","17.16417910447761","15.921787709497206","52","26","26","8.934707903780069","9.027777777777777","8.843537414965986","2.423076923076923","2.6538461538461537","2.1923076923076925","1.893162393162393","1.068421052631579","1.0754716981132075","2","2"
"5","0.3","10","0.7","10","9","3","50","true","true","0.1","0.03","2","10","27","0.16240409207161124","16.791979949874687","15.66579634464752","52","25","27","8.637873754152823","8.710801393728223","8.571428571428571","2.4423076923076925","2.68","2.2222222222222223","1.8508064516129032","1.0582010582010581","1.0884955752212389","2","2"
"5","0.3","10","0.7","10","9","3","50","true","true","0.1","0.03","2","10","28","0.15900621118012423","16.458852867830423","15.346534653465346","53","25","28","8.507223113964688","8.710801393728223","8.333333333333332","2.4150943396226414","2.64","2.2142857142857144","1.816793893129771","1.0578947368421052","1.0847457627118644","2","2"
"5","0.3","10","0.7","10","9","3","50","true","true","0.1","0.03","2","10","29","0.16043425814234016","16.5","15.61771561771562","55","25","30","8.580343213728549","8.710801393728223","8.47457627118644","2.418181818181818","2.64","2.2333333333333334","1.8161764705882353","1.0569948186528497","1.0826446280991735","2","2"
"5","0.3","10","0.7","10","9","3","50","true","true","0.1","0.03","2","10","30","0.16647127784290738","16.08040201005025","17.142857142857142","59","24","35","8.966565349544073","8.391608391608392","9.408602150537634","2.406779661016949","2.6666666666666665","2.2285714285714286","1.8357142857142856","1.0569948186528497","1.08","2","2"
"5","0.3","10","0.7","10","9","3","50","true","true","0.1","0.03","2","10","31","0.17198177676537585","16.20253164556962","18.012422360248447","63","24","39","9.264705882352942","8.391608391608392","9.898477157360407","2.3968253968253967","2.6666666666666665","2.230769230769231","1.816326530612245","1.0564102564102564","1.078125","2","2"
"5","0.3","10","0.7","10","9","3","50","true","true","0.1","0.03","2","10","32","0.1736725663716814","16.08040201005025","18.379446640316203","66","24","42","9.44206008583691","8.391608391608392","10.16949152542373","2.378787878787879","2.6666666666666665","2.2142857142857144","1.794788273615635","1.0880829015544042","1.0751879699248121","2","2"
"5","0.3","10","0.7","10","9","3","50","true","true","0.1","0.03","2","10","33","0.16541353383458646","15.404040404040403","17.38317757009346","65","23","42","8.928571428571429","7.986111111111111","9.545454545454547","2.3692307692307693","2.652173913043478","2.2142857142857144","1.7400611620795108","1.0909090909090908","1.0735294117647058","2","2"
"5","0.3","10","0.7","10","9","3","50","true","true","0.1","0.03","2","10","34","0.1617954070981211","15.151515151515152","16.90391459074733","66","23","43","8.718626155878468","7.958477508650519","9.18803418803419","2.3484848484848486","2.608695652173913","2.2093023255813953","1.6925287356321839","1.0788177339901477","1.0714285714285714","2","2"
"5","0.3","10","0.7","10","9","3","50","true","true","0.1","0.03","2","10","35","0.15517241379310345","14.720812182741117","16.0472972972973","65","22","43","8.248730964467004","7.638888888888889","8.6","2.353846153846154","2.6363636363636362","2.2093023255813953","1.6476964769647697","1.0721153846153846","1.0689655172413792","2","2"
"5","0.3","10","0.7","10","9","3","50","true","true","0.1","0.03","2","10","36","0.15270935960591134","14.83375959079284","15.544871794871796","66","22","44","8.058608058608058","7.612456747404845","8.30188679245283","2.3484848484848486","2.6363636363636362","2.2045454545454546","1.60613810741688","1.0700934579439252","1.0675675675675675","2","2"
"5","0.3","10","0.7","10","9","3","50","true","true","0.1","0.03","2","10","37","0.15406698564593302","15.267175572519085","15.490797546012269","69","23","46","8.165680473372781","7.958477508650519","8.273381294964029","2.3333333333333335","2.608695652173913","2.1956521739130435","1.5945945945945945","1.080188679245283","1.0636942675159236","2","2"
"5","0.3","10","0.7","10","9","3","50","true","true","0.1","0.03","2","10","38","0.1579925650557621","13.541666666666666","17.052023121387283","72","21","51","8.256880733944955","7.291666666666667","8.732876712328768","2.361111111111111","2.4761904761904763","2.3137254901960786","1.59478672985782","1.0754716981132075","1.0606060606060606","2","2"
"5","0.3","10","0.7","10","9","3","50","true","true","0.1","0.03","2","10","39","0.1624548736462094","13.684210526315791","17.582417582417584","76","21","55","8.435072142064373","7.317073170731707","8.957654723127035","2.3684210526315788","2.4761904761904763","2.327272727272727","1.5854214123006833","1.0787037037037037","1.0591715976331362","2","2"
"5","0.3","10","0.7","10","9","3","50","true","true","0.1","0.03","2","10","40","0.1691498685363716","14.766839378238341","18.013245033112582","81","22","59","8.74730021598272","7.612456747404845","9.262166405023548","2.382716049382716","2.590909090909091","2.305084745762712","1.592920353982301","1.0807174887892377","1.0588235294117647","2","2"
"5","0.3","10","0.7","10","9","3","50","true","true","0.1","0.03","2","10","41","0.17191489361702128","14.099216710182768","18.68686868686869","86","21","65","9.005235602094242","7.26643598615917","9.75975975975976","2.3488372093023258","2.5714285714285716","2.276923076923077","1.587737843551797","1.088785046728972","1.0552486187845305","2","2"
"5","0.3","10","0.7","10","9","3","50","true","true","0.1","0.03","2","10","42","0.171900826446281","13.421052631578947","18.91566265060241","88","20","68","8.934010152284264","6.944444444444445","9.75609756097561","2.3636363636363638","2.55","2.3088235294117645","1.5857142857142856","1.0769230769230769","1.054054054054054","2","2"
"5","0.3","10","0.7","10","9","3","50","true","true","0.1","0.03","2","10","43","0.1725521669341894","13.385826771653544","18.959537572254334","91","20","71","8.96551724137931","6.944444444444445","9.766162310866575","2.3626373626373627","2.55","2.3098591549295775","1.5900990099009902","1.0614035087719298","1.0523560209424083","2","2"
"5","0.3","10","0.7","10","9","3","50","true","true","0.1","0.03","2","10","44","0.17848791893998442","13.492063492063492","19.66850828729282","97","20","77","9.291187739463602","6.968641114982578","10.171730515191546","2.3608247422680413","2.55","2.311688311688312","1.598848368522073","1.065217391304348","1.0512820512820513","2","2"
"5","0.3","10","0.7","10","9","3","50","true","true","0.1","0.03","2","10","45","0.17865253595760788","12.8","19.873150105708245","101","19","82","9.369202226345083","6.620209059233449","10.366624525916562","2.3366336633663365","2.526315789473684","2.292682926829268","1.591160220994475","1.0562770562770563","1.0492610837438423","2","2"
"5","0.3","10","0.7","10","9","3","50","true","true","0.1","0.03","2","10","46","0.17794117647058824","12.8","19.695431472081218","104","19","85","9.344115004492364","6.620209059233449","10.290556900726394","2.326923076923077","2.526315789473684","2.2823529411764705","1.5815602836879432","1.0595744680851065","1.0478468899521531","2","2"
"5","0.3","10","0.7","10","9","3","50","true","true","0.1","0.03","2","10","47","0.1792857142857143","12.76595744680851","19.82421875","110","19","91","9.565217391304348","6.597222222222222","10.556844547563806","2.2818181818181817","2.526315789473684","2.230769230769231","1.5680272108843538","1.0677966101694916","1.0462962962962963","2","2"
"5","0.3","10","0.7","10","9","3","50","true","true","0.1","0.03","2","10","48","0.18377253814147018","12.76595744680851","20.356472795497186","116","19","97","9.780775716694773","6.5743944636678195","10.813823857302118","2.2844827586206895","2.526315789473684","2.2371134020618557","1.565359477124183","1.0677966101694916","1.045045045045045","2","2"
"5","0.3","10","0.7","10","9","3","50","true","true","0.1","0.03","2","10","49","0.18383838383838383","12.834224598930483","20.25202520252025","118","19","99","9.624796084828711","6.5743944636678195","10.56563500533618","2.3135593220338984","2.526315789473684","2.272727272727273","1.5543307086614173","1.0647773279352226","1.0444444444444445","2","2"
"5","0.3","10","0.7","10","9","3","50","true","true","0.1","0.03","2","10","50","0.18770438194898625","11.748633879781421","20.980223559759242","126","18","108","9.936908517350158","6.228373702422145","11.031664964249234","2.2777777777777777","2.388888888888889","2.259259259259259","1.5637480798771122","1.0424710424710424","1.0432900432900434","2","2"
"6","0.3","10","0.7","10","9","3","50","true","true","0.1","0.03","2","10","0","0","0","0","0","0","0","0","0","0","0","0","0","1","1","1","0","0"
"6","0.3","10","0.7","10","9","3","50","true","true","0.1","0.03","2","10","1","0.02425876010781671","3.061224489795918","0","4","4","0","1.092896174863388","1.384083044982699","0","2.25","2.25","0","1.0529411764705883","1","1","2","2"
"6","0.3","10","0.7","10","9","3","50","true","true","0.1","0.03","2","10","2","0.049738219895287955","6.333333333333334","0","8","8","0","2.15633423180593","2.768166089965398","0","2.375","2.375","0","1.1011904761904763","1.0075757575757576","1.0158730158730158","2","2"
"6","0.3","10","0.7","10","9","3","50","true","true","0.1","0.03","2","10","3","0.05343511450381679","7.07070707070707","0","9","9","0","2.368421052631579","3.169014084507042","0","2.3333333333333335","2.3333333333333335","0","1.125","1.0073529411764706","1.0151515151515151","2","2"
"6","0.3","10","0.7","10","9","3","50","true","true","0.1","0.03","2","10","4","0.0891089108910891","11.258278145695364","1.9607843137254901","16","15","1","4.199475065616798","5.357142857142857","0.9900990099009901","2.25","2.2666666666666666","2","1.228395061728395","1.0148148148148148","1","2","2"
"6","0.3","10","0.7","10","9","3","50","true","true","0.1","0.03","2","10","5","0.10817307692307693","13.826366559485532","1.9047619047619049","18","17","1","4.736842105263158","6.159420289855073","0.9615384615384616","2.5","2.5294117647058822","2","1.3398692810457515","1.0144927536231885","1","2","2"
"6","0.3","10","0.7","10","9","3","50","true","true","0.1","0.03","2","10","6","0.12149532710280374","15.772870662460567","1.8018018018018018","20","19","1","5.2356020942408374","6.95970695970696","0.9174311926605505","2.6","2.6315789473684212","2","1.4217687074829932","1.027972027972028","1","2","2"
"6","0.3","10","0.7","10","9","3","50","true","true","0.1","0.03","2","10","7","0.1409090909090909","18.181818181818183","1.8181818181818181","23","22","1","6.052631578947368","8.088235294117647","0.9259259259259258","2.6956521739130435","2.727272727272727","2","1.565217391304348","1.0333333333333334","1","2","2"
"6","0.3","10","0.7","10","9","3","50","true","true","0.1","0.03","2","10","8","0.141280353200883","18.507462686567163","1.694915254237288","24","23","1","6.25","8.550185873605948","0.8695652173913043","2.6666666666666665","2.6956521739130435","2","1.6444444444444444","1.038709677419355","1","2","2"
"6","0.3","10","0.7","10","9","3","50","true","true","0.1","0.03","2","10","9","0.1459227467811159","19.298245614035086","1.6129032258064515","26","25","1","6.666666666666667","9.293680297397769","0.8264462809917356","2.6153846153846154","2.64","2","1.711111111111111","1.0382165605095541","1","2","2"
"6","0.3","10","0.7","10","9","3","50","true","true","0.1","0.03","2","10","10","0.1524008350730689","19.770773638968482","3.076923076923077","28","26","2","7.07070707070707","9.59409594095941","1.6","2.607142857142857","2.6538461538461537","2","1.7703703703703704","1.04375","1","2","2"
"6","0.3","10","0.7","10","9","3","50","true","true","0.1","0.03","2","10","11","0.15618661257606492","20.448179271708682","2.941176470588235","30","28","2","7.425742574257425","10.218978102189782","1.5384615384615385","2.566666666666667","2.607142857142857","2","1.8175182481751824","1.0426829268292683","1","2","2"
"6","0.3","10","0.7","10","9","3","50","true","true","0.1","0.03","2","10","12","0.1755424063116371","21.85792349726776","6.382978723404255","35","31","4","8.663366336633663","11.397058823529411","3.0303030303030303","2.5428571428571427","2.5806451612903225","2.25","1.9846153846153847","1.0606060606060606","1","2","2"
"6","0.3","10","0.7","10","9","3","50","true","true","0.1","0.03","2","10","13","0.19157088122605365","24.20212765957447","6.164383561643835","39","35","4","9.535452322738386","12.773722627737227","2.9629629629629632","2.5641025641025643","2.6","2.25","2.0930232558139537","1.0670731707317074","1","2","2"
"6","0.3","10","0.7","10","9","3","50","true","true","0.1","0.03","2","10","14","0.19925512104283055","25.32299741602067","6","41","37","4","9.85576923076923","13.214285714285715","2.941176470588235","2.6097560975609757","2.6486486486486487","2.25","2.1811023622047245","1.0705882352941176","1","2","2"
"6","0.3","10","0.7","10","9","3","50","true","true","0.1","0.03","2","10","15","0.2007233273056058","25.888324873096447","5.660377358490567","43","39","4","10.117647058823529","13.928571428571429","2.7586206896551726","2.5813953488372094","2.6153846153846154","2.25","2.1846153846153844","1.0982658959537572","1","2","2"
"6","0.3","10","0.7","10","9","3","50","true","true","0.1","0.03","2","10","16","0.19507908611599298","25.82278481012658","5.172413793103448","45","41","4","10.250569476082005","14.642857142857144","2.515723270440252","2.466666666666667","2.4878048780487805","2.25","2.161764705882353","1.103448275862069","1","2","2"
"6","0.3","10","0.7","10","9","3","50","true","true","0.1","0.03","2","10","17","0.18600682593856654","25.252525252525253","4.736842105263158","44","40","4","9.75609756097561","14.388489208633093","2.312138728323699","2.477272727272727","2.5","2.25","2.111111111111111","1.1079545454545454","1","2","2"
"6","0.3","10","0.7","10","9","3","50","true","true","0.1","0.03","2","10","18","0.18739635157545606","25","6.403940886699508","46","40","6","9.97830802603037","14.285714285714285","3.314917127071823","2.4565217391304346","2.5","2.1666666666666665","2.1133333333333333","1.122093023255814","1","2","2"
"6","0.3","10","0.7","10","9","3","50","true","true","0.1","0.03","2","10","19","0.178743961352657","23.4718826405868","7.0754716981132075","45","38","7","9.554140127388536","13.427561837455832","3.723404255319149","2.466666666666667","2.526315789473684","2.142857142857143","2.1012658227848102","1.1271676300578035","1","2","2"
"6","0.3","10","0.7","10","9","3","50","true","true","0.1","0.03","2","10","20","0.18622848200312989","23.6144578313253","9.375","49","39","10","10.272536687631026","13.780918727915195","5.154639175257731","2.4285714285714284","2.5128205128205128","2.1","2.1823899371069184","1.1345029239766082","1","2","2"
"6","0.3","10","0.7","10","9","3","50","true","true","0.1","0.03","2","10","21","0.19300911854103345","24.644549763033176","9.745762711864407","52","41","11","10.633946830265849","14.43661971830986","5.365853658536586","2.4423076923076925","2.5365853658536586","2.090909090909091","2.196319018404908","1.1511627906976745","1","2","2"
"6","0.3","10","0.7","10","9","3","50","true","true","0.1","0.03","2","10","22","0.19202363367799113","24.349881796690305","10.62992125984252","53","40","13","10.474308300395258","13.986013986013987","5.909090909090909","2.452830188679245","2.575","2.076923076923077","2.1306818181818183","1.1607142857142858","1","2","2"
"6","0.3","10","0.7","10","9","3","50","true","true","0.1","0.03","2","10","23","0.18938307030129126","23.933649289099527","11.272727272727273","54","39","15","10.325047801147228","13.588850174216027","6.3559322033898304","2.4444444444444446","2.58974358974359","2.066666666666667","2.0913978494623655","1.1436781609195403","1","2","2"
"6","0.3","10","0.7","10","9","3","50","true","true","0.1","0.03","2","10","24","0.18410041841004185","23.933649289099527","10.508474576271185","54","39","15","9.96309963099631","13.541666666666666","5.905511811023622","2.4444444444444446","2.58974358974359","2.066666666666667","2.0303030303030303","1.1412429378531073","1","2","2"
"6","0.3","10","0.7","10","9","3","50","true","true","0.1","0.03","2","10","25","0.1910569105691057","24.528301886792452","11.78343949044586","58","40","18","10.45045045045045","13.88888888888889","6.741573033707865","2.4310344827586206","2.6","2.0555555555555554","2.049019607843137","1.1534090909090908","1","2","2"
"6","0.3","10","0.7","10","9","3","50","true","true","0.1","0.03","2","10","26","0.19078947368421054","24.355971896955502","12.312312312312311","60","40","20","10.48951048951049","13.84083044982699","7.06713780918728","2.4166666666666665","2.6","2.05","2.0377358490566038","1.1555555555555554","1","2","2"
"6","0.3","10","0.7","10","9","3","50","true","true","0.1","0.03","2","10","27","0.18542199488491048","24.228028503562946","11.911357340720222","60","39","21","10.084033613445378","13.541666666666666","6.840390879478828","2.4166666666666665","2.6153846153846154","2.0476190476190474","1.973568281938326","1.1467391304347827","1","2","2"
"6","0.3","10","0.7","10","9","3","50","true","true","0.1","0.03","2","10","28","0.18385093167701863","23.980815347721823","12.371134020618557","61","38","23","9.870550161812297","13.194444444444445","6.969696969696971","2.4262295081967213","2.6315789473684212","2.0869565217391304","1.9253112033195021","1.1368421052631579","1","2","2"
"6","0.3","10","0.7","10","9","3","50","true","true","0.1","0.03","2","10","29","0.17490952955367914","23.317307692307693","11.62227602905569","60","37","23","9.375","12.802768166089965","6.552706552706552","2.4166666666666665","2.6216216216216215","2.0869565217391304","1.8666666666666667","1.1472081218274113","1","2","2"
"6","0.3","10","0.7","10","9","3","50","true","true","0.1","0.03","2","10","30","0.1746776084407972","23.91304347826087","11.389521640091116","62","38","24","9.33734939759036","13.240418118466899","6.36604774535809","2.403225806451613","2.6052631578947367","2.0833333333333335","1.8333333333333333","1.1293532338308458","1","2","2"
"6","0.3","10","0.7","10","9","3","50","true","true","0.1","0.03","2","10","31","0.17425968109339407","23.486682808716708","12.043010752688172","64","37","27","9.329446064139942","12.847222222222221","6.78391959798995","2.390625","2.6216216216216215","2.074074074074074","1.812720848056537","1.1317073170731706","1","2","2"
"6","0.3","10","0.7","10","9","3","50","true","true","0.1","0.03","2","10","32","0.17146017699115043","23.18840579710145","12.040816326530612","65","37","28","9.193776520509193","12.802768166089965","6.698564593301436","2.3846153846153846","2.5945945945945947","2.107142857142857","1.7905405405405406","1.1333333333333333","1","2","2"
"6","0.3","10","0.7","10","9","3","50","true","true","0.1","0.03","2","10","33","0.1761546723952739","22.926829268292686","13.43570057581574","69","36","33","9.465020576131687","12.5","7.482993197278912","2.3768115942028984","2.611111111111111","2.121212121212121","1.794788273615635","1.1261682242990654","1","2","2"
"6","0.3","10","0.7","10","9","3","50","true","true","0.1","0.03","2","10","34","0.17536534446764093","23.03921568627451","13.454545454545455","71","36","35","9.379128137384413","12.5","7.462686567164178","2.3661971830985915","2.611111111111111","2.1142857142857143","1.7553516819571866","1.1203703703703705","1","2","2"
"6","0.3","10","0.7","10","9","3","50","true","true","0.1","0.03","2","10","35","0.17545638945233266","23.600973236009732","13.217391304347824","72","36","36","9.230769230769232","12.45674740484429","7.3319755600814664","2.4027777777777777","2.6944444444444446","2.111111111111111","1.7390029325513197","1.1227272727272728","1","2","2"
"6","0.3","10","0.7","10","9","3","50","true","true","0.1","0.03","2","10","36","0.17733990147783252","22.982885085574573","14.19141914191419","75","35","40","9.328358208955224","12.110726643598616","7.766990291262135","2.4","2.6857142857142855","2.15","1.7206703910614525","1.130232558139535","1.0064516129032257","2","2"
"6","0.3","10","0.7","10","9","3","50","true","true","0.1","0.03","2","10","37","0.17416267942583732","22.493887530562347","14.150943396226415","76","34","42","9.16767189384801","11.805555555555555","7.763401109057301","2.3947368421052633","2.7058823529411766","2.142857142857143","1.6957671957671958","1.1336405529953917","1.0063694267515924","2","2"
"6","0.3","10","0.7","10","9","3","50","true","true","0.1","0.03","2","10","38","0.17472118959107807","22.11302211302211","14.648729446935723","79","33","46","9.228971962616821","11.458333333333332","8.098591549295776","2.3797468354430378","2.727272727272727","2.130434782608696","1.6862244897959184","1.1255605381165918","1.0123456790123457","2","2"
"6","0.3","10","0.7","10","9","3","50","true","true","0.1","0.03","2","10","39","0.1832129963898917","22.71604938271605","15.789473684210526","86","34","52","9.750566893424036","11.76470588235294","8.768971332209107","2.36046511627907","2.7058823529411766","2.1346153846153846","1.6987654320987655","1.1227272727272728","1.0116959064327486","2","2"
"6","0.3","10","0.7","10","9","3","50","true","true","0.1","0.03","2","10","40","0.1901840490797546","22.71604938271605","16.983695652173914","93","34","59","10.253583241455347","11.76470588235294","9.546925566343042","2.3333333333333335","2.7058823529411766","2.1186440677966103","1.7105263157894737","1.1272727272727272","1.0113636363636365","2","2"
"6","0.3","10","0.7","10","9","3","50","true","true","0.1","0.03","2","10","41","0.19063829787234043","22","17.548387096774192","97","33","64","10.33013844515442","11.418685121107266","9.846153846153847","2.3092783505154637","2.6666666666666665","2.125","1.700228832951945","1.117117117117117","1.010989010989011","2","2"
"6","0.3","10","0.7","10","9","3","50","true","true","0.1","0.03","2","10","42","0.19008264462809918","21.553884711779446","17.755856966707768","99","32","67","10.21671826625387","11.11111111111111","9.838472834067549","2.323232323232323","2.6875","2.1492537313432836","1.6797385620915033","1.1160714285714286","1.0106951871657754","2","2"
"6","0.3","10","0.7","10","9","3","50","true","true","0.1","0.03","2","10","43","0.19181380417335472","21.158690176322416","18.256772673733803","104","32","72","10.4","11.11111111111111","10.112359550561797","2.298076923076923","2.625","2.1527777777777777","1.6701461377870563","1.1140350877192982","1.0158730158730158","2","2"
"6","0.3","10","0.7","10","9","3","50","true","true","0.1","0.03","2","10","44","0.1940763834762276","20.51282051282051","18.924972004479283","110","31","79","10.607521697203472","10.76388888888889","10.54739652870494","2.2636363636363637","2.5806451612903225","2.1392405063291138","1.6593186372745492","1.1030042918454936","1.0153846153846153","2","2"
"6","0.3","10","0.7","10","9","3","50","true","true","0.1","0.03","2","10","45","0.19076457229371688","20.051413881748072","18.669527896995707","110","30","80","10.251630941286113","10.380622837370241","10.204081632653061","2.290909090909091","2.6","2.175","1.633776091081594","1.097872340425532","1.015075376884422","2","2"
"6","0.3","10","0.7","10","9","3","50","true","true","0.1","0.03","2","10","46","0.19338235294117648","20.051413881748072","19.05252317198764","115","30","85","10.44504995458674","10.380622837370241","10.467980295566502","2.2869565217391306","2.6","2.176470588235294","1.6408839779005524","1.097457627118644","1.0144927536231885","2","2"
"6","0.3","10","0.7","10","9","3","50","true","true","0.1","0.03","2","10","47","0.19214285714285714","19.587628865979383","19.07114624505929","117","29","88","10.29023746701847","10.034602076124568","10.377358490566039","2.299145299145299","2.6206896551724137","2.1931818181818183","1.6228070175438596","1.096234309623431","1.0142857142857142","2","2"
"6","0.3","10","0.7","10","9","3","50","true","true","0.1","0.03","2","10","48","0.18932038834951456","19.638242894056848","18.672985781990523","119","29","90","10.101867572156197","10.034602076124568","10.123734533183352","2.2941176470588234","2.6206896551724137","2.188888888888889","1.6033613445378152","1.0843373493975903","1.013953488372093","2","2"
"6","0.3","10","0.7","10","9","3","50","true","true","0.1","0.03","2","10","49","0.19932659932659932","19.74025974025974","20","129","29","100","10.669975186104217","10.034602076124568","10.869565217391305","2.294573643410853","2.6206896551724137","2.2","1.6166394779771616","1.096","1.0138248847926268","2","2"
"6","0.3","10","0.7","10","9","3","50","true","true","0.1","0.03","2","10","50","0.2053629823413996","18.848167539267017","21.09851787271142","136","27","109","10.95890410958904","9.375","11.437565582371459","2.3088235294117645","2.6666666666666665","2.220183486238532","1.6337579617834395","1.1","1.0133333333333334","2","2"
"7","0.3","10","0.7","10","9","3","50","true","true","0.1","0.03","2","10","0","0","0","0","0","0","0","0","0","0","0","0","0","1","1","1","0","0"
"7","0.3","10","0.7","10","9","3","50","true","true","0.1","0.03","2","10","1","0.03773584905660377","4.72972972972973","0","7","7","0","1.9230769230769231","2.422145328719723","0","2","2","0","1.0828402366863905","1","1","2","2"
"7","0.3","10","0.7","10","9","3","50","true","true","0.1","0.03","2","10","2","0.06806282722513089","8.58085808580858","0","12","12","0","3.260869565217391","4.1522491349480966","0","2.1666666666666665","2.1666666666666665","0","1.144578313253012","1.0169491525423728","1","2","2"
"7","0.3","10","0.7","10","9","3","50","true","true","0.1","0.03","2","10","3","0.09414758269720101","10.96345514950166","4.3478260869565215","17","15","2","4.56989247311828","5.319148936170213","2.2222222222222223","2.176470588235294","2.2","2","1.23125","1.0165289256198347","1","2","2"
"7","0.3","10","0.7","10","9","3","50","true","true","0.1","0.03","2","10","4","0.12871287128712872","15.53398058252427","4.2105263157894735","22","20","2","5.9459459459459465","7.2202166064981945","2.1505376344086025","2.3636363636363638","2.4","2","1.36","1.016260162601626","1","2","2"
"7","0.3","10","0.7","10","9","3","50","true","true","0.1","0.03","2","10","5","0.15384615384615385","18.9873417721519","4","25","23","2","6.8493150684931505","8.614232209737828","2.0408163265306123","2.56","2.608695652173913","2","1.5323741007194245","1.016260162601626","1","2","2"
"7","0.3","10","0.7","10","9","3","50","true","true","0.1","0.03","2","10","6","0.1658878504672897","20.426829268292682","4","27","25","2","7.397260273972603","9.328358208955224","2.0618556701030926","2.6296296296296298","2.68","2","1.6666666666666667","1.0238095238095237","1","2","2"
"7","0.3","10","0.7","10","9","3","50","true","true","0.1","0.03","2","10","7","0.1590909090909091","19.81981981981982","3.7383177570093453","27","25","2","7.258064516129033","9.328358208955224","1.9230769230769231","2.5925925925925926","2.64","2","1.7067669172932332","1.0234375","1","2","2"
"7","0.3","10","0.7","10","9","3","50","true","true","0.1","0.03","2","10","8","0.16777041942604856","21.052631578947366","3.6036036036036037","30","28","2","8","10.44776119402985","1.8691588785046727","2.533333333333333","2.5714285714285716","2","1.8015267175572518","1.023076923076923","1","2","2"
"7","0.3","10","0.7","10","9","3","50","true","true","0.1","0.03","2","10","9","0.16738197424892703","21.776504297994272","1.7094017094017095","31","30","1","8.051948051948052","11.07011070110701","0.8771929824561403","2.5161290322580645","2.533333333333333","2","1.8","1.037593984962406","1","2","2"
"7","0.3","10","0.7","10","9","3","50","true","true","0.1","0.03","2","10","10","0.17536534446764093","21.65242165242165","6.25","34","30","4","8.651399491094146","11.07011070110701","3.278688524590164","2.4705882352941178","2.533333333333333","2","1.8455882352941178","1.037037037037037","1","2","2"
"7","0.3","10","0.7","10","9","3","50","true","true","0.1","0.03","2","10","11","0.18052738336713997","21.34831460674157","9.48905109489051","36","30","6","8.933002481389577","10.909090909090908","4.6875","2.4722222222222223","2.533333333333333","2.1666666666666665","1.870503597122302","1.0359712230215827","1","2","2"
"7","0.3","10","0.7","10","9","3","50","true","true","0.1","0.03","2","10","12","0.1794871794871795","21.36986301369863","9.15492957746479","37","31","6","9.04645476772616","11.191335740072201","4.545454545454546","2.4594594594594597","2.5161290322580645","2.1666666666666665","1.9014084507042253","1.0503597122302157","1","2","2"
"7","0.3","10","0.7","10","9","3","50","true","true","0.1","0.03","2","10","13","0.1781609195402299","21.390374331550802","8.783783783783784","38","32","6","9.112709832134293","11.428571428571429","4.37956204379562","2.4473684210526314","2.5","2.1666666666666665","1.91156462585034","1.0575539568345325","1.010752688172043","2","2"
"7","0.3","10","0.7","10","9","3","50","true","true","0.1","0.03","2","10","14","0.17690875232774675","21.409921671018274","8.441558441558442","39","33","6","9.219858156028367","11.785714285714285","4.195804195804196","2.4358974358974357","2.484848484848485","2.1666666666666665","1.9342105263157894","1.0575539568345325","1.032258064516129","2","2"
"7","0.3","10","0.7","10","9","3","50","true","true","0.1","0.03","2","10","15","0.18083182640144665","21.188630490956072","10.843373493975903","41","33","8","9.403669724770642","11.578947368421053","5.298013245033113","2.4390243902439024","2.484848484848485","2.25","1.9363057324840764","1.0555555555555556","1.0319148936170213","2","2"
"7","0.3","10","0.7","10","9","3","50","true","true","0.1","0.03","2","10","16","0.1827768014059754","21.079691516709513","12.222222222222221","43","33","10","9.684684684684685","11.619718309859154","6.25","2.4186046511627906","2.484848484848485","2.2","1.9873417721518987","1.0616438356164384","1.0309278350515463","2","2"
"7","0.3","10","0.7","10","9","3","50","true","true","0.1","0.03","2","10","17","0.20648464163822525","24.62686567164179","11.956521739130435","48","38","10","10.81081081081081","13.47517730496454","6.172839506172839","2.5208333333333335","2.6052631578947367","2.2","2.18","1.0680272108843538","1.0303030303030303","2","2"
"7","0.3","10","0.7","10","9","3","50","true","true","0.1","0.03","2","10","18","0.19900497512437812","23.96088019559902","11.34020618556701","48","38","10","10.526315789473683","13.333333333333334","5.847953216374268","2.5","2.5789473684210527","2.2","2.11875","1.096551724137931","1.0294117647058822","2","2"
"7","0.3","10","0.7","10","9","3","50","true","true","0.1","0.03","2","10","19","0.1964573268921095","23.557692307692307","11.707317073170733","49","38","11","10.492505353319057","13.286713286713287","6.077348066298343","2.489795918367347","2.5789473684210527","2.1818181818181817","2.1017964071856285","1.1006711409395973","1.0392156862745099","2","2"
"7","0.3","10","0.7","10","9","3","50","true","true","0.1","0.03","2","10","20","0.20187793427230047","24.16267942583732","12.669683257918551","52","39","13","10.90146750524109","13.732394366197184","6.7357512953367875","2.480769230769231","2.58974358974359","2.1538461538461537","2.1098265895953756","1.1133333333333333","1.0490196078431373","2","2"
"7","0.3","10","0.7","10","9","3","50","true","true","0.1","0.03","2","10","21","0.2127659574468085","24.58233890214797","15.481171548117153","57","40","17","11.608961303462321","13.88888888888889","8.374384236453201","2.456140350877193","2.575","2.176470588235294","2.1542857142857144","1.108974358974359","1.0485436893203883","2","2"
"7","0.3","10","0.7","10","9","3","50","true","true","0.1","0.03","2","10","22","0.21861152141802068","24.881516587677723","16.862745098039216","61","41","20","12.07920792079208","14.186851211072666","9.25925925925926","2.4262295081967213","2.5609756097560976","2.15","2.160220994475138","1.1225806451612903","1.0467289719626167","2","2"
"7","0.3","10","0.7","10","9","3","50","true","true","0.1","0.03","2","10","23","0.21807747489239598","25.476190476190474","16.24548736462094","63","42","21","12.092130518234164","14.685314685314685","8.936170212765958","2.4126984126984126","2.5476190476190474","2.142857142857143","2.1315789473684212","1.1210191082802548","1.045045045045045","2","2"
"7","0.3","10","0.7","10","9","3","50","true","true","0.1","0.03","2","10","24","0.2203626220362622","26.11764705882353","16.095890410958905","66","44","22","12.359550561797752","15.277777777777779","8.94308943089431","2.393939393939394","2.522727272727273","2.1363636363636362","2.1161616161616164","1.1464968152866242","1.0442477876106195","2","2"
"7","0.3","10","0.7","10","9","3","50","true","true","0.1","0.03","2","10","25","0.21951219512195122","25.995316159250585","16.39871382636656","68","44","24","12.341197822141561","15.22491349480969","9.16030534351145","2.3823529411764706","2.522727272727273","2.125","2.1176470588235294","1.1411042944785277","1.0434782608695652","2","2"
"7","0.3","10","0.7","10","9","3","50","true","true","0.1","0.03","2","10","26","0.21052631578947367","25.46728971962617","15.36144578313253","67","43","24","11.775043936731107","14.930555555555555","8.540925266903916","2.388059701492537","2.5348837209302326","2.125","2.0458715596330275","1.1393939393939394","1.0588235294117647","2","2"
"7","0.3","10","0.7","10","9","3","50","true","true","0.1","0.03","2","10","27","0.2071611253196931","25.46728971962617","14.971751412429379","68","43","25","11.564625850340136","14.930555555555555","8.333333333333332","2.3823529411764706","2.5348837209302326","2.12","2.030701754385965","1.1280487804878048","1.0551181102362204","2","2"
"7","0.3","10","0.7","10","9","3","50","true","true","0.1","0.03","2","10","28","0.2111801242236025","25.586854460093893","16.094986807387862","71","43","28","11.774461028192372","14.982578397212542","8.860759493670885","2.3943661971830985","2.5348837209302326","2.1785714285714284","2.046808510638298","1.1272727272727272","1.0454545454545454","2","2"
"7","0.3","10","0.7","10","9","3","50","true","true","0.1","0.03","2","10","29","0.21712907117008443","25.46728971962617","17.70573566084788","76","43","33","12.277867528271406","14.930555555555555","9.969788519637463","2.3684210526315788","2.5348837209302326","2.1515151515151514","2.071129707112971","1.1411764705882352","1.044776119402985","2","2"
"7","0.3","10","0.7","10","9","3","50","true","true","0.1","0.03","2","10","30","0.2227432590855803","25","19.52941176470588","81","43","38","12.695924764890282","14.878892733564014","10.888252148997136","2.345679012345679","2.488372093023256","2.1842105263157894","2.0728744939271255","1.1453488372093024","1.0434782608695652","2","2"
"7","0.3","10","0.7","10","9","3","50","true","true","0.1","0.03","2","10","31","0.2152619589977221","23.444976076555022","19.782608695652172","81","39","42","12.254160363086234","13.588850174216027","11.229946524064172","2.3333333333333335","2.5128205128205128","2.1666666666666665","2.034749034749035","1.1485714285714286","1.0416666666666667","2","2"
"7","0.3","10","0.7","10","9","3","50","true","true","0.1","0.03","2","10","32","0.21238938053097345","23.444976076555022","19.34156378600823","83","39","44","12.063953488372094","13.494809688581316","11.027568922305765","2.3132530120481927","2.5128205128205128","2.1363636363636362","1.956989247311828","1.152542372881356","1.0405405405405406","2","2"
"7","0.3","10","0.7","10","9","3","50","true","true","0.1","0.03","2","10","33","0.20730397422126745","21.654501216545015","20","85","36","49","11.871508379888269","12.5","11.448598130841122","2.2705882352941176","2.4722222222222223","2.122448979591837","1.9254237288135594","1.1333333333333333","1.0392156862745099","2","2"
"7","0.3","10","0.7","10","9","3","50","true","true","0.1","0.03","2","10","34","0.20146137787056367","21.06537530266344","19.449541284403672","85","35","50","11.486486486486488","12.110726643598616","11.086474501108649","2.2705882352941176","2.4857142857142858","2.12","1.8789808917197452","1.120879120879121","1.0379746835443038","2","2"
"7","0.3","10","0.7","10","9","3","50","true","true","0.1","0.03","2","10","35","0.1997971602434077","20.631067961165048","19.51219512195122","87","34","53","11.432325886990801","11.805555555555555","11.20507399577167","2.264367816091954","2.5","2.1132075471698113","1.873846153846154","1.1229946524064172","1.0372670807453417","2","2"
"7","0.3","10","0.7","10","9","3","50","true","true","0.1","0.03","2","10","36","0.19408866995073892","20.09685230024213","18.93687707641196","88","34","54","11.181702668360865","11.76470588235294","10.843373493975903","2.2386363636363638","2.4411764705882355","2.111111111111111","1.823699421965318","1.1322751322751323","1.0365853658536586","2","2"
"7","0.3","10","0.7","10","9","3","50","true","true","0.1","0.03","2","10","37","0.18277511961722487","17.574257425742573","18.720748829953198","86","29","57","10.53921568627451","10.13986013986014","10.754716981132075","2.2209302325581395","2.4482758620689653","2.1052631578947367","1.7933884297520661","1.115","1.0426829268292683","2","2"
"7","0.3","10","0.7","10","9","3","50","true","true","0.1","0.03","2","10","38","0.17843866171003717","16.417910447761194","18.694362017804153","86","27","59","10.177514792899409","9.375","10.59245960502693","2.2325581395348837","2.4444444444444446","2.135593220338983","1.7461139896373057","1.1121951219512196","1.0419161676646707","2","2"
"7","0.3","10","0.7","10","9","3","50","true","true","0.1","0.03","2","10","39","0.17509025270758122","15.92039800995025","18.413597733711047","88","26","62","10.068649885583524","8.996539792387544","10.598290598290598","2.2045454545454546","2.4615384615384617","2.096774193548387","1.728395061728395","1.107843137254902","1.04","2","2"
"7","0.3","10","0.7","10","9","3","50","true","true","0.1","0.03","2","10","40","0.17703768624014024","15.46134663341646","18.91891891891892","92","25","67","10.199556541019955","8.650519031141869","10.929853181076671","2.1956521739130435","2.48","2.08955223880597","1.7152941176470589","1.1014492753623188","1.03954802259887","2","2"
"7","0.3","10","0.7","10","9","3","50","true","true","0.1","0.03","2","10","41","0.17191489361702128","15.538847117794486","18.04123711340206","92","25","67","9.818569903948772","8.680555555555555","10.323574730354391","2.1956521739130435","2.48","2.08955223880597","1.6763392857142858","1.0976744186046512","1.0386740331491713","2","2"
"7","0.3","10","0.7","10","9","3","50","true","true","0.1","0.03","2","10","42","0.17024793388429751","15.46134663341646","17.79975278121137","94","25","69","9.700722394220847","8.650519031141869","10.147058823529411","2.1914893617021276","2.48","2.0869565217391304","1.6490486257928119","1.0963302752293578","1.0380434782608696","2","2"
"7","0.3","10","0.7","10","9","3","50","true","true","0.1","0.03","2","10","43","0.17415730337078653","15.46134663341646","18.34319526627219","98","25","73","9.819639278557114","8.650519031141869","10.296191819464035","2.2142857142857144","2.48","2.1232876712328768","1.6437246963562753","1.0963302752293578","1.0372340425531914","2","2"
"7","0.3","10","0.7","10","9","3","50","true","true","0.1","0.03","2","10","44","0.17770849571317227","15.46134663341646","18.820861678004537","103","25","78","10","8.650519031141869","10.526315789473683","2.2135922330097086","2.48","2.128205128205128","1.6431372549019607","1.0950226244343892","1.0357142857142858","2","2"
"7","0.3","10","0.7","10","9","3","50","true","true","0.1","0.03","2","10","45","0.17865253595760788","15.18987341772152","19.00647948164147","106","24","82","9.925093632958802","8.362369337979095","10.499359795134442","2.2264150943396226","2.5","2.1463414634146343","1.624765478424015","1.0822510822510822","1.0353535353535352","2","2"
"7","0.3","10","0.7","10","9","3","50","true","true","0.1","0.03","2","10","46","0.18529411764705883","15.424164524421593","19.77342945417096","114","24","90","10.279531109107303","8.333333333333332","10.962241169305726","2.210526315789474","2.5","2.1333333333333333","1.60752688172043","1.0808510638297872","1.0346534653465347","2","2"
"7","0.3","10","0.7","10","9","3","50","true","true","0.1","0.03","2","10","47","0.19357142857142856","16.5374677002584","20.434353405725567","120","25","95","10.535557506584723","8.680555555555555","11.163337250293772","2.2583333333333333","2.56","2.1789473684210527","1.6195462478184992","1.0791666666666666","1.0339805825242718","2","2"
"7","0.3","10","0.7","10","9","3","50","true","true","0.1","0.03","2","10","48","0.2073509015256588","17.902813299232736","21.788772597526165","130","25","105","11.158798283261802","8.710801393728223","11.958997722095672","2.3","2.8","2.1809523809523808","1.6552315608919383","1.0708333333333333","1.0377358490566038","2","2"
"7","0.3","10","0.7","10","9","3","50","true","true","0.1","0.03","2","10","49","0.21077441077441078","17.480719794344473","22.354014598540147","136","24","112","11.305070656691605","8.333333333333332","12.240437158469945","2.301470588235294","2.8333333333333335","2.1875","1.6605657237936773","1.05668016194332","1.036697247706422","2","2"
"7","0.3","10","0.7","10","9","3","50","true","true","0.1","0.03","2","10","50","0.20863309352517986","17.010309278350515","22.17353198948291","139","23","116","11.173633440514468","7.958477508650519","12.146596858638743","2.2949640287769784","2.869565217391304","2.1810344827586206","1.6406995230524641","1.0602409638554218","1.0309734513274336","2","2"
"8","0.3","10","0.7","10","9","3","50","true","true","0.1","0.03","2","10","0","0","0","0","0","0","0","0","0","0","0","0","0","1","1","1","0","0"
"8","0.3","10","0.7","10","9","3","50","true","true","0.1","0.03","2","10","1","0.03504043126684636","4.391891891891892","0","6","6","0","1.6483516483516485","2.0761245674740483","0","2.1666666666666665","2.1666666666666665","0","1.0787878787878789","1","1","2","2"
"8","0.3","10","0.7","10","9","3","50","true","true","0.1","0.03","2","10","2","0.07068062827225131","8.91089108910891","0","13","13","0","3.532608695652174","4.498269896193772","0","2.076923076923077","2.076923076923077","0","1.1708860759493671","1","1","2","2"
"8","0.3","10","0.7","10","9","3","50","true","true","0.1","0.03","2","10","3","0.07633587786259542","9.900990099009901","0","15","15","0","4","5.263157894736842","0","2","2","0","1.2075471698113207","1","1","2","2"
"8","0.3","10","0.7","10","9","3","50","true","true","0.1","0.03","2","10","4","0.10396039603960396","13.636363636363635","0","21","21","0","5.614973262032086","7.553956834532374","0","2","2","0","1.3513513513513513","1","1","2","2"
"8","0.3","10","0.7","10","9","3","50","true","true","0.1","0.03","2","10","5","0.1201923076923077","15.772870662460567","0","25","25","0","6.702412868632708","9.124087591240876","0","2","2","0","1.4927536231884058","1","1","2","2"
"8","0.3","10","0.7","10","9","3","50","true","true","0.1","0.03","2","10","6","0.12383177570093458","15.384615384615385","2.912621359223301","26","25","1","6.933333333333333","9.124087591240876","0.9900990099009901","2.0384615384615383","2","3","1.6015037593984962","1","1","2","2"
"8","0.3","10","0.7","10","9","3","50","true","true","0.1","0.03","2","10","7","0.13863636363636364","17.261904761904763","2.8846153846153846","30","29","1","7.9787234042553195","10.545454545454545","0.9900990099009901","2.033333333333333","2","3","1.7265625","1.0068027210884354","1","2","2"
"8","0.3","10","0.7","10","9","3","50","true","true","0.1","0.03","2","10","8","0.1390728476821192","16.909620991253643","4.545454545454546","31","29","2","8.115183246073299","10.469314079422382","1.9047619047619049","2.032258064516129","2","2.5","1.7674418604651163","1.0130718954248366","1.0144927536231885","2","2"
"8","0.3","10","0.7","10","9","3","50","true","true","0.1","0.03","2","10","9","0.13948497854077252","17.191977077363894","4.273504273504273","32","30","2","8.290155440414509","10.948905109489052","1.7857142857142856","2.03125","2","2.5","1.823076923076923","1.0194805194805194","1.0285714285714285","2","2"
"8","0.3","10","0.7","10","9","3","50","true","true","0.1","0.03","2","10","10","0.13569937369519833","16.94915254237288","4","32","30","2","8.080808080808081","10.869565217391305","1.6666666666666667","2.03125","2","2.5","1.8161764705882353","1.0196078431372548","1.027027027027027","2","2"
"8","0.3","10","0.7","10","9","3","50","true","true","0.1","0.03","2","10","11","0.1440162271805274","18.08219178082192","3.90625","35","33","2","8.663366336633663","11.743772241992882","1.6260162601626018","2.0285714285714285","2","2.5","1.8633093525179856","1.0129032258064516","1.0266666666666666","2","2"
"8","0.3","10","0.7","10","9","3","50","true","true","0.1","0.03","2","10","12","0.14792899408284024","18.478260869565215","5.0359712230215825","37","34","3","8.937198067632849","12.099644128113878","2.2556390977443606","2.027027027027027","2","2.3333333333333335","1.8873239436619718","1.0127388535031847","1.0256410256410255","2","2"
"8","0.3","10","0.7","10","9","3","50","true","true","0.1","0.03","2","10","13","0.15134099616858238","19.2","4.761904761904762","39","36","3","9.24170616113744","12.76595744680851","2.142857142857143","2.0256410256410255","2","2.3333333333333335","1.904109589041096","1.0192307692307692","1.0493827160493827","2","2"
"8","0.3","10","0.7","10","9","3","50","true","true","0.1","0.03","2","10","14","0.14711359404096835","19.047619047619047","4.40251572327044","39","36","3","9.006928406466514","12.676056338028168","2.013422818791946","2.0256410256410255","2","2.3333333333333335","1.8758169934640523","1.0314465408805031","1.048780487804878","2","2"
"8","0.3","10","0.7","10","9","3","50","true","true","0.1","0.03","2","10","15","0.15009041591320071","19.94750656167979","4.069767441860465","41","38","3","9.255079006772009","13.286713286713287","1.910828025477707","2.024390243902439","2","2.3333333333333335","1.9050632911392404","1.0316455696202531","1.0470588235294118","2","2"
"8","0.3","10","0.7","10","9","3","50","true","true","0.1","0.03","2","10","16","0.15641476274165203","21.025641025641026","3.910614525139665","44","41","3","9.777777777777779","14.285714285714285","1.8404907975460123","2.022727272727273","2","2.3333333333333335","1.937888198757764","1.0443037974683544","1.0574712643678161","2","2"
"8","0.3","10","0.7","10","9","3","50","true","true","0.1","0.03","2","10","17","0.15699658703071673","20.51282051282051","6.122448979591836","45","40","5","9.698275862068966","13.986013986013987","2.8089887640449436","2.0444444444444443","2","2.4","1.9230769230769231","1.04375","1.0561797752808988","2","2"
"8","0.3","10","0.7","10","9","3","50","true","true","0.1","0.03","2","10","18","0.1625207296849088","20.460358056265985","8.49056603773585","48","40","8","10.126582278481013","13.986013986013987","4.25531914893617","2.0416666666666665","2","2.25","1.9204545454545454","1.0569620253164558","1.065217391304348","2","2"
"8","0.3","10","0.7","10","9","3","50","true","true","0.1","0.03","2","10","19","0.1642512077294686","20.918367346938776","8.73362445414847","50","41","9","10.2880658436214","14.43661971830986","4.455445544554455","2.04","2","2.2222222222222223","1.9337016574585635","1.0617283950617284","1.064516129032258","2","2"
"8","0.3","10","0.7","10","9","3","50","true","true","0.1","0.03","2","10","20","0.16901408450704225","21.21212121212121","9.876543209876543","53","42","11","10.663983903420524","14.788732394366196","5.164319248826291","2.0377358490566038","2","2.1818181818181817","1.9365079365079365","1.0754716981132075","1.0625","2","2"
"8","0.3","10","0.7","10","9","3","50","true","true","0.1","0.03","2","10","21","0.16109422492401215","20.551378446115287","9.266409266409266","52","41","11","10.176125244618394","14.43661971830986","4.845814977973569","2.0384615384615383","2","2.1818181818181817","1.891089108910891","1.0833333333333333","1.0594059405940595","2","2"
"8","0.3","10","0.7","10","9","3","50","true","true","0.1","0.03","2","10","22","0.15657311669128507","19.45137157107232","10.144927536231885","52","39","13","9.885931558935361","13.636363636363635","5.416666666666667","2.0384615384615383","2","2.1538461538461537","1.863849765258216","1.0897435897435896","1.0679611650485437","2","2"
"8","0.3","10","0.7","10","9","3","50","true","true","0.1","0.03","2","10","23","0.15494978479196556","19.402985074626866","10.16949152542373","53","39","14","9.760589318600369","13.588850174216027","5.46875","2.0377358490566038","2","2.142857142857143","1.8295964125560538","1.0925925925925926","1.0666666666666667","2","2"
"8","0.3","10","0.7","10","9","3","50","true","true","0.1","0.03","2","10","24","0.14783821478382148","18.546365914786968","10.062893081761008","52","37","15","9.285714285714286","12.937062937062937","5.474452554744526","2.0384615384615383","2","2.1333333333333333","1.811965811965812","1.0797546012269938","1.0636363636363637","2","2"
"8","0.3","10","0.7","10","9","3","50","true","true","0.1","0.03","2","10","25","0.14363143631436315","17.587939698492463","10.588235294117647","52","35","17","8.919382504288166","12.152777777777777","5.762711864406779","2.0384615384615383","2","2.1176470588235294","1.7732793522267207","1.0595238095238095","1.0608695652173914","2","2"
"8","0.3","10","0.7","10","9","3","50","true","true","0.1","0.03","2","10","26","0.14473684210526316","17.632241813602015","11.019283746556475","54","35","19","9","12.152777777777777","6.089743589743589","2.037037037037037","2","2.1052631578947367","1.7567567567567568","1.0650887573964498","1.0593220338983051","2","2"
"8","0.3","10","0.7","10","9","3","50","true","true","0.1","0.03","2","10","27","0.14705882352941177","17.17171717171717","12.176165803108809","56","34","22","9.090909090909092","11.805555555555555","6.707317073170732","2.0535714285714284","2","2.1363636363636362","1.7518518518518518","1.0773809523809523","1.0578512396694215","2","2"
"8","0.3","10","0.7","10","9","3","50","true","true","0.1","0.03","2","10","28","0.1453416149068323","16.666666666666664","12.469437652811736","57","33","24","8.948194662480377","11.458333333333332","6.876790830945559","2.0526315789473686","2","2.125","1.7177700348432057","1.0783132530120483","1.0555555555555556","2","2"
"8","0.3","10","0.7","10","9","3","50","true","true","0.1","0.03","2","10","29","0.14354644149577805","16.5","12.354312354312354","58","33","25","8.854961832061068","11.418685121107266","6.830601092896176","2.0517241379310347","2","2.12","1.7090301003344481","1.0714285714285714","1.0615384615384615","2","2"
"8","0.3","10","0.7","10","9","3","50","true","true","0.1","0.03","2","10","30","0.14419695193434937","16.20253164556962","12.882096069868995","60","32","28","8.836524300441827","11.072664359861593","7.179487179487179","2.05","2","2.107142857142857","1.6867088607594938","1.0650887573964498","1.0606060606060606","2","2"
"8","0.3","10","0.7","10","9","3","50","true","true","0.1","0.03","2","10","31","0.1469248291571754","16.3265306122449","13.37448559670782","63","32","31","9.025787965616045","11.11111111111111","7.560975609756097","2.0476190476190474","2","2.096774193548387","1.6778115501519757","1.0701754385964912","1.0592592592592593","2","2"
"8","0.3","10","0.7","10","9","3","50","true","true","0.1","0.03","2","10","32","0.14380530973451328","15.816326530612246","13.28125","64","31","33","8.88888888888889","10.76388888888889","7.638888888888889","2.03125","2","2.0606060606060606","1.6637426900584795","1.0795454545454546","1.0583941605839415","2","2"
"8","0.3","10","0.7","10","9","3","50","true","true","0.1","0.03","2","10","33","0.13963480128893663","15.384615384615385","12.939001848428836","64","30","34","8.579088471849866","10.416666666666668","7.423580786026202","2.03125","2","2.0588235294117645","1.6295264623955432","1.0756756756756756","1.065217391304348","2","2"
"8","0.3","10","0.7","10","9","3","50","true","true","0.1","0.03","2","10","34","0.1419624217118998","15.424164524421593","13.356766256590511","67","30","37","8.735332464146023","10.416666666666668","7.724425887265135","2.029850746268657","2","2.054054054054054","1.6405405405405404","1.0740740740740742","1.064748201438849","2","2"
"8","0.3","10","0.7","10","9","3","50","true","true","0.1","0.03","2","10","35","0.14807302231237324","15.424164524421593","14.40536013400335","72","30","42","9.113924050632912","10.416666666666668","8.366533864541832","2.0277777777777777","2","2.0476190476190474","1.6356589147286822","1.0687830687830688","1.0633802816901408","2","2"
"8","0.3","10","0.7","10","9","3","50","true","true","0.1","0.03","2","10","36","0.14876847290640394","14.507772020725387","15.103338632750399","74","28","46","9.04645476772616","9.688581314878892","8.695652173913043","2.0405405405405403","2","2.0652173913043477","1.6153846153846154","1.0829015544041452","1.0616438356164384","2","2"
"8","0.3","10","0.7","10","9","3","50","true","true","0.1","0.03","2","10","37","0.15311004784688995","14.470284237726098","15.80547112462006","77","28","49","9.188544152744631","9.688581314878892","8.925318761384334","2.0779220779220777","2","2.122448979591837","1.6211031175059951","1.08994708994709","1.0584415584415585","2","2"
"8","0.3","10","0.7","10","9","3","50","true","true","0.1","0.03","2","10","38","0.15427509293680297","13.577023498694519","16.450216450216452","77","26","51","8.932714617169374","9.027777777777777","8.885017421602788","2.155844155844156","2","2.235294117647059","1.625","1.0687830687830688","1.0552147239263803","2","2"
"8","0.3","10","0.7","10","9","3","50","true","true","0.1","0.03","2","10","39","0.15342960288808663","13.436692506459949","16.36615811373093","79","26","53","8.886389201349832","8.996539792387544","8.833333333333334","2.151898734177215","2","2.2264150943396226","1.6087912087912088","1.065217391304348","1.0526315789473684","2","2"
"8","0.3","10","0.7","10","9","3","50","true","true","0.1","0.03","2","10","40","0.15950920245398773","12.919896640826872","17.50663129973475","84","25","59","9.210526315789473","8.680555555555555","9.455128205128204","2.1666666666666665","2","2.23728813559322","1.6244635193133048","1.068421052631579","1.0584795321637428","2","2"
"8","0.3","10","0.7","10","9","3","50","true","true","0.1","0.03","2","10","41","0.16170212765957448","12.4031007751938","18.02030456852792","87","24","63","9.26517571884984","8.304498269896193","9.692307692307692","2.1839080459770117","2","2.253968253968254","1.6229166666666666","1.082051282051282","1.0571428571428572","2","2"
"8","0.3","10","0.7","10","9","3","50","true","true","0.1","0.03","2","10","42","0.16198347107438016","11.488250652741515","18.37968561064087","89","22","67","9.146968139773895","7.612456747404845","9.7953216374269","2.202247191011236","2","2.2686567164179103","1.6055776892430278","1.07","1.0555555555555556","2","2"
"8","0.3","10","0.7","10","9","3","50","true","true","0.1","0.03","2","10","43","0.1581059390048154","11.052631578947368","17.89838337182448","89","21","68","8.81188118811881","7.26643598615917","9.43134535367545","2.2134831460674156","2","2.2794117647058822","1.583969465648855","1.0467289719626167","1.054945054945055","2","2"
"8","0.3","10","0.7","10","9","3","50","true","true","0.1","0.03","2","10","44","0.16212003117692908","11.052631578947368","18.383167220376524","94","21","73","9.04716073147257","7.26643598615917","9.733333333333333","2.2127659574468086","2","2.2739726027397262","1.5845588235294117","1.0462962962962963","1.054054054054054","2","2"
"8","0.3","10","0.7","10","9","3","50","true","true","0.1","0.03","2","10","45","0.1680545041635125","11.023622047244094","19.148936170212767","100","21","79","9.380863039399625","7.26643598615917","10.167310167310168","2.22","2","2.278481012658228","1.5946428571428573","1.0555555555555556","1.0526315789473684","2","2"
"8","0.3","10","0.7","10","9","3","50","true","true","0.1","0.03","2","10","46","0.1661764705882353","10","19.183673469387756","101","19","82","9.173478655767484","6.5743944636678195","10.098522167487685","2.237623762376238","2","2.292682926829268","1.582191780821918","1.055299539170507","1.0507614213197969","2","2"
"8","0.3","10","0.7","10","9","3","50","true","true","0.1","0.03","2","10","47","0.1707142857142857","9.549071618037134","19.843597262952102","103","18","85","9.139307897071872","6.228373702422145","10.143198090692124","2.320388349514563","2","2.388235294117647","1.5969899665551839","1.0452488687782806","1.0490196078431373","2","2"
"8","0.3","10","0.7","10","9","3","50","true","true","0.1","0.03","2","10","48","0.17614424410540916","9.574468085106384","20.45028142589118","110","18","92","9.507346585998272","6.228373702422145","10.599078341013826","2.309090909090909","2","2.369565217391304","1.6091205211726385","1.0491071428571428","1.0478468899521531","2","2"
"8","0.3","10","0.7","10","9","3","50","true","true","0.1","0.03","2","10","49","0.18047138047138048","9.090909090909092","21.062106210621064","116","17","99","9.731543624161073","5.902777777777778","10.951327433628318","2.310344827586207","2","2.3636363636363638","1.615141955835962","1.043103448275862","1.0478468899521531","2","2"
"8","0.3","10","0.7","10","9","3","50","true","true","0.1","0.03","2","10","50","0.18181818181818182","8.086253369272237","21.416234887737478","122","15","107","9.91869918699187","5.244755244755245","11.334745762711865","2.278688524590164","2","2.317757009345794","1.605740181268882","1.0476190476190477","1.0467289719626167","2","2"
"9","0.3","10","0.7","10","9","3","50","true","true","0.1","0.03","2","10","0","0","0","0","0","0","0","0","0","0","0","0","0","1","1","1","0","0"
"9","0.3","10","0.7","10","9","3","50","true","true","0.1","0.03","2","10","1","0.026954177897574125","3.389830508474576","0","4","4","0","1.095890410958904","1.384083044982699","0","2.5","2.5","0","1.0584795321637428","1","1","2","2"
"9","0.3","10","0.7","10","9","3","50","true","true","0.1","0.03","2","10","2","0.05759162303664921","7.28476821192053","0","9","9","0","2.4390243902439024","3.1141868512110724","0","2.4444444444444446","2.4444444444444446","0","1.1317365269461077","1","1","2","2"
"9","0.3","10","0.7","10","9","3","50","true","true","0.1","0.03","2","10","3","0.08142493638676845","10.738255033557047","0","13","13","0","3.485254691689008","4.676258992805756","0","2.4615384615384617","2.4615384615384617","0","1.2037037037037037","1","1","2","2"
"9","0.3","10","0.7","10","9","3","50","true","true","0.1","0.03","2","10","4","0.08415841584158416","11.221122112211221","0","14","14","0","3.6939313984168867","5.0359712230215825","0","2.4285714285714284","2.4285714285714284","0","1.2378048780487805","1","1","2","2"
"9","0.3","10","0.7","10","9","3","50","true","true","0.1","0.03","2","10","5","0.125","16.720257234726688","0","17","17","0","4.5822102425876015","6.390977443609022","0","3.0588235294117645","3.0588235294117645","0","1.4217687074829932","1","1","2","2"
"9","0.3","10","0.7","10","9","3","50","true","true","0.1","0.03","2","10","6","0.1308411214953271","17.088607594936708","1.7857142857142856","19","18","1","5.039787798408488","6.7669172932330826","0.9009009009009009","2.9473684210526314","3","2","1.4827586206896552","1","1","2","2"
"9","0.3","10","0.7","10","9","3","50","true","true","0.1","0.03","2","10","7","0.1409090909090909","18.75","1.6666666666666667","22","21","1","5.7591623036649215","7.9245283018867925","0.8547008547008548","2.8181818181818183","2.857142857142857","2","1.5486111111111112","1.0068493150684932","1","2","2"
"9","0.3","10","0.7","10","9","3","50","true","true","0.1","0.03","2","10","8","0.1456953642384106","18.960244648318042","3.1746031746031744","24","22","2","6.122448979591836","8.148148148148149","1.639344262295082","2.75","2.8181818181818183","2","1.5608108108108107","1.0135135135135136","1","2","2"
"9","0.3","10","0.7","10","9","3","50","true","true","0.1","0.03","2","10","9","0.15450643776824036","19.642857142857142","4.615384615384616","27","24","3","6.870229007633588","8.88888888888889","2.4390243902439024","2.6666666666666665","2.75","2","1.6620689655172414","1.0268456375838926","1","2","2"
"9","0.3","10","0.7","10","9","3","50","true","true","0.1","0.03","2","10","10","0.15866388308977036","19.186046511627907","7.4074074074074066","29","24","5","7.249999999999999","8.75912408759124","3.968253968253968","2.6206896551724137","2.75","2","1.710344827586207","1.0335570469798658","1","2","2"
"9","0.3","10","0.7","10","9","3","50","true","true","0.1","0.03","2","10","11","0.16227180527383367","19.37321937321937","8.450704225352112","31","25","6","7.616707616707617","9.090909090909092","4.545454545454546","2.5806451612903225","2.72","2","1.7619047619047619","1.033112582781457","1","2","2"
"9","0.3","10","0.7","10","9","3","50","true","true","0.1","0.03","2","10","12","0.16173570019723865","19.662921348314608","7.9470198675496695","32","26","6","7.710843373493977","9.454545454545455","4.285714285714286","2.5625","2.6923076923076925","2","1.7828947368421053","1.033112582781457","1","2","2"
"9","0.3","10","0.7","10","9","3","50","true","true","0.1","0.03","2","10","13","0.16091954022988506","19.726027397260275","7.643312101910828","33","27","6","7.783018867924528","9.712230215827338","4.10958904109589","2.5454545454545454","2.6666666666666665","2","1.8051948051948052","1.0389610389610389","1.0120481927710843","2","2"
"9","0.3","10","0.7","10","9","3","50","true","true","0.1","0.03","2","10","14","0.1564245810055866","19.618528610354225","7.0588235294117645","33","27","6","7.5","9.608540925266903","3.7735849056603774","2.5454545454545454","2.6666666666666665","2","1.7484662576687116","1.037037037037037","1.024390243902439","2","2"
"9","0.3","10","0.7","10","9","3","50","true","true","0.1","0.03","2","10","15","0.15551537070524413","19.07356948228883","8.60215053763441","34","26","8","7.505518763796909","9.219858156028367","4.678362573099415","2.5294117647058822","2.6923076923076925","2","1.736842105263158","1.030674846625767","1.0476190476190477","2","2"
"9","0.3","10","0.7","10","9","3","50","true","true","0.1","0.03","2","10","16","0.15992970123022848","19.72972972972973","9.045226130653267","36","27","9","7.860262008733625","9.712230215827338","5","2.5277777777777777","2.7037037037037037","2","1.8058823529411765","1.0421686746987953","1.0470588235294118","2","2"
"9","0.3","10","0.7","10","9","3","50","true","true","0.1","0.03","2","10","17","0.1689419795221843","20.588235294117645","10.377358490566039","40","29","11","8.565310492505352","10.431654676258994","5.82010582010582","2.475","2.6551724137931036","2","1.8604651162790697","1.0426829268292683","1.043956043956044","2","2"
"9","0.3","10","0.7","10","9","3","50","true","true","0.1","0.03","2","10","18","0.17081260364842454","20.424403183023873","11.504424778761061","42","29","13","8.75","10.357142857142858","6.5","2.4523809523809526","2.6551724137931036","2","1.8435754189944134","1.0617283950617284","1.041237113402062","2","2"
"9","0.3","10","0.7","10","9","3","50","true","true","0.1","0.03","2","10","19","0.16586151368760063","20.10443864229765","10.92436974789916","42","29","13","8.55397148676171","10.28368794326241","6.220095693779904","2.4523809523809526","2.6551724137931036","2","1.8440860215053763","1.0674846625766872","1.04","2","2"
"9","0.3","10","0.7","10","9","3","50","true","true","0.1","0.03","2","10","20","0.17370892018779344","20.20460358056266","12.903225806451612","46","30","16","9.163346613545817","10.48951048951049","7.4074074074074066","2.4130434782608696","2.6333333333333333","2","1.903225806451613","1.0662650602409638","1.0384615384615385","2","2"
"9","0.3","10","0.7","10","9","3","50","true","true","0.1","0.03","2","10","21","0.17477203647416414","19.94949494949495","13.740458015267176","48","30","18","9.35672514619883","10.452961672473867","7.964601769911504","2.3958333333333335","2.6333333333333333","2","1.9166666666666667","1.0714285714285714","1.0476190476190477","2","2"
"9","0.3","10","0.7","10","9","3","50","true","true","0.1","0.03","2","10","22","0.17872968980797638","20.454545454545457","14.23487544483986","51","31","20","9.67741935483871","10.76388888888889","8.368200836820083","2.372549019607843","2.6129032258064515","2","1.92964824120603","1.0701754385964912","1.0476190476190477","2","2"
"9","0.3","10","0.7","10","9","3","50","true","true","0.1","0.03","2","10","23","0.18220946915351507","20.80200501253133","14.76510067114094","54","32","22","10.05586592178771","11.188811188811188","8.764940239043826","2.3518518518518516","2.59375","2","1.9653465346534653","1.0813953488372092","1.0458715596330275","2","2"
"9","0.3","10","0.7","10","9","3","50","true","true","0.1","0.03","2","10","24","0.18828451882845187","21.03960396039604","15.974440894568689","58","33","25","10.564663023679417","11.458333333333332","9.578544061302683","2.3275862068965516","2.5757575757575757","2","1.9903381642512077","1.0919540229885059","1.0454545454545454","2","2"
"9","0.3","10","0.7","10","9","3","50","true","true","0.1","0.03","2","10","25","0.18834688346883469","21.09181141439206","16.119402985074625","60","33","27","10.638297872340425","11.498257839721255","9.747292418772563","2.316666666666667","2.5757575757575757","2","1.9861111111111112","1.0935672514619883","1.0427350427350428","2","2"
"9","0.3","10","0.7","10","9","3","50","true","true","0.1","0.03","2","10","26","0.1881578947368421","21.03960396039604","16.292134831460675","62","33","29","10.616438356164384","11.418685121107266","9.830508474576272","2.306451612903226","2.5757575757575757","2","1.968888888888889","1.0833333333333333","1.0427350427350428","2","2"
"9","0.3","10","0.7","10","9","3","50","true","true","0.1","0.03","2","10","27","0.19309462915601022","21.25","17.277486910994764","66","33","33","11.018363939899833","11.498257839721255","10.576923076923077","2.287878787878788","2.5757575757575757","2","1.9870129870129871","1.089385474860335","1.0406504065040652","2","2"
"9","0.3","10","0.7","10","9","3","50","true","true","0.1","0.03","2","10","28","0.19006211180124225","21.09181141439206","16.91542288557214","67","33","34","10.823909531502423","11.418685121107266","10.303030303030303","2.283582089552239","2.5757575757575757","2","1.9385245901639345","1.1055555555555556","1.0390625","2","2"
"9","0.3","10","0.7","10","9","3","50","true","true","0.1","0.03","2","10","29","0.18697225572979492","20.199501246882793","17.289719626168225","68","31","37","10.658307210031348","10.76388888888889","10.571428571428571","2.2794117647058822","2.6129032258064515","2","1.9333333333333333","1.0918918918918918","1.0387596899224807","2","2"
"9","0.3","10","0.7","10","9","3","50","true","true","0.1","0.03","2","10","30","0.18874560375146543","20.25","17.660044150110377","71","31","40","10.823170731707316","10.801393728222997","10.840108401084011","2.267605633802817","2.6129032258064515","2","1.935361216730038","1.0894736842105264","1.0378787878787878","2","2"
"9","0.3","10","0.7","10","9","3","50","true","true","0.1","0.03","2","10","31","0.1788154897494305","19.75","16.317991631799163","69","30","39","10.147058823529411","10.416666666666668","9.948979591836734","2.2753623188405796","2.6333333333333333","2","1.8714285714285714","1.1025641025641026","1.037313432835821","2","2"
"9","0.3","10","0.7","10","9","3","50","true","true","0.1","0.03","2","10","32","0.16924778761061948","18.703241895261847","15.50695825049702","67","28","39","9.517045454545455","9.688581314878892","9.397590361445783","2.283582089552239","2.6785714285714284","2","1.8106312292358804","1.095959595959596","1.0518518518518518","2","2"
"9","0.3","10","0.7","10","9","3","50","true","true","0.1","0.03","2","10","33","0.16219119226638024","17.929292929292927","14.953271028037381","66","26","40","9.028727770177838","9.027777777777777","9.029345372460497","2.287878787878788","2.730769230769231","2","1.7546583850931676","1.095","1.0425531914893618","2","2"
"9","0.3","10","0.7","10","9","3","50","true","true","0.1","0.03","2","10","34","0.1617954070981211","17.884130982367758","14.973262032085561","68","26","42","9.018567639257293","9.027777777777777","9.012875536480687","2.2794117647058822","2.730769230769231","2","1.7272727272727273","1.0904522613065326","1.0410958904109588","2","2"
"9","0.3","10","0.7","10","9","3","50","true","true","0.1","0.03","2","10","35","0.1612576064908722","17.091836734693878","15.488215488215488","70","24","46","8.962868117797695","8.362369337979095","9.31174089068826","2.2714285714285714","2.7916666666666665","2","1.701949860724234","1.0895522388059702","1.04","2","2"
"9","0.3","10","0.7","10","9","3","50","true","true","0.1","0.03","2","10","36","0.1605911330049261","17.091836734693878","15.409309791332262","72","24","48","8.88888888888889","8.304498269896193","9.213051823416507","2.263888888888889","2.7916666666666665","2","1.6719576719576719","1.0833333333333333","1.0384615384615385","2","2"
"9","0.3","10","0.7","10","9","3","50","true","true","0.1","0.03","2","10","37","0.16172248803827752","17.2680412371134","15.52511415525114","75","24","51","8.928571428571429","8.333333333333332","9.239130434782608","2.2533333333333334","2.7916666666666665","2","1.6491228070175439","1.0735294117647058","1.037037037037037","2","2"
"9","0.3","10","0.7","10","9","3","50","true","true","0.1","0.03","2","10","38","0.16356877323420074","16.709511568123396","16.157205240174672","78","23","55","9.017341040462428","7.986111111111111","9.532062391681109","2.2564102564102564","2.8260869565217392","2.018181818181818","1.6497584541062802","1.0682926829268293","1.0357142857142858","2","2"
"9","0.3","10","0.7","10","9","3","50","true","true","0.1","0.03","2","10","39","0.1624548736462094","16.195372750642672","16.27260083449235","80","22","58","8.958566629339305","7.612456747404845","9.602649006622517","2.25","2.8636363636363638","2.0172413793103448","1.6380510440835268","1.0714285714285714","1.0350877192982457","2","2"
"9","0.3","10","0.7","10","9","3","50","true","true","0.1","0.03","2","10","40","0.16827344434706398","15.681233933161954","17.420212765957448","85","21","64","9.269356597600872","7.26643598615917","10.191082802547772","2.2588235294117647","2.9047619047619047","2.046875","1.6493212669683257","1.0794392523364487","1.0342857142857143","2","2"
"9","0.3","10","0.7","10","9","3","50","true","true","0.1","0.03","2","10","41","0.16936170212765958","15.721649484536082","17.53494282083863","88","21","67","9.253417455310199","7.26643598615917","10.120845921450151","2.2613636363636362","2.9047619047619047","2.0597014925373136","1.6231263383297645","1.0787037037037037","1.0337078651685394","2","2"
"9","0.3","10","0.7","10","9","3","50","true","true","0.1","0.03","2","10","42","0.1628099173553719","15.089514066496163","16.84981684981685","87","20","67","8.868501529051988","6.944444444444445","9.668109668109668","2.264367816091954","2.95","2.0597014925373136","1.605316973415133","1.0669642857142858","1.0333333333333334","2","2"
"9","0.3","10","0.7","10","9","3","50","true","true","0.1","0.03","2","10","43","0.16292134831460675","15.128205128205128","16.822429906542055","90","20","70","8.866995073891626","6.944444444444445","9.628610729023384","2.2555555555555555","2.95","2.057142857142857","1.583657587548638","1.0678733031674208","1.0315789473684212","2","2"
"9","0.3","10","0.7","10","9","3","50","true","true","0.1","0.03","2","10","44","0.17147310989867498","15.167095115681233","18.008948545861298","98","20","78","9.423076923076923","6.944444444444445","10.372340425531915","2.2448979591836733","2.95","2.0641025641025643","1.6130268199233717","1.0663716814159292","1.0309278350515463","2","2"
"9","0.3","10","0.7","10","9","3","50","true","true","0.1","0.03","2","10","45","0.17562452687358063","15.089514066496163","18.602150537634408","103","20","83","9.60820895522388","6.920415224913495","10.600255427841635","2.2524271844660193","2.95","2.0843373493975905","1.6114180478821363","1.0608695652173914","1.030612244897959","2","2"
"9","0.3","10","0.7","10","9","3","50","true","true","0.1","0.03","2","10","46","0.17352941176470588","15.128205128205128","18.24742268041237","105","20","85","9.47653429602888","6.944444444444445","10.365853658536585","2.2476190476190476","2.95","2.0823529411764707","1.5901926444833625","1.0600858369098713","1.0301507537688441","2","2"
"9","0.3","10","0.7","10","9","3","50","true","true","0.1","0.03","2","10","47","0.17214285714285715","15.089514066496163","18.037661050545097","107","20","87","9.344978165938866","6.920415224913495","10.163551401869158","2.2523364485981308","2.95","2.0919540229885056","1.573109243697479","1.0632911392405062","1.029126213592233","2","2"
"9","0.3","10","0.7","10","9","3","50","true","true","0.1","0.03","2","10","48","0.17059639389736478","14.805194805194805","17.880794701986755","109","19","90","9.175084175084175","6.5743944636678195","10.011123470522804","2.256880733944954","3","2.1","1.5463258785942493","1.066390041493776","1.028436018957346","2","2"
"9","0.3","10","0.7","10","9","3","50","true","true","0.1","0.03","2","10","49","0.17037037037037037","14.882506527415144","17.78584392014519","112","19","93","9.1279543602282","6.597222222222222","9.904153354632587","2.2589285714285716","3","2.10752688172043","1.5352760736196318","1.0647773279352226","1.027906976744186","2","2"
"9","0.3","10","0.7","10","9","3","50","true","true","0.1","0.03","2","10","50","0.17135382603008503","14.766839378238341","17.935258092738408","115","19","96","9.105304829770388","6.5743944636678195","9.856262833675565","2.2782608695652176","3","2.1354166666666665","1.528023598820059","1.0688259109311742","1.0269058295964126","2","2"
"10","0.3","10","0.7","10","9","3","50","true","true","0.1","0.03","2","10","0","0","0","0","0","0","0","0","0","0","0","0","0","1","1","1","0","0"
"10","0.3","10","0.7","10","9","3","50","true","true","0.1","0.03","2","10","1","0.029649595687331536","3.728813559322034","0","5","5","0","1.36986301369863","1.7301038062283738","0","2.2","2.2","0","1.0654761904761905","1","1","2","2"
"10","0.3","10","0.7","10","9","3","50","true","true","0.1","0.03","2","10","2","0.04450261780104712","5.704697986577181","0","8","8","0","2.1447721179624666","2.768166089965398","0","2.125","2.125","0","1.1024096385542168","1","1","2","2"
"10","0.3","10","0.7","10","9","3","50","true","true","0.1","0.03","2","10","3","0.05597964376590331","7.357859531772576","0","10","10","0","2.631578947368421","3.4965034965034967","0","2.2","2.2","0","1.1377245508982037","1","1","2","2"
"10","0.3","10","0.7","10","9","3","50","true","true","0.1","0.03","2","10","4","0.09158415841584158","12.211221122112212","0","14","14","0","3.7037037037037033","5.054151624548736","0","2.642857142857143","2.642857142857143","0","1.2580645161290323","1","1.0149253731343284","2","2"
"10","0.3","10","0.7","10","9","3","50","true","true","0.1","0.03","2","10","5","0.12740384615384615","16.825396825396826","0","20","20","0","5.3908355795148255","7.4074074074074066","0","2.65","2.65","0","1.45","1.0070422535211268","1.0144927536231885","2","2"
"10","0.3","10","0.7","10","9","3","50","true","true","0.1","0.03","2","10","6","0.1542056074766355","20.37037037037037","0","25","25","0","6.775067750677506","9.398496240601503","0","2.64","2.64","0","1.6259541984732824","1.006993006993007","1.0142857142857142","2","2"
"10","0.3","10","0.7","10","9","3","50","true","true","0.1","0.03","2","10","7","0.17272727272727273","22.89156626506024","0","28","28","0","7.608695652173914","10.687022900763358","0","2.7142857142857144","2.7142857142857144","0","1.776","1.013793103448276","1.0142857142857142","2","2"
"10","0.3","10","0.7","10","9","3","50","true","true","0.1","0.03","2","10","8","0.17439293598233996","23.099415204678362","0","29","29","0","7.795698924731183","11.02661596958175","0","2.7241379310344827","2.7241379310344827","0","1.853658536585366","1.0204081632653061","1.0273972602739727","2","2"
"10","0.3","10","0.7","10","9","3","50","true","true","0.1","0.03","2","10","9","0.1781115879828326","23.646723646723647","0","31","31","0","8.136482939632545","11.567164179104477","0","2.6774193548387095","2.6774193548387095","0","1.873015873015873","1.0263157894736843","1.0277777777777777","2","2"
"10","0.3","10","0.7","10","9","3","50","true","true","0.1","0.03","2","10","10","0.18580375782881003","24.92997198879552","0","34","34","0","8.740359897172237","12.639405204460965","0","2.6176470588235294","2.6176470588235294","0","1.936","1.032258064516129","1.0266666666666666","2","2"
"10","0.3","10","0.7","10","9","3","50","true","true","0.1","0.03","2","10","11","0.18661257606490872","25.136612021857925","0","35","35","0","8.83838383838384","12.867647058823529","0","2.6285714285714286","2.6285714285714286","0","1.96875","1.0382165605095541","1.0263157894736843","2","2"
"10","0.3","10","0.7","10","9","3","50","true","true","0.1","0.03","2","10","12","0.1992110453648915","27.22371967654987","0","39","39","0","9.67741935483871","14.391143911439114","0","2.58974358974359","2.58974358974359","0","2.046511627906977","1.0384615384615385","1.0253164556962024","2","2"
"10","0.3","10","0.7","10","9","3","50","true","true","0.1","0.03","2","10","13","0.20689655172413793","27.807486631016044","2.7027027027027026","41","40","1","10.024449877750612","14.814814814814813","0.7194244604316548","2.6341463414634148","2.6","4","2.125","1.05","1.025","2","2"
"10","0.3","10","0.7","10","9","3","50","true","true","0.1","0.03","2","10","14","0.21601489757914338","28.871391076115486","3.8461538461538463","45","43","2","10.79136690647482","15.808823529411764","1.3793103448275863","2.577777777777778","2.558139534883721","3","2.2125984251968505","1.0555555555555556","1.0240963855421688","2","2"
"10","0.3","10","0.7","10","9","3","50","true","true","0.1","0.03","2","10","15","0.22603978300180833","29.35064935064935","7.142857142857142","49","44","5","11.502347417840376","16","3.3112582781456954","2.5510204081632653","2.5681818181818183","2.4","2.2790697674418605","1.0552147239263803","1.0235294117647058","2","2"
"10","0.3","10","0.7","10","9","3","50","true","true","0.1","0.03","2","10","16","0.22319859402460457","28.974358974358978","7.82122905027933","50","44","6","11.389521640091116","15.770609318996415","3.75","2.54","2.5681818181818183","2.3333333333333335","2.2426470588235294","1.05625","1.021505376344086","2","2"
"10","0.3","10","0.7","10","9","3","50","true","true","0.1","0.03","2","10","17","0.22013651877133106","28.82205513784461","7.4866310160427805","51","45","6","11.434977578475337","16.071428571428573","3.614457831325301","2.5294117647058822","2.5555555555555554","2.3333333333333335","2.3185185185185184","1.0602409638554218","1.0319148936170213","2","2"
"10","0.3","10","0.7","10","9","3","50","true","true","0.1","0.03","2","10","18","0.22056384742951907","29.166666666666668","7.179487179487179","53","47","6","11.62280701754386","16.607773851590103","3.4682080924855487","2.509433962264151","2.5319148936170213","2.3333333333333335","2.3550724637681157","1.0595238095238095","1.0309278350515463","2","2"
"10","0.3","10","0.7","10","9","3","50","true","true","0.1","0.03","2","10","19","0.214170692431562","28.743961352657006","6.763285024154589","53","47","6","11.27659574468085","16.433566433566433","3.260869565217391","2.509433962264151","2.5319148936170213","2.3333333333333335","2.2905405405405403","1.0595238095238095","1.0297029702970297","2","2"
"10","0.3","10","0.7","10","9","3","50","true","true","0.1","0.03","2","10","20","0.2112676056338028","28.4688995215311","7.239819004524888","54","47","7","11.15702479338843","16.319444444444446","3.571428571428571","2.5","2.5319148936170213","2.2857142857142856","2.2679738562091503","1.069767441860465","1.0285714285714285","2","2"
"10","0.3","10","0.7","10","9","3","50","true","true","0.1","0.03","2","10","21","0.20972644376899696","28.333333333333332","7.9831932773109235","55","47","8","11.088709677419354","16.26297577854671","3.864734299516908","2.5090909090909093","2.5319148936170213","2.375","2.2641509433962264","1.0742857142857143","1.02803738317757","2","2"
"10","0.3","10","0.7","10","9","3","50","true","true","0.1","0.03","2","10","22","0.19497784342688332","27.098321342925658","7.307692307692308","52","44","8","10.15625","15.33101045296167","3.5555555555555554","2.5384615384615383","2.5681818181818183","2.375","2.1494252873563218","1.0818713450292399","1.0350877192982457","2","2"
"10","0.3","10","0.7","10","9","3","50","true","true","0.1","0.03","2","10","23","0.18651362984218078","26.650943396226417","6.227106227106227","51","44","7","9.659090909090908","15.22491349480969","2.928870292887029","2.549019607843137","2.5681818181818183","2.4285714285714284","2.092391304347826","1.0777777777777777","1.0535714285714286","2","2"
"10","0.3","10","0.7","10","9","3","50","true","true","0.1","0.03","2","10","24","0.18410041841004185","26.588235294117645","6.506849315068493","52","44","8","9.558823529411764","15.33101045296167","3.11284046692607","2.5384615384615383","2.5681818181818183","2.375","2.051546391752577","1.0756756756756756","1.0619469026548674","2","2"
"10","0.3","10","0.7","10","9","3","50","true","true","0.1","0.03","2","10","25","0.1842818428184282","26.179245283018872","7.961783439490445","53","43","10","9.44741532976827","14.930555555555555","3.6630036630036633","2.5660377358490565","2.5813953488372094","2.5","2.0096618357487923","1.0773480662983426","1.0672268907563025","2","2"
"10","0.3","10","0.7","10","9","3","50","true","true","0.1","0.03","2","10","26","0.18947368421052632","26.11764705882353","9.850746268656717","57","43","14","9.91304347826087","14.878892733564014","4.895104895104895","2.526315789473684","2.5813953488372094","2.357142857142857","2.0046296296296298","1.0944444444444446","1.0655737704918034","2","2"
"10","0.3","10","0.7","10","9","3","50","true","true","0.1","0.03","2","10","27","0.18797953964194372","25.768321513002363","10.584958217270195","58","42","16","9.813874788494077","14.583333333333334","5.2805280528052805","2.5344827586206895","2.5952380952380953","2.375","2.004484304932735","1.0978260869565217","1.064","2","2"
"10","0.3","10","0.7","10","9","3","50","true","true","0.1","0.03","2","10","28","0.18633540372670807","25.407925407925408","10.904255319148938","59","42","17","9.75206611570248","14.53287197231834","5.379746835443038","2.542372881355932","2.5952380952380953","2.411764705882353","1.9913793103448276","1.1129032258064515","1.0625","2","2"
"10","0.3","10","0.7","10","9","3","50","true","true","0.1","0.03","2","10","29","0.18697225572979492","24.941176470588236","12.128712871287128","62","41","21","9.935897435897436","14.23611111111111","6.25","2.5","2.5853658536585367","2.3333333333333335","1.9552845528455285","1.1373626373626373","1.0601503759398496","2","2"
"10","0.3","10","0.7","10","9","3","50","true","true","0.1","0.03","2","10","30","0.18757327080890973","23.205741626794257","14.482758620689657","64","38","26","9.922480620155039","13.194444444444445","7.282913165266107","2.5","2.5526315789473686","2.423076923076923","1.95703125","1.1129032258064515","1.0583941605839415","2","2"
"10","0.3","10","0.7","10","9","3","50","true","true","0.1","0.03","2","10","31","0.19020501138952164","23.87706855791962","14.505494505494507","66","39","27","9.939759036144578","13.494809688581316","7.199999999999999","2.5303030303030303","2.58974358974359","2.4444444444444446","1.9402985074626866","1.105263157894737","1.0571428571428572","2","2"
"10","0.3","10","0.7","10","9","3","50","true","true","0.1","0.03","2","10","32","0.18694690265486727","23.82075471698113","14.166666666666666","67","39","28","9.7667638483965","13.494809688581316","7.052896725440807","2.5223880597014925","2.58974358974359","2.4285714285714284","1.9049295774647887","1.1058201058201058","1.0547945205479452","2","2"
"10","0.3","10","0.7","10","9","3","50","true","true","0.1","0.03","2","10","33","0.1858216970998926","23.205741626794257","14.814814814814813","69","37","32","9.70464135021097","12.937062937062937","7.529411764705881","2.5072463768115942","2.6216216216216215","2.375","1.8949152542372882","1.0913705583756346","1.0536912751677852","2","2"
"10","0.3","10","0.7","10","9","3","50","true","true","0.1","0.03","2","10","34","0.1941544885177453","24.58628841607565","15.327102803738319","74","39","35","10.12311901504788","13.494809688581316","7.918552036199094","2.5135135135135136","2.6666666666666665","2.342857142857143","1.9049180327868853","1.087179487179487","1.0509554140127388","2","2"
"10","0.3","10","0.7","10","9","3","50","true","true","0.1","0.03","2","10","35","0.19878296146044624","24.285714285714285","16.607773851590103","78","38","40","10.317460317460316","13.148788927335639","8.565310492505352","2.5128205128205128","2.6842105263157894","2.35","1.904153354632588","1.088235294117647","1.05","2","2"
"10","0.3","10","0.7","10","9","3","50","true","true","0.1","0.03","2","10","36","0.19901477832512315","23.486682808716708","17.441860465116278","80","36","44","10.217113665389528","12.5","8.88888888888889","2.525","2.6944444444444446","2.3863636363636362","1.8704819277108433","1.0829268292682928","1.048780487804878","2","2"
"10","0.3","10","0.7","10","9","3","50","true","true","0.1","0.03","2","10","37","0.20382775119617225","23.774509803921568","18.210361067503925","85","36","49","10.467980295566502","12.543554006968641","9.333333333333334","2.5058823529411764","2.6944444444444446","2.36734693877551","1.8485714285714285","1.0625","1.047337278106509","2","2"
"10","0.3","10","0.7","10","9","3","50","true","true","0.1","0.03","2","10","38","0.20353159851301114","23.284313725490197","18.562874251497004","88","35","53","10.476190476190476","12.152777777777777","9.601449275362318","2.4886363636363638","2.7142857142857144","2.339622641509434","1.8256130790190737","1.0660377358490567","1.0465116279069768","2","2"
"10","0.3","10","0.7","10","9","3","50","true","true","0.1","0.03","2","10","39","0.20487364620938628","22.469135802469136","19.34566145092461","93","34","59","10.701956271576526","11.805555555555555","10.154905335628227","2.4408602150537635","2.676470588235294","2.305084745762712","1.8120104438642297","1.0660377358490567","1.0444444444444445","2","2"
"10","0.3","10","0.7","10","9","3","50","true","true","0.1","0.03","2","10","40","0.20595968448729185","22.139303482587064","19.756427604871448","96","33","63","10.678531701890991","11.458333333333332","10.310965630114566","2.4479166666666665","2.696969696969697","2.3174603174603177","1.800498753117207","1.0414746543778801","1.0432432432432432","2","2"
"10","0.3","10","0.7","10","9","3","50","true","true","0.1","0.03","2","10","41","0.20340425531914894","22.02970297029703","19.45525291828794","98","33","65","10.53763440860215","11.418685121107266","10.14040561622465","2.438775510204082","2.696969696969697","2.3076923076923075","1.7719714964370545","1.0452488687782806","1.0421052631578946","2","2"
"10","0.3","10","0.7","10","9","3","50","true","true","0.1","0.03","2","10","42","0.2049586776859504","21.662468513853906","19.92619926199262","102","32","70","10.602910602910603","11.11111111111111","10.385756676557865","2.4313725490196076","2.6875","2.3142857142857145","1.7613636363636365","1.0405405405405406","1.0408163265306123","2","2"
"10","0.3","10","0.7","10","9","3","50","true","true","0.1","0.03","2","10","43","0.20465489566613163","21.882951653944023","19.812426729191092","105","32","73","10.542168674698797","11.072664359861593","10.325318246110324","2.4285714285714284","2.6875","2.315068493150685","1.741304347826087","1.0266666666666666","1.0388349514563107","2","2"
"10","0.3","10","0.7","10","9","3","50","true","true","0.1","0.03","2","10","44","0.2073265783320343","21.53846153846154","20.38073908174692","110","31","79","10.700389105058365","10.726643598615917","10.690121786197563","2.418181818181818","2.7096774193548385","2.3037974683544302","1.7287784679089027","1.0267857142857142","1.0380952380952382","2","2"
"10","0.3","10","0.7","10","9","3","50","true","true","0.1","0.03","2","10","45","0.21196063588190764","21.53846153846154","21.052631578947366","116","31","85","10.974456007568591","10.726643598615917","11.067708333333332","2.413793103448276","2.7096774193548385","2.3058823529411763","1.7349397590361446","1.0262008733624455","1.0373831775700935","2","2"
"10","0.3","10","0.7","10","9","3","50","true","true","0.1","0.03","2","10","46","0.21470588235294116","21.59383033419023","21.421215242018537","122","31","91","11.213235294117647","10.726643598615917","11.389236545682103","2.3934426229508197","2.7096774193548385","2.2857142857142856","1.7421875","1.0254237288135593","1.0414746543778801","2","2"
"10","0.3","10","0.7","10","9","3","50","true","true","0.1","0.03","2","10","47","0.22142857142857142","21.59383033419023","22.354104846686447","130","31","99","11.607142857142858","10.726643598615917","11.913357400722022","2.3846153846153846","2.7096774193548385","2.282828282828283","1.7406015037593985","1.0292887029288702","1.0410958904109588","2","2"
"10","0.3","10","0.7","10","9","3","50","true","true","0.1","0.03","2","10","48","0.21914008321775313","20.671834625322997","22.3696682464455","133","29","104","11.4853195164076","10.034602076124568","11.967779056386652","2.3759398496240602","2.7586206896551726","2.269230769230769","1.7204301075268817","1.033195020746888","1.0448430493273542","2","2"
"10","0.3","10","0.7","10","9","3","50","true","true","0.1","0.03","2","10","49","0.2228956228956229","20.671834625322997","22.859744990892533","140","29","111","11.73512154233026","10.034602076124568","12.278761061946902","2.3642857142857143","2.7586206896551726","2.2612612612612613","1.7155172413793103","1.032520325203252","1.0442477876106195","2","2"
"10","0.3","10","0.7","10","9","3","50","true","true","0.1","0.03","2","10","50","0.223675604970569","20.052083333333336","23.144104803493452","146","28","118","11.85064935064935","9.688581314878892","12.513255567338282","2.3424657534246576","2.75","2.2457627118644066","1.7062706270627064","1.032520325203252","1.0432900432900434","2","2"
"11","0.3","10","0.7","10","9","3","50","true","true","0.1","0.03","2","10","0","0","0","0","0","0","0","0","0","0","0","0","0","1","1","1","0","0"
"11","0.3","10","0.7","10","9","3","50","true","true","0.1","0.03","2","10","1","0.029649595687331536","3.7162162162162162","0","4","4","0","1.098901098901099","1.384083044982699","0","2.75","2.75","0","1.0650887573964498","1","1","2","2"
"11","0.3","10","0.7","10","9","3","50","true","true","0.1","0.03","2","10","2","0.0549738219895288","6.976744186046512","0","9","9","0","2.4324324324324325","3.1141868512110724","0","2.3333333333333335","2.3333333333333335","0","1.121212121212121","1.008130081300813","1","2","2"
"11","0.3","10","0.7","10","9","3","50","true","true","0.1","0.03","2","10","3","0.0916030534351145","10.631229235880399","4.3478260869565215","15","13","2","4.0431266846361185","4.6263345195729535","2.2222222222222223","2.4","2.4615384615384617","2","1.2341772151898733","1.0166666666666666","1","2","2"
"11","0.3","10","0.7","10","9","3","50","true","true","0.1","0.03","2","10","4","0.11138613861386139","12.541254125412541","6.9306930693069315","19","16","3","5.093833780160858","5.776173285198556","3.125","2.3684210526315788","2.375","2.3333333333333335","1.3223684210526316","1.0080645161290323","1","2","2"
"11","0.3","10","0.7","10","9","3","50","true","true","0.1","0.03","2","10","5","0.14423076923076922","16.451612903225808","8.49056603773585","24","20","4","6.521739130434782","7.462686567164178","4","2.5","2.55","2.25","1.5182481751824817","1.007936507936508","1","2","2"
"11","0.3","10","0.7","10","9","3","50","true","true","0.1","0.03","2","10","6","0.16822429906542055","19.18238993710692","10","29","24","5","7.837837837837839","8.98876404494382","4.854368932038835","2.4827586206896552","2.5416666666666665","2.2","1.6615384615384616","1.0078125","1","2","2"
"11","0.3","10","0.7","10","9","3","50","true","true","0.1","0.03","2","10","7","0.17272727272727273","19.938650306748464","9.649122807017543","30","25","5","8.064516129032258","9.433962264150944","4.672897196261682","2.533333333333333","2.6","2.2","1.75","1.0155038759689923","1","2","2"
"11","0.3","10","0.7","10","9","3","50","true","true","0.1","0.03","2","10","8","0.19426048565121412","22.388059701492537","11.016949152542372","35","29","6","9.333333333333334","10.943396226415095","5.454545454545454","2.5142857142857142","2.586206896551724","2.1666666666666665","1.872","1.0236220472440944","1.0113636363636365","2","2"
"11","0.3","10","0.7","10","9","3","50","true","true","0.1","0.03","2","10","9","0.18454935622317598","21.470588235294116","10.317460317460316","34","28","6","8.808290155440414","10.408921933085502","5.128205128205128","2.5294117647058822","2.607142857142857","2.1666666666666665","1.8682170542635659","1.0232558139534884","1.0108695652173914","2","2"
"11","0.3","10","0.7","10","9","3","50","true","true","0.1","0.03","2","10","10","0.18789144050104384","22.126436781609197","9.923664122137405","36","30","6","9.16030534351145","11.029411764705882","4.958677685950414","2.5","2.566666666666667","2.1666666666666665","1.900763358778626","1.0227272727272727","1.0106382978723405","2","2"
"11","0.3","10","0.7","10","9","3","50","true","true","0.1","0.03","2","10","11","0.18661257606490872","21.508379888268156","11.11111111111111","37","30","7","9.273182957393484","10.869565217391305","5.691056910569105","2.4864864864864864","2.566666666666667","2.142857142857143","1.9541984732824427","1.0220588235294117","1.0315789473684212","2","2"
"11","0.3","10","0.7","10","9","3","50","true","true","0.1","0.03","2","10","12","0.1854043392504931","21.03825136612022","12.056737588652481","38","30","8","9.405940594059405","10.830324909747292","6.299212598425196","2.473684210526316","2.566666666666667","2.125","2.015151515151515","1.0218978102189782","1.041237113402062","2","2"
"11","0.3","10","0.7","10","9","3","50","true","true","0.1","0.03","2","10","13","0.1839080459770115","21.236559139784948","11.333333333333332","39","31","8","9.48905109489051","11.151079136690647","6.015037593984962","2.4615384615384617","2.5483870967741935","2.125","2.051851851851852","1.0291970802919708","1.04","2","2"
"11","0.3","10","0.7","10","9","3","50","true","true","0.1","0.03","2","10","14","0.1713221601489758","20.954907161803714","8.125","37","31","6","8.705882352941176","11.071428571428571","4.137931034482759","2.4864864864864864","2.5483870967741935","2.1666666666666665","1.9791666666666667","1.042857142857143","1.0392156862745099","2","2"
"11","0.3","10","0.7","10","9","3","50","true","true","0.1","0.03","2","10","15","0.162748643761302","19.736842105263158","8.670520231213873","36","29","7","8.294930875576037","10.320284697508896","4.57516339869281","2.5","2.586206896551724","2.142857142857143","1.9932432432432432","1.0416666666666667","1.0384615384615385","2","2"
"11","0.3","10","0.7","10","9","3","50","true","true","0.1","0.03","2","10","16","0.1616871704745167","19.5822454308094","9.13978494623656","37","29","8","8.314606741573034","10.247349823321555","4.938271604938271","2.4864864864864864","2.586206896551724","2.125","2.006622516556291","1.026143790849673","1.0480769230769231","2","2"
"11","0.3","10","0.7","10","9","3","50","true","true","0.1","0.03","2","10","17","0.16040955631399317","19.28020565552699","9.644670050761421","38","29","9","8.333333333333332","10.175438596491228","5.263157894736842","2.473684210526316","2.586206896551724","2.111111111111111","2","1.033112582781457","1.0458715596330275","2","2"
"11","0.3","10","0.7","10","9","3","50","true","true","0.1","0.03","2","10","18","0.16086235489220563","19.948849104859335","8.962264150943396","39","30","9","8.26271186440678","10.526315789473683","4.81283422459893","2.4871794871794872","2.6","2.111111111111111","1.9349112426035502","1.0392156862745099","1.054054054054054","2","2"
"11","0.3","10","0.7","10","9","3","50","true","true","0.1","0.03","2","10","19","0.1642512077294686","20.506329113924053","9.29203539823009","41","31","10","8.506224066390041","10.87719298245614","5.0761421319796955","2.4878048780487805","2.6129032258064515","2.1","1.9540229885057472","1.0454545454545454","1.0619469026548674","2","2"
"11","0.3","10","0.7","10","9","3","50","true","true","0.1","0.03","2","10","20","0.17214397496087636","21.25","10.460251046025103","45","33","12","9.127789046653144","11.578947368421053","5.769230769230769","2.4444444444444446","2.5757575757575757","2.0833333333333335","1.9447513812154695","1.070967741935484","1.0803571428571428","2","2"
"11","0.3","10","0.7","10","9","3","50","true","true","0.1","0.03","2","10","21","0.17477203647416414","22.11302211302211","9.9601593625498","45","33","12","8.982035928143713","11.538461538461538","5.5813953488372094","2.5555555555555554","2.727272727272727","2.0833333333333335","1.9627659574468086","1.087837837837838","1.0756302521008403","2","2"
"11","0.3","10","0.7","10","9","3","50","true","true","0.1","0.03","2","10","22","0.18020679468242246","22.705314009661837","10.646387832699618","48","35","13","9.375","12.152777777777777","5.803571428571429","2.5416666666666665","2.6857142857142855","2.1538461538461537","1.9792746113989637","1.1013513513513513","1.0731707317073171","2","2"
"11","0.3","10","0.7","10","9","3","50","true","true","0.1","0.03","2","10","23","0.17360114777618366","21.54963680387409","11.267605633802818","48","33","15","9.125475285171103","11.538461538461538","6.25","2.5208333333333335","2.696969696969697","2.1333333333333333","1.97","1.105263157894737","1.08","2","2"
"11","0.3","10","0.7","10","9","3","50","true","true","0.1","0.03","2","10","24","0.16875871687587168","20.631067961165048","11.80327868852459","48","31","17","8.75912408759124","10.726643598615917","6.563706563706563","2.5208333333333335","2.7419354838709675","2.1176470588235294","1.8767123287671232","1.1111111111111112","1.0793650793650793","2","2"
"11","0.3","10","0.7","10","9","3","50","true","true","0.1","0.03","2","10","25","0.17615176151761516","20.243902439024392","14.329268292682926","52","30","22","9.219858156028367","10.416666666666668","7.971014492753622","2.5","2.7666666666666666","2.1363636363636362","1.8888888888888888","1.10828025477707","1.0775193798449612","2","2"
"11","0.3","10","0.7","10","9","3","50","true","true","0.1","0.03","2","10","26","0.18157894736842106","20.631067961165048","15.229885057471265","56","31","25","9.655172413793103","10.726643598615917","8.59106529209622","2.4642857142857144","2.7419354838709675","2.12","1.8888888888888888","1.1132075471698113","1.0763358778625953","2","2"
"11","0.3","10","0.7","10","9","3","50","true","true","0.1","0.03","2","10","27","0.17902813299232737","20.581113801452787","14.905149051490515","57","31","26","9.563758389261745","10.76388888888889","8.441558441558442","2.456140350877193","2.7419354838709675","2.1153846153846154","1.876543209876543","1.1226993865030674","1.0751879699248121","2","2"
"11","0.3","10","0.7","10","9","3","50","true","true","0.1","0.03","2","10","28","0.168944099378882","19.082125603864732","14.578005115089516","55","28","27","8.914100486223662","9.688581314878892","8.231707317073171","2.4727272727272727","2.8214285714285716","2.111111111111111","1.828793774319066","1.1265060240963856","1.088235294117647","2","2"
"11","0.3","10","0.7","10","9","3","50","true","true","0.1","0.03","2","10","29","0.1700844390832328","19.424460431654676","14.563106796116504","57","29","28","9.004739336492891","10.034602076124568","8.13953488372093","2.473684210526316","2.793103448275862","2.142857142857143","1.8171641791044777","1.1294117647058823","1.0869565217391304","2","2"
"11","0.3","10","0.7","10","9","3","50","true","true","0.1","0.03","2","10","30","0.16647127784290738","18.75","14.645308924485127","57","27","30","8.742331288343557","9.40766550522648","8.21917808219178","2.491228070175439","2.888888888888889","2.1333333333333333","1.8129496402877698","1.1337209302325582","1.0845070422535212","2","2"
"11","0.3","10","0.7","10","9","3","50","true","true","0.1","0.03","2","10","31","0.1662870159453303","18.660287081339714","14.782608695652174","59","27","32","8.74074074074074","9.342560553633218","8.290155440414509","2.4745762711864407","2.888888888888889","2.125","1.789655172413793","1.1153846153846154","1.0833333333333333","2","2"
"11","0.3","10","0.7","10","9","3","50","true","true","0.1","0.03","2","10","32","0.168141592920354","18.705035971223023","15.195071868583163","62","27","35","8.895265423242469","9.40766550522648","8.536585365853659","2.4516129032258065","2.888888888888889","2.1142857142857143","1.7854785478547854","1.1104972375690607","1.08","2","2"
"11","0.3","10","0.7","10","9","3","50","true","true","0.1","0.03","2","10","33","0.16970998925886144","18.52731591448931","15.686274509803921","65","27","38","9.052924791086351","9.375","8.837209302325581","2.4307692307692306","2.888888888888889","2.1052631578947367","1.78343949044586","1.106951871657754","1.0789473684210527","2","2"
"11","0.3","10","0.7","10","9","3","50","true","true","0.1","0.03","2","10","34","0.17954070981210857","18.705035971223023","17.375231053604438","70","27","43","9.446693657219974","9.375","9.492273730684326","2.4571428571428573","2.888888888888889","2.186046511627907","1.7839506172839505","1.1151832460732984","1.0774193548387097","2","2"
"11","0.3","10","0.7","10","9","3","50","true","true","0.1","0.03","2","10","35","0.17545638945233266","17.804878048780488","17.36111111111111","71","25","46","9.232769830949286","8.710801393728223","9.54356846473029","2.436619718309859","2.92","2.1739130434782608","1.7463556851311954","1.1025641025641026","1.0817610062893082","2","2"
"11","0.3","10","0.7","10","9","3","50","true","true","0.1","0.03","2","10","36","0.1793103448275862","18.795180722891565","17.333333333333336","74","26","48","9.319899244332493","8.996539792387544","9.504950495049505","2.4594594594594597","3","2.1666666666666665","1.7318435754189945","1.099502487562189","1.0807453416149069","2","2"
"11","0.3","10","0.7","10","9","3","50","true","true","0.1","0.03","2","10","37","0.18373205741626794","18.59903381642512","18.225039619651348","78","26","52","9.570552147239264","8.996539792387544","9.885931558935361","2.4615384615384617","2.9615384615384617","2.2115384615384617","1.7432432432432432","1.099502487562189","1.0783132530120483","2","2"
"11","0.3","10","0.7","10","9","3","50","true","true","0.1","0.03","2","10","38","0.18680297397769516","18.872549019607842","18.562874251497004","82","26","56","9.727164887307236","9.027777777777777","10.09009009009009","2.451219512195122","2.9615384615384617","2.2142857142857144","1.7454068241469816","1.0861244019138756","1.0760233918128654","2","2"
"11","0.3","10","0.7","10","9","3","50","true","true","0.1","0.03","2","10","39","0.18501805054151624","18.29268292682927","18.624641833810887","84","25","59","9.67741935483871","8.650519031141869","10.189982728842832","2.4404761904761907","3","2.2033898305084745","1.7443037974683544","1.0849056603773586","1.0738636363636365","2","2"
"11","0.3","10","0.7","10","9","3","50","true","true","0.1","0.03","2","10","40","0.18580192813321647","17.733990147783253","19.047619047619047","87","24","63","9.709821428571429","8.333333333333332","10.361842105263158","2.4367816091954024","3","2.2222222222222223","1.7318840579710144","1.0794392523364487","1.0722222222222222","2","2"
"11","0.3","10","0.7","10","9","3","50","true","true","0.1","0.03","2","10","41","0.19063829787234043","17.77777777777778","19.74025974025974","93","24","69","10.064935064935066","8.304498269896193","10.866141732283465","2.4086021505376345","3","2.2028985507246377","1.7279069767441861","1.0776255707762556","1.0769230769230769","2","2"
"11","0.3","10","0.7","10","9","3","50","true","true","0.1","0.03","2","10","42","0.19421487603305784","16.791979949874687","20.71516646115906","100","23","77","10.471204188481675","7.958477508650519","11.561561561561561","2.35","2.9130434782608696","2.1818181818181817","1.7248322147651007","1.0818181818181818","1.0748663101604279","2","2"
"11","0.3","10","0.7","10","9","3","50","true","true","0.1","0.03","2","10","43","0.19743178170144463","16.3727959697733","21.319199057714957","103","22","81","10.488798370672098","7.638888888888889","11.671469740634006","2.3883495145631066","2.9545454545454546","2.234567901234568","1.7272727272727273","1.0762331838565022","1.0721649484536082","2","2"
"11","0.3","10","0.7","10","9","3","50","true","true","0.1","0.03","2","10","44","0.1995323460639127","16.331658291457288","21.581920903954803","108","22","86","10.703666997026758","7.638888888888889","11.927877947295423","2.3703703703703702","2.9545454545454546","2.2209302325581395","1.7265135699373695","1.0892857142857142","1.0707070707070707","2","2"
"11","0.3","10","0.7","10","9","3","50","true","true","0.1","0.03","2","10","45","0.2036336109008327","15.949367088607595","22.24622030237581","114","21","93","10.961538461538462","7.3426573426573425","12.3342175066313","2.3596491228070176","3","2.21505376344086","1.7269076305220883","1.079646017699115","1.0742574257425743","2","2"
"11","0.3","10","0.7","10","9","3","50","true","true","0.1","0.03","2","10","46","0.20441176470588235","15.869017632241814","22.326064382139148","118","21","97","10.95636025998143","7.291666666666667","12.29404309252218","2.3559322033898304","3","2.216494845360825","1.7082533589251438","1.0729613733905579","1.0731707317073171","2","2"
"11","0.3","10","0.7","10","9","3","50","true","true","0.1","0.03","2","10","47","0.2092857142857143","15.989847715736042","22.86282306163022","124","21","103","11.17117117117117","7.291666666666667","12.530413625304138","2.3629032258064515","3","2.233009708737864","1.7024029574861368","1.080168776371308","1.0721153846153846","2","2"
"11","0.3","10","0.7","10","9","3","50","true","true","0.1","0.03","2","10","48","0.21081830790568654","15.776081424936386","23.069590085795998","129","21","108","11.2565445026178","7.291666666666667","12.587412587412588","2.356589147286822","2.9523809523809526","2.240740740740741","1.688612099644128","1.1008403361344539","1.0694444444444444","2","2"
"11","0.3","10","0.7","10","9","3","50","true","true","0.1","0.03","2","10","49","0.21346801346801347","14.545454545454545","23.727272727272727","134","18","116","11.27946127946128","6.25","12.88888888888889","2.3656716417910446","3.111111111111111","2.25","1.686106346483705","1.0850202429149798","1.0684931506849316","2","2"
"11","0.3","10","0.7","10","9","3","50","true","true","0.1","0.03","2","10","50","0.2145192936559843","14.470284237726098","23.817863397548162","137","18","119","11.21112929623568","6.228373702422145","12.754555198285104","2.394160583941606","3.111111111111111","2.2857142857142856","1.6782178217821782","1.07421875","1.0675675675675675","2","2"
"12","0.3","10","0.7","10","9","3","50","true","true","0.1","0.03","2","10","0","0","0","0","0","0","0","0","0","0","0","0","0","1","1","1","0","0"
"12","0.3","10","0.7","10","9","3","50","true","true","0.1","0.03","2","10","1","0.03504043126684636","4.391891891891892","0","6","6","0","1.6483516483516485","2.0761245674740483","0","2.1666666666666665","2.1666666666666665","0","1.073446327683616","1","1","2","2"
"12","0.3","10","0.7","10","9","3","50","true","true","0.1","0.03","2","10","2","0.0549738219895288","6.976744186046512","0","9","9","0","2.4324324324324325","3.1141868512110724","0","2.3333333333333335","2.3333333333333335","0","1.1206896551724137","1","1","2","2"
"12","0.3","10","0.7","10","9","3","50","true","true","0.1","0.03","2","10","3","0.06870229007633588","8.881578947368421","0","12","12","0","3.2085561497326207","4.2105263157894735","0","2.25","2.25","0","1.1744186046511629","1.0078125","1","2","2"
"12","0.3","10","0.7","10","9","3","50","true","true","0.1","0.03","2","10","4","0.09900990099009901","11.76470588235294","4.081632653061225","18","16","2","4.787234042553192","5.6939501779359425","2.1052631578947367","2.2222222222222223","2.25","2","1.2771084337349397","1","1","2","2"
"12","0.3","10","0.7","10","9","3","50","true","true","0.1","0.03","2","10","5","0.10576923076923077","12.944983818770226","3.7383177570093453","18","16","2","4.774535809018567","5.86080586080586","1.9230769230769231","2.4444444444444446","2.5","2","1.3580246913580247","1","1","2","2"
"12","0.3","10","0.7","10","9","3","50","true","true","0.1","0.03","2","10","6","0.12383177570093458","14.873417721518987","5.357142857142857","21","18","3","5.585106382978723","6.7164179104477615","2.7777777777777777","2.5238095238095237","2.611111111111111","2","1.4675324675324675","1.0077519379844961","1","2","2"
"12","0.3","10","0.7","10","9","3","50","true","true","0.1","0.03","2","10","7","0.15227272727272728","18.82716049382716","5.172413793103448","26","23","3","6.914893617021277","8.712121212121213","2.6785714285714284","2.576923076923077","2.652173913043478","2","1.598639455782313","1.0155038759689923","1","2","2"
"12","0.3","10","0.7","10","9","3","50","true","true","0.1","0.03","2","10","8","0.16997792494481237","21.791044776119403","3.389830508474576","28","26","2","7.4074074074074066","9.885931558935361","1.7391304347826086","2.75","2.8076923076923075","2","1.7112676056338028","1.0140845070422535","1.0153846153846153","2","2"
"12","0.3","10","0.7","10","9","3","50","true","true","0.1","0.03","2","10","9","0.18025751072961374","23.18840579710145","3.3057851239669422","30","28","2","7.83289817232376","10.566037735849058","1.694915254237288","2.8","2.857142857142857","2","1.7517241379310344","1.0140845070422535","1.0303030303030303","2","2"
"12","0.3","10","0.7","10","9","3","50","true","true","0.1","0.03","2","10","10","0.19206680584551147","24.581005586592177","3.3057851239669422","33","31","2","8.549222797927461","11.567164179104477","1.694915254237288","2.787878787878788","2.838709677419355","2","1.8581560283687943","1.0211267605633803","1.0285714285714285","2","2"
"12","0.3","10","0.7","10","9","3","50","true","true","0.1","0.03","2","10","11","0.18661257606490872","23.978201634877383","3.1746031746031744","33","31","2","8.354430379746836","11.397058823529411","1.6260162601626018","2.787878787878788","2.838709677419355","2","1.8493150684931507","1.0337837837837838","1.0294117647058822","2","2"
"12","0.3","10","0.7","10","9","3","50","true","true","0.1","0.03","2","10","12","0.1854043392504931","24.274406332453825","1.5625","34","33","1","8.415841584158416","11.913357400722022","0.7874015748031495","2.764705882352941","2.787878787878788","2","1.8590604026845639","1.054054054054054","1.0277777777777777","2","2"
"12","0.3","10","0.7","10","9","3","50","true","true","0.1","0.03","2","10","13","0.19157088122605365","24.415584415584416","4.37956204379562","37","34","3","9.068627450980392","12.408759124087592","2.2388059701492535","2.7027027027027026","2.764705882352941","2","1.9861111111111112","1.0522875816993464","1.0273972602739727","2","2"
"12","0.3","10","0.7","10","9","3","50","true","true","0.1","0.03","2","10","14","0.19925512104283055","24.22680412371134","8.724832214765101","40","34","6","9.54653937947494","12.274368231046932","4.225352112676056","2.675","2.764705882352941","2.1666666666666665","2","1.0522875816993464","1.0256410256410255","2","2"
"12","0.3","10","0.7","10","9","3","50","true","true","0.1","0.03","2","10","15","0.19710669077757687","24.427480916030532","8.125","41","35","6","9.534883720930234","12.5","4","2.658536585365854","2.742857142857143","2.1666666666666665","1.9681528662420382","1.0671140939597314","1.0240963855421688","2","2"
"12","0.3","10","0.7","10","9","3","50","true","true","0.1","0.03","2","10","16","0.19859402460456943","24.68513853904282","8.720930232558139","43","36","7","9.79498861047836","12.857142857142856","4.40251572327044","2.627906976744186","2.7222222222222223","2.142857142857143","2.006289308176101","1.0733333333333333","1.0229885057471264","2","2"
"12","0.3","10","0.7","10","9","3","50","true","true","0.1","0.03","2","10","17","0.19795221843003413","25.187032418952622","8.108108108108109","45","38","7","9.955752212389381","13.427561837455832","4.142011834319527","2.577777777777778","2.6578947368421053","2.142857142857143","2","1.0728476821192052","1.0222222222222221","2","2"
"12","0.3","10","0.7","10","9","3","50","true","true","0.1","0.03","2","10","18","0.1956882255389718","25.183374083129586","7.731958762886598","46","39","7","10","13.732394366197184","3.977272727272727","2.5652173913043477","2.641025641025641","2.142857142857143","2.011627906976744","1.0794701986754967","1.032967032967033","2","2"
"12","0.3","10","0.7","10","9","3","50","true","true","0.1","0.03","2","10","19","0.1964573268921095","25.059665871121716","8.415841584158416","48","40","8","10.212765957446807","13.937282229965156","4.371584699453552","2.5416666666666665","2.625","2.125","2.045714285714286","1.0849673202614378","1.0319148936170213","2","2"
"12","0.3","10","0.7","10","9","3","50","true","true","0.1","0.03","2","10","20","0.20187793427230047","25.11961722488038","10.85972850678733","51","40","11","10.625","14.084507042253522","5.612244897959184","2.5294117647058822","2.625","2.1818181818181817","2.0726256983240225","1.096774193548387","1.0315789473684212","2","2"
"12","0.3","10","0.7","10","9","3","50","true","true","0.1","0.03","2","10","21","0.196048632218845","24.822695035460992","10.212765957446807","51","40","11","10.303030303030303","13.88888888888889","5.314009661835748","2.5294117647058822","2.625","2.1818181818181817","2.021276595744681","1.1217948717948718","1.03","2","2"
"12","0.3","10","0.7","10","9","3","50","true","true","0.1","0.03","2","10","22","0.1964549483013294","24.822695035460992","11.023622047244094","53","40","13","10.433070866141732","13.937282229965156","5.88235294117647","2.509433962264151","2.625","2.1538461538461537","2","1.1337579617834395","1.0396039603960396","2","2"
"12","0.3","10","0.7","10","9","3","50","true","true","0.1","0.03","2","10","23","0.1908177905308465","24.46555819477435","10.869565217391305","53","39","14","10.114503816793894","13.541666666666666","5.932203389830509","2.509433962264151","2.641025641025641","2.142857142857143","1.9803921568627452","1.14375","1.0377358490566038","2","2"
"12","0.3","10","0.7","10","9","3","50","true","true","0.1","0.03","2","10","24","0.19246861924686193","24.349881796690305","11.904761904761903","55","39","16","10.204081632653061","13.494809688581316","6.4","2.5090909090909093","2.641025641025641","2.1875","1.9579439252336448","1.150943396226415","1.0360360360360361","2","2"
"12","0.3","10","0.7","10","9","3","50","true","true","0.1","0.03","2","10","25","0.20596205962059622","26.076555023923444","13.4375","62","42","20","11.191335740072201","14.685314685314685","7.462686567164178","2.4516129032258065","2.5952380952380953","2.15","1.9863013698630136","1.1625","1.0353982300884956","2","2"
"12","0.3","10","0.7","10","9","3","50","true","true","0.1","0.03","2","10","26","0.20526315789473684","25.53699284009546","14.369501466275661","64","41","23","11.228070175438596","14.335664335664337","8.098591549295776","2.4375","2.6097560975609757","2.130434782608696","1.9737991266375545","1.169811320754717","1.0338983050847457","2","2"
"12","0.3","10","0.7","10","9","3","50","true","true","0.1","0.03","2","10","27","0.1969309462915601","24.700239808153476","13.972602739726028","64","40","24","10.865874363327674","13.937282229965156","7.9470198675496695","2.40625","2.575","2.125","1.953781512605042","1.173913043478261","1.032258064516129","2","2"
"12","0.3","10","0.7","10","9","3","50","true","true","0.1","0.03","2","10","28","0.19875776397515527","24.759615384615387","14.652956298200515","65","40","25","10.673234811165845","13.84083044982699","7.8125","2.4615384615384617","2.575","2.28","1.9090909090909092","1.1696969696969697","1.032","2","2"
"12","0.3","10","0.7","10","9","3","50","true","true","0.1","0.03","2","10","29","0.19903498190591074","24.029126213592235","15.827338129496402","68","39","29","10.793650793650794","13.541666666666666","8.47953216374269","2.426470588235294","2.5384615384615383","2.2758620689655173","1.8935361216730038","1.1695906432748537","1.031496062992126","2","2"
"12","0.3","10","0.7","10","9","3","50","true","true","0.1","0.03","2","10","30","0.19343493552168817","23.170731707317074","15.80135440180587","68","37","31","10.429447852760736","12.847222222222221","8.516483516483516","2.426470588235294","2.5675675675675675","2.2580645161290325","1.8439716312056738","1.1715976331360947","1.0305343511450382","2","2"
"12","0.3","10","0.7","10","9","3","50","true","true","0.1","0.03","2","10","31","0.1970387243735763","24.22062350119904","15.61822125813449","69","37","32","10.36036036036036","12.802768166089965","8.488063660477453","2.5072463768115942","2.72972972972973","2.25","1.852233676975945","1.1754385964912282","1.0298507462686568","2","2"
"12","0.3","10","0.7","10","9","3","50","true","true","0.1","0.03","2","10","32","0.19690265486725664","24.16267942583732","15.843621399176955","71","37","34","10.380116959064328","12.802768166089965","8.60759493670886","2.507042253521127","2.72972972972973","2.264705882352941","1.8481848184818481","1.1791907514450868","1.0294117647058822","2","2"
"12","0.3","10","0.7","10","9","3","50","true","true","0.1","0.03","2","10","33","0.19656283566058003","23.741007194244602","16.342412451361866","73","36","37","10.325318246110324","12.5","8.83054892601432","2.506849315068493","2.75","2.27027027027027","1.8213166144200628","1.180232558139535","1.027972027972028","2","2"
"12","0.3","10","0.7","10","9","3","50","true","true","0.1","0.03","2","10","34","0.19728601252609604","23.317307692307693","16.974169741697416","76","35","41","10.39671682626539","12.110726643598616","9.276018099547512","2.486842105263158","2.7714285714285714","2.2439024390243905","1.8029850746268656","1.1791907514450868","1.0273972602739727","2","2"
"12","0.3","10","0.7","10","9","3","50","true","true","0.1","0.03","2","10","35","0.19776876267748478","23.26139088729017","17.223198594024606","78","35","43","10.358565737051793","12.110726643598616","9.267241379310345","2.5","2.7714285714285714","2.2790697674418605","1.7908309455587392","1.1741573033707866","1.027027027027027","2","2"
"12","0.3","10","0.7","10","9","3","50","true","true","0.1","0.03","2","10","36","0.2","23.18840579710145","17.803660565723796","81","35","46","10.397946084724005","12.110726643598616","9.387755102040817","2.506172839506173","2.742857142857143","2.3260869565217392","1.763586956521739","1.1807909604519775","1.026143790849673","2","2"
"12","0.3","10","0.7","10","9","3","50","true","true","0.1","0.03","2","10","37","0.19617224880382775","23.18840579710145","17.27416798732171","82","35","47","10.161090458488228","12.110726643598616","9.073359073359073","2.5","2.742857142857143","2.3191489361702127","1.7286821705426356","1.1923076923076923","1.0258064516129033","2","2"
"12","0.3","10","0.7","10","9","3","50","true","true","0.1","0.03","2","10","38","0.19516728624535315","22.760290556900724","17.49622926093514","83","34","49","9.987966305655837","11.805555555555555","9.023941068139964","2.5301204819277108","2.764705882352941","2.36734693877551","1.7202970297029703","1.1827956989247312","1.0320512820512822","2","2"
"12","0.3","10","0.7","10","9","3","50","true","true","0.1","0.03","2","10","39","0.18682310469314078","21.323529411764707","17.142857142857142","83","32","51","9.617612977983777","11.149825783972126","8.854166666666668","2.4939759036144578","2.71875","2.3529411764705883","1.6830985915492958","1.168421052631579","1.0304878048780488","2","2"
"12","0.3","10","0.7","10","9","3","50","true","true","0.1","0.03","2","10","40","0.18492550394390886","21.48148148148148","16.847826086956523","85","32","53","9.507829977628637","11.11111111111111","8.745874587458747","2.4823529411764707","2.71875","2.339622641509434","1.672686230248307","1.1464646464646464","1.035928143712575","2","2"
"12","0.3","10","0.7","10","9","3","50","true","true","0.1","0.03","2","10","41","0.18893617021276596","21.07843137254902","17.731421121251632","90","32","58","9.803921568627452","11.072664359861593","9.220985691573928","2.466666666666667","2.6875","2.3448275862068964","1.673913043478261","1.1573604060913705","1.0411764705882354","2","2"
"12","0.3","10","0.7","10","9","3","50","true","true","0.1","0.03","2","10","42","0.19421487603305784","20.588235294117645","18.82793017456359","93","31","62","9.893617021276595","10.726643598615917","9.523809523809524","2.5268817204301075","2.7096774193548385","2.435483870967742","1.6877637130801688","1.155","1.0406976744186047","2","2"
"12","0.3","10","0.7","10","9","3","50","true","true","0.1","0.03","2","10","43","0.19502407704654895","20.638820638820636","18.951132300357568","97","31","66","10","10.76388888888889","9.67741935483871","2.5051546391752577","2.7096774193548385","2.409090909090909","1.6788617886178863","1.1504854368932038","1.0457142857142858","2","2"
"12","0.3","10","0.7","10","9","3","50","true","true","0.1","0.03","2","10","44","0.1979734996102884","20.792079207920793","19.340159271899886","101","31","70","10.079840319361278","10.76388888888889","9.803921568627452","2.514851485148515","2.7096774193548385","2.4285714285714284","1.6705882352941177","1.150943396226415","1.0446927374301676","2","2"
"12","0.3","10","0.7","10","9","3","50","true","true","0.1","0.03","2","10","45","0.1975775927327782","20.099255583126553","19.607843137254903","105","30","75","10.174418604651162","10.380622837370241","10.094212651413189","2.4857142857142858","2.7","2.4","1.6742857142857144","1.158878504672897","1.043010752688172","2","2"
"12","0.3","10","0.7","10","9","3","50","true","true","0.1","0.03","2","10","46","0.19338235294117648","19.34673366834171","19.334719334719335","106","28","78","9.943714821763603","9.722222222222223","10.025706940874036","2.481132075471698","2.75","2.3846153846153846","1.659963436928702","1.151376146788991","1.0414507772020725","2","2"
"12","0.3","10","0.7","10","9","3","50","true","true","0.1","0.03","2","10","47","0.2","20","20","114","29","85","10.363636363636363","10.069444444444445","10.467980295566502","2.456140350877193","2.7241379310344827","2.364705882352941","1.6625222024866786","1.1460176991150441","1.0406091370558375","2","2"
"12","0.3","10","0.7","10","9","3","50","true","true","0.1","0.03","2","10","48","0.2045769764216366","18.622448979591837","21.142857142857142","120","26","94","10.56338028169014","9.027777777777777","11.084905660377359","2.4583333333333335","2.8076923076923075","2.3617021276595747","1.6729776247848538","1.131578947368421","1.0392156862745099","2","2"
"12","0.3","10","0.7","10","9","3","50","true","true","0.1","0.03","2","10","49","0.2047138047138047","18.71794871794872","21.095890410958905","124","26","98","10.54421768707483","8.996539792387544","11.048478015783541","2.4516129032258065","2.8076923076923075","2.357142857142857","1.6535303776683088","1.1153846153846154","1.0432692307692308","2","2"
"12","0.3","10","0.7","10","9","3","50","true","true","0.1","0.03","2","10","50","0.20732504905166776","18.911917098445596","21.347331583552055","129","26","103","10.617283950617285","9.059233449477352","11.099137931034484","2.4573643410852712","2.8076923076923075","2.3689320388349513","1.6409448818897638","1.1125","1.042654028436019","2","2"
"13","0.3","10","0.7","10","9","3","50","true","true","0.1","0.03","2","10","0","0","0","0","0","0","0","0","0","0","0","0","0","1","1","1","0","0"
"13","0.3","10","0.7","10","9","3","50","true","true","0.1","0.03","2","10","1","0.03234501347708895","4.067796610169491","0","6","6","0","1.643835616438356","2.0761245674740483","0","2","2","0","1.0740740740740742","1","1","2","2"
"13","0.3","10","0.7","10","9","3","50","true","true","0.1","0.03","2","10","2","0.07329842931937172","9.24092409240924","0","14","14","0","3.804347826086957","4.844290657439446","0","2","2","0","1.1818181818181819","1","1","2","2"
"13","0.3","10","0.7","10","9","3","50","true","true","0.1","0.03","2","10","3","0.09669211195928754","11.881188118811881","2.2222222222222223","19","18","1","5.093833780160858","6.338028169014084","1.1235955056179776","2","2","2","1.2684563758389262","1","1","2","2"
"13","0.3","10","0.7","10","9","3","50","true","true","0.1","0.03","2","10","4","0.12871287128712872","15.63517915309446","4.123711340206185","25","23","2","6.720430107526881","8.303249097472925","2.1052631578947367","2.08","2.0869565217391304","2","1.4130434782608696","1","1","2","2"
"13","0.3","10","0.7","10","9","3","50","true","true","0.1","0.03","2","10","5","0.14903846153846154","18.354430379746837","4","30","28","2","8.086253369272237","10.256410256410255","2.0408163265306123","2.066666666666667","2.0714285714285716","2","1.5769230769230769","1","1","2","2"
"13","0.3","10","0.7","10","9","3","50","true","true","0.1","0.03","2","10","6","0.14953271028037382","18.633540372670808","3.7735849056603774","31","29","2","8.355795148247978","10.820895522388058","1.9417475728155338","2.064516129032258","2.0689655172413794","2","1.704","1","1","2","2"
"13","0.3","10","0.7","10","9","3","50","true","true","0.1","0.03","2","10","7","0.16136363636363638","20.241691842900302","3.669724770642202","34","32","2","9.066666666666666","11.895910780669144","1.8867924528301887","2.088235294117647","2.09375","2","1.7903225806451613","1.0063694267515924","1","2","2"
"13","0.3","10","0.7","10","9","3","50","true","true","0.1","0.03","2","10","8","0.16556291390728478","20.414201183431953","5.217391304347826","36","33","3","9.448818897637794","12.177121771217712","2.727272727272727","2.0833333333333335","2.090909090909091","2","1.848","1.0125786163522013","1","2","2"
"13","0.3","10","0.7","10","9","3","50","true","true","0.1","0.03","2","10","9","0.16952789699570817","21.15942028985507","4.958677685950414","38","35","3","9.743589743589745","12.773722627737227","2.586206896551724","2.0789473684210527","2.085714285714286","2","1.8449612403100775","1.0314465408805031","1","2","2"
"13","0.3","10","0.7","10","9","3","50","true","true","0.1","0.03","2","10","10","0.17118997912317327","20.96317280453258","6.349206349206349","39","35","4","9.798994974874372","12.589928057553957","3.3333333333333335","2.1025641025641026","2.1142857142857143","2","1.876923076923077","1.0424242424242425","1","2","2"
"13","0.3","10","0.7","10","9","3","50","true","true","0.1","0.03","2","10","11","0.18255578093306288","22.65193370165746","6.106870229007633","43","39","4","10.669975186104217","13.928571428571429","3.2520325203252036","2.0930232558139537","2.1025641025641026","2","1.984375","1.049079754601227","1","2","2"
"13","0.3","10","0.7","10","9","3","50","true","true","0.1","0.03","2","10","12","0.1814595660749507","22.65193370165746","6.896551724137931","44","39","5","10.602409638554217","13.87900355871886","3.731343283582089","2.090909090909091","2.1025641025641026","2","1.9338235294117647","1.0552147239263803","1","2","2"
"13","0.3","10","0.7","10","9","3","50","true","true","0.1","0.03","2","10","13","0.17624521072796934","22.162162162162165","6.578947368421052","44","39","5","10.451306413301662","13.87900355871886","3.571428571428571","2.090909090909091","2.1025641025641026","2","1.9640287769784173","1.0670731707317074","1","2","2"
"13","0.3","10","0.7","10","9","3","50","true","true","0.1","0.03","2","10","14","0.1824953445065177","22.76422764227642","8.333333333333332","47","40","7","10.904872389791183","14.285714285714285","4.635761589403973","2.0851063829787235","2.1","2","2.007142857142857","1.0718562874251496","1","2","2"
"13","0.3","10","0.7","10","9","3","50","true","true","0.1","0.03","2","10","15","0.18083182640144665","22.58064516129032","8.83977900552486","48","40","8","10.762331838565023","14.13427561837456","4.9079754601226995","2.0833333333333335","2.1","2","1.9403973509933774","1.0778443113772456","1","2","2"
"13","0.3","10","0.7","10","9","3","50","true","true","0.1","0.03","2","10","16","0.1827768014059754","22.872340425531913","9.32642487046632","50","41","9","11.013215859030836","14.539007092198581","5.232558139534884","2.08","2.097560975609756","2","1.9615384615384615","1.0925925925925926","1","2","2"
"13","0.3","10","0.7","10","9","3","50","true","true","0.1","0.03","2","10","17","0.18430034129692832","23.684210526315788","8.737864077669903","52","43","9","11.087420042643924","15.19434628975265","4.838709677419355","2.076923076923077","2.0930232558139537","2","1.9811320754716981","1.0823529411764705","1","2","2"
"13","0.3","10","0.7","10","9","3","50","true","true","0.1","0.03","2","10","18","0.1791044776119403","23.036649214659686","9.049773755656108","52","42","10","10.743801652892563","14.685314685314685","5.05050505050505","2.076923076923077","2.0952380952380953","2","1.9239766081871346","1.0833333333333333","1","2","2"
"13","0.3","10","0.7","10","9","3","50","true","true","0.1","0.03","2","10","19","0.18035426731078905","23.376623376623375","9.322033898305085","54","43","11","10.843373493975903","15.034965034965033","5.188679245283019","2.074074074074074","2.0930232558139537","2","1.8895027624309393","1.0952380952380953","1","2","2"
"13","0.3","10","0.7","10","9","3","50","true","true","0.1","0.03","2","10","20","0.17996870109546165","22.857142857142858","10.62992125984252","55","42","13","10.700389105058365","14.634146341463413","5.726872246696035","2.090909090909091","2.0952380952380953","2.076923076923077","1.859375","1.095808383233533","1","2","2"
"13","0.3","10","0.7","10","9","3","50","true","true","0.1","0.03","2","10","21","0.18693009118541035","22.739018087855296","12.915129151291513","59","42","17","11.174242424242424","14.53287197231834","7.112970711297072","2.0847457627118646","2.0952380952380953","2.0588235294117645","1.8693467336683418","1.1024096385542168","1","2","2"
"13","0.3","10","0.7","10","9","3","50","true","true","0.1","0.03","2","10","22","0.19054652880354506","22.279792746113987","14.776632302405499","62","41","21","11.397058823529411","14.186851211072666","8.235294117647058","2.0806451612903225","2.097560975609756","2.0476190476190474","1.8564593301435406","1.1090909090909091","1","2","2"
"13","0.3","10","0.7","10","9","3","50","true","true","0.1","0.03","2","10","23","0.18938307030129126","21.409921671018274","15.92356687898089","63","39","24","11.229946524064172","13.588850174216027","8.75912408759124","2.0952380952380953","2.1025641025641026","2.0833333333333335","1.8190045248868778","1.111764705882353","1","2","2"
"13","0.3","10","0.7","10","9","3","50","true","true","0.1","0.03","2","10","24","0.1910739191073919","21.465968586387437","16.417910447761194","65","39","26","11.265164644714037","13.588850174216027","8.96551724137931","2.1076923076923078","2.1025641025641026","2.1153846153846154","1.8165938864628821","1.1111111111111112","1","2","2"
"13","0.3","10","0.7","10","9","3","50","true","true","0.1","0.03","2","10","25","0.1856368563685637","20.833333333333336","16.101694915254235","65","38","27","10.942760942760943","13.194444444444445","8.823529411764707","2.1076923076923078","2.1052631578947367","2.111111111111111","1.7714285714285714","1.130952380952381","1","2","2"
"13","0.3","10","0.7","10","9","3","50","true","true","0.1","0.03","2","10","26","0.18552631578947368","21.59383033419023","15.363881401617252","66","39","27","10.819672131147541","13.494809688581316","8.411214953271028","2.1363636363636362","2.1538461538461537","2.111111111111111","1.7509727626459144","1.1352941176470588","1","2","2"
"13","0.3","10","0.7","10","9","3","50","true","true","0.1","0.03","2","10","27","0.1867007672634271","21.59383033419023","15.776081424936386","68","39","29","10.828025477707007","13.494809688581316","8.55457227138643","2.1470588235294117","2.1538461538461537","2.1379310344827585","1.7415730337078652","1.138728323699422","1","2","2"
"13","0.3","10","0.7","10","9","3","50","true","true","0.1","0.03","2","10","28","0.19130434782608696","21.649484536082475","16.786570743405278","72","39","33","11.145510835913312","13.541666666666666","9.217877094972067","2.138888888888889","2.1538461538461537","2.121212121212121","1.7454545454545454","1.1292134831460674","1.024793388429752","2","2"
"13","0.3","10","0.7","10","9","3","50","true","true","0.1","0.03","2","10","29","0.1881785283474065","21.53846153846154","16.40091116173121","73","39","34","10.928143712574851","13.494809688581316","8.970976253298153","2.136986301369863","2.1538461538461537","2.1176470588235294","1.7162629757785468","1.1404494382022472","1.0236220472440944","2","2"
"13","0.3","10","0.7","10","9","3","50","true","true","0.1","0.03","2","10","30","0.18405627198124266","20.971867007672635","16.233766233766232","73","38","35","10.67251461988304","13.194444444444445","8.83838383838384","2.1506849315068495","2.1578947368421053","2.142857142857143","1.7239057239057238","1.1452513966480447","1.0149253731343284","2","2"
"13","0.3","10","0.7","10","9","3","50","true","true","0.1","0.03","2","10","31","0.18109339407744876","20.565552699228792","16.155419222903884","74","37","37","10.49645390070922","12.847222222222221","8.872901678657074","2.1486486486486487","2.1621621621621623","2.135135135135135","1.7041800643086817","1.1483516483516483","1.0145985401459854","2","2"
"13","0.3","10","0.7","10","9","3","50","true","true","0.1","0.03","2","10","32","0.18584070796460178","20.103092783505154","17.441860465116278","78","36","42","10.743801652892563","12.543554006968641","9.567198177676538","2.1538461538461537","2.1666666666666665","2.142857142857143","1.7058823529411764","1.1475409836065573","1.0141843971631206","2","2"
"13","0.3","10","0.7","10","9","3","50","true","true","0.1","0.03","2","10","33","0.20193340494092374","20.3125","20.109689213893965","86","36","50","11.543624161073826","12.543554006968641","10.91703056768559","2.186046511627907","2.1666666666666665","2.2","1.7546012269938651","1.1283422459893049","1.0136986301369864","2","2"
"13","0.3","10","0.7","10","9","3","50","true","true","0.1","0.03","2","10","34","0.20041753653444677","19.843342036553523","20.17391304347826","88","35","53","11.458333333333332","12.152777777777777","11.041666666666666","2.1818181818181817","2.1714285714285713","2.188679245283019","1.7317784256559767","1.1444444444444444","1.0128205128205128","2","2"
"13","0.3","10","0.7","10","9","3","50","true","true","0.1","0.03","2","10","35","0.1947261663286004","19.047619047619047","19.736842105263158","88","33","55","11.055276381909549","11.458333333333332","10.826771653543307","2.1818181818181817","2.1818181818181817","2.1818181818181817","1.703601108033241","1.1256830601092895","1.0185185185185186","2","2"
"13","0.3","10","0.7","10","9","3","50","true","true","0.1","0.03","2","10","36","0.19507389162561575","19.098143236074268","19.74921630094044","90","33","57","10.948905109489052","11.498257839721255","10.654205607476635","2.2","2.1818181818181817","2.210526315789474","1.683377308707124","1.1122994652406417","1.0180722891566265","2","2"
"13","0.3","10","0.7","10","9","3","50","true","true","0.1","0.03","2","10","37","0.18947368421052632","18.79895561357702","19.033232628398792","90","33","57","10.61320754716981","11.458333333333332","10.178571428571429","2.2","2.1818181818181817","2.210526315789474","1.6658227848101266","1.1105263157894736","1.0173410404624277","2","2"
"13","0.3","10","0.7","10","9","3","50","true","true","0.1","0.03","2","10","38","0.18773234200743494","17.84776902887139","19.280575539568346","92","31","61","10.478359908883828","10.76388888888889","10.338983050847457","2.1956521739130435","2.193548387096774","2.19672131147541","1.6521739130434783","1.0984455958549222","1.0169491525423728","2","2"
"13","0.3","10","0.7","10","9","3","50","true","true","0.1","0.03","2","10","39","0.18682310469314078","17.41424802110818","19.34156378600823","94","30","64","10.363836824696802","10.416666666666668","10.339256865912763","2.202127659574468","2.2","2.203125","1.6275862068965516","1.1025641025641026","1.0164835164835164","2","2"
"13","0.3","10","0.7","10","9","3","50","true","true","0.1","0.03","2","10","40","0.18843120070113936","17.066666666666666","19.712793733681462","99","30","69","10.554371002132196","10.416666666666668","10.615384615384615","2.1717171717171717","2.1333333333333333","2.1884057971014492","1.6164079822616408","1.1019417475728155","1.0164835164835164","2","2"
"13","0.3","10","0.7","10","9","3","50","true","true","0.1","0.03","2","10","41","0.19234042553191488","16.621983914209114","20.448877805486283","103","29","74","10.67357512953368","10.034602076124568","10.946745562130179","2.1941747572815533","2.1379310344827585","2.2162162162162162","1.6293103448275863","1.0896226415094339","1.0162162162162163","2","2"
"13","0.3","10","0.7","10","9","3","50","true","true","0.1","0.03","2","10","42","0.1925619834710744","15.027322404371585","21.09004739336493","106","26","80","10.642570281124499","9.059233449477352","11.283497884344147","2.19811320754717","2.1153846153846154","2.225","1.6231884057971016","1.0841121495327102","1.0157068062827226","2","2"
"13","0.3","10","0.7","10","9","3","50","true","true","0.1","0.03","2","10","43","0.19101123595505617","14.986376021798364","20.819112627986346","108","26","82","10.516066212268745","8.996539792387544","11.11111111111111","2.2037037037037037","2.1153846153846154","2.231707317073171","1.607920792079208","1.0776255707762556","1.0153846153846153","2","2"
"13","0.3","10","0.7","10","9","3","50","true","true","0.1","0.03","2","10","44","0.19719407638347622","14.166666666666666","21.885157096424702","113","24","89","10.700757575757576","8.391608391608392","11.558441558441558","2.2389380530973453","2.125","2.269662921348315","1.6099426386233269","1.08675799086758","1.015","2","2"
"13","0.3","10","0.7","10","9","3","50","true","true","0.1","0.03","2","10","45","0.198334595003785","14.049586776859504","22.025052192066806","117","24","93","10.753676470588236","8.304498269896193","11.639549436795996","2.2393162393162394","2.125","2.2688172043010755","1.6047794117647058","1.0896860986547086","1.0148514851485149","2","2"
"13","0.3","10","0.7","10","9","3","50","true","true","0.1","0.03","2","10","46","0.19411764705882353","13.055555555555557","21.7","118","22","96","10.479573712255773","7.6923076923076925","11.428571428571429","2.23728813559322","2.1363636363636362","2.2604166666666665","1.5824561403508772","1.0786026200873362","1.0144230769230769","2","2"
"13","0.3","10","0.7","10","9","3","50","true","true","0.1","0.03","2","10","47","0.19357142857142856","12.672176308539946","21.697203471552555","122","22","100","10.535405872193436","7.638888888888889","11.494252873563218","2.221311475409836","2.090909090909091","2.25","1.5857385398981325","1.0745614035087718","1.0137614678899083","2","2"
"13","0.3","10","0.7","10","9","3","50","true","true","0.1","0.03","2","10","48","0.19625520110957004","11.634349030470915","22.294172062904718","127","20","107","10.654362416107382","6.944444444444445","11.836283185840708","2.2283464566929134","2.1","2.2523364485981308","1.5878489326765188","1.0729613733905579","1.0135135135135136","2","2"
"13","0.3","10","0.7","10","9","3","50","true","true","0.1","0.03","2","10","49","0.19528619528619529","11.080332409972298","22.24199288256228","130","19","111","10.55194805194805","6.5743944636678195","11.770943796394485","2.230769230769231","2.1052631578947367","2.2522522522522523","1.5682888540031397","1.084033613445378","1.0133333333333334","2","2"
"13","0.3","10","0.7","10","9","3","50","true","true","0.1","0.03","2","10","50","0.19816873773708307","10.084033613445378","22.781569965870307","134","17","117","10.576164167324388","5.923344947735192","11.938775510204081","2.2611940298507465","2.1176470588235294","2.282051282051282","1.573820395738204","1.0772357723577235","1.013215859030837","2","2"
"14","0.3","10","0.7","10","9","3","50","true","true","0.1","0.03","2","10","0","0","0","0","0","0","0","0","0","0","0","0","0","1","1","1","0","0"
"14","0.3","10","0.7","10","9","3","50","true","true","0.1","0.03","2","10","1","0.03773584905660377","4.713804713804714","0","6","6","0","1.6528925619834711","2.0761245674740483","0","2.3333333333333335","2.3333333333333335","0","1.0869565217391304","1","1","2","2"
"14","0.3","10","0.7","10","9","3","50","true","true","0.1","0.03","2","10","2","0.07068062827225131","8.852459016393443","0","11","11","0","3.0054644808743167","3.8062283737024223","0","2.4545454545454546","2.4545454545454546","0","1.1719745222929936","1","1","2","2"
"14","0.3","10","0.7","10","9","3","50","true","true","0.1","0.03","2","10","3","0.089058524173028","11.55115511551155","0","14","14","0","3.7735849056603774","4.98220640569395","0","2.5","2.5","0","1.2337662337662338","1","1","2","2"
"14","0.3","10","0.7","10","9","3","50","true","true","0.1","0.03","2","10","4","0.11633663366336634","14.61038961038961","2.083333333333333","18","17","1","4.8517520215633425","6.159420289855073","1.0526315789473684","2.611111111111111","2.6470588235294117","2","1.3355704697986577","1.0072463768115942","1","2","2"
"14","0.3","10","0.7","10","9","3","50","true","true","0.1","0.03","2","10","5","0.14903846153846154","18.412698412698415","3.9603960396039604","24","22","2","6.504065040650407","8.118081180811808","2.0408163265306123","2.5833333333333335","2.6363636363636362","2","1.5185185185185186","1.0070921985815602","1","2","2"
"14","0.3","10","0.7","10","9","3","50","true","true","0.1","0.03","2","10","6","0.1542056074766355","19.195046439628484","3.8095238095238098","24","22","2","6.434316353887399","8.118081180811808","1.9607843137254901","2.75","2.8181818181818183","2","1.5735294117647058","1.0069444444444444","1.0147058823529411","2","2"
"14","0.3","10","0.7","10","9","3","50","true","true","0.1","0.03","2","10","7","0.15681818181818183","19.756838905775076","3.6036036036036037","25","23","2","6.578947368421052","8.455882352941178","1.8518518518518516","2.76","2.8260869565217392","2","1.6058394160583942","1.0134228187919463","1.0147058823529411","2","2"
"14","0.3","10","0.7","10","9","3","50","true","true","0.1","0.03","2","10","8","0.16114790286975716","20.353982300884958","3.508771929824561","27","25","2","6.958762886597938","9.025270758122744","1.8018018018018018","2.7037037037037037","2.76","2","1.6402877697841727","1.0133333333333334","1.0138888888888888","2","2"
"14","0.3","10","0.7","10","9","3","50","true","true","0.1","0.03","2","10","9","0.16952789699570817","21.613832853025936","3.361344537815126","29","27","2","7.3604060913705585","9.712230215827338","1.7241379310344827","2.7241379310344827","2.7777777777777777","2","1.6950354609929077","1.0136054421768708","1.0129870129870129","2","2"
"14","0.3","10","0.7","10","9","3","50","true","true","0.1","0.03","2","10","10","0.17745302713987474","22.88135593220339","3.2","32","30","2","7.960199004975125","10.714285714285714","1.639344262295082","2.65625","2.7","2","1.7446808510638299","1.0130718954248366","1.0263157894736843","2","2"
"14","0.3","10","0.7","10","9","3","50","true","true","0.1","0.03","2","10","11","0.18052738336713997","23.61111111111111","3.007518796992481","34","32","2","8.292682926829269","11.428571428571429","1.5384615384615385","2.6176470588235294","2.65625","2","1.7517241379310344","1.0324675324675325","1.0389610389610389","2","2"
"14","0.3","10","0.7","10","9","3","50","true","true","0.1","0.03","2","10","12","0.1873767258382643","24.863387978142075","2.8368794326241136","35","33","2","8.393285371702639","11.827956989247312","1.4492753623188406","2.7142857142857144","2.757575757575758","2","1.8027210884353742","1.0324675324675325","1.0375","2","2"
"14","0.3","10","0.7","10","9","3","50","true","true","0.1","0.03","2","10","13","0.19348659003831417","25.815217391304344","3.896103896103896","38","35","3","8.899297423887589","12.63537906137184","2","2.6578947368421053","2.7142857142857144","2","1.8092105263157894","1.0451612903225806","1.0365853658536586","2","2"
"14","0.3","10","0.7","10","9","3","50","true","true","0.1","0.03","2","10","14","0.20670391061452514","27.00534759358289","6.134969325153374","42","37","5","9.67741935483871","13.309352517985612","3.205128205128205","2.642857142857143","2.72972972972973","2","1.888157894736842","1.0443037974683544","1.0365853658536586","2","2"
"14","0.3","10","0.7","10","9","3","50","true","true","0.1","0.03","2","10","15","0.21338155515370705","27.440633245382585","8.045977011494253","45","38","7","10.227272727272728","13.620071684587815","4.3478260869565215","2.6222222222222222","2.736842105263158","2","1.9801324503311257","1.0443037974683544","1.0348837209302326","2","2"
"14","0.3","10","0.7","10","9","3","50","true","true","0.1","0.03","2","10","16","0.20913884007029876","26.75324675324675","8.695652173913043","46","38","8","10.176991150442479","13.47517730496454","4.705882352941177","2.5869565217391304","2.710526315789474","2","1.949685534591195","1.0573248407643312","1.0333333333333334","2","2"
"14","0.3","10","0.7","10","9","3","50","true","true","0.1","0.03","2","10","17","0.20819112627986347","26.463104325699742","9.32642487046632","48","39","9","10.38961038961039","13.684210526315791","5.084745762711865","2.5416666666666665","2.6666666666666665","2","1.9875776397515528","1.0617283950617284","1.032967032967033","2","2"
"14","0.3","10","0.7","10","9","3","50","true","true","0.1","0.03","2","10","18","0.19900497512437812","25.692695214105793","8.737864077669903","48","39","9","10.084033613445378","13.636363636363635","4.736842105263158","2.5","2.6153846153846154","2","1.9585798816568047","1.0538922155688624","1.0434782608695652","2","2"
"14","0.3","10","0.7","10","9","3","50","true","true","0.1","0.03","2","10","19","0.20450885668276972","26.302729528535977","9.63302752293578","51","41","10","10.515463917525773","14.335664335664337","5.025125628140704","2.4901960784313726","2.5853658536585367","2.1","2.0236686390532546","1.0591715976331362","1.0416666666666667","2","2"
"14","0.3","10","0.7","10","9","3","50","true","true","0.1","0.03","2","10","20","0.20187793427230047","26.302729528535977","9.745762711864407","52","41","11","10.420841683366733","14.285714285714285","5.188679245283019","2.480769230769231","2.5853658536585367","2.090909090909091","1.9777777777777779","1.064327485380117","1.0520833333333333","2","2"
"14","0.3","10","0.7","10","9","3","50","true","true","0.1","0.03","2","10","21","0.20516717325227962","26.172839506172842","11.462450592885375","55","41","14","10.7421875","14.285714285714285","6.222222222222222","2.4545454545454546","2.5853658536585367","2.0714285714285716","1.994535519125683","1.08","1.0505050505050506","2","2"
"14","0.3","10","0.7","10","9","3","50","true","true","0.1","0.03","2","10","22","0.206794682422452","26.161369193154034","12.313432835820896","57","41","16","10.919540229885058","14.335664335664337","6.779661016949152","2.456140350877193","2.6097560975609757","2.0625","2.0211640211640214","1.0872093023255813","1.0485436893203883","2","2"
"14","0.3","10","0.7","10","9","3","50","true","true","0.1","0.03","2","10","23","0.20373027259684362","26.097560975609756","12.195121951219512","58","41","17","10.800744878957168","14.285714285714285","6.800000000000001","2.4482758620689653","2.6097560975609757","2.0588235294117645","1.9949748743718594","1.0867052023121386","1.0467289719626167","2","2"
"14","0.3","10","0.7","10","9","3","50","true","true","0.1","0.03","2","10","24","0.20920502092050208","25.970873786407765","14.098360655737704","62","41","21","11.313868613138686","14.335664335664337","8.015267175572518","2.4193548387096775","2.6097560975609757","2.0476190476190474","2.0295566502463056","1.0941176470588236","1.0530973451327434","2","2"
"14","0.3","10","0.7","10","9","3","50","true","true","0.1","0.03","2","10","25","0.2032520325203252","25.65947242206235","13.395638629283487","62","41","21","10.99290780141844","14.23611111111111","7.608695652173914","2.4193548387096775","2.6097560975609757","2.0476190476190474","2.0095238095238095","1.101123595505618","1.0526315789473684","2","2"
"14","0.3","10","0.7","10","9","3","50","true","true","0.1","0.03","2","10","26","0.2","25","13.823529411764707","63","40","23","10.86206896551724","13.84083044982699","7.903780068728522","2.4126984126984126","2.625","2.0434782608695654","1.990909090909091","1.1067415730337078","1.0593220338983051","2","2"
"14","0.3","10","0.7","10","9","3","50","true","true","0.1","0.03","2","10","27","0.19948849104859334","25","14.088397790055248","65","40","25","10.887772194304858","13.88888888888889","8.090614886731391","2.4","2.625","2.04","1.9653679653679654","1.1111111111111112","1.0578512396694215","2","2"
"14","0.3","10","0.7","10","9","3","50","true","true","0.1","0.03","2","10","28","0.20124223602484473","25.235849056603776","14.435695538057743","68","41","27","11.074918566775244","14.186851211072666","8.307692307692308","2.3823529411764706","2.6097560975609757","2.037037037037037","1.9663865546218486","1.1202185792349726","1.056","2","2"
"14","0.3","10","0.7","10","9","3","50","true","true","0.1","0.03","2","10","29","0.19903498190591074","24.58628841607565","15.024630541871922","69","40","29","10.90047393364929","13.84083044982699","8.430232558139535","2.391304347826087","2.6","2.103448275862069","1.9442231075697212","1.120879120879121","1.0538461538461539","2","2"
"14","0.3","10","0.7","10","9","3","50","true","true","0.1","0.03","2","10","30","0.20867526377491208","24","17.75700934579439","75","39","36","11.591962905718702","13.494809688581316","10.05586592178771","2.3733333333333335","2.6153846153846154","2.111111111111111","2","1.1195652173913044","1.0522388059701493","2","2"
"14","0.3","10","0.7","10","9","3","50","true","true","0.1","0.03","2","10","31","0.20842824601366744","23.764705882352942","18.101545253863137","77","39","38","11.578947368421053","13.494809688581316","10.106382978723403","2.3766233766233764","2.58974358974359","2.1578947368421053","1.9700374531835205","1.1189189189189188","1.0661764705882353","2","2"
"14","0.3","10","0.7","10","9","3","50","true","true","0.1","0.03","2","10","32","0.20575221238938052","23.684210526315788","17.901234567901234","78","38","40","11.271676300578035","13.286713286713287","9.852216748768473","2.3846153846153846","2.6052631578947367","2.175","1.9094076655052266","1.108695652173913","1.062937062937063","2","2"
"14","0.3","10","0.7","10","9","3","50","true","true","0.1","0.03","2","10","33","0.20300751879699247","23.57142857142857","17.61252446183953","79","38","41","11.01813110181311","13.148788927335639","9.579439252336448","2.392405063291139","2.6052631578947367","2.1951219512195124","1.8594771241830066","1.1141304347826086","1.0608108108108107","2","2"
"14","0.3","10","0.7","10","9","3","50","true","true","0.1","0.03","2","10","34","0.21189979123173278","23.57142857142857","19.33085501858736","85","38","47","11.548913043478262","13.148788927335639","10.51454138702461","2.388235294117647","2.6052631578947367","2.2127659574468086","1.8878205128205128","1.1135135135135135","1.0584415584415585","2","2"
"14","0.3","10","0.7","10","9","3","50","true","true","0.1","0.03","2","10","35","0.21095334685598377","23.076923076923077","19.649122807017545","88","37","51","11.563731931668856","12.89198606271777","10.759493670886076","2.3636363636363638","2.5945945945945947","2.196078431372549","1.8632218844984803","1.1081081081081081","1.0566037735849056","2","2"
"14","0.3","10","0.7","10","9","3","50","true","true","0.1","0.03","2","10","36","0.20788177339901479","22.966507177033492","19.262981574539364","89","37","52","11.294416243654823","12.802768166089965","10.420841683366733","2.3707865168539324","2.5945945945945947","2.2115384615384617","1.8247126436781609","1.1063829787234043","1.0552147239263803","2","2"
"14","0.3","10","0.7","10","9","3","50","true","true","0.1","0.03","2","10","37","0.21339712918660286","23.076923076923077","20.190779014308426","95","37","58","11.713933415536374","12.847222222222221","11.089866156787762","2.3473684210526318","2.5945945945945947","2.189655172413793","1.8232044198895028","1.1189189189189188","1.0532544378698225","2","2"
"14","0.3","10","0.7","10","9","3","50","true","true","0.1","0.03","2","10","38","0.20910780669144982","22.650602409638555","19.818456883509832","96","36","60","11.387900355871885","12.45674740484429","10.830324909747292","2.34375","2.611111111111111","2.183333333333333","1.7947368421052632","1.1047120418848169","1.0517241379310345","2","2"
"14","0.3","10","0.7","10","9","3","50","true","true","0.1","0.03","2","10","39","0.21028880866425992","22.330097087378643","20.25862068965517","101","36","65","11.582568807339449","12.45674740484429","11.149228130360205","2.3069306930693068","2.5555555555555554","2.169230769230769","1.7868020304568528","1.0923076923076922","1.0494505494505495","2","2"
"14","0.3","10","0.7","10","9","3","50","true","true","0.1","0.03","2","10","40","0.21384750219106047","23.52941176470588","20.190995907230562","106","38","68","11.76470588235294","13.286713286713287","11.05691056910569","2.30188679245283","2.526315789473684","2.176470588235294","1.7627118644067796","1.1122448979591837","1.0483870967741935","2","2"
"14","0.3","10","0.7","10","9","3","50","true","true","0.1","0.03","2","10","41","0.21872340425531914","24.330900243309003","20.54973821989529","110","38","72","11.85344827586207","13.194444444444445","11.25","2.3363636363636364","2.6315789473684212","2.1805555555555554","1.764018691588785","1.1173469387755102","1.046875","2","2"
"14","0.3","10","0.7","10","9","3","50","true","true","0.1","0.03","2","10","42","0.2231404958677686","23.703703703703706","21.614906832298136","115","36","79","12.02928870292887","12.543554006968641","11.80866965620329","2.347826086956522","2.6666666666666665","2.2025316455696204","1.762979683972912","1.1155778894472361","1.0454545454545454","2","2"
"14","0.3","10","0.7","10","9","3","50","true","true","0.1","0.03","2","10","43","0.2231139646869984","25","21.021377672209027","117","36","81","11.794354838709678","12.5","11.505681818181818","2.376068376068376","2.8055555555555554","2.185185185185185","1.7429805615550755","1.0909090909090908","1.0445544554455446","2","2"
"14","0.3","10","0.7","10","9","3","50","true","true","0.1","0.03","2","10","44","0.22135619641465315","24.938271604938272","20.842824601366743","120","36","84","11.673151750972762","12.45674740484429","11.366711772665765","2.3666666666666667","2.8055555555555554","2.1785714285714284","1.7169421487603307","1.0825688073394495","1.0485436893203883","2","2"
"14","0.3","10","0.7","10","9","3","50","true","true","0.1","0.03","2","10","45","0.21650264950794854","23.366834170854272","20.910075839653306","121","34","87","11.37218045112782","11.805555555555555","11.211340206185568","2.3636363636363638","2.735294117647059","2.218390804597701","1.691699604743083","1.0833333333333333","1.0480769230769231","2","2"
"14","0.3","10","0.7","10","9","3","50","true","true","0.1","0.03","2","10","46","0.21764705882352942","23.308270676691727","21.12382934443288","126","34","92","11.464968152866243","11.76470588235294","11.358024691358025","2.3492063492063493","2.735294117647059","2.2065217391304346","1.6799242424242424","1.0772532188841202","1.0471698113207548","2","2"
"14","0.3","10","0.7","10","9","3","50","true","true","0.1","0.03","2","10","47","0.21785714285714286","23.308270676691727","21.178821178821178","130","34","96","11.514614703277235","11.76470588235294","11.428571428571429","2.3461538461538463","2.735294117647059","2.2083333333333335","1.6825688073394496","1.0798319327731092","1.0462962962962963","2","2"
"14","0.3","10","0.7","10","9","3","50","true","true","0.1","0.03","2","10","48","0.21914008321775313","23.115577889447238","21.455938697318008","136","34","102","11.663807890222985","11.76470588235294","11.630558722919043","2.323529411764706","2.7058823529411766","2.196078431372549","1.6748681898066784","1.0836820083682008","1.0454545454545454","2","2"
"14","0.3","10","0.7","10","9","3","50","true","true","0.1","0.03","2","10","49","0.21952861952861952","22.137404580152673","21.886446886446887","141","33","108","11.701244813278008","11.418685121107266","11.790393013100436","2.3120567375886525","2.6363636363636362","2.212962962962963","1.6677966101694914","1.0766129032258065","1.0446428571428572","2","2"
"14","0.3","10","0.7","10","9","3","50","true","true","0.1","0.03","2","10","50","0.22302158273381295","22.137404580152673","22.359154929577464","148","33","115","11.945117029862793","11.418685121107266","12.105263157894736","2.304054054054054","2.6363636363636362","2.208695652173913","1.6677577741407528","1.078740157480315","1.0442477876106195","2","2"
"15","0.3","10","0.7","10","9","3","50","true","true","0.1","0.03","2","10","0","0","0","0","0","0","0","0","0","0","0","0","0","1","1","1","0","0"
"15","0.3","10","0.7","10","9","3","50","true","true","0.1","0.03","2","10","1","0.03504043126684636","4.377104377104377","0","5","5","0","1.3774104683195594","1.7301038062283738","0","2.6","2.6","0","1.0760233918128654","1","1","2","2"
"15","0.3","10","0.7","10","9","3","50","true","true","0.1","0.03","2","10","2","0.07068062827225131","8.881578947368421","0","12","12","0","3.2697547683923704","4.1522491349480966","0","2.25","2.25","0","1.1515151515151516","1.0172413793103448","1","2","2"
"15","0.3","10","0.7","10","9","3","50","true","true","0.1","0.03","2","10","3","0.09414758269720101","12.052117263843648","0","16","16","0","4.336043360433604","5.6537102473498235","0","2.3125","2.3125","0","1.2389937106918238","1.017094017094017","1","2","2"
"15","0.3","10","0.7","10","9","3","50","true","true","0.1","0.03","2","10","4","0.10643564356435643","13.738019169329075","0","18","18","0","4.825737265415549","6.382978723404255","0","2.388888888888889","2.388888888888889","0","1.3051948051948052","1.024793388429752","1","2","2"
"15","0.3","10","0.7","10","9","3","50","true","true","0.1","0.03","2","10","5","0.125","16.1993769470405","0","21","21","0","5.722070844686648","7.720588235294118","0","2.4761904761904763","2.4761904761904763","0","1.4513888888888888","1.0310077519379846","1.0136986301369864","2","2"
"15","0.3","10","0.7","10","9","3","50","true","true","0.1","0.03","2","10","6","0.1261682242990654","16.463414634146343","0","22","22","0","5.9459459459459465","8.148148148148149","0","2.4545454545454546","2.4545454545454546","0","1.542857142857143","1.0305343511450382","1.013157894736842","2","2"
"15","0.3","10","0.7","10","9","3","50","true","true","0.1","0.03","2","10","7","0.12272727272727273","16.119402985074625","0","22","22","0","5.866666666666666","8.148148148148149","0","2.4545454545454546","2.4545454545454546","0","1.5673758865248226","1.053030303030303","1.0126582278481013","2","2"
"15","0.3","10","0.7","10","9","3","50","true","true","0.1","0.03","2","10","8","0.13245033112582782","17.391304347826086","0","24","24","0","6.382978723404255","8.955223880597014","0","2.5","2.5","0","1.6666666666666667","1.0597014925373134","1.0125","2","2"
"15","0.3","10","0.7","10","9","3","50","true","true","0.1","0.03","2","10","9","0.1351931330472103","17.94871794871795","0","25","25","0","6.493506493506493","9.25925925925926","0","2.52","2.52","0","1.6575342465753424","1.0692307692307692","1.0119047619047619","2","2"
"15","0.3","10","0.7","10","9","3","50","true","true","0.1","0.03","2","10","10","0.13569937369519833","18.361581920903955","0","26","26","0","6.598984771573605","9.66542750929368","0","2.5","2.5","0","1.6688741721854305","1.0692307692307692","1.0114942528735633","2","2"
"15","0.3","10","0.7","10","9","3","50","true","true","0.1","0.03","2","10","11","0.13793103448275862","18.333333333333332","1.5037593984962405","28","27","1","6.87960687960688","9.818181818181818","0.7575757575757576","2.4285714285714284","2.4444444444444446","2","1.6666666666666667","1.0681818181818181","1.010989010989011","2","2"
"15","0.3","10","0.7","10","9","3","50","true","true","0.1","0.03","2","10","12","0.14595660749506903","18.52861035422343","4.285714285714286","31","28","3","7.524271844660194","10.144927536231885","2.2058823529411766","2.3870967741935485","2.4285714285714284","2","1.732484076433121","1.0687022900763359","1.021505376344086","2","2"
"15","0.3","10","0.7","10","9","3","50","true","true","0.1","0.03","2","10","13","0.1475095785440613","18.983957219251337","4.054054054054054","31","28","3","7.363420427553444","10.071942446043165","2.097902097902098","2.4838709677419355","2.5357142857142856","2","1.7393939393939395","1.0687022900763359","1.021505376344086","2","2"
"15","0.3","10","0.7","10","9","3","50","true","true","0.1","0.03","2","10","14","0.1601489757914339","20.316622691292878","5.69620253164557","33","29","4","7.728337236533958","10.39426523297491","2.7027027027027026","2.606060606060606","2.6551724137931036","2.25","1.7891566265060241","1.0681818181818181","1.03125","2","2"
"15","0.3","10","0.7","10","9","3","50","true","true","0.1","0.03","2","10","15","0.162748643761302","20.876288659793815","5.454545454545454","35","31","4","8.083140877598153","11.151079136690647","2.5806451612903225","2.5714285714285716","2.6129032258064515","2.25","1.834319526627219","1.0846153846153845","1.0303030303030303","2","2"
"15","0.3","10","0.7","10","9","3","50","true","true","0.1","0.03","2","10","16","0.1687170474516696","21.90721649484536","6.077348066298343","37","32","5","8.333333333333332","11.510791366906476","3.0120481927710845","2.5945945945945947","2.65625","2.2","1.8361581920903955","1.0846153846153845","1.03","2","2"
"15","0.3","10","0.7","10","9","3","50","true","true","0.1","0.03","2","10","17","0.16382252559726962","21.573604060913706","5.729166666666666","37","32","5","8.131868131868131","11.387900355871885","2.8735632183908044","2.5945945945945947","2.65625","2.2","1.830601092896175","1.0970149253731343","1.0297029702970297","2","2"
"15","0.3","10","0.7","10","9","3","50","true","true","0.1","0.03","2","10","18","0.16749585406301823","21.012658227848103","8.653846153846153","39","31","8","8.405172413793103","11.032028469750891","4.371584699453552","2.58974358974359","2.6774193548387095","2.25","1.8617021276595744","1.105263157894737","1.029126213592233","2","2"
"15","0.3","10","0.7","10","9","3","50","true","true","0.1","0.03","2","10","19","0.16908212560386474","20.80200501253133","9.90990990990991","41","31","10","8.577405857740587","10.87719298245614","5.181347150259067","2.5609756097560976","2.6774193548387095","2.2","1.846938775510204","1.1094890510948905","1.0288461538461537","2","2"
"15","0.3","10","0.7","10","9","3","50","true","true","0.1","0.03","2","10","20","0.1784037558685446","22.167487684729064","10.300429184549357","44","33","11","9.053497942386832","11.578947368421053","5.472636815920398","2.590909090909091","2.727272727272727","2.1818181818181817","1.9035532994923858","1.1094890510948905","1.037037037037037","2","2"
"15","0.3","10","0.7","10","9","3","50","true","true","0.1","0.03","2","10","21","0.17325227963525835","21.463414634146343","10.483870967741936","44","32","12","8.747514910536779","11.11111111111111","5.5813953488372094","2.590909090909091","2.75","2.1666666666666665","1.8599033816425121","1.1118881118881119","1.0555555555555556","2","2"
"15","0.3","10","0.7","10","9","3","50","true","true","0.1","0.03","2","10","22","0.17429837518463812","21.35922330097087","11.320754716981133","46","32","14","8.897485493230175","11.11111111111111","6.11353711790393","2.5652173913043477","2.75","2.142857142857143","1.8465116279069766","1.1241379310344828","1.054054054054054","2","2"
"15","0.3","10","0.7","10","9","3","50","true","true","0.1","0.03","2","10","23","0.16929698708751795","20.92457420924574","11.188811188811188","46","31","15","8.598130841121495","10.76388888888889","6.0728744939271255","2.5652173913043477","2.774193548387097","2.1333333333333333","1.8222222222222222","1.1208053691275168","1.0526315789473684","2","2"
"15","0.3","10","0.7","10","9","3","50","true","true","0.1","0.03","2","10","24","0.17154811715481172","20.813397129186605","12.040133779264215","49","32","17","8.990825688073395","11.072664359861593","6.640625","2.510204081632653","2.71875","2.1176470588235294","1.8458149779735682","1.1428571428571428","1.0608695652173914","2","2"
"15","0.3","10","0.7","10","9","3","50","true","true","0.1","0.03","2","10","25","0.17615176151761516","20.531400966183575","13.88888888888889","51","31","20","9.13978494623656","10.801393728222997","7.380073800738007","2.549019607843137","2.7419354838709675","2.25","1.8626609442060085","1.1548387096774193","1.0593220338983051","2","2"
"15","0.3","10","0.7","10","9","3","50","true","true","0.1","0.03","2","10","26","0.18552631578947368","21.904761904761905","14.411764705882351","55","33","22","9.632224168126093","11.418685121107266","7.801418439716312","2.5636363636363635","2.787878787878788","2.227272727272727","1.8781512605042017","1.1806451612903226","1.056910569105691","2","2"
"15","0.3","10","0.7","10","9","3","50","true","true","0.1","0.03","2","10","27","0.18030690537084398","20.531400966183575","15.217391304347828","55","30","25","9.29054054054054","10.416666666666668","8.223684210526317","2.5636363636363635","2.8333333333333335","2.24","1.8452380952380953","1.1708860759493671","1.056","2","2"
"15","0.3","10","0.7","10","9","3","50","true","true","0.1","0.03","2","10","28","0.17267080745341615","19.05940594059406","15.46134663341646","54","26","28","8.752025931928689","9.12280701754386","8.433734939759036","2.574074074074074","2.9615384615384617","2.2142857142857144","1.7925925925925925","1.1419753086419753","1.054263565891473","2","2"
"15","0.3","10","0.7","10","9","3","50","true","true","0.1","0.03","2","10","29","0.17249698431845598","19.901719901719904","14.691943127962084","55","27","28","8.620689655172415","9.40766550522648","7.977207977207977","2.6","3","2.2142857142857144","1.7578947368421052","1.1411042944785277","1.0518518518518518","2","2"
"15","0.3","10","0.7","10","9","3","50","true","true","0.1","0.03","2","10","30","0.1746776084407972","19.852941176470587","15.280898876404494","58","27","31","8.82800608828006","9.375","8.401084010840108","2.5689655172413794","3","2.193548387096774","1.7585034013605443","1.1377245508982037","1.0579710144927537","2","2"
"15","0.3","10","0.7","10","9","3","50","true","true","0.1","0.03","2","10","31","0.1776765375854214","19.559902200489","16.204690831556505","62","27","35","9.185185185185185","9.342560553633218","9.067357512953368","2.5161290322580645","2.962962962962963","2.1714285714285713","1.7639344262295082","1.1437125748502994","1.0567375886524824","2","2"
"15","0.3","10","0.7","10","9","3","50","true","true","0.1","0.03","2","10","32","0.18030973451327434","19.656019656019655","16.700201207243463","65","27","38","9.352517985611511","9.375","9.336609336609335","2.5076923076923077","2.962962962962963","2.1842105263157894","1.767515923566879","1.1461988304093567","1.0551724137931036","2","2"
"15","0.3","10","0.7","10","9","3","50","true","true","0.1","0.03","2","10","33","0.17722878625134264","19.164619164619165","16.603053435114504","66","26","40","9.17941585535466","9.027777777777777","9.280742459396752","2.5","3","2.175","1.7477203647416413","1.1420454545454546","1.054421768707483","2","2"
"15","0.3","10","0.7","10","9","3","50","true","true","0.1","0.03","2","10","34","0.17849686847599164","19.559902200489","16.57559198542805","69","27","42","9.336941813261165","9.375","9.312638580931264","2.4782608695652173","2.962962962962963","2.1666666666666665","1.7426900584795322","1.146067415730337","1.0533333333333332","2","2"
"15","0.3","10","0.7","10","9","3","50","true","true","0.1","0.03","2","10","35","0.17647058823529413","19.51219512195122","16.319444444444446","70","27","43","9.198423127463863","9.342560553633218","9.110169491525424","2.4857142857142858","2.962962962962963","2.186046511627907","1.7282913165266107","1.1483516483516483","1.0526315789473684","2","2"
"15","0.3","10","0.7","10","9","3","50","true","true","0.1","0.03","2","10","36","0.17635467980295566","19.11764705882353","16.639209225700164","72","26","46","9.171974522292993","9.027777777777777","9.25553319919517","2.486111111111111","3","2.1956521739130435","1.710455764075067","1.1567567567567567","1.0516129032258064","2","2"
"15","0.3","10","0.7","10","9","3","50","true","true","0.1","0.03","2","10","37","0.17703349282296652","19.024390243902438","16.850393700787404","75","26","49","9.25925925925926","9.027777777777777","9.386973180076629","2.466666666666667","3","2.183673469387755","1.6966580976863752","1.164021164021164","1.0509554140127388","2","2"
"15","0.3","10","0.7","10","9","3","50","true","true","0.1","0.03","2","10","38","0.17936802973977695","18.82640586797066","17.391304347826086","79","26","53","9.483793517406964","8.996539792387544","9.742647058823529","2.4430379746835444","2.9615384615384617","2.188679245283019","1.7004950495049505","1.1657754010695187","1.049079754601227","2","2"
"15","0.3","10","0.7","10","9","3","50","true","true","0.1","0.03","2","10","39","0.18231046931407943","18.02469135802469","18.349928876244665","83","24","59","9.62877030162413","8.362369337979095","10.26086956521739","2.433734939759036","3.0416666666666665","2.1864406779661016","1.6855791962174942","1.1693121693121693","1.0481927710843373","2","2"
"15","0.3","10","0.7","10","9","3","50","true","true","0.1","0.03","2","10","40","0.1761612620508326","17.936117936117938","17.43869209809264","83","24","59","9.273743016759777","8.304498269896193","9.735973597359736","2.4216867469879517","3.0416666666666665","2.169491525423729","1.6554809843400446","1.1554404145077721","1.0470588235294118","2","2"
"15","0.3","10","0.7","10","9","3","50","true","true","0.1","0.03","2","10","41","0.17872340425531916","17.980295566502463","17.815344603381014","87","24","63","9.415584415584416","8.304498269896193","9.921259842519685","2.413793103448276","3.0416666666666665","2.1746031746031744","1.6572668112798266","1.1323529411764706","1.0465116279069768","2","2"
"15","0.3","10","0.7","10","9","3","50","true","true","0.1","0.03","2","10","42","0.17768595041322313","17.293233082706767","18.002466091245374","90","23","67","9.394572025052192","7.986111111111111","10","2.388888888888889","3","2.1791044776119404","1.6329896907216495","1.1291866028708133","1.0520231213872833","2","2"
"15","0.3","10","0.7","10","9","3","50","true","true","0.1","0.03","2","10","43","0.17415730337078653","16.834170854271356","17.68867924528302","91","22","69","9.173387096774194","7.612456747404845","9.815078236130867","2.3846153846153846","3.0454545454545454","2.1739130434782608","1.599609375","1.1408450704225352","1.0514285714285714","2","2"
"15","0.3","10","0.7","10","9","3","50","true","true","0.1","0.03","2","10","44","0.17537022603273578","15.989847715736042","18.222722159730033","95","22","73","9.27734375","7.612456747404845","9.931972789115646","2.3684210526315788","2.8636363636363638","2.219178082191781","1.5951035781544256","1.1336405529953917","1.0497237569060773","2","2"
"15","0.3","10","0.7","10","9","3","50","true","true","0.1","0.03","2","10","45","0.17789553368660105","15.025906735751295","18.93048128342246","99","20","79","9.366130558183539","6.993006993006993","10.246433203631646","2.3737373737373737","2.9","2.240506329113924","1.5970695970695972","1.1217391304347826","1.0494505494505495","2","2"
"15","0.3","10","0.7","10","9","3","50","true","true","0.1","0.03","2","10","46","0.17941176470588235","15.104166666666666","19.057377049180328","103","20","83","9.475620975160993","6.993006993006993","10.362047440699126","2.3689320388349513","2.9","2.2409638554216866","1.5922671353251319","1.1266375545851528","1.053763440860215","2","2"
"15","0.3","10","0.7","10","9","3","50","true","true","0.1","0.03","2","10","47","0.18285714285714286","14.766839378238341","19.62524654832347","109","20","89","9.749552772808586","6.920415224913495","10.735826296743065","2.3486238532110093","2.85","2.235955056179775","1.6023890784982935","1.1201716738197425","1.0526315789473684","2","2"
"15","0.3","10","0.7","10","9","3","50","true","true","0.1","0.03","2","10","48","0.18169209431345354","14.583333333333334","19.47069943289225","111","20","91","9.593777009507347","6.944444444444445","10.47180667433832","2.3603603603603602","2.8","2.2637362637362637","1.5846905537459284","1.1196581196581197","1.0507614213197969","2","2"
"15","0.3","10","0.7","10","9","3","50","true","true","0.1","0.03","2","10","49","0.19057239057239056","14.02116402116402","20.77687443541102","119","19","100","10.016835016835017","6.597222222222222","11.11111111111111","2.3781512605042017","2.789473684210526","2.3","1.6003159557661928","1.1125541125541125","1.053921568627451","2","2"
"15","0.3","10","0.7","10","9","3","50","true","true","0.1","0.03","2","10","50","0.19686069326357097","13.527851458885943","21.70138888888889","125","18","107","10.245901639344263","6.25","11.48068669527897","2.408","2.8333333333333335","2.336448598130841","1.6141975308641976","1.1054852320675106","1.0523809523809524","2","2"
"16","0.3","10","0.7","10","9","3","50","true","true","0.1","0.03","2","10","0","0","0","0","0","0","0","0","0","0","0","0","0","1","1","1","0","0"
"16","0.3","10","0.7","10","9","3","50","true","true","0.1","0.03","2","10","1","0.03773584905660377","4.72972972972973","0","7","7","0","1.9230769230769231","2.422145328719723","0","2","2","0","1.0813953488372092","1","1","2","2"
"16","0.3","10","0.7","10","9","3","50","true","true","0.1","0.03","2","10","2","0.08376963350785341","10.491803278688524","0","16","16","0","4.371584699453552","5.536332179930796","0","2","2","0","1.196319018404908","1","1","2","2"
"16","0.3","10","0.7","10","9","3","50","true","true","0.1","0.03","2","10","3","0.10178117048346055","13.157894736842104","0","20","20","0","5.376344086021505","7.06713780918728","0","2","2","0","1.2578616352201257","1","1","2","2"
"16","0.3","10","0.7","10","9","3","50","true","true","0.1","0.03","2","10","4","0.12871287128712872","16.129032258064516","2.127659574468085","26","25","1","6.914893617021277","8.8339222614841","1.0752688172043012","2","2","2","1.3529411764705883","1","1","2","2"
"16","0.3","10","0.7","10","9","3","50","true","true","0.1","0.03","2","10","5","0.13942307692307693","17.72151898734177","2","29","28","1","7.671957671957672","10.03584229390681","1.0101010101010102","2","2","2","1.445945945945946","1.007462686567164","1","2","2"
"16","0.3","10","0.7","10","9","3","50","true","true","0.1","0.03","2","10","6","0.1542056074766355","19.875776397515526","1.8867924528301887","33","32","1","8.68421052631579","11.594202898550725","0.9615384615384616","2","2","2","1.5704225352112675","1.007462686567164","1.0144927536231885","2","2"
"16","0.3","10","0.7","10","9","3","50","true","true","0.1","0.03","2","10","7","0.1590909090909091","20.73170731707317","1.7857142857142856","35","34","1","9.067357512953368","12.274368231046932","0.9174311926605505","2","2","2","1.5862068965517242","1.0148148148148148","1.028169014084507","2","2"
"16","0.3","10","0.7","10","9","3","50","true","true","0.1","0.03","2","10","8","0.15894039735099338","20.238095238095237","3.418803418803419","36","34","2","9.207161125319693","12.23021582733813","1.7699115044247788","2","2","2","1.6503496503496504","1.0215827338129497","1.0273972602739727","2","2"
"16","0.3","10","0.7","10","9","3","50","true","true","0.1","0.03","2","10","9","0.16738197424892703","20.588235294117645","6.349206349206349","39","35","4","9.82367758186398","12.63537906137184","3.3333333333333335","2","2","2","1.7304964539007093","1.0211267605633803","1.0266666666666666","2","2"
"16","0.3","10","0.7","10","9","3","50","true","true","0.1","0.03","2","10","10","0.17118997912317327","21.26436781609195","6.106870229007633","41","37","4","10.199004975124378","13.261648745519713","3.2520325203252036","2","2","2","1.7943262411347518","1.0208333333333333","1.0394736842105263","2","2"
"16","0.3","10","0.7","10","9","3","50","true","true","0.1","0.03","2","10","11","0.17647058823529413","22.128851540616246","5.88235294117647","43","39","4","10.487804878048781","13.87900355871886","3.10077519379845","2.0232558139534884","2.0256410256410255","2","1.8391608391608392","1.0208333333333333","1.0375","2","2"
"16","0.3","10","0.7","10","9","3","50","true","true","0.1","0.03","2","10","12","0.1755424063116371","21.525885558583106","7.142857142857142","44","39","5","10.602409638554217","13.780918727915195","3.787878787878788","2.022727272727273","2.0256410256410255","2","1.8758620689655172","1.0422535211267605","1.0357142857142858","2","2"
"16","0.3","10","0.7","10","9","3","50","true","true","0.1","0.03","2","10","13","0.1781609195402299","21.83288409703504","7.9470198675496695","46","40","6","10.823529411764705","14.084507042253522","4.25531914893617","2.0217391304347827","2.025","2","1.9047619047619047","1.0335570469798658","1.0602409638554218","2","2"
"16","0.3","10","0.7","10","9","3","50","true","true","0.1","0.03","2","10","14","0.18063314711359404","22.666666666666664","7.4074074074074066","48","42","6","11.009174311926607","14.788732394366196","3.9473684210526314","2.0208333333333335","2.0238095238095237","2","1.9078947368421053","1.033112582781457","1.0705882352941176","2","2"
"16","0.3","10","0.7","10","9","3","50","true","true","0.1","0.03","2","10","15","0.17902350813743217","23.015873015873016","6.857142857142858","49","43","6","10.913140311804009","15.140845070422534","3.6363636363636362","2.020408163265306","2.0232558139534884","2","1.879746835443038","1.0389610389610389","1.0909090909090908","2","2"
"16","0.3","10","0.7","10","9","3","50","true","true","0.1","0.03","2","10","16","0.18453427065026362","22.83464566929134","9.574468085106384","52","43","9","11.353711790393014","15.087719298245613","5.202312138728324","2.019230769230769","2.0232558139534884","2","1.9367088607594938","1.0443037974683544","1.0888888888888888","2","2"
"16","0.3","10","0.7","10","9","3","50","true","true","0.1","0.03","2","10","17","0.189419795221843","22.87917737789203","11.16751269035533","55","44","11","11.802575107296137","15.33101045296167","6.145251396648044","2.018181818181818","2.022727272727273","2","1.9813664596273293","1.0512820512820513","1.0957446808510638","2","2"
"16","0.3","10","0.7","10","9","3","50","true","true","0.1","0.03","2","10","18","0.19071310116086235","22.82051282051282","12.206572769953052","57","44","13","11.899791231732777","15.33101045296167","6.770833333333333","2.017543859649123","2.022727272727273","2","1.9879518072289157","1.0632911392405062","1.09375","2","2"
"16","0.3","10","0.7","10","9","3","50","true","true","0.1","0.03","2","10","19","0.19484702093397746","23.869346733668344","11.659192825112108","60","47","13","12.295081967213115","16.319444444444446","6.5","2.0166666666666666","2.021276595744681","2","1.9942196531791907","1.077922077922078","1.0891089108910892","2","2"
"16","0.3","10","0.7","10","9","3","50","true","true","0.1","0.03","2","10","20","0.19874804381846636","24.129353233830848","12.658227848101266","63","48","15","12.701612903225806","16.72473867595819","7.177033492822966","2.015873015873016","2.0208333333333335","2","2.022727272727273","1.103896103896104","1.0970873786407767","2","2"
"16","0.3","10","0.7","10","9","3","50","true","true","0.1","0.03","2","10","21","0.19300911854103345","23.134328358208954","13.28125","63","46","17","12.3046875","16.02787456445993","7.555555555555555","2.015873015873016","2.0217391304347827","2","1.989247311827957","1.1019108280254777","1.1057692307692308","2","2"
"16","0.3","10","0.7","10","9","3","50","true","true","0.1","0.03","2","10","22","0.19054652880354506","23.51485148514851","12.454212454212454","64","47","17","12.121212121212121","16.376306620209057","7.053941908713693","2.015625","2.021276595744681","2","1.9489795918367347","1.0987654320987654","1.1142857142857143","2","2"
"16","0.3","10","0.7","10","9","3","50","true","true","0.1","0.03","2","10","23","0.18507890961262555","22.358722358722357","13.10344827586207","63","45","18","11.645101663585953","15.625","7.114624505928854","2.0476190476190474","2.022222222222222","2.111111111111111","1.922705314009662","1.1118012422360248","1.1111111111111112","2","2"
"16","0.3","10","0.7","10","9","3","50","true","true","0.1","0.03","2","10","24","0.1799163179916318","21.534653465346533","13.418530351437699","63","43","20","11.29032258064516","14.982578397212542","7.380073800738007","2.0476190476190474","2.0232558139534884","2.1","1.8733031674208145","1.11875","1.1071428571428572","2","2"
"16","0.3","10","0.7","10","9","3","50","true","true","0.1","0.03","2","10","25","0.17208672086720866","21.03960396039604","12.574850299401197","62","42","20","10.74523396880416","14.583333333333334","6.920415224913495","2.0483870967741935","2.0238095238095237","2.1","1.826271186440678","1.1153846153846154","1.1083333333333334","2","2"
"16","0.3","10","0.7","10","9","3","50","true","true","0.1","0.03","2","10","26","0.16710526315789473","20.884520884520885","11.89801699716714","62","42","20","10.437710437710438","14.53287197231834","6.557377049180328","2.0483870967741935","2.0238095238095237","2.1","1.792828685258964","1.103896103896104","1.1023622047244095","2","2"
"16","0.3","10","0.7","10","9","3","50","true","true","0.1","0.03","2","10","27","0.170076726342711","20.34313725490196","13.368983957219251","65","41","24","10.655737704918032","14.186851211072666","7.476635514018691","2.046153846153846","2.024390243902439","2.0833333333333335","1.81640625","1.0943396226415094","1.1085271317829457","2","2"
"16","0.3","10","0.7","10","9","3","50","true","true","0.1","0.03","2","10","28","0.16521739130434782","20.293398533007334","12.626262626262626","65","41","24","10.317460317460316","14.186851211072666","7.038123167155426","2.046153846153846","2.024390243902439","2.0833333333333335","1.7692307692307692","1.108974358974359","1.0955882352941178","2","2"
"16","0.3","10","0.7","10","9","3","50","true","true","0.1","0.03","2","10","29","0.16767189384800965","20.243902439024392","13.365155131264917","68","41","27","10.493827160493826","14.186851211072666","7.520891364902507","2.0441176470588234","2.024390243902439","2.074074074074074","1.7793594306049823","1.1","1.1167883211678833","2","2"
"16","0.3","10","0.7","10","9","3","50","true","true","0.1","0.03","2","10","30","0.16295427901524032","19.458128078817737","13.422818791946309","68","39","29","10.134128166915051","13.541666666666666","7.5718015665796345","2.0441176470588234","2.0256410256410255","2.0689655172413794","1.7315436241610738","1.1125","1.1118881118881119","2","2"
"16","0.3","10","0.7","10","9","3","50","true","true","0.1","0.03","2","10","31","0.16173120728929385","18.858560794044664","13.894736842105262","70","38","32","10.086455331412104","13.194444444444445","7.8817733990147785","2.0285714285714285","2","2.0625","1.7038216560509554","1.1132075471698113","1.1066666666666667","2","2"
"16","0.3","10","0.7","10","9","3","50","true","true","0.1","0.03","2","10","32","0.16371681415929204","17.632241813602015","15.384615384615385","72","35","37","10.084033613445378","12.280701754385964","8.624708624708624","2.0555555555555554","2","2.108108108108108","1.715170278637771","1.0903614457831325","1.111842105263158","2","2"
"16","0.3","10","0.7","10","9","3","50","true","true","0.1","0.03","2","10","33","0.16756176154672395","18.316831683168317","15.559772296015181","75","36","39","10.245901639344263","12.543554006968641","8.764044943820224","2.08","2.0555555555555554","2.1025641025641026","1.7371601208459215","1.0755813953488371","1.1103896103896105","2","2"
"16","0.3","10","0.7","10","9","3","50","true","true","0.1","0.03","2","10","34","0.162839248434238","16.957605985037407","15.798922800718133","75","33","42","9.946949602122016","11.458333333333332","9.012875536480687","2.08","2.0606060606060606","2.0952380952380953","1.722543352601156","1.0828402366863905","1.1049382716049383","2","2"
"16","0.3","10","0.7","10","9","3","50","true","true","0.1","0.03","2","10","35","0.1612576064908722","16.040100250626566","16.183986371379895","76","31","45","9.78120978120978","10.76388888888889","9.202453987730062","2.0921052631578947","2.064516129032258","2.111111111111111","1.7044198895027625","1.0804597701149425","1.103658536585366","2","2"
"16","0.3","10","0.7","10","9","3","50","true","true","0.1","0.03","2","10","36","0.1625615763546798","16","16.422764227642276","79","31","48","9.875","10.726643598615917","9.393346379647749","2.088607594936709","2.064516129032258","2.1041666666666665","1.693121693121693","1.087719298245614","1.0988372093023255","2","2"
"16","0.3","10","0.7","10","9","3","50","true","true","0.1","0.03","2","10","37","0.16555023923444975","15.92039800995025","16.951788491446347","82","31","51","9.987819732034104","10.726643598615917","9.586466165413533","2.1097560975609757","2.064516129032258","2.1372549019607843","1.6938775510204083","1.0862068965517242","1.1098265895953756","2","2"
"16","0.3","10","0.7","10","9","3","50","true","true","0.1","0.03","2","10","38","0.16635687732342008","15.92039800995025","17.062314540059347","85","31","54","10.035419126328216","10.726643598615917","9.67741935483871","2.1058823529411765","2.064516129032258","2.1296296296296298","1.6847290640394088","1.092896174863388","1.1098265895953756","2","2"
"16","0.3","10","0.7","10","9","3","50","true","true","0.1","0.03","2","10","39","0.1651624548736462","15.92039800995025","16.855524079320112","87","31","56","9.954233409610984","10.726643598615917","9.572649572649574","2.103448275862069","2.064516129032258","2.125","1.669833729216152","1.1117021276595744","1.1073446327683616","2","2"
"16","0.3","10","0.7","10","9","3","50","true","true","0.1","0.03","2","10","40","0.1761612620508326","16.08040201005025","18.438761776581426","96","31","65","10.654827968923417","10.801393728222997","10.586319218241043","2.09375","2.064516129032258","2.1076923076923078","1.6890951276102089","1.1030927835051547","1.1055555555555556","2","2"
"16","0.3","10","0.7","10","9","3","50","true","true","0.1","0.03","2","10","41","0.17446808510638298","16.831683168316832","17.769130998702984","95","30","65","10.193133047210301","10.416666666666668","10.093167701863354","2.1578947368421053","2.2666666666666666","2.1076923076923078","1.6733333333333333","1.0833333333333333","1.1043956043956045","2","2"
"16","0.3","10","0.7","10","9","3","50","true","true","0.1","0.03","2","10","42","0.17355371900826447","16.666666666666664","17.70573566084788","97","30","67","10.093652445369408","10.380622837370241","9.970238095238097","2.1649484536082473","2.2666666666666666","2.1194029850746268","1.6567796610169492","1.0833333333333333","1.101063829787234","2","2"
"16","0.3","10","0.7","10","9","3","50","true","true","0.1","0.03","2","10","43","0.17656500802568217","16.707616707616708","18.116805721096544","101","30","71","10.222672064777328","10.416666666666668","10.142857142857142","2.1782178217821784","2.2666666666666666","2.140845070422535","1.6618852459016393","1.080568720379147","1.101063829787234","2","2"
"16","0.3","10","0.7","10","9","3","50","true","true","0.1","0.03","2","10","44","0.18004676539360873","16.296296296296298","18.79271070615034","106","29","77","10.392156862745098","10.069444444444445","10.51912568306011","2.1792452830188678","2.2758620689655173","2.142857142857143","1.6626984126984128","1.0772727272727274","1.1005291005291005","2","2"
"16","0.3","10","0.7","10","9","3","50","true","true","0.1","0.03","2","10","45","0.1854655563966692","16.33663366336634","19.520174482006546","112","29","83","10.666666666666668","10.104529616724738","10.878112712975097","2.1875","2.2758620689655173","2.1566265060240966","1.6564885496183206","1.090497737556561","1.0984455958549222","2","2"
"16","0.3","10","0.7","10","9","3","50","true","true","0.1","0.03","2","10","46","0.19264705882352942","19.138755980861244","19.32059447983015","115","30","85","10.687732342007434","10.380622837370241","10.800508259212197","2.2782608695652176","2.6666666666666665","2.1411764705882352","1.6753731343283582","1.0873362445414847","1.097938144329897","2","2"
"16","0.3","10","0.7","10","9","3","50","true","true","0.1","0.03","2","10","47","0.19","19.18465227817746","18.921668362156662","117","30","87","10.512129380053908","10.416666666666668","10.545454545454545","2.2735042735042734","2.6666666666666665","2.1379310344827585","1.6565295169946332","1.075","1.0964467005076142","2","2"
"16","0.3","10","0.7","10","9","3","50","true","true","0.1","0.03","2","10","48","0.1927877947295423","19.523809523809526","19.17808219178082","122","31","91","10.655021834061134","10.726643598615917","10.630841121495326","2.278688524590164","2.6451612903225805","2.1538461538461537","1.6528497409326426","1.0909090909090908","1.0940594059405941","2","2"
"16","0.3","10","0.7","10","9","3","50","true","true","0.1","0.03","2","10","49","0.2","18.94484412470024","20.411985018726593","130","30","100","11.03565365025467","10.380622837370241","11.24859392575928","2.2846153846153845","2.6333333333333333","2.18","1.6672268907563026","1.0887096774193548","1.0931372549019607","2","2"
"16","0.3","10","0.7","10","9","3","50","true","true","0.1","0.03","2","10","50","0.19162851536952255","15.88089330024814","20.33747779751332","134","28","106","10.903173311635477","9.722222222222223","11.26461211477152","2.1865671641791047","2.2857142857142856","2.160377358490566","1.631160572337043","1.07421875","1.0909090909090908","2","2"
"17","0.3","10","0.7","10","9","3","50","true","true","0.1","0.03","2","10","0","0","0","0","0","0","0","0","0","0","0","0","0","1","1","1","0","0"
"17","0.3","10","0.7","10","9","3","50","true","true","0.1","0.03","2","10","1","0.018867924528301886","2.3890784982935154","0","3","3","0","0.8174386920980926","1.0380622837370241","0","2.3333333333333335","2.3333333333333335","0","1.0406976744186047","1","1","2","2"
"17","0.3","10","0.7","10","9","3","50","true","true","0.1","0.03","2","10","2","0.049738219895287955","6.333333333333334","0","8","8","0","2.15633423180593","2.768166089965398","0","2.375","2.375","0","1.1137724550898203","1","1","2","2"
"17","0.3","10","0.7","10","9","3","50","true","true","0.1","0.03","2","10","3","0.06361323155216285","7.6923076923076925","2.127659574468085","11","10","1","2.91005291005291","3.508771929824561","1.0752688172043012","2.272727272727273","2.3","2","1.1524390243902438","1.0068027210884354","1","2","2"
"17","0.3","10","0.7","10","9","3","50","true","true","0.1","0.03","2","10","4","0.08415841584158416","10.596026490066226","1.9607843137254901","14","13","1","3.674540682414698","4.642857142857143","0.9900990099009901","2.4285714285714284","2.4615384615384617","2","1.2236024844720497","1.0067114093959733","1","2","2"
"17","0.3","10","0.7","10","9","3","50","true","true","0.1","0.03","2","10","5","0.1201923076923077","15.584415584415584","1.8518518518518516","18","17","1","4.8","6.343283582089552","0.9345794392523363","2.7777777777777777","2.823529411764706","2","1.4027777777777777","1.0065359477124183","1","2","2"
"17","0.3","10","0.7","10","9","3","50","true","true","0.1","0.03","2","10","6","0.1378504672897196","17.92452830188679","1.8181818181818181","21","20","1","5.555555555555555","7.434944237918216","0.9174311926605505","2.8095238095238093","2.85","2","1.4964028776978417","1.0128205128205128","1","2","2"
"17","0.3","10","0.7","10","9","3","50","true","true","0.1","0.03","2","10","7","0.15","19.753086419753085","1.7241379310344827","24","23","1","6.299212598425196","8.646616541353383","0.8695652173913043","2.75","2.782608695652174","2","1.6","1.0127388535031847","1","2","2"
"17","0.3","10","0.7","10","9","3","50","true","true","0.1","0.03","2","10","8","0.16114790286975716","21.45015105740181","1.639344262295082","26","25","1","6.701030927835052","9.328358208955224","0.8333333333333334","2.8076923076923075","2.84","2","1.664179104477612","1.0122699386503067","1","2","2"
"17","0.3","10","0.7","10","9","3","50","true","true","0.1","0.03","2","10","9","0.16523605150214593","21.994134897360702","1.6","28","27","1","7.1065989847715745","9.96309963099631","0.8130081300813009","2.75","2.7777777777777777","2","1.7238805970149254","1.01840490797546","1.0147058823529411","2","2"
"17","0.3","10","0.7","10","9","3","50","true","true","0.1","0.03","2","10","10","0.17954070981210857","23.42857142857143","3.10077519379845","31","29","2","7.828282828282829","10.74074074074074","1.5873015873015872","2.774193548387097","2.8275862068965516","2","1.8461538461538463","1.0182926829268293","1.0140845070422535","2","2"
"17","0.3","10","0.7","10","9","3","50","true","true","0.1","0.03","2","10","11","0.18052738336713997","23.743016759776538","2.9629629629629632","32","30","2","7.94044665012407","11.07011070110701","1.5151515151515151","2.78125","2.8333333333333335","2","1.887218045112782","1.0182926829268293","1.0273972602739727","2","2"
"17","0.3","10","0.7","10","9","3","50","true","true","0.1","0.03","2","10","12","0.1873767258382643","24.93150684931507","2.8169014084507045","35","33","2","8.51581508515815","12.043795620437956","1.4598540145985401","2.7142857142857144","2.757575757575758","2","1.9264705882352942","1.0182926829268293","1.0263157894736843","2","2"
"17","0.3","10","0.7","10","9","3","50","true","true","0.1","0.03","2","10","13","0.18199233716475097","24.594594594594597","2.631578947368421","35","33","2","8.333333333333332","12","1.3793103448275863","2.7142857142857144","2.757575757575758","2","1.8958333333333333","1.0304878048780488","1.0389610389610389","2","2"
"17","0.3","10","0.7","10","9","3","50","true","true","0.1","0.03","2","10","14","0.18435754189944134","24.73404255319149","3.7267080745341614","37","34","3","8.604651162790699","12.186379928315413","1.9867549668874174","2.675675675675676","2.735294117647059","2","1.9246575342465753","1.035928143712575","1.0375","2","2"
"17","0.3","10","0.7","10","9","3","50","true","true","0.1","0.03","2","10","15","0.18264014466546113","25","3.4682080924855487","38","35","3","8.577878103837472","12.411347517730496","1.8633540372670807","2.6578947368421053","2.7142857142857144","2","1.9155844155844155","1.029585798816568","1.037037037037037","2","2"
"17","0.3","10","0.7","10","9","3","50","true","true","0.1","0.03","2","10","16","0.17926186291739896","25","3.2432432432432434","39","36","3","8.609271523178808","12.811387900355871","1.744186046511628","2.6153846153846154","2.6666666666666665","2","1.9119496855345912","1.0348837209302326","1.0481927710843373","2","2"
"17","0.3","10","0.7","10","9","3","50","true","true","0.1","0.03","2","10","17","0.18430034129692832","25","5.154639175257731","42","37","5","9.090909090909092","13.028169014084506","2.8089887640449436","2.5714285714285716","2.6486486486486487","2","1.980891719745223","1.0449438202247192","1.0470588235294118","2","2"
"17","0.3","10","0.7","10","9","3","50","true","true","0.1","0.03","2","10","18","0.175787728026534","24.438902743142144","3.9603960396039604","41","37","4","8.76068376068376","13.028169014084506","2.1739130434782608","2.5853658536585367","2.6486486486486487","2","2.012422360248447","1.0568181818181819","1.0449438202247192","2","2"
"17","0.3","10","0.7","10","9","3","50","true","true","0.1","0.03","2","10","19","0.17391304347826086","23.703703703703706","5.555555555555555","42","36","6","8.823529411764707","12.7208480565371","3.1088082901554404","2.5714285714285716","2.6666666666666665","2","2.048780487804878","1.0685714285714285","1.0425531914893618","2","2"
"17","0.3","10","0.7","10","9","3","50","true","true","0.1","0.03","2","10","20","0.1784037558685446","24.137931034482758","6.866952789699571","45","37","8","9.240246406570842","13.074204946996467","3.9215686274509802","2.533333333333333","2.6486486486486487","2","2.0714285714285716","1.0685714285714285","1.0505050505050506","2","2"
"17","0.3","10","0.7","10","9","3","50","true","true","0.1","0.03","2","10","21","0.16717325227963525","23.15270935960591","6.349206349206349","43","35","8","8.565737051792828","12.323943661971832","3.669724770642202","2.558139534883721","2.6857142857142855","2","2.0166666666666666","1.0677966101694916","1.0495049504950495","2","2"
"17","0.3","10","0.7","10","9","3","50","true","true","0.1","0.03","2","10","22","0.1654357459379616","22.871046228710462","6.7669172932330826","44","35","9","8.51063829787234","12.237762237762238","3.896103896103896","2.5454545454545454","2.6857142857142855","2","1.9735449735449735","1.0833333333333333","1.0480769230769231","2","2"
"17","0.3","10","0.7","10","9","3","50","true","true","0.1","0.03","2","10","23","0.16355810616929697","22.604422604422606","7.586206896551724","45","34","11","8.379888268156424","11.929824561403509","4.365079365079365","2.533333333333333","2.7058823529411766","2","1.9113300492610839","1.0883977900552486","1.0467289719626167","2","2"
"17","0.3","10","0.7","10","9","3","50","true","true","0.1","0.03","2","10","24","0.16457461645746166","22.815533980582526","7.868852459016394","47","35","12","8.52994555353902","12.152777777777777","4.562737642585551","2.5106382978723403","2.6857142857142855","2","1.914691943127962","1.0824175824175823","1.045045045045045","2","2"
"17","0.3","10","0.7","10","9","3","50","true","true","0.1","0.03","2","10","25","0.16260162601626016","22.871046228710462","7.951070336391437","48","35","13","8.421052631578947","12.152777777777777","4.609929078014184","2.5","2.6857142857142855","2","1.8744394618834082","1.0864864864864865","1.043859649122807","2","2"
"17","0.3","10","0.7","10","9","3","50","true","true","0.1","0.03","2","10","26","0.15526315789473685","22.27602905569007","7.492795389048991","47","34","13","8.006814310051109","11.805555555555555","4.3478260869565215","2.5106382978723403","2.7058823529411766","2","1.8432203389830508","1.0913978494623655","1.0427350427350428","2","2"
"17","0.3","10","0.7","10","9","3","50","true","true","0.1","0.03","2","10","27","0.15601023017902813","22.22222222222222","8.152173913043478","49","34","15","8.12603648424544","11.805555555555555","4.761904761904762","2.489795918367347","2.7058823529411766","2","1.8266129032258065","1.0962566844919786","1.0420168067226891","2","2"
"17","0.3","10","0.7","10","9","3","50","true","true","0.1","0.03","2","10","28","0.1515527950310559","21.897810218978105","8.121827411167512","49","33","16","7.814992025518341","11.498257839721255","4.705882352941177","2.489795918367347","2.727272727272727","2","1.7727272727272727","1.0932642487046633","1.0413223140495869","2","2"
"17","0.3","10","0.7","10","9","3","50","true","true","0.1","0.03","2","10","29","0.14475271411338964","21.307506053268767","7.6923076923076925","48","32","16","7.395993836671804","11.11111111111111","4.43213296398892","2.5","2.75","2","1.7311827956989247","1.0964467005076142","1.0483870967741935","2","2"
"17","0.3","10","0.7","10","9","3","50","true","true","0.1","0.03","2","10","30","0.141852286049238","21.307506053268767","7.5","48","32","16","7.153502235469449","11.11111111111111","4.177545691906006","2.5208333333333335","2.75","2.0625","1.7016949152542373","1.09","1.047244094488189","2","2"
"17","0.3","10","0.7","10","9","3","50","true","true","0.1","0.03","2","10","31","0.14009111617312073","21.307506053268767","7.526881720430108","49","32","17","7.0503597122302155","11.11111111111111","4.176904176904177","2.510204081632653","2.75","2.0588235294117645","1.6763754045307444","1.0878048780487806","1.0458015267175573","2","2"
"17","0.3","10","0.7","10","9","3","50","true","true","0.1","0.03","2","10","32","0.1426991150442478","21.204819277108435","8.384458077709612","52","32","20","7.252440725244072","11.072664359861593","4.672897196261682","2.480769230769231","2.75","2.05","1.679245283018868","1.080188679245283","1.0522388059701493","2","2"
"17","0.3","10","0.7","10","9","3","50","true","true","0.1","0.03","2","10","33","0.1385606874328679","20.673076923076923","8.349514563106796","52","31","21","7.008086253369273","10.726643598615917","4.635761589403973","2.480769230769231","2.774193548387097","2.0476190476190474","1.6420118343195267","1.080568720379147","1.0571428571428572","2","2"
"17","0.3","10","0.7","10","9","3","50","true","true","0.1","0.03","2","10","34","0.13465553235908143","20.52505966587112","7.977736549165121","52","31","21","6.806282722513089","10.726643598615917","4.421052631578947","2.480769230769231","2.774193548387097","2.0476190476190474","1.6140845070422536","1.0938967136150235","1.0555555555555556","2","2"
"17","0.3","10","0.7","10","9","3","50","true","true","0.1","0.03","2","10","35","0.13488843813387424","20.095693779904305","8.626760563380282","54","30","24","6.861499364675986","10.380622837370241","4.819277108433735","2.462962962962963","2.8","2.0416666666666665","1.6147540983606556","1.0950226244343892","1.0551724137931036","2","2"
"17","0.3","10","0.7","10","9","3","50","true","true","0.1","0.03","2","10","36","0.13399014778325122","19.471153846153847","9.181969949916526","57","30","27","7.011070110701106","10.416666666666668","5.142857142857142","2.3859649122807016","2.7","2.037037037037037","1.5953002610966058","1.0969162995594715","1.0616438356164384","2","2"
"17","0.3","10","0.7","10","9","3","50","true","true","0.1","0.03","2","10","37","0.13301435406698564","18.64406779661017","9.81012658227848","58","28","30","6.88836104513064","9.722222222222223","5.415162454873646","2.396551724137931","2.75","2.066666666666667","1.5756823821339951","1.0869565217391304","1.0666666666666667","2","2"
"17","0.3","10","0.7","10","9","3","50","true","true","0.1","0.03","2","10","38","0.13289962825278812","19.315403422982886","9.5952023988006","60","29","31","6.857142857142858","10.069444444444445","5.281090289608177","2.3833333333333333","2.7241379310344827","2.064516129032258","1.5446009389671362","1.0858369098712446","1.0576923076923077","2","2"
"17","0.3","10","0.7","10","9","3","50","true","true","0.1","0.03","2","10","39","0.13628158844765342","19.174757281553397","10.344827586206897","64","29","35","7.111111111111111","10.034602076124568","5.728314238952537","2.359375","2.7241379310344827","2.057142857142857","1.5452488687782806","1.094420600858369","1.0559006211180124","2","2"
"17","0.3","10","0.7","10","9","3","50","true","true","0.1","0.03","2","10","40","0.13584574934268187","19.41031941031941","10.354223433242508","66","29","37","7.089151450053706","10.069444444444445","5.7542768273716955","2.3484848484848486","2.7241379310344827","2.054054054054054","1.5389610389610389","1.0805084745762712","1.0606060606060606","2","2"
"17","0.3","10","0.7","10","9","3","50","true","true","0.1","0.03","2","10","41","0.13617021276595745","19.602977667493796","10.492227979274611","68","29","39","7.046632124352331","10.069444444444445","5.760709010339734","2.3529411764705883","2.7241379310344827","2.076923076923077","1.515400410677618","1.0743801652892562","1.0598802395209581","2","2"
"17","0.3","10","0.7","10","9","3","50","true","true","0.1","0.03","2","10","42","0.1322314049586777","18.02030456852792","10.906862745098039","72","29","43","7.18562874251497","10.069444444444445","6.022408963585434","2.2222222222222223","2.4482758620689653","2.0697674418604652","1.4873294346978558","1.0816326530612246","1.058139534883721","2","2"
"17","0.3","10","0.7","10","9","3","50","true","true","0.1","0.03","2","10","43","0.12841091492776885","16.709511568123396","11.085180863477246","72","26","46","6.9297401347449465","9.059233449477352","6.117021276595745","2.2222222222222223","2.5","2.0652173913043477","1.4721189591078068","1.0717131474103585","1.0571428571428572","2","2"
"17","0.3","10","0.7","10","9","3","50","true","true","0.1","0.03","2","10","44","0.12470771628994544","16.624040920716112","10.650224215246636","72","26","46","6.70391061452514","9.027777777777777","5.852417302798982","2.2222222222222223","2.5","2.0652173913043477","1.4566371681415928","1.052","1.053475935828877","2","2"
"17","0.3","10","0.7","10","9","3","50","true","true","0.1","0.03","2","10","45","0.1271763815291446","16.624040920716112","11.0752688172043","76","26","50","6.853020739404869","8.996539792387544","6.097560975609756","2.210526315789474","2.5","2.06","1.4522184300341296","1.0511811023622046","1.0518134715025906","2","2"
"17","0.3","10","0.7","10","9","3","50","true","true","0.1","0.03","2","10","46","0.125","16.195372750642672","11.019567456230691","77","25","52","6.730769230769231","8.680555555555555","6.074766355140187","2.207792207792208","2.52","2.0576923076923075","1.4395424836601307","1.0588235294117647","1.050251256281407","2","2"
"17","0.3","10","0.7","10","9","3","50","true","true","0.1","0.03","2","10","47","0.12142857142857143","15.681233933161954","10.781404549950544","77","24","53","6.503378378378379","8.304498269896193","5.921787709497207","2.207792207792208","2.5416666666666665","2.056603773584906","1.4199066874027995","1.05859375","1.0485436893203883","2","2"
"17","0.3","10","0.7","10","9","3","50","true","true","0.1","0.03","2","10","48","0.12482662968099861","15.503875968992247","11.374407582938389","82","24","58","6.715806715806716","8.333333333333332","6.216505894962487","2.1951219512195124","2.5","2.0689655172413794","1.4155455904334828","1.0583657587548638","1.0469483568075117","2","2"
"17","0.3","10","0.7","10","9","3","50","true","true","0.1","0.03","2","10","49","0.1265993265993266","15.384615384615385","11.689497716894977","86","24","62","6.8471337579617835","8.304498269896193","6.41158221302999","2.186046511627907","2.5","2.064516129032258","1.4164265129682998","1.0632411067193677","1.0448430493273542","2","2"
"17","0.3","10","0.7","10","9","3","50","true","true","0.1","0.03","2","10","50","0.1223021582733813","13.802083333333334","11.703056768558952","87","22","65","6.692307692307692","7.638888888888889","6.422924901185771","2.1494252873563218","2.409090909090909","2.0615384615384613","1.4002751031636864","1.0572519083969465","1.0493273542600896","2","2"
"18","0.3","10","0.7","10","9","3","50","true","true","0.1","0.03","2","10","0","0","0","0","0","0","0","0","0","0","0","0","0","1","1","1","0","0"
"18","0.3","10","0.7","10","9","3","50","true","true","0.1","0.03","2","10","1","0.03234501347708895","4.040404040404041","0","4","4","0","1.1019283746556474","1.384083044982699","0","3","3","0","1.0607734806629834","1.0092592592592593","1","2","2"
"18","0.3","10","0.7","10","9","3","50","true","true","0.1","0.03","2","10","2","0.06806282722513089","8.552631578947368","0","11","11","0","2.997275204359673","3.8062283737024223","0","2.3636363636363638","2.3636363636363638","0","1.1436781609195403","1.009009009009009","1","2","2"
"18","0.3","10","0.7","10","9","3","50","true","true","0.1","0.03","2","10","3","0.089058524173028","11.475409836065573","0","14","14","0","3.763440860215054","4.929577464788732","0","2.5","2.5","0","1.2117647058823529","1","1","2","2"
"18","0.3","10","0.7","10","9","3","50","true","true","0.1","0.03","2","10","4","0.11138613861386139","14.331210191082802","0","16","16","0","4.301075268817205","5.673758865248227","0","2.8125","2.8125","0","1.2969696969696969","1","1","2","2"
"18","0.3","10","0.7","10","9","3","50","true","true","0.1","0.03","2","10","5","0.13221153846153846","16.97530864197531","0","18","18","0","4.891304347826087","6.4981949458483745","0","3.0555555555555554","3.0555555555555554","0","1.4166666666666667","1.0085470085470085","1","2","2"
"18","0.3","10","0.7","10","9","3","50","true","true","0.1","0.03","2","10","6","0.14953271028037382","18.731117824773413","2.0618556701030926","21","20","1","5.722070844686648","7.352941176470589","1.0526315789473684","3.0476190476190474","3.1","2","1.54","1.0085470085470085","1","2","2"
"18","0.3","10","0.7","10","9","3","50","true","true","0.1","0.03","2","10","7","0.15227272727272728","18.950437317784257","2.0618556701030926","22","21","1","5.913978494623656","7.581227436823104","1.0526315789473684","3.0454545454545454","3.0952380952380953","2","1.5933333333333333","1.0084033613445378","1","2","2"
"18","0.3","10","0.7","10","9","3","50","true","true","0.1","0.03","2","10","8","0.1479028697571744","18.51851851851852","1.9607843137254901","22","21","1","5.7894736842105265","7.5","1","3.0454545454545454","3.0952380952380953","2","1.618421052631579","1.008130081300813","1","2","2"
"18","0.3","10","0.7","10","9","3","50","true","true","0.1","0.03","2","10","9","0.16523605150214593","20.391061452513966","3.7037037037037033","26","24","2","6.806282722513089","8.695652173913043","1.8867924528301887","2.9615384615384617","3.0416666666666665","2","1.7364864864864864","1.008130081300813","1","2","2"
"18","0.3","10","0.7","10","9","3","50","true","true","0.1","0.03","2","10","10","0.17536534446764093","21.73913043478261","3.6036036036036037","28","26","2","7.291666666666667","9.420289855072465","1.8518518518518516","3","3.076923076923077","2","1.8531468531468531","1.0078740157480315","1","2","2"
"18","0.3","10","0.7","10","9","3","50","true","true","0.1","0.03","2","10","11","0.19066937119675456","23.7467018469657","3.508771929824561","30","28","2","7.731958762886598","10.108303249097473","1.8018018018018018","3.1333333333333333","3.2142857142857144","2","1.9305555555555556","1.008","1","2","2"
"18","0.3","10","0.7","10","9","3","50","true","true","0.1","0.03","2","10","12","0.20118343195266272","25.520833333333332","3.2520325203252036","34","32","2","8.629441624365482","11.594202898550725","1.694915254237288","3","3.0625","2","2.0211267605633805","1.0076923076923077","1.0113636363636365","2","2"
"18","0.3","10","0.7","10","9","3","50","true","true","0.1","0.03","2","10","13","0.19923371647509577","25.31645569620253","3.149606299212598","35","33","2","8.75","11.870503597122301","1.639344262295082","2.9714285714285715","3.0303030303030303","2","2.0774647887323945","1.0225563909774436","1.011111111111111","2","2"
"18","0.3","10","0.7","10","9","3","50","true","true","0.1","0.03","2","10","14","0.20297951582867785","26.119402985074625","2.9629629629629632","37","35","2","9.04645476772616","12.5","1.550387596899225","2.945945945945946","3","2","2.1180555555555554","1.0217391304347827","1.011111111111111","2","2"
"18","0.3","10","0.7","10","9","3","50","true","true","0.1","0.03","2","10","15","0.2007233273056058","26.354679802955665","2.7210884353741496","38","36","2","9.090909090909092","12.857142857142856","1.4492753623188406","2.9210526315789473","2.9722222222222223","2","2.142857142857143","1.028169014084507","1.010989010989011","2","2"
"18","0.3","10","0.7","10","9","3","50","true","true","0.1","0.03","2","10","16","0.20210896309314588","26.811594202898554","2.5806451612903225","40","38","2","9.345794392523365","13.380281690140844","1.3888888888888888","2.875","2.9210526315789473","2","2.1812080536912752","1.0273972602739727","1.010752688172043","2","2"
"18","0.3","10","0.7","10","9","3","50","true","true","0.1","0.03","2","10","17","0.20819112627986347","27.11864406779661","5.780346820809249","42","37","5","9.523809523809524","13.120567375886525","3.1446540880503147","2.9047619047619047","3.027027027027027","2","2.193548387096774","1.0272108843537415","1.0106382978723405","2","2"
"18","0.3","10","0.7","10","9","3","50","true","true","0.1","0.03","2","10","18","0.20563847429519072","27.142857142857142","5.46448087431694","43","38","5","9.534368070953436","13.427561837455832","2.976190476190476","2.883720930232558","3","2","2.1595092024539877","1.0335570469798658","1.0104166666666667","2","2"
"18","0.3","10","0.7","10","9","3","50","true","true","0.1","0.03","2","10","19","0.20933977455716588","27.294117647058826","7.142857142857142","46","39","7","9.956709956709958","13.780918727915195","3.910614525139665","2.8260869565217392","2.9743589743589745","2","2.1547619047619047","1.0666666666666667","1.010204081632653","2","2"
"18","0.3","10","0.7","10","9","3","50","true","true","0.1","0.03","2","10","20","0.20657276995305165","26.91415313225058","7.6923076923076925","47","39","8","9.978768577494693","13.829787234042554","4.232804232804233","2.8085106382978724","2.9743589743589745","2","2.167630057803468","1.086092715231788","1.0101010101010102","2","2"
"18","0.3","10","0.7","10","9","3","50","true","true","0.1","0.03","2","10","21","0.19908814589665655","26.27906976744186","7.894736842105263","47","38","9","9.611451942740286","13.523131672597867","4.326923076923077","2.7872340425531914","2.973684210526316","2","2.1147540983606556","1.070063694267516","1.0098039215686274","2","2"
"18","0.3","10","0.7","10","9","3","50","true","true","0.1","0.03","2","10","22","0.206794682422452","26.401869158878505","10.843373493975903","51","38","13","10.179640718562874","13.571428571428571","5.88235294117647","2.7450980392156863","2.973684210526316","2.076923076923077","2.1497326203208558","1.06875","1.0097087378640777","2","2"
"18","0.3","10","0.7","10","9","3","50","true","true","0.1","0.03","2","10","23","0.20946915351506457","27.293577981651374","10.344827586206897","51","38","13","9.902912621359224","13.427561837455832","5.603448275862069","2.8627450980392157","3.1315789473684212","2.076923076923077","2.1333333333333333","1.0740740740740742","1.009433962264151","2","2"
"18","0.3","10","0.7","10","9","3","50","true","true","0.1","0.03","2","10","24","0.21478382147838215","28.40909090909091","10.469314079422382","54","40","14","10.246679316888045","14.184397163120568","5.714285714285714","2.8518518518518516","3.125","2.0714285714285716","2.1330049261083746","1.0745341614906831","1.018348623853211","2","2"
"18","0.3","10","0.7","10","9","3","50","true","true","0.1","0.03","2","10","25","0.21138211382113822","27.828054298642535","11.14864864864865","55","39","16","10.11029411764706","13.732394366197184","6.153846153846154","2.8363636363636364","3.1538461538461537","2.0625","2.0934579439252334","1.0864197530864197","1.0178571428571428","2","2"
"18","0.3","10","0.7","10","9","3","50","true","true","0.1","0.03","2","10","26","0.2","26.136363636363637","11.5625","55","37","18","9.683098591549296","12.89198606271777","6.405693950177936","2.7636363636363637","3.108108108108108","2.0555555555555554","2","1.089820359281437","1.0265486725663717","2","2"
"18","0.3","10","0.7","10","9","3","50","true","true","0.1","0.03","2","10","27","0.20076726342711","25.287356321839084","13.544668587896252","57","35","22","9.710391822827939","12.237762237762238","7.308970099667775","2.754385964912281","3.142857142857143","2.1363636363636362","1.9791666666666667","1.092485549132948","1.0260869565217392","2","2"
"18","0.3","10","0.7","10","9","3","50","true","true","0.1","0.03","2","10","28","0.2","25","14.209115281501342","60","35","25","9.900990099009901","12.195121951219512","7.836990595611286","2.683333333333333","3.085714285714286","2.12","1.956175298804781","1.0867052023121386","1.0327868852459017","2","2"
"18","0.3","10","0.7","10","9","3","50","true","true","0.1","0.03","2","10","29","0.2074788902291918","24.537037037037038","16.624685138539043","64","34","30","10.305958132045088","11.888111888111888","8.955223880597014","2.6875","3.1176470588235294","2.2","1.9806201550387597","1.0804597701149425","1.04","2","2"
"18","0.3","10","0.7","10","9","3","50","true","true","0.1","0.03","2","10","30","0.20867526377491208","24.480369515011546","17.142857142857142","67","34","33","10.452418096723868","11.846689895470384","9.322033898305085","2.656716417910448","3.1176470588235294","2.1818181818181817","1.970260223048327","1.08","1.0307692307692307","2","2"
"18","0.3","10","0.7","10","9","3","50","true","true","0.1","0.03","2","10","31","0.2072892938496583","24.31192660550459","17.194570135746606","69","34","35","10.391566265060241","11.76470588235294","9.333333333333334","2.63768115942029","3.1176470588235294","2.1714285714285713","1.9366197183098592","1.073446327683616","1.0298507462686568","2","2"
"18","0.3","10","0.7","10","9","3","50","true","true","0.1","0.03","2","10","32","0.21238938053097345","24.367816091954023","18.336886993603414","73","34","39","10.67251461988304","11.76470588235294","9.873417721518987","2.6301369863013697","3.1176470588235294","2.2051282051282053","1.9419795221843004","1.0738636363636365","1.028169014084507","2","2"
"18","0.3","10","0.7","10","9","3","50","true","true","0.1","0.03","2","10","33","0.21804511278195488","24.018475750577366","19.879518072289155","77","33","44","10.9375","11.418685121107266","10.602409638554217","2.6363636363636362","3.1515151515151514","2.25","1.9470198675496688","1.07909604519774","1.034013605442177","2","2"
"18","0.3","10","0.7","10","9","3","50","true","true","0.1","0.03","2","10","34","0.21920668058455114","24.597701149425287","19.694072657743785","80","34","46","11.004126547455295","11.76470588235294","10.50228310502283","2.625","3.1470588235294117","2.239130434782609","1.9090909090909092","1.0883977900552486","1.034013605442177","2","2"
"18","0.3","10","0.7","10","9","3","50","true","true","0.1","0.03","2","10","35","0.21703853955375255","24.485125858123567","19.489981785063755","82","34","48","10.933333333333334","11.76470588235294","10.412147505422993","2.6097560975609757","3.1470588235294117","2.2291666666666665","1.8892215568862276","1.0864864864864865","1.0335570469798658","2","2"
"18","0.3","10","0.7","10","9","3","50","true","true","0.1","0.03","2","10","36","0.21674876847290642","23.623853211009173","20.207253886010363","84","32","52","10.880829015544041","11.11111111111111","10.743801652892563","2.619047619047619","3.21875","2.25","1.8898550724637682","1.085561497326203","1.032258064516129","2","2"
"18","0.3","10","0.7","10","9","3","50","true","true","0.1","0.03","2","10","37","0.21626794258373205","23.448275862068964","20.327868852459016","86","32","54","10.763454317897372","11.072664359861593","10.588235294117647","2.627906976744186","3.1875","2.2962962962962963","1.859504132231405","1.085561497326203","1.0308641975308641","2","2"
"18","0.3","10","0.7","10","9","3","50","true","true","0.1","0.03","2","10","38","0.22026022304832713","22.863741339491916","21.461897356143076","90","31","59","10.962241169305726","10.76388888888889","11.069418386491558","2.6333333333333333","3.193548387096774","2.3389830508474576","1.864","1.0829015544041452","1.030674846625767","2","2"
"18","0.3","10","0.7","10","9","3","50","true","true","0.1","0.03","2","10","39","0.22653429602888087","22.811059907834103","22.551928783382788","96","31","65","11.401425178147269","10.76388888888889","11.732851985559567","2.6145833333333335","3.193548387096774","2.3384615384615386","1.890625","1.0816326530612246","1.0303030303030303","2","2"
"18","0.3","10","0.7","10","9","3","50","true","true","0.1","0.03","2","10","40","0.22436459246275198","22.758620689655174","22.237960339943346","98","31","67","11.251435132032148","10.726643598615917","11.512027491408935","2.6122448979591835","3.193548387096774","2.343283582089552","1.8613861386138615","1.0742574257425743","1.029940119760479","2","2"
"18","0.3","10","0.7","10","9","3","50","true","true","0.1","0.03","2","10","41","0.22127659574468084","22.119815668202765","22.13225371120108","100","30","70","11.123470522803114","10.380622837370241","11.475409836065573","2.6","3.2","2.342857142857143","1.8436018957345972","1.0776699029126213","1.0294117647058822","2","2"
"18","0.3","10","0.7","10","9","3","50","true","true","0.1","0.03","2","10","42","0.22148760330578512","21.75925925925926","22.36503856041131","104","29","75","11.182795698924732","10.069444444444445","11.682242990654206","2.576923076923077","3.2413793103448274","2.32","1.81941309255079","1.0809523809523809","1.0290697674418605","2","2"
"18","0.3","10","0.7","10","9","3","50","true","true","0.1","0.03","2","10","43","0.21348314606741572","20.047169811320757","22.019464720194648","105","27","78","10.858324715615305","9.375","11.487481590574374","2.533333333333333","3.1481481481481484","2.3205128205128207","1.7690677966101696","1.0794392523364487","1.0285714285714285","2","2"
"18","0.3","10","0.7","10","9","3","50","true","true","0.1","0.03","2","10","44","0.21590023382696805","19.62174940898345","22.55813953488372","110","26","84","11.022044088176353","9.027777777777777","11.830985915492958","2.518181818181818","3.1923076923076925","2.3095238095238093","1.7550607287449393","1.083720930232558","1.0280898876404494","2","2"
"18","0.3","10","0.7","10","9","3","50","true","true","0.1","0.03","2","10","45","0.21271763815291445","19.437939110070257","22.14765100671141","112","26","86","10.87378640776699","8.996539792387544","11.605937921727396","2.5089285714285716","3.1923076923076925","2.302325581395349","1.7383720930232558","1.0765765765765767","1.0335195530726258","2","2"
"18","0.3","10","0.7","10","9","3","50","true","true","0.1","0.03","2","10","46","0.21176470588235294","18.867924528301888","22.22222222222222","116","25","91","10.892018779342722","8.710801393728223","11.696658097686376","2.4827586206896552","3.2","2.2857142857142856","1.7235621521335807","1.0678733031674208","1.0372340425531914","2","2"
"18","0.3","10","0.7","10","9","3","50","true","true","0.1","0.03","2","10","47","0.20642857142857143","17.77251184834123","21.881390593047033","117","23","94","10.617059891107077","8.013937282229964","11.533742331288344","2.47008547008547","3.260869565217391","2.276595744680851","1.7107142857142856","1.0570175438596492","1.0307692307692307","2","2"
"18","0.3","10","0.7","10","9","3","50","true","true","0.1","0.03","2","10","48","0.210124826629681","17.77251184834123","22.35294117647059","123","23","100","10.808435852372583","7.958477508650519","11.778563015312132","2.4634146341463414","3.260869565217391","2.28","1.7118055555555556","1.0495867768595042","1.0253807106598984","2","2"
"18","0.3","10","0.7","10","9","3","50","true","true","0.1","0.03","2","10","49","0.2127946127946128","17.42243436754177","22.795497185741088","127","22","105","10.854700854700855","7.665505226480835","11.89127972819932","2.4881889763779528","3.3181818181818183","2.3142857142857145","1.7164429530201342","1.046218487394958","1.0240384615384615","2","2"
"18","0.3","10","0.7","10","9","3","50","true","true","0.1","0.03","2","10","50","0.21124918247220406","16.428571428571427","22.903516681695223","130","21","109","10.76158940397351","7.26643598615917","11.860718171926006","2.4846153846153847","3.2857142857142856","2.330275229357798","1.7110389610389611","1.0403225806451613","1.0235849056603774","2","2"
"19","0.3","10","0.7","10","9","3","50","true","true","0.1","0.03","2","10","0","0","0","0","0","0","0","0","0","0","0","0","0","1","1","1","0","0"
"19","0.3","10","0.7","10","9","3","50","true","true","0.1","0.03","2","10","1","0.0215633423180593","2.7210884353741496","0","3","3","0","0.819672131147541","1.0380622837370241","0","2.6666666666666665","2.6666666666666665","0","1.0437158469945356","1","1","2","2"
"19","0.3","10","0.7","10","9","3","50","true","true","0.1","0.03","2","10","2","0.041884816753926704","5.369127516778524","0","7","7","0","1.876675603217158","2.422145328719723","0","2.2857142857142856","2.2857142857142856","0","1.0883977900552486","1","1","2","2"
"19","0.3","10","0.7","10","9","3","50","true","true","0.1","0.03","2","10","3","0.061068702290076333","7.973421926910299","0","11","11","0","2.91005291005291","3.8461538461538463","0","2.1818181818181817","2.1818181818181817","0","1.1452513966480447","1","1","2","2"
"19","0.3","10","0.7","10","9","3","50","true","true","0.1","0.03","2","10","4","0.0891089108910891","11.333333333333332","1.9230769230769231","17","16","1","4.473684210526316","5.776173285198556","0.9708737864077669","2.1176470588235294","2.125","2","1.2383720930232558","1","1","2","2"
"19","0.3","10","0.7","10","9","3","50","true","true","0.1","0.03","2","10","5","0.09615384615384616","12.5","1.7857142857142856","19","18","1","4.896907216494846","6.4981949458483745","0.9009009009009009","2.1052631578947367","2.111111111111111","2","1.2716763005780347","1","1","2","2"
"19","0.3","10","0.7","10","9","3","50","true","true","0.1","0.03","2","10","6","0.10981308411214953","14.331210191082802","1.7543859649122806","22","21","1","5.684754521963824","7.636363636363637","0.8928571428571428","2.1363636363636362","2.142857142857143","2","1.3818181818181818","1","1","2","2"
"19","0.3","10","0.7","10","9","3","50","true","true","0.1","0.03","2","10","7","0.12954545454545455","17.027863777089784","1.7094017094017095","26","25","1","6.701030927835052","9.157509157509157","0.8695652173913043","2.1923076923076925","2.2","2","1.4873417721518987","1","1.013157894736842","2","2"
"19","0.3","10","0.7","10","9","3","50","true","true","0.1","0.03","2","10","8","0.13024282560706402","16.666666666666664","3.2520325203252036","27","25","2","6.852791878172589","9.124087591240876","1.6666666666666667","2.185185185185185","2.2","2","1.5375","1","1.0125","2","2"
"19","0.3","10","0.7","10","9","3","50","true","true","0.1","0.03","2","10","9","0.13090128755364808","16.964285714285715","3.076923076923077","28","26","2","6.9478908188585615","9.386281588447654","1.5873015873015872","2.1785714285714284","2.1923076923076925","2","1.5454545454545454","1","1.0120481927710843","2","2"
"19","0.3","10","0.7","10","9","3","50","true","true","0.1","0.03","2","10","10","0.14613778705636743","18.71345029239766","4.37956204379562","32","29","3","7.8431372549019605","10.507246376811594","2.272727272727273","2.1875","2.206896551724138","2","1.64375","1","1.011764705882353","2","2"
"19","0.3","10","0.7","10","9","3","50","true","true","0.1","0.03","2","10","11","0.16835699797160245","21.367521367521366","5.633802816901409","38","34","4","9.268292682926829","12.363636363636363","2.9629629629629632","2.1842105263157894","2.2058823529411766","2","1.7712418300653594","1.0155038759689923","1.011111111111111","2","2"
"19","0.3","10","0.7","10","9","3","50","true","true","0.1","0.03","2","10","12","0.17159763313609466","21.75141242937853","6.535947712418301","40","35","5","9.523809523809524","12.681159420289855","3.4722222222222223","2.175","2.2","2","1.7848101265822784","1.015748031496063","1.0105263157894737","2","2"
"19","0.3","10","0.7","10","9","3","50","true","true","0.1","0.03","2","10","13","0.17049808429118773","21.2707182320442","7.5","41","35","6","9.557109557109557","12.544802867383511","4","2.1707317073170733","2.2","2","1.8198757763975155","1.015625","1.010204081632653","2","2"
"19","0.3","10","0.7","10","9","3","50","true","true","0.1","0.03","2","10","14","0.19925512104283055","24.119241192411923","10.714285714285714","49","40","9","11.395348837209303","14.545454545454545","5.806451612903226","2.183673469387755","2.225","2","1.986842105263158","1.0387596899224807","1.01","2","2"
"19","0.3","10","0.7","10","9","3","50","true","true","0.1","0.03","2","10","15","0.19349005424954793","23.482849604221638","10.344827586206897","49","40","9","11.212814645308924","14.388489208633093","5.660377358490567","2.183673469387755","2.225","2","2","1.053030303030303","1.02","2","2"
"19","0.3","10","0.7","10","9","3","50","true","true","0.1","0.03","2","10","16","0.18804920913884007","22.715404699738905","10.75268817204301","49","39","10","10.961968680089486","14.028776978417264","5.9171597633136095","2.183673469387755","2.230769230769231","2","2.0443037974683542","1.037593984962406","1.0188679245283019","2","2"
"19","0.3","10","0.7","10","9","3","50","true","true","0.1","0.03","2","10","17","0.189419795221843","23.333333333333332","10.204081632653061","51","41","10","11.08695652173913","14.487632508833922","5.649717514124294","2.176470588235294","2.2195121951219514","2","2.024390243902439","1.0518518518518518","1.018181818181818","2","2"
"19","0.3","10","0.7","10","9","3","50","true","true","0.1","0.03","2","10","18","0.19402985074626866","23.484848484848484","11.594202898550725","54","42","12","11.538461538461538","14.736842105263156","6.557377049180328","2.1666666666666665","2.2142857142857144","2","2.07185628742515","1.0522388059701493","1.0265486725663717","2","2"
"19","0.3","10","0.7","10","9","3","50","true","true","0.1","0.03","2","10","19","0.19162640901771336","22.693266832917704","12.727272727272727","55","41","14","11.458333333333332","14.335664335664337","7.216494845360824","2.1636363636363636","2.2195121951219514","2","2.087719298245614","1.051094890510949","1.0256410256410255","2","2"
"19","0.3","10","0.7","10","9","3","50","true","true","0.1","0.03","2","10","20","0.18309859154929578","21.975308641975307","11.965811965811966","54","40","14","10.975609756097562","13.937282229965156","6.829268292682928","2.1666666666666665","2.225","2","2.0677966101694913","1.0633802816901408","1.0338983050847457","2","2"
"19","0.3","10","0.7","10","9","3","50","true","true","0.1","0.03","2","10","21","0.18085106382978725","21.375921375921376","12.749003984063744","55","39","16","10.891089108910892","13.588850174216027","7.339449541284404","2.1636363636363636","2.230769230769231","2","2.060109289617486","1.0694444444444444","1.032520325203252","2","2"
"19","0.3","10","0.7","10","9","3","50","true","true","0.1","0.03","2","10","22","0.17872968980797638","21.21951219512195","12.734082397003746","56","39","17","10.76923076923077","13.588850174216027","7.296137339055794","2.1607142857142856","2.230769230769231","2","2.015463917525773","1.082191780821918","1.032258064516129","2","2"
"19","0.3","10","0.7","10","9","3","50","true","true","0.1","0.03","2","10","23","0.1793400286944046","21.497584541062803","12.7208480565371","58","40","18","10.841121495327103","13.88888888888889","7.28744939271255","2.1551724137931036","2.225","2","1.9950980392156863","1.0810810810810811","1.04","2","2"
"19","0.3","10","0.7","10","9","3","50","true","true","0.1","0.03","2","10","24","0.17712691771269176","21.394230769230766","12.624584717607974","59","40","19","10.707803992740473","13.88888888888889","7.224334600760455","2.152542372881356","2.225","2","1.9627906976744185","1.0866666666666667","1.0393700787401574","2","2"
"19","0.3","10","0.7","10","9","3","50","true","true","0.1","0.03","2","10","25","0.17750677506775067","21.34292565947242","13.084112149532709","61","40","21","10.777385159010601","13.88888888888889","7.553956834532374","2.1475409836065573","2.225","2","1.9553571428571428","1.0933333333333333","1.0381679389312977","2","2"
"19","0.3","10","0.7","10","9","3","50","true","true","0.1","0.03","2","10","26","0.1736842105263158","21.58273381294964","12.244897959183673","62","41","21","10.598290598290598","14.186851211072666","7.094594594594595","2.129032258064516","2.1951219512195124","2","1.9156118143459915","1.0980392156862746","1.037593984962406","2","2"
"19","0.3","10","0.7","10","9","3","50","true","true","0.1","0.03","2","10","27","0.1815856777493606","22.062350119904075","13.698630136986301","67","42","25","11.148086522462561","14.53287197231834","8.012820512820513","2.1194029850746268","2.1904761904761907","2","1.9300411522633745","1.1103896103896105","1.0364963503649636","2","2"
"19","0.3","10","0.7","10","9","3","50","true","true","0.1","0.03","2","10","28","0.18633540372670807","22.16867469879518","14.871794871794872","71","42","29","11.451612903225806","14.53287197231834","8.761329305135952","2.112676056338028","2.1904761904761907","2","1.9173228346456692","1.1096774193548387","1.042857142857143","2","2"
"19","0.3","10","0.7","10","9","3","50","true","true","0.1","0.03","2","10","29","0.1881785283474065","21.844660194174757","15.827338129496402","74","41","33","11.5625","14.23611111111111","9.375","2.108108108108108","2.1951219512195124","2","1.9015151515151516","1.120253164556962","1.0416666666666667","2","2"
"19","0.3","10","0.7","10","9","3","50","true","true","0.1","0.03","2","10","30","0.1817116060961313","21.654501216545015","14.93212669683258","74","41","33","11.178247734138973","14.186851211072666","8.847184986595174","2.0945945945945947","2.1707317073170733","2","1.853046594982079","1.1358024691358024","1.0410958904109588","2","2"
"19","0.3","10","0.7","10","9","3","50","true","true","0.1","0.03","2","10","31","0.17995444191343962","20.884520884520885","15.498938428874734","75","39","36","10.980966325036604","13.588850174216027","9.090909090909092","2.1066666666666665","2.1794871794871793","2.0277777777777777","1.8361774744027304","1.121212121212121","1.0402684563758389","2","2"
"19","0.3","10","0.7","10","9","3","50","true","true","0.1","0.03","2","10","32","0.17699115044247787","20.78239608801956","15.151515151515152","76","39","37","10.74964639321075","13.541666666666666","8.83054892601432","2.1052631578947367","2.1794871794871793","2.027027027027027","1.802588996763754","1.1144578313253013","1.0384615384615385","2","2"
"19","0.3","10","0.7","10","9","3","50","true","true","0.1","0.03","2","10","33","0.16970998925886144","20.884520884520885","13.931297709923665","75","39","36","10.190217391304348","13.541666666666666","8.035714285714286","2.1066666666666665","2.1794871794871793","2.0277777777777777","1.75","1.1098265895953756","1.0377358490566038","2","2"
"19","0.3","10","0.7","10","9","3","50","true","true","0.1","0.03","2","10","34","0.1649269311064718","20.44334975369458","13.586956521739129","75","38","37","9.81675392670157","13.148788927335639","7.7894736842105265","2.1066666666666665","2.1842105263157894","2.027027027027027","1.7077363896848137","1.1022727272727273","1.037037037037037","2","2"
"19","0.3","10","0.7","10","9","3","50","true","true","0.1","0.03","2","10","35","0.17139959432048682","20.44334975369458","14.827586206896552","79","38","41","10.063694267515924","13.148788927335639","8.266129032258064","2.1392405063291138","2.1842105263157894","2.097560975609756","1.7052341597796143","1.1016949152542372","1.036144578313253","2","2"
"19","0.3","10","0.7","10","9","3","50","true","true","0.1","0.03","2","10","36","0.1665024630541872","19.554455445544555","14.729950900163665","79","36","43","9.729064039408868","12.45674740484429","8.221797323135755","2.1392405063291138","2.1944444444444446","2.0930232558139537","1.671018276762402","1.11864406779661","1.0350877192982457","2","2"
"19","0.3","10","0.7","10","9","3","50","true","true","0.1","0.03","2","10","37","0.16650717703349283","19.154228855721392","15.085536547433904","81","35","46","9.65435041716329","12.110726643598616","8.363636363636363","2.1481481481481484","2.2","2.108695652173913","1.655","1.111731843575419","1.0337078651685394","2","2"
"19","0.3","10","0.7","10","9","3","50","true","true","0.1","0.03","2","10","38","0.16171003717472118","18.9873417721519","14.537444933920703","81","34","47","9.288990825688073","11.846689895470384","8.034188034188034","2.1481481481481484","2.2058823529411766","2.106382978723404","1.6188235294117648","1.0869565217391304","1.032967032967033","2","2"
"19","0.3","10","0.7","10","9","3","50","true","true","0.1","0.03","2","10","39","0.16064981949458484","18.527918781725887","14.705882352941178","83","33","50","9.222222222222221","11.498257839721255","8.156606851549755","2.144578313253012","2.212121212121212","2.1","1.6072234762979685","1.0793650793650793","1.037837837837838","2","2"
"19","0.3","10","0.7","10","9","3","50","true","true","0.1","0.03","2","10","40","0.15425065731814197","17.602040816326532","14.285714285714285","82","31","51","8.77005347593583","10.76388888888889","7.8825347758887165","2.1463414634146343","2.225806451612903","2.0980392156862746","1.576017130620985","1.0765306122448979","1.0374331550802138","2","2"
"19","0.3","10","0.7","10","9","3","50","true","true","0.1","0.03","2","10","41","0.15574468085106383","17.05426356589147","14.847715736040609","85","30","55","8.790072388831438","10.416666666666668","8.100147275405007","2.152941176470588","2.2","2.1272727272727274","1.5590062111801242","1.0825242718446602","1.0364583333333333","2","2"
"19","0.3","10","0.7","10","9","3","50","true","true","0.1","0.03","2","10","42","0.15454545454545454","16.710182767624023","14.873035066505441","87","29","58","8.691308691308691","10.034602076124568","8.146067415730338","2.1494252873563218","2.206896551724138","2.1206896551724137","1.5487077534791251","1.069767441860465","1.0360824742268042","2","2"
"19","0.3","10","0.7","10","9","3","50","true","true","0.1","0.03","2","10","43","0.15569823434991975","16.315789473684212","15.242494226327944","90","28","62","8.712487899322362","9.75609756097561","8.310991957104557","2.1555555555555554","2.2142857142857144","2.129032258064516","1.5419847328244274","1.0599078341013826","1.0348258706467661","2","2"
"19","0.3","10","0.7","10","9","3","50","true","true","0.1","0.03","2","10","44","0.1543257989088075","16.187989556135772","15.11111111111111","92","28","64","8.622305529522025","9.688581314878892","8.226221079691516","2.152173913043478","2.2142857142857144","2.125","1.5218978102189782","1.063063063063063","1.0390243902439025","2","2"
"19","0.3","10","0.7","10","9","3","50","true","true","0.1","0.03","2","10","45","0.15291445874337622","16.230366492146597","14.909478168264112","94","28","66","8.545454545454545","9.75609756097561","8.118081180811808","2.148936170212766","2.2142857142857144","2.121212121212121","1.5104895104895104","1.0669642857142858","1.0380952380952382","2","2"
"19","0.3","10","0.7","10","9","3","50","true","true","0.1","0.03","2","10","46","0.15073529411764705","15.404699738903393","14.943705220061412","96","27","69","8.450704225352112","9.375","8.13679245283019","2.1354166666666665","2.185185185185185","2.1159420289855073","1.5033670033670035","1.0565217391304347","1.041860465116279","2","2"
"19","0.3","10","0.7","10","9","3","50","true","true","0.1","0.03","2","10","47","0.15214285714285714","15.324675324675324","15.172413793103448","100","27","73","8.547008547008547","9.342560553633218","8.286038592508513","2.13","2.185185185185185","2.1095890410958904","1.5057096247960848","1.0458333333333334","1.0414746543778801","2","2"
"19","0.3","10","0.7","10","9","3","50","true","true","0.1","0.03","2","10","48","0.15672676837725383","15.364583333333334","15.784499054820417","106","27","79","8.803986710963455","9.342560553633218","8.633879781420765","2.1320754716981134","2.185185185185185","2.1139240506329116","1.5126582278481013","1.0445344129554657","1.0410958904109588","2","2"
"19","0.3","10","0.7","10","9","3","50","true","true","0.1","0.03","2","10","49","0.15622895622895622","15.567282321899736","15.641952983725135","108","27","81","8.667736757624397","9.40766550522648","8.446298227320124","2.1481481481481484","2.185185185185185","2.1358024691358026","1.4954545454545454","1.0433070866141732","1.0401785714285714","2","2"
"19","0.3","10","0.7","10","9","3","50","true","true","0.1","0.03","2","10","50","0.15827338129496402","15.485564304461944","15.940766550522648","113","27","86","8.793774319066149","9.342560553633218","8.634538152610443","2.1415929203539825","2.185185185185185","2.127906976744186","1.4912280701754386","1.0459770114942528","1.039647577092511","2","2"
"20","0.3","10","0.7","10","9","3","50","true","true","0.1","0.03","2","10","0","0","0","0","0","0","0","0","0","0","0","0","0","1","1","1","0","0"
"20","0.3","10","0.7","10","9","3","50","true","true","0.1","0.03","2","10","1","0.02425876010781671","3.061224489795918","0","4","4","0","1.092896174863388","1.384083044982699","0","2.25","2.25","0","1.0526315789473684","1","1","2","2"
"20","0.3","10","0.7","10","9","3","50","true","true","0.1","0.03","2","10","2","0.05235602094240838","6.666666666666667","0","9","9","0","2.4258760107816713","3.1141868512110724","0","2.2222222222222223","2.2222222222222223","0","1.1204819277108433","1","1","2","2"
"20","0.3","10","0.7","10","9","3","50","true","true","0.1","0.03","2","10","3","0.06870229007633588","7.6923076923076925","4.25531914893617","12","10","2","3.183023872679045","3.508771929824561","2.1739130434782608","2.25","2.3","2","1.1790123456790123","1","1","2","2"
"20","0.3","10","0.7","10","9","3","50","true","true","0.1","0.03","2","10","4","0.10396039603960396","12.541254125412541","3.9603960396039604","17","15","2","4.497354497354497","5.376344086021505","2.0202020202020203","2.4705882352941178","2.533333333333333","2","1.270967741935484","1.006896551724138","1","2","2"
"20","0.3","10","0.7","10","9","3","50","true","true","0.1","0.03","2","10","5","0.1346153846153846","16.025641025641026","5.769230769230769","21","18","3","5.691056910569105","6.7164179104477615","2.9702970297029703","2.6666666666666665","2.7777777777777777","2","1.4892086330935252","1.0070921985815602","1","2","2"
"20","0.3","10","0.7","10","9","3","50","true","true","0.1","0.03","2","10","6","0.16121495327102803","19.565217391304348","5.660377358490567","25","22","3","6.811989100817439","8.333333333333332","2.912621359223301","2.76","2.8636363636363638","2","1.6538461538461537","1.006993006993007","1","2","2"
"20","0.3","10","0.7","10","9","3","50","true","true","0.1","0.03","2","10","7","0.17954545454545454","21.92192192192192","5.607476635514018","30","27","3","8.130081300813007","10.18867924528302","2.8846153846153846","2.6333333333333333","2.7037037037037037","2","1.792","1.006896551724138","1.0144927536231885","2","2"
"20","0.3","10","0.7","10","9","3","50","true","true","0.1","0.03","2","10","8","0.18984547461368653","23.25581395348837","5.5045871559633035","32","29","3","8.55614973262032","10.820895522388058","2.8301886792452833","2.6875","2.7586206896551726","2","1.8852459016393444","1.0133333333333334","1.0142857142857142","2","2"
"20","0.3","10","0.7","10","9","3","50","true","true","0.1","0.03","2","10","9","0.2145922746781116","25.352112676056336","9.00900900900901","38","33","5","10.079575596816976","12.177121771217712","4.716981132075472","2.6315789473684212","2.727272727272727","2","2.0782608695652174","1.0135135135135136","1.013157894736842","2","2"
"20","0.3","10","0.7","10","9","3","50","true","true","0.1","0.03","2","10","10","0.2150313152400835","25.761772853185594","8.47457627118644","39","34","5","10.025706940874036","12.318840579710146","4.424778761061947","2.641025641025641","2.735294117647059","2","2.05","1.0129032258064516","1.0133333333333334","2","2"
"20","0.3","10","0.7","10","9","3","50","true","true","0.1","0.03","2","10","11","0.2129817444219067","25.675675675675674","8.130081300813007","40","35","5","10.1010101010101","12.589928057553957","4.23728813559322","2.625","2.7142857142857144","2","2.0813008130081303","1.0196078431372548","1.0125","2","2"
"20","0.3","10","0.7","10","9","3","50","true","true","0.1","0.03","2","10","12","0.21696252465483234","26.77165354330709","6.349206349206349","41","37","4","10.25","13.261648745519713","3.3057851239669422","2.682926829268293","2.7567567567567566","2","2.153225806451613","1.0335570469798658","1.011764705882353","2","2"
"20","0.3","10","0.7","10","9","3","50","true","true","0.1","0.03","2","10","13","0.22030651340996169","27.157360406091367","6.25","43","39","4","10.643564356435643","13.829787234042554","3.278688524590164","2.6744186046511627","2.7435897435897436","2","2.2357723577235773","1.0454545454545454","1.0238095238095237","2","2"
"20","0.3","10","0.7","10","9","3","50","true","true","0.1","0.03","2","10","14","0.22532588454376165","28.249999999999996","5.839416058394161","45","41","4","10.975609756097562","14.590747330960854","3.10077519379845","2.688888888888889","2.7560975609756095","2","2.296","1.054421768707483","1.021505376344086","2","2"
"20","0.3","10","0.7","10","9","3","50","true","true","0.1","0.03","2","10","15","0.2224231464737794","27.40740740740741","8.108108108108109","47","41","6","11.163895486935866","14.43661971830986","4.37956204379562","2.617021276595745","2.707317073170732","2","2.2900763358778624","1.0616438356164384","1.0208333333333333","2","2"
"20","0.3","10","0.7","10","9","3","50","true","true","0.1","0.03","2","10","16","0.22495606326889278","27.27272727272727","10.493827160493826","49","41","8","11.36890951276102","14.43661971830986","5.442176870748299","2.6122448979591835","2.707317073170732","2.125","2.286764705882353","1.0753424657534247","1.02020202020202","2","2"
"20","0.3","10","0.7","10","9","3","50","true","true","0.1","0.03","2","10","17","0.22184300341296928","27.073170731707318","10.795454545454545","50","41","9","11.337868480725625","14.43661971830986","5.7324840764331215","2.6","2.707317073170732","2.111111111111111","2.302158273381295","1.080536912751678","1.0294117647058822","2","2"
"20","0.3","10","0.7","10","9","3","50","true","true","0.1","0.03","2","10","18","0.22719734660033167","27.884615384615387","11.229946524064172","53","43","10","11.777777777777777","15.087719298245613","6.0606060606060606","2.5849056603773586","2.697674418604651","2.1","2.335664335664336","1.080536912751678","1.0285714285714285","2","2"
"20","0.3","10","0.7","10","9","3","50","true","true","0.1","0.03","2","10","19","0.23510466988727857","28.776978417266186","12.745098039215685","56","45","11","12.147505422993492","15.845070422535212","6.214689265536723","2.607142857142857","2.6666666666666665","2.3636363636363638","2.360544217687075","1.089655172413793","1.0265486725663717","2","2"
"20","0.3","10","0.7","10","9","3","50","true","true","0.1","0.03","2","10","20","0.2378716744913928","28.639618138424822","14.545454545454545","59","45","14","12.5","15.789473684210526","7.4866310160427805","2.5762711864406778","2.6666666666666665","2.2857142857142856","2.3529411764705883","1.1095890410958904","1.0263157894736843","2","2"
"20","0.3","10","0.7","10","9","3","50","true","true","0.1","0.03","2","10","21","0.23404255319148937","28.095238095238095","15.126050420168067","60","44","16","12.371134020618557","15.384615384615385","8.040201005025125","2.566666666666667","2.6818181818181817","2.25","2.3209876543209877","1.118881118881119","1.0252100840336134","2","2"
"20","0.3","10","0.7","10","9","3","50","true","true","0.1","0.03","2","10","22","0.24224519940915806","28.77358490566038","16.600790513833992","64","45","19","12.903225806451612","15.789473684210526","9.004739336492891","2.5625","2.7111111111111112","2.210526315789474","2.3575757575757574","1.1081081081081081","1.0420168067226891","2","2"
"20","0.3","10","0.7","10","9","3","50","true","true","0.1","0.03","2","10","23","0.242467718794835","28.868360277136258","16.666666666666664","66","46","20","13.06930693069307","16.02787456445993","9.174311926605505","2.5606060606060606","2.717391304347826","2.2","2.392857142857143","1.1125827814569536","1.0583333333333333","2","2"
"20","0.3","10","0.7","10","9","3","50","true","true","0.1","0.03","2","10","24","0.24686192468619247","29.38496583143508","17.26618705035971","70","48","22","13.64522417153996","16.783216783216783","9.691629955947137","2.5285714285714285","2.6875","2.1818181818181817","2.4411764705882355","1.14","1.065040650406504","2","2"
"20","0.3","10","0.7","10","9","3","50","true","true","0.1","0.03","2","10","25","0.23848238482384823","27.99097065462754","17.627118644067796","70","46","24","13.20754716981132","15.916955017301039","9.95850622406639","2.5142857142857142","2.6956521739130435","2.1666666666666665","2.3944444444444444","1.1372549019607843","1.064","2","2"
"20","0.3","10","0.7","10","9","3","50","true","true","0.1","0.03","2","10","26","0.2394736842105263","27.927927927927925","18.354430379746837","73","46","27","13.36996336996337","15.916955017301039","10.505836575875486","2.493150684931507","2.6956521739130435","2.1481481481481484","2.34375","1.135483870967742","1.0634920634920635","2","2"
"20","0.3","10","0.7","10","9","3","50","true","true","0.1","0.03","2","10","27","0.24168797953964194","27.927927927927925","19.230769230769234","76","46","30","13.47517730496454","15.916955017301039","10.909090909090908","2.486842105263158","2.6956521739130435","2.1666666666666665","2.3004926108374386","1.1428571428571428","1.0610687022900764","2","2"
"20","0.3","10","0.7","10","9","3","50","true","true","0.1","0.03","2","10","28","0.2372670807453416","27.802690582959645","18.662952646239557","77","46","31","13.23024054982818","15.916955017301039","10.580204778156997","2.4805194805194803","2.6956521739130435","2.161290322580645","2.25","1.1428571428571428","1.0592592592592593","2","2"
"20","0.3","10","0.7","10","9","3","50","true","true","0.1","0.03","2","10","29","0.24246079613992763","27.415730337078653","20.572916666666664","82","45","37","13.689482470784641","15.625","11.89710610932476","2.451219512195122","2.7111111111111112","2.135135135135135","2.290909090909091","1.1320754716981132","1.0583941605839415","2","2"
"20","0.3","10","0.7","10","9","3","50","true","true","0.1","0.03","2","10","30","0.2403282532239156","27.86516853932584","19.852941176470587","84","46","38","13.526570048309178","15.916955017301039","11.44578313253012","2.4404761904761907","2.6956521739130435","2.1315789473684212","2.2327586206896552","1.1317365269461077","1.0579710144927537","2","2"
"20","0.3","10","0.7","10","9","3","50","true","true","0.1","0.03","2","10","31","0.23804100227790434","27.927927927927925","19.5852534562212","86","46","40","13.354037267080745","15.916955017301039","11.267605633802818","2.4302325581395348","2.6956521739130435","2.125","2.1877551020408164","1.1242603550295858","1.0555555555555556","2","2"
"20","0.3","10","0.7","10","9","3","50","true","true","0.1","0.03","2","10","32","0.23561946902654868","27.802690582959645","19.432314410480352","88","46","42","13.193403298350825","15.916955017301039","11.11111111111111","2.4204545454545454","2.6956521739130435","2.119047619047619","2.1384615384615384","1.1235294117647059","1.0536912751677852","2","2"
"20","0.3","10","0.7","10","9","3","50","true","true","0.1","0.03","2","10","33","0.23523093447905477","28.57142857142857","18.979591836734695","91","47","44","13.16931982633864","16.319444444444446","10.918114143920596","2.4065934065934065","2.6808510638297873","2.1136363636363638","2.0833333333333335","1.1395348837209303","1.0526315789473684","2","2"
"20","0.3","10","0.7","10","9","3","50","true","true","0.1","0.03","2","10","34","0.23799582463465555","28.57142857142857","19.729206963249517","95","47","48","13.32398316970547","16.26297577854671","11.320754716981133","2.4","2.6808510638297873","2.125","2.076923076923077","1.1355932203389831","1.0516129032258064","2","2"
"20","0.3","10","0.7","10","9","3","50","true","true","0.1","0.03","2","10","35","0.23123732251521298","28.50678733031674","18.75","95","47","48","12.855209742895804","16.26297577854671","10.666666666666668","2.4","2.6808510638297873","2.125","2.0231023102310233","1.1311475409836065","1.0506329113924051","2","2"
"20","0.3","10","0.7","10","9","3","50","true","true","0.1","0.03","2","10","36","0.22758620689655173","28.57142857142857","18.29268292682927","96","47","49","12.549019607843137","16.26297577854671","10.294117647058822","2.40625","2.6808510638297873","2.142857142857143","1.968944099378882","1.1467391304347827","1.0493827160493827","2","2"
"20","0.3","10","0.7","10","9","3","50","true","true","0.1","0.03","2","10","37","0.22679425837320574","28.37528604118993","18.585526315789476","99","46","53","12.43718592964824","15.916955017301039","10.453648915187378","2.393939393939394","2.6956521739130435","2.1320754716981134","1.9237536656891496","1.1368421052631579","1.0484848484848486","2","2"
"20","0.3","10","0.7","10","9","3","50","true","true","0.1","0.03","2","10","38","0.22676579925650558","27.546296296296298","19.40993788819876","102","44","58","12.423873325213155","15.33101045296167","10.861423220973784","2.392156862745098","2.7045454545454546","2.1551724137931036","1.9206798866855523","1.1282051282051282","1.0470588235294118","2","2"
"20","0.3","10","0.7","10","9","3","50","true","true","0.1","0.03","2","10","39","0.22743682310469315","27.293577981651374","19.791666666666664","106","44","62","12.544378698224854","15.22491349480969","11.151079136690647","2.3773584905660377","2.7045454545454546","2.1451612903225805","1.9128065395095368","1.13","1.0465116279069768","2","2"
"20","0.3","10","0.7","10","9","3","50","true","true","0.1","0.03","2","10","40","0.22787028921998248","27.083333333333332","20.16925246826516","110","43","67","12.600229095074456","14.982578397212542","11.433447098976108","2.3636363636363638","2.7209302325581395","2.1343283582089554","1.8935064935064936","1.1287128712871286","1.0454545454545454","2","2"
"20","0.3","10","0.7","10","9","3","50","true","true","0.1","0.03","2","10","41","0.23063829787234041","27.1461716937355","20.698924731182796","114","43","71","12.680756395995552","14.982578397212542","11.601307189542483","2.3771929824561404","2.7209302325581395","2.1690140845070425","1.8902743142144638","1.1243781094527363","1.0437158469945356","2","2"
"20","0.3","10","0.7","10","9","3","50","true","true","0.1","0.03","2","10","42","0.22975206611570248","26.340326340326342","21.12676056338028","117","41","76","12.607758620689655","14.285714285714285","11.856474258970358","2.376068376068376","2.7560975609756095","2.1710526315789473","1.8846153846153846","1.1153846153846154","1.043010752688172","2","2"
"20","0.3","10","0.7","10","9","3","50","true","true","0.1","0.03","2","10","43","0.23113964686998395","25.813953488372093","21.691176470588236","122","40","82","12.721584984358708","13.84083044982699","12.238805970149254","2.360655737704918","2.775","2.158536585365854","1.864678899082569","1.1196172248803828","1.0418848167539267","2","2"
"20","0.3","10","0.7","10","9","3","50","true","true","0.1","0.03","2","10","44","0.22525331254871395","25","21.303841676367867","123","38","85","12.337011033099298","13.148788927335639","12.005649717514125","2.3495934959349594","2.789473684210526","2.152941176470588","1.818574514038877","1.1121495327102804","1.041025641025641","2","2"
"20","0.3","10","0.7","10","9","3","50","true","true","0.1","0.03","2","10","45","0.22482967448902347","24.285714285714285","21.642619311875695","125","36","89","12.124151309408342","12.5","11.978465679676985","2.376","2.8333333333333335","2.191011235955056","1.7905544147843941","1.1055045871559632","1.04","2","2"
"20","0.3","10","0.7","10","9","3","50","true","true","0.1","0.03","2","10","46","0.225","23.684210526315788","21.97452229299363","129","35","94","12.13546566321731","12.152777777777777","12.129032258064516","2.372093023255814","2.8285714285714287","2.202127659574468","1.7810650887573964","1.1040723981900453","1.0390243902439025","2","2"
"20","0.3","10","0.7","10","9","3","50","true","true","0.1","0.03","2","10","47","0.22285714285714286","23.300970873786408","21.86234817813765","131","35","96","11.91992720655141","12.195121951219512","11.822660098522167","2.381679389312977","2.742857142857143","2.25","1.758490566037736","1.0964912280701755","1.0380952380952382","2","2"
"20","0.3","10","0.7","10","9","3","50","true","true","0.1","0.03","2","10","48","0.21983356449375868","21.654501216545015","22.114451988360813","134","32","102","11.816578483245149","11.11111111111111","12.056737588652481","2.3656716417910446","2.78125","2.235294117647059","1.7596330275229357","1.0940170940170941","1.0365296803652968","2","2"
"20","0.3","10","0.7","10","9","3","50","true","true","0.1","0.03","2","10","49","0.2202020202020202","20.792079207920793","22.47918593894542","139","30","109","11.809685641461343","10.416666666666668","12.260967379077616","2.352517985611511","2.8","2.229357798165138","1.7469244288224957","1.0669456066945606","1.0350877192982457","2","2"
"20","0.3","10","0.7","10","9","3","50","true","true","0.1","0.03","2","10","50","0.223675604970569","21","22.852081488042515","146","30","116","11.99671322925226","10.416666666666668","12.48654467168999","2.3424657534246576","2.8","2.2241379310344827","1.7323232323232323","1.0609756097560976","1.0346320346320346","2","2"
"21","0.3","10","0.7","10","9","3","50","true","true","0.1","0.03","2","10","0","0","0","0","0","0","0","0","0","0","0","0","0","1","1","1","0","0"
"21","0.3","10","0.7","10","9","3","50","true","true","0.1","0.03","2","10","1","0.016172506738544475","2.054794520547945","0","3","3","0","0.8152173913043478","1.0380622837370241","0","2","2","0","1.0363636363636364","1","1","2","2"
"21","0.3","10","0.7","10","9","3","50","true","true","0.1","0.03","2","10","2","0.04712041884816754","6.0402684563758395","0","9","9","0","2.4128686327077746","3.1141868512110724","0","2","2","0","1.1125","1","1","2","2"
"21","0.3","10","0.7","10","9","3","50","true","true","0.1","0.03","2","10","3","0.08142493638676845","10","2.1505376344086025","16","15","1","4.244031830238726","5.263157894736842","1.0869565217391304","2","2","2","1.2091503267973855","1","1","2","2"
"21","0.3","10","0.7","10","9","3","50","true","true","0.1","0.03","2","10","4","0.0891089108910891","11.258278145695364","1.9607843137254901","18","17","1","4.712041884816754","6.049822064056939","0.9900990099009901","2","2","2","1.2733333333333334","1","1","2","2"
"21","0.3","10","0.7","10","9","3","50","true","true","0.1","0.03","2","10","5","0.1201923076923077","14.332247557003258","5.5045871559633035","25","22","3","6.578947368421052","8.02919708029197","2.8301886792452833","2","2","2","1.4285714285714286","1","1.0126582278481013","2","2"
"21","0.3","10","0.7","10","9","3","50","true","true","0.1","0.03","2","10","6","0.1261682242990654","15.238095238095239","5.3097345132743365","27","24","3","7.012987012987012","8.727272727272728","2.727272727272727","2","2","2","1.4893617021276595","1","1.0125","2","2"
"21","0.3","10","0.7","10","9","3","50","true","true","0.1","0.03","2","10","7","0.12727272727272726","15.625","5","28","25","3","7.161125319693094","9.124087591240876","2.564102564102564","2","2","2","1.5314685314685315","1","1.0119047619047619","2","2"
"21","0.3","10","0.7","10","9","3","50","true","true","0.1","0.03","2","10","8","0.13245033112582782","16.56441717791411","4.724409448818897","30","27","3","7.518796992481203","9.782608695652174","2.4390243902439024","2","2","2","1.5547945205479452","1.0071942446043165","1.0238095238095237","2","2"
"21","0.3","10","0.7","10","9","3","50","true","true","0.1","0.03","2","10","9","0.13733905579399142","17.522658610271904","4.444444444444445","32","29","3","7.862407862407863","10.469314079422382","2.307692307692308","2","2","2","1.5906040268456376","1.0070921985815602","1.0235294117647058","2","2"
"21","0.3","10","0.7","10","9","3","50","true","true","0.1","0.03","2","10","10","0.15031315240083507","19.047619047619047","5.594405594405594","36","32","4","8.695652173913043","11.552346570397113","2.9197080291970803","2","2","2","1.657718120805369","1.006993006993007","1.0232558139534884","2","2"
"21","0.3","10","0.7","10","9","3","50","true","true","0.1","0.03","2","10","11","0.16227180527383367","20.930232558139537","5.369127516778524","39","35","4","9.263657957244655","12.589928057553957","2.797202797202797","2.051282051282051","2.057142857142857","2","1.727891156462585","1.0132450331125828","1.0238095238095237","2","2"
"21","0.3","10","0.7","10","9","3","50","true","true","0.1","0.03","2","10","12","0.16173570019723865","20.689655172413794","6.289308176100629","40","35","5","9.30232558139535","12.5","3.3333333333333335","2.05","2.057142857142857","2","1.76","1.013157894736842","1.0229885057471264","2","2"
"21","0.3","10","0.7","10","9","3","50","true","true","0.1","0.03","2","10","13","0.16091954022988506","21.20343839541547","5.780346820809249","41","36","5","9.318181818181818","12.857142857142856","3.125","2.048780487804878","2.0555555555555554","2","1.75","1.025974025974026","1.0224719101123596","2","2"
"21","0.3","10","0.7","10","9","3","50","true","true","0.1","0.03","2","10","14","0.16387337057728119","21.84873949579832","5.555555555555555","43","38","5","9.641255605381167","13.523131672597867","3.0303030303030303","2.046511627906977","2.0526315789473686","2","1.814102564102564","1.032258064516129","1.0217391304347827","2","2"
"21","0.3","10","0.7","10","9","3","50","true","true","0.1","0.03","2","10","15","0.162748643761302","21.91780821917808","5.319148936170213","44","39","5","9.670329670329672","13.780918727915195","2.9069767441860463","2.0454545454545454","2.051282051282051","2","1.8209876543209877","1.0392156862745099","1.03125","2","2"
"21","0.3","10","0.7","10","9","3","50","true","true","0.1","0.03","2","10","16","0.17223198594024605","22.641509433962266","7.07070707070707","48","41","7","10.344827586206897","14.43661971830986","3.888888888888889","2.0416666666666665","2.048780487804878","2","1.8614457831325302","1.0463576158940397","1.0303030303030303","2","2"
"21","0.3","10","0.7","10","9","3","50","true","true","0.1","0.03","2","10","17","0.16723549488054607","22.459893048128343","6.60377358490566","48","41","7","10.084033613445378","14.487632508833922","3.6269430051813467","2.0416666666666665","2.048780487804878","2","1.84","1.0526315789473684","1.0297029702970297","2","2"
"21","0.3","10","0.7","10","9","3","50","true","true","0.1","0.03","2","10","18","0.1625207296849088","22.105263157894736","6.278026905829597","48","41","7","9.836065573770492","14.385964912280702","3.4482758620689653","2.0416666666666665","2.048780487804878","2","1.8444444444444446","1.0509554140127388","1.029126213592233","2","2"
"21","0.3","10","0.7","10","9","3","50","true","true","0.1","0.03","2","10","19","0.15780998389694043","21.875","5.9071729957805905","48","41","7","9.56175298804781","14.335664335664337","3.2407407407407405","2.0416666666666665","2.048780487804878","2","1.8","1.0759493670886076","1.028301886792453","2","2"
"21","0.3","10","0.7","10","9","3","50","true","true","0.1","0.03","2","10","20","0.1643192488262911","21.963824289405682","7.936507936507936","51","41","10","9.980430528375733","14.385964912280702","4.424778761061947","2.0588235294117645","2.073170731707317","2","1.8586387434554974","1.0880503144654088","1.0277777777777777","2","2"
"21","0.3","10","0.7","10","9","3","50","true","true","0.1","0.03","2","10","21","0.15653495440729484","20.66326530612245","8.270676691729323","50","39","11","9.505703422053232","13.588850174216027","4.602510460251046","2.06","2.076923076923077","2","1.83","1.0858895705521472","1.0454545454545454","2","2"
"21","0.3","10","0.7","10","9","3","50","true","true","0.1","0.03","2","10","22","0.15214180206794684","20.66326530612245","7.719298245614035","50","39","11","9.191176470588236","13.588850174216027","4.280155642023346","2.06","2.076923076923077","2","1.7877358490566038","1.0760233918128654","1.0363636363636364","2","2"
"21","0.3","10","0.7","10","9","3","50","true","true","0.1","0.03","2","10","23","0.1563845050215208","20.76923076923077","9.120521172638437","53","39","14","9.498207885304659","13.636363636363635","5.147058823529411","2.056603773584906","2.076923076923077","2","1.8082191780821917","1.0632183908045978","1.0357142857142858","2","2"
"21","0.3","10","0.7","10","9","3","50","true","true","0.1","0.03","2","10","24","0.15481171548117154","19.642857142857142","10.461538461538462","54","37","17","9.44055944055944","12.847222222222221","5.985915492957746","2.0555555555555554","2.081081081081081","2","1.8303571428571428","1.0564971751412429","1.0344827586206897","2","2"
"21","0.3","10","0.7","10","9","3","50","true","true","0.1","0.03","2","10","25","0.15311653116531165","19.132653061224488","10.982658959537572","55","36","19","9.29054054054054","12.45674740484429","6.270627062706271","2.0545454545454547","2.0833333333333335","2","1.7923728813559323","1.0604395604395604","1.0338983050847457","2","2"
"21","0.3","10","0.7","10","9","3","50","true","true","0.1","0.03","2","10","26","0.1513157894736842","18.298969072164947","11.827956989247312","56","34","22","9.15032679738562","11.76470588235294","6.811145510835913","2.0535714285714284","2.088235294117647","2","1.7661290322580645","1.064516129032258","1.0333333333333334","2","2"
"21","0.3","10","0.7","10","9","3","50","true","true","0.1","0.03","2","10","27","0.14705882352941177","18.298969072164947","11.16751269035533","56","34","22","8.874801901743265","11.805555555555555","6.41399416909621","2.0535714285714284","2.088235294117647","2","1.7451737451737452","1.0515463917525774","1.0327868852459017","2","2"
"21","0.3","10","0.7","10","9","3","50","true","true","0.1","0.03","2","10","28","0.14037267080745341","16.83937823834197","11.455847255369928","55","31","24","8.43558282208589","10.801393728222997","6.575342465753424","2.0545454545454547","2.096774193548387","2","1.7269372693726937","1.0452261306532664","1.032","2","2"
"21","0.3","10","0.7","10","9","3","50","true","true","0.1","0.03","2","10","29","0.1411338962605549","16.752577319587626","11.791383219954648","57","31","26","8.456973293768547","10.726643598615917","6.753246753246753","2.0526315789473686","2.096774193548387","2","1.6958041958041958","1.045","1.0305343511450382","2","2"
"21","0.3","10","0.7","10","9","3","50","true","true","0.1","0.03","2","10","30","0.1488862837045721","18.251928020565554","12.068965517241379","60","32","28","8.708272859216255","11.149825783972126","6.965174129353234","2.1166666666666667","2.21875","2","1.717687074829932","1.0456852791878173","1.0289855072463767","2","2"
"21","0.3","10","0.7","10","9","3","50","true","true","0.1","0.03","2","10","31","0.14578587699316628","17.31266149870801","12.423625254582484","60","30","30","8.438818565400844","10.380622837370241","7.109004739336493","2.1333333333333333","2.2333333333333334","2.033333333333333","1.7058823529411764","1.0434782608695652","1.0294117647058822","2","2"
"21","0.3","10","0.7","10","9","3","50","true","true","0.1","0.03","2","10","32","0.1415929203539823","17.402597402597404","11.753371868978805","60","30","30","8.152173913043478","10.452961672473867","6.6815144766147","2.1333333333333333","2.2333333333333334","2.033333333333333","1.6454545454545455","1.0533980582524272","1.0285714285714285","2","2"
"21","0.3","10","0.7","10","9","3","50","true","true","0.1","0.03","2","10","33","0.13748657357679914","17.223650385604113","11.254612546125461","60","30","30","7.926023778071334","10.416666666666668","6.396588486140725","2.1333333333333333","2.2333333333333334","2.033333333333333","1.629737609329446","1.0628019323671498","1.0410958904109588","2","2"
"21","0.3","10","0.7","10","9","3","50","true","true","0.1","0.03","2","10","34","0.12943632567849686","16.27906976744186","10.683012259194395","58","28","30","7.388535031847134","9.722222222222223","6.036217303822937","2.1379310344827585","2.25","2.033333333333333","1.6","1.0558139534883721","1.0402684563758389","2","2"
"21","0.3","10","0.7","10","9","3","50","true","true","0.1","0.03","2","10","35","0.13184584178498987","16.195372750642672","11.222780569514237","61","28","33","7.5495049504950495","9.688581314878892","6.358381502890173","2.1311475409836067","2.25","2.0303030303030303","1.5913978494623655","1.0545454545454545","1.0451612903225806","2","2"
"21","0.3","10","0.7","10","9","3","50","true","true","0.1","0.03","2","10","36","0.12807881773399016","16.153846153846153","10.72","61","28","33","7.3053892215568865","9.688581314878892","6.043956043956044","2.1311475409836067","2.25","2.0303030303030303","1.5558375634517767","1.0681818181818181","1.04375","2","2"
"21","0.3","10","0.7","10","9","3","50","true","true","0.1","0.03","2","10","37","0.12248803827751197","15.762273901808785","10.182370820668693","60","27","33","6.920415224913495","9.40766550522648","5.689655172413794","2.1333333333333333","2.259259259259259","2.0303030303030303","1.5214285714285714","1.0639269406392695","1.0421686746987953","2","2"
"21","0.3","10","0.7","10","9","3","50","true","true","0.1","0.03","2","10","38","0.12267657992565056","15.284974093264248","10.579710144927535","62","26","36","6.896551724137931","8.996539792387544","5.901639344262295","2.129032258064516","2.269230769230769","2.0277777777777777","1.504566210045662","1.0524017467248907","1.0414201183431953","2","2"
"21","0.3","10","0.7","10","9","3","50","true","true","0.1","0.03","2","10","39","0.1164259927797834","14.854111405835543","9.986320109439124","61","25","36","6.50319829424307","8.680555555555555","5.538461538461538","2.1147540983606556","2.24","2.0277777777777777","1.4553191489361703","1.0468085106382978","1.04093567251462","2","2"
"21","0.3","10","0.7","10","9","3","50","true","true","0.1","0.03","2","10","40","0.11130587204206836","13.672922252010725","9.895833333333332","61","24","37","6.275720164609054","8.333333333333332","5.409356725146199","2.081967213114754","2.125","2.054054054054054","1.4343434343434343","1.0375","1.04","2","2"
"21","0.3","10","0.7","10","9","3","50","true","true","0.1","0.03","2","10","41","0.11319148936170213","12.737127371273713","10.669975186104217","64","22","42","6.374501992031872","7.638888888888889","5.865921787709497","2.078125","2.1363636363636362","2.0476190476190474","1.430232558139535","1.0330578512396693","1.038888888888889","2","2"
"21","0.3","10","0.7","10","9","3","50","true","true","0.1","0.03","2","10","42","0.11570247933884298","12.771739130434783","11.045130641330166","67","22","45","6.473429951690821","7.638888888888889","6.024096385542169","2.08955223880597","2.1363636363636362","2.066666666666667","1.420074349442379","1.037190082644628","1.0372340425531914","2","2"
"21","0.3","10","0.7","10","9","3","50","true","true","0.1","0.03","2","10","43","0.12359550561797752","12.841530054644808","12.15909090909091","73","22","51","6.87382297551789","7.638888888888889","6.5891472868217065","2.1095890410958904","2.1363636363636362","2.0980392156862746","1.433996383363472","1.0416666666666667","1.0357142857142858","2","2"
"21","0.3","10","0.7","10","9","3","50","true","true","0.1","0.03","2","10","44","0.12003117692907249","11.84573002754821","12.065217391304348","73","20","53","6.636363636363636","6.920415224913495","6.535141800246609","2.1095890410958904","2.15","2.0943396226415096","1.4165232358003443","1.037344398340249","1.0344827586206897","2","2"
"21","0.3","10","0.7","10","9","3","50","true","true","0.1","0.03","2","10","45","0.12339137017411052","11.878453038674033","12.51303441084463","77","20","57","6.80813439434129","6.920415224913495","6.7695961995249405","2.116883116883117","2.15","2.1052631578947367","1.4136212624584719","1.0403225806451613","1.0392156862745099","2","2"
"21","0.3","10","0.7","10","9","3","50","true","true","0.1","0.03","2","10","46","0.12205882352941176","11.357340720221606","12.512512512512513","78","19","59","6.689536878216123","6.597222222222222","6.719817767653759","2.128205128205128","2.1578947368421053","2.1186440677966103","1.4038155802861685","1.0403225806451613","1.042857142857143","2","2"
"21","0.3","10","0.7","10","9","3","50","true","true","0.1","0.03","2","10","47","0.13","11.32596685082873","13.583815028901732","84","19","65","7.041072925398156","6.620209059233449","7.174392935982341","2.1666666666666665","2.1578947368421053","2.169230769230769","1.4217054263565891","1.0401606425702812","1.041860465116279","2","2"
"21","0.3","10","0.7","10","9","3","50","true","true","0.1","0.03","2","10","48","0.1289875173370319","10.773480662983426","13.61111111111111","85","18","67","6.910569105691057","6.228373702422145","7.1200850159404885","2.1882352941176473","2.1666666666666665","2.1940298507462686","1.411589895988113","1.048","1.0407239819004526","2","2"
"21","0.3","10","0.7","10","9","3","50","true","true","0.1","0.03","2","10","49","0.12794612794612795","10.277777777777777","13.600000000000001","87","17","70","6.834249803613511","5.88235294117647","7.113821138211382","2.1839080459770117","2.176470588235294","2.1857142857142855","1.3991477272727273","1.0395256916996047","1.0394736842105263","2","2"
"21","0.3","10","0.7","10","9","3","50","true","true","0.1","0.03","2","10","50","0.1301504251144539","10.249307479224377","13.86986301369863","91","17","74","6.951871657754011","5.902777777777778","7.247796278158668","2.1868131868131866","2.176470588235294","2.189189189189189","1.404401650618982","1.0310077519379846","1.03862660944206","2","2"
"22","0.3","10","0.7","10","9","3","50","true","true","0.1","0.03","2","10","0","0","0","0","0","0","0","0","0","0","0","0","0","1","1","1","0","0"
"22","0.3","10","0.7","10","9","3","50","true","true","0.1","0.03","2","10","1","0.03504043126684636","4.377104377104377","0","5","5","0","1.3774104683195594","1.7301038062283738","0","2.6","2.6","0","1.0807453416149069","1","1","2","2"
"22","0.3","10","0.7","10","9","3","50","true","true","0.1","0.03","2","10","2","0.07068062827225131","8.852459016393443","0","11","11","0","3.0054644808743167","3.8062283737024223","0","2.4545454545454546","2.4545454545454546","0","1.167741935483871","1.0072463768115942","1","2","2"
"22","0.3","10","0.7","10","9","3","50","true","true","0.1","0.03","2","10","3","0.06870229007633588","8.940397350993377","0","11","11","0","2.925531914893617","3.8596491228070176","0","2.4545454545454546","2.4545454545454546","0","1.185897435897436","1","1","2","2"
"22","0.3","10","0.7","10","9","3","50","true","true","0.1","0.03","2","10","4","0.08415841584158416","11.221122112211221","0","14","14","0","3.733333333333334","5.109489051094891","0","2.4285714285714284","2.4285714285714284","0","1.3013698630136987","1","1","2","2"
"22","0.3","10","0.7","10","9","3","50","true","true","0.1","0.03","2","10","5","0.09134615384615384","12.218649517684888","0","16","16","0","4.221635883905013","5.839416058394161","0","2.375","2.375","0","1.3706293706293706","1.0062893081761006","1","2","2"
"22","0.3","10","0.7","10","9","3","50","true","true","0.1","0.03","2","10","6","0.102803738317757","13.880126182965299","0","18","18","0","4.699738903394255","6.61764705882353","0","2.4444444444444446","2.4444444444444446","0","1.460431654676259","1","1","2","2"
"22","0.3","10","0.7","10","9","3","50","true","true","0.1","0.03","2","10","7","0.10909090909090909","14.241486068111456","1.7094017094017095","20","19","1","5.181347150259067","7.037037037037037","0.8620689655172413","2.4","2.4210526315789473","2","1.5179856115107915","1.0123456790123457","1","2","2"
"22","0.3","10","0.7","10","9","3","50","true","true","0.1","0.03","2","10","8","0.12141280353200883","15.407854984894259","3.278688524590164","23","21","2","5.83756345177665","7.664233576642336","1.6666666666666667","2.391304347826087","2.4285714285714284","2","1.556338028169014","1.0120481927710843","1.0158730158730158","2","2"
"22","0.3","10","0.7","10","9","3","50","true","true","0.1","0.03","2","10","9","0.1351931330472103","17.302052785923756","3.2","26","24","2","6.516290726817042","8.695652173913043","1.6260162601626018","2.423076923076923","2.4583333333333335","2","1.6357142857142857","1.017751479289941","1.015625","2","2"
"22","0.3","10","0.7","10","9","3","50","true","true","0.1","0.03","2","10","10","0.14613778705636743","18.443804034582133","4.545454545454546","30","27","3","7.4074074074074066","9.782608695652174","2.3255813953488373","2.3333333333333335","2.3703703703703702","2","1.7122302158273381","1.0235294117647058","1.0307692307692307","2","2"
"22","0.3","10","0.7","10","9","3","50","true","true","0.1","0.03","2","10","11","0.15010141987829614","18.64406779661017","5.755395683453238","32","28","4","7.766990291262135","10.071942446043165","2.9850746268656714","2.3125","2.357142857142857","2","1.7464788732394365","1.029585798816568","1.0289855072463767","2","2"
"22","0.3","10","0.7","10","9","3","50","true","true","0.1","0.03","2","10","12","0.15581854043392504","19.667590027700832","5.47945205479452","34","30","4","8.15347721822542","10.79136690647482","2.877697841726619","2.323529411764706","2.3666666666666667","2","1.8098591549295775","1.0406976744186047","1.0289855072463767","2","2"
"22","0.3","10","0.7","10","9","3","50","true","true","0.1","0.03","2","10","13","0.15900383141762453","19.398907103825135","7.6923076923076925","36","30","6","8.470588235294118","10.79136690647482","4.081632653061225","2.3055555555555554","2.3666666666666667","2","1.8482758620689654","1.0406976744186047","1.0416666666666667","2","2"
"22","0.3","10","0.7","10","9","3","50","true","true","0.1","0.03","2","10","14","0.17318435754189945","20.698924731182796","9.696969696969697","40","32","8","9.280742459396752","11.469534050179211","5.263157894736842","2.325","2.40625","2","1.9375","1.046242774566474","1.0405405405405406","2","2"
"22","0.3","10","0.7","10","9","3","50","true","true","0.1","0.03","2","10","15","0.1735985533453888","20.64343163538874","10.555555555555555","41","32","9","9.213483146067416","11.428571428571429","5.454545454545454","2.341463414634146","2.40625","2.111111111111111","1.9072847682119205","1.050561797752809","1.04","2","2"
"22","0.3","10","0.7","10","9","3","50","true","true","0.1","0.03","2","10","16","0.17223198594024605","20.64343163538874","10.714285714285714","42","32","10","9.190371991247265","11.428571428571429","5.649717514124294","2.3333333333333335","2.40625","2.1","1.8703703703703705","1.0574712643678161","1.0379746835443038","2","2"
"22","0.3","10","0.7","10","9","3","50","true","true","0.1","0.03","2","10","17","0.17064846416382254","20.626631853785902","10.344827586206897","43","33","10","9.207708779443255","11.66077738515901","5.434782608695652","2.3255813953488373","2.393939393939394","2.1","1.891566265060241","1.0625","1.0365853658536586","2","2"
"22","0.3","10","0.7","10","9","3","50","true","true","0.1","0.03","2","10","18","0.1724709784411277","21.148825065274153","10.454545454545453","45","34","11","9.375","12.056737588652481","5.555555555555555","2.311111111111111","2.3823529411764706","2.090909090909091","1.8735632183908046","1.0751445086705202","1.0340909090909092","2","2"
"22","0.3","10","0.7","10","9","3","50","true","true","0.1","0.03","2","10","19","0.17391304347826086","20.822622107969153","11.637931034482758","47","34","13","9.572301425661914","11.971830985915492","6.280193236714976","2.297872340425532","2.3823529411764706","2.076923076923077","1.8926553672316384","1.0786516853932584","1.0681818181818181","2","2"
"22","0.3","10","0.7","10","9","3","50","true","true","0.1","0.03","2","10","20","0.17370892018779344","20.76923076923077","12.048192771084338","48","34","14","9.486166007905137","11.929824561403509","6.334841628959276","2.3125","2.3823529411764706","2.142857142857143","1.8563829787234043","1.0773480662983426","1.0674157303370786","2","2"
"22","0.3","10","0.7","10","9","3","50","true","true","0.1","0.03","2","10","21","0.17325227963525835","21.025641025641026","11.940298507462686","49","34","15","9.404990403071018","11.929824561403509","6.3559322033898304","2.326530612244898","2.411764705882353","2.1333333333333333","1.8520408163265305","1.0756756756756756","1.0666666666666667","2","2"
"22","0.3","10","0.7","10","9","3","50","true","true","0.1","0.03","2","10","22","0.18020679468242246","21.94513715710723","12.318840579710146","51","35","16","9.640831758034027","12.195121951219512","6.6115702479338845","2.392156862745098","2.5142857142857142","2.125","1.9035532994923858","1.085561497326203","1.064516129032258","2","2"
"22","0.3","10","0.7","10","9","3","50","true","true","0.1","0.03","2","10","23","0.17790530846484937","21.287128712871286","12.969283276450511","52","34","18","9.576427255985267","11.846689895470384","7.03125","2.3846153846153846","2.5294117647058822","2.111111111111111","1.9113300492610839","1.0833333333333333","1.063157894736842","2","2"
"22","0.3","10","0.7","10","9","3","50","true","true","0.1","0.03","2","10","24","0.17573221757322174","21.67487684729064","12.218649517684888","53","35","18","9.464285714285714","12.195121951219512","6.593406593406594","2.3773584905660377","2.5142857142857142","2.111111111111111","1.869767441860465","1.0932642487046633","1.0612244897959184","2","2"
"22","0.3","10","0.7","10","9","3","50","true","true","0.1","0.03","2","10","25","0.17073170731707318","21.07843137254902","12.121212121212121","53","34","19","9.217391304347826","11.888111888111888","6.5743944636678195","2.3773584905660377","2.5294117647058822","2.1052631578947367","1.845132743362832","1.0923076923076922","1.08","2","2"
"22","0.3","10","0.7","10","9","3","50","true","true","0.1","0.03","2","10","26","0.17105263157894737","20.48780487804878","13.142857142857142","55","33","22","9.322033898305085","11.538461538461538","7.236842105263158","2.3636363636363638","2.5454545454545454","2.090909090909091","1.8547008547008548","1.087179487179487","1.0754716981132075","2","2"
"22","0.3","10","0.7","10","9","3","50","true","true","0.1","0.03","2","10","27","0.170076726342711","19.71153846153846","13.934426229508196","56","32","24","9.286898839137644","11.072664359861593","7.643312101910828","2.375","2.5625","2.125","1.868312757201646","1.0876288659793814","1.073394495412844","2","2"
"22","0.3","10","0.7","10","9","3","50","true","true","0.1","0.03","2","10","28","0.1701863354037267","19.759036144578314","14.102564102564102","58","32","26","9.309791332263243","11.072664359861593","7.784431137724551","2.3620689655172415","2.5625","2.1153846153846154","1.8404669260700388","1.082051282051282","1.0707964601769913","2","2"
"22","0.3","10","0.7","10","9","3","50","true","true","0.1","0.03","2","10","29","0.1700844390832328","19.37046004842615","14.663461538461538","60","31","29","9.331259720062208","10.726643598615917","8.192090395480225","2.35","2.5806451612903225","2.103448275862069","1.8185185185185184","1.0923076923076922","1.0683760683760684","2","2"
"22","0.3","10","0.7","10","9","3","50","true","true","0.1","0.03","2","10","30","0.17233294255568582","19.32367149758454","15.261958997722095","63","31","32","9.531013615733738","10.726643598615917","8.60215053763441","2.3333333333333335","2.5806451612903225","2.09375","1.8185053380782918","1.1021505376344085","1.062015503875969","2","2"
"22","0.3","10","0.7","10","9","3","50","true","true","0.1","0.03","2","10","31","0.17198177676537585","19.464720194647203","15.203426124197003","65","31","34","9.48905109489051","10.801393728222997","8.542713567839195","2.3230769230769233","2.5806451612903225","2.088235294117647","1.7766666666666666","1.0793650793650793","1.0763358778625953","2","2"
"22","0.3","10","0.7","10","9","3","50","true","true","0.1","0.03","2","10","32","0.1736725663716814","19.41747572815534","15.650406504065039","68","31","37","9.659090909090908","10.801393728222997","8.872901678657074","2.3088235294117645","2.5806451612903225","2.081081081081081","1.7724358974358974","1.0846560846560847","1.0814814814814815","2","2"
"22","0.3","10","0.7","10","9","3","50","true","true","0.1","0.03","2","10","33","0.1761546723952739","19.951923076923077","15.728155339805824","71","32","39","9.77961432506887","11.072664359861593","8.924485125858125","2.3098591549295775","2.59375","2.076923076923077","1.7607361963190185","1.0909090909090908","1.0774647887323943","2","2"
"22","0.3","10","0.7","10","9","3","50","true","true","0.1","0.03","2","10","34","0.17954070981210857","19.128329297820823","17.06422018348624","75","31","44","10","10.726643598615917","9.544468546637743","2.2933333333333334","2.5483870967741935","2.1136363636363638","1.7456140350877194","1.0972972972972972","1.0748299319727892","2","2"
"22","0.3","10","0.7","10","9","3","50","true","true","0.1","0.03","2","10","35","0.17849898580121704","19.174757281553397","16.898954703832754","77","31","46","9.922680412371134","10.726643598615917","9.44558521560575","2.2857142857142856","2.5483870967741935","2.108695652173913","1.7186629526462396","1.0962566844919786","1.0718954248366013","2","2"
"22","0.3","10","0.7","10","9","3","50","true","true","0.1","0.03","2","10","36","0.17733990147783252","18.181818181818183","17.434210526315788","78","29","49","9.72568578553616","10.069444444444445","9.53307392996109","2.3076923076923075","2.5517241379310347","2.163265306122449","1.7058823529411764","1.0890052356020943","1.0696202531645569","2","2"
"22","0.3","10","0.7","10","9","3","50","true","true","0.1","0.03","2","10","37","0.18181818181818182","17.936117936117938","18.338557993730408","84","29","55","10.16949152542373","10.069444444444445","10.223048327137546","2.261904761904762","2.5172413793103448","2.1272727272727274","1.7105943152454781","1.087179487179487","1.06875","2","2"
"22","0.3","10","0.7","10","9","3","50","true","true","0.1","0.03","2","10","38","0.18401486988847585","17.574257425742573","18.898809523809522","88","28","60","10.268378063010502","9.75609756097561","10.526315789473683","2.25","2.5357142857142856","2.1166666666666667","1.6864197530864198","1.0918367346938775","1.0654761904761905","2","2"
"22","0.3","10","0.7","10","9","3","50","true","true","0.1","0.03","2","10","39","0.18140794223826714","16.708229426433917","18.95332390381895","90","27","63","10.16949152542373","9.342560553633218","10.570469798657719","2.2333333333333334","2.4814814814814814","2.126984126984127","1.673758865248227","1.0909090909090908","1.0635838150289016","2","2"
"22","0.3","10","0.7","10","9","3","50","true","true","0.1","0.03","2","10","40","0.18229623137598597","16.290726817042607","19.2722371967655","93","26","67","10.197368421052632","9.027777777777777","10.737179487179487","2.236559139784946","2.5","2.1343283582089554","1.6697038724373576","1.0829268292682928","1.062857142857143","2","2"
"22","0.3","10","0.7","10","9","3","50","true","true","0.1","0.03","2","10","41","0.18212765957446808","16.708229426433917","18.992248062015506","96","27","69","10.180275715800637","9.342560553633218","10.550458715596331","2.2291666666666665","2.4814814814814814","2.130434782608696","1.6514161220043573","1.088235294117647","1.059782608695652","2","2"
"22","0.3","10","0.7","10","9","3","50","true","true","0.1","0.03","2","10","42","0.18512396694214875","15.656565656565657","19.901719901719904","101","25","76","10.369609856262834","8.680555555555555","11.078717201166182","2.217821782178218","2.48","2.1315789473684212","1.6526315789473685","1.0784313725490196","1.0621761658031088","2","2"
"22","0.3","10","0.7","10","9","3","50","true","true","0.1","0.03","2","10","43","0.1869983948635634","15.656565656565657","20.11764705882353","105","25","80","10.458167330677291","8.650519031141869","11.188811188811188","2.219047619047619","2.48","2.1375","1.6484848484848484","1.0731707317073171","1.0552763819095476","2","2"
"22","0.3","10","0.7","10","9","3","50","true","true","0.1","0.03","2","10","44","0.18394388152766952","15.113350125944585","19.864559819413092","106","24","82","10.221793635486982","8.304498269896193","10.962566844919785","2.2264150943396226","2.5","2.1463414634146343","1.6374269005847952","1.0761904761904761","1.0533980582524272","2","2"
"22","0.3","10","0.7","10","9","3","50","true","true","0.1","0.03","2","10","45","0.18470855412566237","15.228426395939088","19.848975188781015","110","24","86","10.2803738317757","8.304498269896193","11.011523687580025","2.2181818181818183","2.5","2.13953488372093","1.6329588014981273","1.060747663551402","1.052132701421801","2","2"
"22","0.3","10","0.7","10","9","3","50","true","true","0.1","0.03","2","10","46","0.19264705882352942","15.544041450777202","20.739219712525667","117","24","93","10.57866184448463","8.333333333333332","11.36919315403423","2.2393162393162394","2.5","2.172043010752688","1.6288288288288288","1.0504587155963303","1.0509259259259258","2","2"
"22","0.3","10","0.7","10","9","3","50","true","true","0.1","0.03","2","10","47","0.1992857142857143","14.659685863874344","21.905697445972493","121","22","99","10.698496905393457","7.638888888888889","11.743772241992882","2.3057851239669422","2.5454545454545454","2.2525252525252526","1.6530973451327433","1.0484581497797356","1.0555555555555556","2","2"
"22","0.3","10","0.7","10","9","3","50","true","true","0.1","0.03","2","10","48","0.20041608876560332","14.322916666666666","22.117202268431","126","22","104","10.834049871023216","7.612456747404845","11.899313501144166","2.2936507936507935","2.5","2.25","1.6485568760611204","1.0486725663716814","1.054054054054054","2","2"
"22","0.3","10","0.7","10","9","3","50","true","true","0.1","0.03","2","10","49","0.20202020202020202","14.285714285714285","22.272727272727273","130","22","108","10.869565217391305","7.638888888888889","11.894273127753303","2.3076923076923075","2.5","2.2685185185185186","1.6501650165016502","1.0515021459227467","1.0572687224669604","2","2"
"22","0.3","10","0.7","10","9","3","50","true","true","0.1","0.03","2","10","50","0.2027468933943754","12.598425196850393","22.822299651567945","136","21","115","11.021069692058347","7.291666666666667","12.156448202959831","2.2794117647058822","2.2857142857142856","2.2782608695652176","1.6491228070175439","1.055084745762712","1.055793991416309","2","2"
"23","0.3","10","0.7","10","9","3","50","true","true","0.1","0.03","2","10","0","0","0","0","0","0","0","0","0","0","0","0","0","1","1","1","0","0"
"23","0.3","10","0.7","10","9","3","50","true","true","0.1","0.03","2","10","1","0.018867924528301886","2.3890784982935154","0","3","3","0","0.8174386920980926","1.0380622837370241","0","2.3333333333333335","2.3333333333333335","0","1.0397727272727273","1","1","2","2"
"23","0.3","10","0.7","10","9","3","50","true","true","0.1","0.03","2","10","2","0.03926701570680628","5.05050505050505","0","7","7","0","1.8716577540106951","2.422145328719723","0","2.142857142857143","2.142857142857143","0","1.087719298245614","1","1","2","2"
"23","0.3","10","0.7","10","9","3","50","true","true","0.1","0.03","2","10","3","0.06870229007633588","8.970099667774086","0","11","11","0","2.933333333333333","3.8869257950530036","0","2.4545454545454546","2.4545454545454546","0","1.1757575757575758","1","1","2","2"
"23","0.3","10","0.7","10","9","3","50","true","true","0.1","0.03","2","10","4","0.10148514851485149","13.141025641025642","0","14","14","0","3.804347826086957","5.054151624548736","0","2.9285714285714284","2.9285714285714284","0","1.3223684210526316","1.0076923076923077","1","2","2"
"23","0.3","10","0.7","10","9","3","50","true","true","0.1","0.03","2","10","5","0.11778846153846154","15.312500000000002","0","14","14","0","3.8461538461538463","5.204460966542751","0","3.5","3.5","0","1.4545454545454546","1.014388489208633","1.0151515151515151","2","2"
"23","0.3","10","0.7","10","9","3","50","true","true","0.1","0.03","2","10","6","0.13551401869158877","17.575757575757574","0","18","18","0","4.918032786885246","6.691449814126393","0","3.2222222222222223","3.2222222222222223","0","1.5467625899280575","1.0138888888888888","1.0307692307692307","2","2"
"23","0.3","10","0.7","10","9","3","50","true","true","0.1","0.03","2","10","7","0.1431818181818182","18.475073313782993","0","20","20","0","5.420054200542006","7.380073800738007","0","3.15","3.15","0","1.6323529411764706","1.0196078431372548","1.0333333333333334","2","2"
"23","0.3","10","0.7","10","9","3","50","true","true","0.1","0.03","2","10","8","0.15011037527593818","19.653179190751445","0","24","24","0","6.349206349206349","8.823529411764707","0","2.8333333333333335","2.8333333333333335","0","1.6642857142857144","1.0263157894736843","1.032258064516129","2","2"
"23","0.3","10","0.7","10","9","3","50","true","true","0.1","0.03","2","10","9","0.15665236051502146","19.65811965811966","3.4782608695652173","27","25","2","6.994818652849741","9.124087591240876","1.7857142857142856","2.7037037037037037","2.76","2","1.7285714285714286","1.0196078431372548","1.0303030303030303","2","2"
"23","0.3","10","0.7","10","9","3","50","true","true","0.1","0.03","2","10","10","0.15866388308977036","20.281690140845072","3.225806451612903","28","26","2","7.142857142857142","9.523809523809524","1.680672268907563","2.7142857142857144","2.769230769230769","2","1.792857142857143","1.0128205128205128","1.0294117647058822","2","2"
"23","0.3","10","0.7","10","9","3","50","true","true","0.1","0.03","2","10","11","0.1643002028397566","21.153846153846153","3.10077519379845","30","28","2","7.462686567164178","10.071942446043165","1.6129032258064515","2.7","2.75","2","1.8041958041958042","1.0256410256410255","1.0273972602739727","2","2"
"23","0.3","10","0.7","10","9","3","50","true","true","0.1","0.03","2","10","12","0.1755424063116371","22.78820375335121","2.9850746268656714","32","30","2","7.901234567901234","10.869565217391305","1.550387596899225","2.78125","2.8333333333333335","2","1.9136690647482015","1.0318471337579618","1.025974025974026","2","2"
"23","0.3","10","0.7","10","9","3","50","true","true","0.1","0.03","2","10","13","0.17049808429118773","22.30971128608924","2.8368794326241136","32","30","2","7.729468599033816","10.676156583629894","1.5037593984962405","2.78125","2.8333333333333335","2","1.8958333333333333","1.05625","1.0256410256410255","2","2"
"23","0.3","10","0.7","10","9","3","50","true","true","0.1","0.03","2","10","14","0.17690875232774675","23.51421188630491","2.666666666666667","34","32","2","8.037825059101655","11.347517730496454","1.4184397163120568","2.7941176470588234","2.84375","2","1.9513888888888888","1.0617283950617284","1.024390243902439","2","2"
"23","0.3","10","0.7","10","9","3","50","true","true","0.1","0.03","2","10","15","0.18264014466546113","24.556962025316455","2.5316455696202533","36","34","2","8.411214953271028","12.142857142857142","1.3513513513513513","2.8055555555555554","2.8529411764705883","2","2.034965034965035","1.0662650602409638","1.0240963855421688","2","2"
"23","0.3","10","0.7","10","9","3","50","true","true","0.1","0.03","2","10","16","0.18453427065026362","25.25","2.366863905325444","38","36","2","8.656036446469248","12.811387900355871","1.2658227848101267","2.763157894736842","2.8055555555555554","2","2.027027027027027","1.0828402366863905","1.0238095238095237","2","2"
"23","0.3","10","0.7","10","9","3","50","true","true","0.1","0.03","2","10","17","0.189419795221843","25.7985257985258","3.35195530726257","41","38","3","9.11111111111111","13.427561837455832","1.7964071856287425","2.707317073170732","2.763157894736842","2","2.0592105263157894","1.0843373493975903","1.0333333333333334","2","2"
"23","0.3","10","0.7","10","9","3","50","true","true","0.1","0.03","2","10","18","0.19071310116086235","26.585365853658537","3.1088082901554404","43","40","3","9.327548806941431","14.13427561837456","1.6853932584269662","2.6744186046511627","2.725","2","2.0440251572327046","1.0946745562130178","1.0449438202247192","2","2"
"23","0.3","10","0.7","10","9","3","50","true","true","0.1","0.03","2","10","19","0.19001610305958133","26.85851318944844","2.941176470588235","44","41","3","9.282700421940929","14.385964912280702","1.5873015873015872","2.6818181818181817","2.731707317073171","2","2.0059171597633134","1.103030303030303","1.0416666666666667","2","2"
"23","0.3","10","0.7","10","9","3","50","true","true","0.1","0.03","2","10","20","0.19092331768388107","26.08695652173913","6.222222222222222","47","40","7","9.631147540983607","13.986013986013987","3.4653465346534658","2.595744680851064","2.7","2","2.046511627906977","1.0872093023255813","1.0416666666666667","2","2"
"23","0.3","10","0.7","10","9","3","50","true","true","0.1","0.03","2","10","21","0.182370820668693","25.17814726840855","5.9071729957805905","46","39","7","9.218436873747494","13.541666666666666","3.3175355450236967","2.608695652173913","2.717948717948718","2","2.016574585635359","1.1040462427745665","1.0408163265306123","2","2"
"23","0.3","10","0.7","10","9","3","50","true","true","0.1","0.03","2","10","22","0.1831610044313146","25.471698113207548","6.324110671936759","48","40","8","9.393346379647749","13.937282229965156","3.571428571428571","2.5833333333333335","2.7","2","2.032608695652174","1.1067415730337078","1.0495049504950495","2","2"
"23","0.3","10","0.7","10","9","3","50","true","true","0.1","0.03","2","10","23","0.1908177905308465","26.41509433962264","7.6923076923076925","52","42","10","9.904761904761905","14.685314685314685","4.184100418410042","2.5576923076923075","2.6666666666666665","2.1","2.0526315789473686","1.106145251396648","1.0480769230769231","2","2"
"23","0.3","10","0.7","10","9","3","50","true","true","0.1","0.03","2","10","24","0.18828451882845187","26.41509433962264","7.849829351535837","53","42","11","9.760589318600369","14.685314685314685","4.280155642023346","2.547169811320755","2.6666666666666665","2.090909090909091","2","1.1092896174863387","1.0566037735849056","2","2"
"23","0.3","10","0.7","10","9","3","50","true","true","0.1","0.03","2","10","25","0.1897018970189702","25.238095238095237","10.69182389937107","57","41","16","10.16042780748663","14.285714285714285","5.839416058394161","2.456140350877193","2.5853658536585367","2.125","1.9811320754716981","1.1141304347826086","1.0560747663551402","2","2"
"23","0.3","10","0.7","10","9","3","50","true","true","0.1","0.03","2","10","26","0.18947368421052632","24.761904761904763","11.76470588235294","58","40","18","10","13.88888888888889","6.164383561643835","2.4827586206896552","2.6","2.2222222222222223","1.9638009049773755","1.1005291005291005","1.0535714285714286","2","2"
"23","0.3","10","0.7","10","9","3","50","true","true","0.1","0.03","2","10","27","0.1956521739130435","24.821002386634845","13.498622589531681","62","40","22","10.35058430717863","13.84083044982699","7.096774193548387","2.467741935483871","2.6","2.227272727272727","1.9694323144104804","1.094240837696335","1.0517241379310345","2","2"
"23","0.3","10","0.7","10","9","3","50","true","true","0.1","0.03","2","10","28","0.19627329192546583","25.415676959619955","13.28125","64","41","23","10.372771474878444","14.186851211072666","7.01219512195122","2.46875","2.6097560975609757","2.217391304347826","1.9539748953974896","1.0994764397905759","1.0491803278688525","2","2"
"23","0.3","10","0.7","10","9","3","50","true","true","0.1","0.03","2","10","29","0.19662243667068757","25.059665871121716","14.146341463414632","66","40","26","10.344827586206897","13.84083044982699","7.4498567335243555","2.4696969696969697","2.625","2.230769230769231","1.9173228346456692","1.0989583333333333","1.048","2","2"
"23","0.3","10","0.7","10","9","3","50","true","true","0.1","0.03","2","10","30","0.1981242672919109","25.179856115107913","14.678899082568808","69","40","29","10.47040971168437","13.88888888888889","7.816711590296496","2.449275362318841","2.625","2.206896551724138","1.898876404494382","1.0885416666666667","1.0458015267175573","2","2"
"23","0.3","10","0.7","10","9","3","50","true","true","0.1","0.03","2","10","31","0.1947608200455581","24.819277108433734","14.686825053995682","70","39","31","10.279001468428781","13.541666666666666","7.888040712468193","2.442857142857143","2.641025641025641","2.193548387096774","1.8754448398576513","1.0833333333333333","1.0437956204379562","2","2"
"23","0.3","10","0.7","10","9","3","50","true","true","0.1","0.03","2","10","32","0.19358407079646017","24.876847290640395","14.859437751004014","72","38","34","10.126582278481013","13.286713286713287","8","2.4305555555555554","2.6578947368421053","2.176470588235294","1.8112582781456954","1.0717948717948718","1.0422535211267605","2","2"
"23","0.3","10","0.7","10","9","3","50","true","true","0.1","0.03","2","10","33","0.19763694951664876","24.69437652811736","15.900383141762454","76","38","38","10.368349249658936","13.148788927335639","8.558558558558559","2.4210526315789473","2.6578947368421053","2.1842105263157894","1.8044871794871795","1.085427135678392","1.0410958904109588","2","2"
"23","0.3","10","0.7","10","9","3","50","true","true","0.1","0.03","2","10","34","0.19624217118997914","24.00990099009901","16.425992779783392","78","36","42","10.29023746701847","12.543554006968641","8.9171974522293","2.41025641025641","2.6944444444444446","2.1666666666666665","1.7835365853658536","1.0738916256157636","1.0472972972972974","2","2"
"23","0.3","10","0.7","10","9","3","50","true","true","0.1","0.03","2","10","35","0.1947261663286004","22.58064516129032","17.32418524871355","80","33","47","10.256410256410255","11.498257839721255","9.533468559837727","2.4","2.757575757575758","2.148936170212766","1.7794117647058822","1.066350710900474","1.054054054054054","2","2"
"23","0.3","10","0.7","10","9","3","50","true","true","0.1","0.03","2","10","36","0.19310344827586207","21.695760598503743","17.75244299674267","82","31","51","10.211706102117061","10.76388888888889","9.902912621359224","2.3902439024390243","2.806451612903226","2.1372549019607843","1.7806267806267806","1.060747663551402","1.0584415584415585","2","2"
"23","0.3","10","0.7","10","9","3","50","true","true","0.1","0.03","2","10","37","0.19521531100478468","22.906403940886698","17.370892018779344","85","33","52","10.315533980582524","11.418685121107266","9.719626168224298","2.4","2.8181818181818183","2.1346153846153846","1.7753424657534247","1.0599078341013826","1.0636942675159236","2","2"
"23","0.3","10","0.7","10","9","3","50","true","true","0.1","0.03","2","10","38","0.19609665427509293","22.469135802469136","17.883755588673623","88","32","56","10.401891252955082","11.11111111111111","10.03584229390681","2.397727272727273","2.84375","2.142857142857143","1.7845744680851063","1.059090909090909","1.0617283950617284","2","2"
"23","0.3","10","0.7","10","9","3","50","true","true","0.1","0.03","2","10","39","0.19584837545126355","21.641791044776117","18.413597733711047","92","31","61","10.526315789473683","10.76388888888889","10.409556313993173","2.358695652173913","2.806451612903226","2.1311475409836067","1.7633587786259541","1.0711111111111111","1.0609756097560976","2","2"
"23","0.3","10","0.7","10","9","3","50","true","true","0.1","0.03","2","10","40","0.2007011393514461","20.85427135678392","19.650067294751008","98","29","69","10.816777041942604","10.034602076124568","11.183144246353322","2.336734693877551","2.8620689655172415","2.1159420289855073","1.7579462102689487","1.0655021834061136","1.0595238095238095","2","2"
"23","0.3","10","0.7","10","9","3","50","true","true","0.1","0.03","2","10","41","0.20425531914893616","20.65491183879093","20.308483290488432","104","29","75","11.158798283261802","10.034602076124568","11.66407465007776","2.3076923076923075","2.8275862068965516","2.1066666666666665","1.7708830548926013","1.0583333333333333","1.0591715976331362","2","2"
"23","0.3","10","0.7","10","9","3","50","true","true","0.1","0.03","2","10","42","0.2","20.65491183879093","19.68019680196802","105","29","76","10.903426791277258","10.034602076124568","11.275964391691394","2.3047619047619046","2.8275862068965516","2.1052631578947367","1.7494305239179955","1.0571428571428572","1.0578034682080926","2","2"
"23","0.3","10","0.7","10","9","3","50","true","true","0.1","0.03","2","10","43","0.20786516853932585","20.707070707070706","20.823529411764703","112","29","83","11.313131313131313","10.034602076124568","11.840228245363766","2.3125","2.8275862068965516","2.1325301204819276","1.7593818984547462","1.0564516129032258","1.0564971751412429","2","2"
"23","0.3","10","0.7","10","9","3","50","true","true","0.1","0.03","2","10","44","0.2073265783320343","20.707070707070706","20.744081172491544","115","29","86","11.285574092247302","10.034602076124568","11.78082191780822","2.3130434782608695","2.8275862068965516","2.13953488372093","1.748414376321353","1.0607287449392713","1.0543478260869565","2","2"
"23","0.3","10","0.7","10","9","3","50","true","true","0.1","0.03","2","10","45","0.21196063588190764","20.35623409669211","21.551724137931032","121","28","93","11.545801526717558","9.722222222222223","12.23684210526316","2.3140495867768593","2.857142857142857","2.150537634408602","1.7608247422680412","1.0625","1.054054054054054","2","2"
"23","0.3","10","0.7","10","9","3","50","true","true","0.1","0.03","2","10","46","0.2139705882352941","20.2020202020202","21.887966804979254","124","28","96","11.513463324048283","9.688581314878892","12.18274111675127","2.346774193548387","2.857142857142857","2.1979166666666665","1.7534516765285997","1.05859375","1.0582010582010581","2","2"
"23","0.3","10","0.7","10","9","3","50","true","true","0.1","0.03","2","10","47","0.21785714285714286","20.304568527918782","22.365805168986082","129","28","101","11.64259927797834","9.722222222222223","12.317073170731707","2.364341085271318","2.857142857142857","2.227722772277228","1.7576335877862594","1.0505836575875487","1.0555555555555556","2","2"
"23","0.3","10","0.7","10","9","3","50","true","true","0.1","0.03","2","10","48","0.22122052704576978","20.35623409669211","22.783603431839847","136","28","108","11.89851268591426","9.722222222222223","12.631578947368421","2.3455882352941178","2.857142857142857","2.212962962962963","1.750915750915751","1.0538461538461539","1.054726368159204","2","2"
"23","0.3","10","0.7","10","9","3","50","true","true","0.1","0.03","2","10","49","0.23030303030303031","23.456790123456788","22.87037037037037","140","28","112","11.955593509820666","9.722222222222223","12.684031710079275","2.442857142857143","3.392857142857143","2.205357142857143","1.7674418604651163","1.0559701492537314","1.0541871921182266","2","2"
"23","0.3","10","0.7","10","9","3","50","true","true","0.1","0.03","2","10","50","0.21778940483976456","21.374045801526716","21.919014084507044","142","27","115","11.544715447154472","9.375","12.208067940552016","2.3450704225352115","3.111111111111111","2.1652173913043478","1.6937086092715232","1.0444444444444445","1.051643192488263","2","2"
"24","0.3","10","0.7","10","9","3","50","true","true","0.1","0.03","2","10","0","0","0","0","0","0","0","0","0","0","0","0","0","1","1","1","0","0"
"24","0.3","10","0.7","10","9","3","50","true","true","0.1","0.03","2","10","1","0.03234501347708895","4.054054054054054","0","5","5","0","1.3736263736263736","1.7301038062283738","0","2.4","2.4","0","1.0714285714285714","1","1","2","2"
"24","0.3","10","0.7","10","9","3","50","true","true","0.1","0.03","2","10","2","0.06806282722513089","8.58085808580858","0","12","12","0","3.260869565217391","4.1522491349480966","0","2.1666666666666665","2.1666666666666665","0","1.1614906832298137","1","1","2","2"
"24","0.3","10","0.7","10","9","3","50","true","true","0.1","0.03","2","10","3","0.08651399491094147","11.147540983606557","0","16","16","0","4.289544235924933","5.594405594405594","0","2.125","2.125","0","1.2356687898089171","1","1","2","2"
"24","0.3","10","0.7","10","9","3","50","true","true","0.1","0.03","2","10","4","0.1188118811881188","14.285714285714285","4.166666666666666","23","21","2","6.149732620320856","7.473309608540925","2.1505376344086025","2.0869565217391304","2.0952380952380953","2","1.348993288590604","1.007936507936508","1","2","2"
"24","0.3","10","0.7","10","9","3","50","true","true","0.1","0.03","2","10","5","0.125","15.483870967741936","3.7735849056603774","25","23","2","6.666666666666667","8.455882352941178","1.9417475728155338","2.08","2.0869565217391304","2","1.4513888888888888","1.0078740157480315","1","2","2"
"24","0.3","10","0.7","10","9","3","50","true","true","0.1","0.03","2","10","6","0.1261682242990654","15.772870662460567","3.6036036036036037","26","24","2","6.7885117493472595","8.75912408759124","1.834862385321101","2.076923076923077","2.0833333333333335","2","1.4827586206896552","1.0076923076923077","1","2","2"
"24","0.3","10","0.7","10","9","3","50","true","true","0.1","0.03","2","10","7","0.13636363636363635","16.875","5","29","26","3","7.512953367875648","9.62962962962963","2.586206896551724","2.0689655172413794","2.076923076923077","2","1.5815602836879432","1.0151515151515151","1","2","2"
"24","0.3","10","0.7","10","9","3","50","true","true","0.1","0.03","2","10","8","0.1368653421633554","17.02127659574468","4.838709677419355","30","27","3","7.614213197969544","9.818181818181818","2.5210084033613445","2.066666666666667","2.074074074074074","2","1.6056338028169015","1.013793103448276","1.0129870129870129","2","2"
"24","0.3","10","0.7","10","9","3","50","true","true","0.1","0.03","2","10","9","0.1459227467811159","17.313432835820898","7.633587786259542","33","28","5","8.25","10.181818181818182","4","2.0606060606060606","2.0714285714285716","2","1.6906474820143884","1.0202702702702702","1.0126582278481013","2","2"
"24","0.3","10","0.7","10","9","3","50","true","true","0.1","0.03","2","10","10","0.1524008350730689","18.26086956521739","7.462686567164178","35","30","5","8.663366336633663","10.869565217391305","3.90625","2.085714285714286","2.1","2","1.7664233576642336","1.0268456375838926","1.0120481927710843","2","2"
"24","0.3","10","0.7","10","9","3","50","true","true","0.1","0.03","2","10","11","0.15618661257606492","19.08831908831909","7.042253521126761","37","32","5","8.937198067632849","11.469534050179211","3.7037037037037033","2.081081081081081","2.09375","2","1.7730496453900708","1.0394736842105263","1.0119047619047619","2","2"
"24","0.3","10","0.7","10","9","3","50","true","true","0.1","0.03","2","10","12","0.15976331360946747","19.832402234636874","6.7114093959731544","39","34","5","9.307875894988067","12.142857142857142","3.597122302158273","2.076923076923077","2.088235294117647","2","1.8368794326241136","1.0429447852760736","1.0263157894736843","2","2"
"24","0.3","10","0.7","10","9","3","50","true","true","0.1","0.03","2","10","13","0.16283524904214558","20.66115702479339","6.289308176100629","41","36","5","9.51276102088167","12.76595744680851","3.3557046979865772","2.073170731707317","2.0833333333333335","2","1.8424657534246576","1.0424242424242425","1.0253164556962024","2","2"
"24","0.3","10","0.7","10","9","3","50","true","true","0.1","0.03","2","10","14","0.15828677839851024","20.380434782608695","5.9171597633136095","41","36","5","9.339407744874716","12.811387900355871","3.1645569620253164","2.073170731707317","2.0833333333333335","2","1.855263157894737","1.0432098765432098","1.0238095238095237","2","2"
"24","0.3","10","0.7","10","9","3","50","true","true","0.1","0.03","2","10","15","0.1609403254972875","20.161290322580644","7.734806629834254","43","36","7","9.534368070953436","12.676056338028168","4.191616766467066","2.0697674418604652","2.0833333333333335","2","1.8598726114649682","1.0484848484848486","1.0232558139534884","2","2"
"24","0.3","10","0.7","10","9","3","50","true","true","0.1","0.03","2","10","16","0.15641476274165203","19.841269841269842","7.329842931937172","43","36","7","9.287257019438446","12.631578947368421","3.932584269662921","2.0697674418604652","2.0833333333333335","2","1.8353658536585367","1.0548780487804879","1.043956043956044","2","2"
"24","0.3","10","0.7","10","9","3","50","true","true","0.1","0.03","2","10","17","0.15187713310580206","19.5822454308094","6.896551724137931","43","36","7","9.05263157894737","12.587412587412588","3.7037037037037033","2.0697674418604652","2.0833333333333335","2","1.8092485549132948","1.0591715976331362","1.0444444444444445","2","2"
"24","0.3","10","0.7","10","9","3","50","true","true","0.1","0.03","2","10","18","0.15754560530679934","20.984455958549223","6.451612903225806","46","39","7","9.50413223140496","13.684210526315791","3.5175879396984926","2.0652173913043477","2.076923076923077","2","1.8571428571428572","1.0650887573964498","1.0425531914893618","2","2"
"24","0.3","10","0.7","10","9","3","50","true","true","0.1","0.03","2","10","19","0.15942028985507245","21.336760925449873","6.896551724137931","48","40","8","9.67741935483871","13.937282229965156","3.827751196172249","2.0625","2.075","2","1.867403314917127","1.0705882352941176","1.041237113402062","2","2"
"24","0.3","10","0.7","10","9","3","50","true","true","0.1","0.03","2","10","20","0.15492957746478872","20.66326530612245","7.28744939271255","48","39","9","9.448818897637794","13.588850174216027","4.072398190045249","2.0625","2.076923076923077","2","1.8518518518518519","1.0823529411764705","1.05","2","2"
"24","0.3","10","0.7","10","9","3","50","true","true","0.1","0.03","2","10","21","0.1474164133738602","19.444444444444446","7.633587786259542","47","37","10","9.05587668593449","12.937062937062937","4.291845493562231","2.0638297872340425","2.081081081081081","2","1.8477157360406091","1.0701754385964912","1.0776699029126213","2","2"
"24","0.3","10","0.7","10","9","3","50","true","true","0.1","0.03","2","10","22","0.15214180206794684","19.75","8.664259927797833","50","38","12","9.398496240601503","13.194444444444445","4.918032786885246","2.06","2.0789473684210527","2","1.8669950738916257","1.062857142857143","1.0769230769230769","2","2"
"24","0.3","10","0.7","10","9","3","50","true","true","0.1","0.03","2","10","23","0.14634146341463414","19","8.754208754208754","50","37","13","9.157509157509157","12.847222222222221","5.038759689922481","2.04","2.054054054054054","2","1.8666666666666667","1.0607734806629834","1.0865384615384615","2","2"
"24","0.3","10","0.7","10","9","3","50","true","true","0.1","0.03","2","10","24","0.14644351464435146","19.09547738693467","9.090909090909092","51","37","14","9.042553191489363","12.847222222222221","5.072463768115942","2.0588235294117645","2.054054054054054","2.0714285714285716","1.8214285714285714","1.0604395604395604","1.0943396226415094","2","2"
"24","0.3","10","0.7","10","9","3","50","true","true","0.1","0.03","2","10","25","0.14634146341463414","18.295739348370926","10.32448377581121","53","36","17","9.122203098106713","12.5","5.802047781569966","2.0377358490566038","2.0277777777777777","2.0588235294117645","1.804255319148936","1.065217391304348","1.0925925925925926","2","2"
"24","0.3","10","0.7","10","9","3","50","true","true","0.1","0.03","2","10","26","0.14736842105263157","18.25","10.833333333333334","55","36","19","9.166666666666666","12.5","6.089743589743589","2.036363636363636","2.0277777777777777","2.0526315789473686","1.7710843373493976","1.0702702702702702","1.09009009009009","2","2"
"24","0.3","10","0.7","10","9","3","50","true","true","0.1","0.03","2","10","27","0.14578005115089515","17.839195979899497","11.197916666666668","56","35","21","9.046849757673666","12.195121951219512","6.325301204819277","2.0357142857142856","2.0285714285714285","2.0476190476190474","1.7557251908396947","1.0638297872340425","1.0892857142857142","2","2"
"24","0.3","10","0.7","10","9","3","50","true","true","0.1","0.03","2","10","28","0.1391304347826087","16.876574307304786","11.029411764705882","55","33","22","8.59375","11.458333333333332","6.25","2.036363636363636","2.0303030303030303","2.0454545454545454","1.7184115523465704","1.0572916666666667","1.0956521739130434","2","2"
"24","0.3","10","0.7","10","9","3","50","true","true","0.1","0.03","2","10","29","0.14475271411338964","16.791979949874687","12.325581395348838","59","33","26","9.007633587786259","11.418685121107266","7.103825136612022","2.0338983050847457","2.0303030303030303","2.0384615384615383","1.74822695035461","1.0561224489795917","1.0932203389830508","2","2"
"24","0.3","10","0.7","10","9","3","50","true","true","0.1","0.03","2","10","30","0.15123094958968347","16.876574307304786","13.596491228070176","63","33","30","9.347181008902076","11.498257839721255","7.751937984496124","2.0476190476190474","2.0303030303030303","2.066666666666667","1.728813559322034","1.0824742268041236","1.0901639344262295","2","2"
"24","0.3","10","0.7","10","9","3","50","true","true","0.1","0.03","2","10","31","0.15034168564920272","16.3727959697733","13.92931392931393","64","32","32","9.20863309352518","11.072664359861593","7.8817733990147785","2.0625","2.03125","2.09375","1.715210355987055","1.0808080808080809","1.098360655737705","2","2"
"24","0.3","10","0.7","10","9","3","50","true","true","0.1","0.03","2","10","32","0.14712389380530974","16.030534351145036","13.698630136986301","64","31","33","8.90125173852573","10.76388888888889","7.65661252900232","2.078125","2.032258064516129","2.121212121212121","1.6840490797546013","1.0738916256157636","1.096","2","2"
"24","0.3","10","0.7","10","9","3","50","true","true","0.1","0.03","2","10","33","0.14930182599355532","15.521628498727736","14.49814126394052","67","30","37","9.029649595687331","10.380622837370241","8.167770419426049","2.074626865671642","2.033333333333333","2.108108108108108","1.6755162241887906","1.0769230769230769","1.094488188976378","2","2"
"24","0.3","10","0.7","10","9","3","50","true","true","0.1","0.03","2","10","34","0.15553235908141963","15.245478036175712","15.761821366024517","71","29","42","9.293193717277488","10.069444444444445","8.823529411764707","2.0985915492957745","2.0344827586206895","2.142857142857143","1.6732954545454546","1.0776699029126213","1.0970149253731343","2","2"
"24","0.3","10","0.7","10","9","3","50","true","true","0.1","0.03","2","10","35","0.16024340770791076","15.601023017902813","16.30252100840336","74","29","45","9.462915601023019","10.034602076124568","9.127789046653144","2.135135135135135","2.103448275862069","2.1555555555555554","1.6952908587257618","1.0728155339805825","1.0928571428571427","2","2"
"24","0.3","10","0.7","10","9","3","50","true","true","0.1","0.03","2","10","36","0.16157635467980297","15.128205128205128","16.8","77","28","49","9.553349875930522","9.688581314878892","9.477756286266924","2.1298701298701297","2.107142857142857","2.142857142857143","1.683377308707124","1.0776699029126213","1.091549295774648","2","2"
"24","0.3","10","0.7","10","9","3","50","true","true","0.1","0.03","2","10","37","0.16076555023923444","15.089514066496163","16.666666666666664","79","28","51","9.529553679131483","9.722222222222223","9.426987060998151","2.1265822784810124","2.107142857142857","2.1372549019607843","1.6675062972292192","1.0813397129186604","1.0902777777777777","2","2"
"24","0.3","10","0.7","10","9","3","50","true","true","0.1","0.03","2","10","38","0.16728624535315986","16.030534351145036","17.1303074670571","83","29","54","9.753231492361927","10.104529616724738","9.574468085106384","2.1686746987951806","2.1724137931034484","2.1666666666666665","1.6905940594059405","1.0754716981132075","1.0855263157894737","2","2"
"24","0.3","10","0.7","10","9","3","50","true","true","0.1","0.03","2","10","39","0.1624548736462094","14.936708860759493","16.97054698457223","84","28","56","9.578107183580387","9.688581314878892","9.523809523809524","2.142857142857143","2.107142857142857","2.1607142857142856","1.686602870813397","1.0740740740740742","1.0822784810126582","2","2"
"24","0.3","10","0.7","10","9","3","50","true","true","0.1","0.03","2","10","40","0.1656441717791411","15.206185567010309","17.264276228419657","88","28","60","9.70231532524807","9.79020979020979","9.66183574879227","2.147727272727273","2.107142857142857","2.1666666666666665","1.6727688787185355","1.0684931506849316","1.0797546012269938","2","2"
"24","0.3","10","0.7","10","9","3","50","true","true","0.1","0.03","2","10","41","0.1676595744680851","17.66169154228856","16.30012936610608","87","29","58","9.364908503767493","10.069444444444445","9.048361934477379","2.264367816091954","2.4482758620689653","2.1724137931034484","1.6732891832229582","1.0769230769230769","1.0783132530120483","2","2"
"24","0.3","10","0.7","10","9","3","50","true","true","0.1","0.03","2","10","42","0.16446280991735537","16.666666666666664","16.33663366336634","88","27","61","9.147609147609149","9.342560553633218","9.063893016344725","2.2613636363636362","2.4814814814814814","2.1639344262295084","1.6430062630480167","1.0723981900452488","1.0813953488372092","2","2"
"24","0.3","10","0.7","10","9","3","50","true","true","0.1","0.03","2","10","43","0.17014446227929375","16.708229426433917","17.159763313609467","93","27","66","9.375","9.342560553633218","9.388335704125177","2.2795698924731185","2.4814814814814814","2.196969696969697","1.6372745490981964","1.0663716814159292","1.0804597701149425","2","2"
"24","0.3","10","0.7","10","9","3","50","true","true","0.1","0.03","2","10","44","0.17225253312548713","16.791979949874687","17.420814479638008","97","27","70","9.481915933528837","9.342560553633218","9.536784741144414","2.2783505154639174","2.4814814814814814","2.2","1.6332046332046333","1.0646551724137931","1.0795454545454546","2","2"
"24","0.3","10","0.7","10","9","3","50","true","true","0.1","0.03","2","10","45","0.17259651778955337","16.3727959697733","17.64069264069264","100","26","74","9.45179584120983","8.996539792387544","9.622886866059819","2.28","2.5","2.2027027027027026","1.6185185185185185","1.0680851063829788","1.0769230769230769","2","2"
"24","0.3","10","0.7","10","9","3","50","true","true","0.1","0.03","2","10","46","0.17426470588235293","15.48223350253807","18.219461697722565","104","24","80","9.497716894977168","8.304498269896193","9.925558312655088","2.2788461538461537","2.5416666666666665","2.2","1.607843137254902","1.069672131147541","1.0765027322404372","2","2"
"24","0.3","10","0.7","10","9","3","50","true","true","0.1","0.03","2","10","47","0.17642857142857143","15.521628498727736","18.470705064548163","109","24","85","9.628975265017669","8.304498269896193","10.083036773428232","2.2660550458715596","2.5416666666666665","2.1882352941176473","1.5989672977624785","1.05859375","1.075268817204301","2","2"
"24","0.3","10","0.7","10","9","3","50","true","true","0.1","0.03","2","10","48","0.17891816920943135","15.601023017902813","18.74405328258801","114","24","90","9.751924721984603","8.333333333333332","10.21566401816118","2.263157894736842","2.5416666666666665","2.188888888888889","1.5916666666666666","1.0681818181818181","1.0732984293193717","2","2"
"24","0.3","10","0.7","10","9","3","50","true","true","0.1","0.03","2","10","49","0.17845117845117844","16.020671834625322","18.48816029143898","117","24","93","9.653465346534654","8.333333333333332","10.064935064935066","2.264957264957265","2.5833333333333335","2.182795698924731","1.5814696485623003","1.0566037735849056","1.0696517412935322","2","2"
"24","0.3","10","0.7","10","9","3","50","true","true","0.1","0.03","2","10","50","0.17593198168737736","15.324675324675324","18.356643356643357","118","22","96","9.424920127795527","7.665505226480835","9.94818652849741","2.2796610169491527","2.6818181818181817","2.1875","1.5642201834862386","1.043956043956044","1.067632850241546","2","2"
"25","0.3","10","0.7","10","9","3","50","true","true","0.1","0.03","2","10","0","0","0","0","0","0","0","0","0","0","0","0","0","1","1","1","0","0"
"25","0.3","10","0.7","10","9","3","50","true","true","0.1","0.03","2","10","1","0.02425876010781671","3.061224489795918","0","4","4","0","1.092896174863388","1.384083044982699","0","2.25","2.25","0","1.0511363636363635","1","1","2","2"
"25","0.3","10","0.7","10","9","3","50","true","true","0.1","0.03","2","10","2","0.04450261780104712","5.68561872909699","0","7","7","0","1.881720430107527","2.422145328719723","0","2.4285714285714284","2.4285714285714284","0","1.0982658959537572","1","1","2","2"
"25","0.3","10","0.7","10","9","3","50","true","true","0.1","0.03","2","10","3","0.06870229007633588","8.91089108910891","0","12","12","0","3.2","4.2105263157894735","0","2.25","2.25","0","1.180722891566265","1","1","2","2"
"25","0.3","10","0.7","10","9","3","50","true","true","0.1","0.03","2","10","4","0.09405940594059406","11.726384364820847","2.0618556701030926","16","15","1","4.25531914893617","5.357142857142857","1.0416666666666665","2.375","2.4","2","1.2784810126582278","1.0082644628099173","1","2","2"
"25","0.3","10","0.7","10","9","3","50","true","true","0.1","0.03","2","10","5","0.10096153846153846","12.618296529968454","2.0202020202020203","18","17","1","4.864864864864865","6.25","1.0204081632653061","2.3333333333333335","2.3529411764705883","2","1.435374149659864","1.008130081300813","1","2","2"
"25","0.3","10","0.7","10","9","3","50","true","true","0.1","0.03","2","10","6","0.11214953271028037","14.19753086419753","1.9230769230769231","21","20","1","5.64516129032258","7.434944237918216","0.9708737864077669","2.2857142857142856","2.3","2","1.5314685314685315","1.015625","1","2","2"
"25","0.3","10","0.7","10","9","3","50","true","true","0.1","0.03","2","10","7","0.11818181818181818","15.060240963855422","1.8518518518518516","23","22","1","6.133333333333333","8.208955223880597","0.9345794392523363","2.260869565217391","2.272727272727273","2","1.618705035971223","1.013793103448276","1","2","2"
"25","0.3","10","0.7","10","9","3","50","true","true","0.1","0.03","2","10","8","0.12362030905077263","15.88235294117647","1.7699115044247788","25","24","1","6.527415143603134","8.856088560885608","0.8928571428571428","2.24","2.25","2","1.6549295774647887","1.0138888888888888","1","2","2"
"25","0.3","10","0.7","10","9","3","50","true","true","0.1","0.03","2","10","9","0.1351931330472103","17.478510028653297","1.7094017094017095","28","27","1","7.235142118863049","9.96309963099631","0.8620689655172413","2.25","2.259259259259259","2","1.75","1.013793103448276","1","2","2"
"25","0.3","10","0.7","10","9","3","50","true","true","0.1","0.03","2","10","10","0.12734864300626306","16.857142857142858","1.550387596899225","27","26","1","6.78391959798995","9.62962962962963","0.78125","2.259259259259259","2.269230769230769","2","1.7162162162162162","1.0206896551724138","1","2","2"
"25","0.3","10","0.7","10","9","3","50","true","true","0.1","0.03","2","10","11","0.12778904665314403","16.991643454038996","1.4925373134328357","28","27","1","6.845965770171149","9.782608695652174","0.7518796992481203","2.25","2.259259259259259","2","1.7032258064516128","1.0202702702702702","1","2","2"
"25","0.3","10","0.7","10","9","3","50","true","true","0.1","0.03","2","10","12","0.1282051282051282","16.9811320754717","1.4705882352941175","29","28","1","6.987951807228916","10","0.7407407407407408","2.2413793103448274","2.25","2","1.7452229299363058","1.0266666666666666","1","2","2"
"25","0.3","10","0.7","10","9","3","50","true","true","0.1","0.03","2","10","13","0.1206896551724138","16.666666666666664","0","28","28","0","6.557377049180328","9.859154929577464","0","2.25","2.25","2","1.75","1.0389610389610389","1","2","2"
"25","0.3","10","0.7","10","9","3","50","true","true","0.1","0.03","2","10","14","0.12476722532588454","17.2680412371134","0","30","30","0","6.976744186046512","10.526315789473683","0","2.2333333333333334","2.2333333333333334","2","1.8227848101265822","1.0445859872611465","1","2","2"
"25","0.3","10","0.7","10","9","3","50","true","true","0.1","0.03","2","10","15","0.12115732368896925","16.883116883116884","1.1904761904761905","30","29","1","6.741573033707865","10.247349823321555","0.6172839506172839","2.2333333333333334","2.2413793103448274","2","1.7633136094674555","1.0566037735849056","1","2","2"
"25","0.3","10","0.7","10","9","3","50","true","true","0.1","0.03","2","10","16","0.13884007029876977","18.298969072164947","4.41988950276243","36","32","4","7.894736842105263","11.228070175438596","2.3391812865497075","2.1944444444444446","2.21875","2","1.808139534883721","1.0632911392405062","1","2","2"
"25","0.3","10","0.7","10","9","3","50","true","true","0.1","0.03","2","10","17","0.1416382252559727","18.67007672634271","5.128205128205128","38","33","5","8.102345415778252","11.578947368421053","2.717391304347826","2.1842105263157894","2.212121212121212","2","1.807909604519774","1.06875","1.0106382978723405","2","2"
"25","0.3","10","0.7","10","9","3","50","true","true","0.1","0.03","2","10","18","0.14096185737976782","18.575063613231553","5.714285714285714","39","33","6","8.125","11.538461538461538","3.0927835051546393","2.1794871794871793","2.212121212121212","2","1.809782608695652","1.075","1.0103092783505154","2","2"
"25","0.3","10","0.7","10","9","3","50","true","true","0.1","0.03","2","10","19","0.143317230273752","19.543147208121827","5.286343612334802","41","35","6","8.282828282828284","12.323943661971832","2.843601895734597","2.1707317073170733","2.2","2","1.801047120418848","1.0787878787878789","1.010204081632653","2","2"
"25","0.3","10","0.7","10","9","3","50","true","true","0.1","0.03","2","10","20","0.14241001564945227","19.799498746867165","5","42","36","6","8.21917808219178","12.543554006968641","2.6785714285714284","2.1666666666666665","2.1944444444444446","2","1.7878787878787878","1.076470588235294","1.00990099009901","2","2"
"25","0.3","10","0.7","10","9","3","50","true","true","0.1","0.03","2","10","21","0.15501519756838905","20.25","8.13953488372093","47","37","10","9.003831417624522","12.937062937062937","4.23728813559322","2.1702127659574466","2.189189189189189","2.1","1.8391959798994975","1.0867052023121386","1.0097087378640777","2","2"
"25","0.3","10","0.7","10","9","3","50","true","true","0.1","0.03","2","10","22","0.1536189069423929","20.199501246882793","8.333333333333332","48","37","11","8.97196261682243","12.89198606271777","4.435483870967742","2.1666666666666665","2.189189189189189","2.090909090909091","1.8446601941747574","1.092485549132948","1.0093457943925233","2","2"
"25","0.3","10","0.7","10","9","3","50","true","true","0.1","0.03","2","10","23","0.16355810616929697","20.80200501253133","10.40268456375839","53","38","15","9.618874773139746","13.194444444444445","5.7034220532319395","2.150943396226415","2.1842105263157894","2.066666666666667","1.8333333333333333","1.103448275862069","1.0092592592592593","2","2"
"25","0.3","10","0.7","10","9","3","50","true","true","0.1","0.03","2","10","24","0.16457461645746166","20.75","11.041009463722396","55","38","17","9.683098591549296","13.148788927335639","6.093189964157706","2.1454545454545455","2.1842105263157894","2.0588235294117645","1.8185840707964602","1.1022727272727273","1.009009009009009","2","2"
"25","0.3","10","0.7","10","9","3","50","true","true","0.1","0.03","2","10","25","0.16260162601626016","21.197007481296758","10.385756676557865","56","39","17","9.58904109589041","13.494809688581316","5.762711864406779","2.142857142857143","2.1794871794871793","2.0588235294117645","1.804255319148936","1.1136363636363635","1.0085470085470085","2","2"
"25","0.3","10","0.7","10","9","3","50","true","true","0.1","0.03","2","10","26","0.1631578947368421","21.25","10.833333333333334","58","39","19","9.634551495016613","13.494809688581316","6.070287539936102","2.1379310344827585","2.1794871794871793","2.0526315789473686","1.7836734693877552","1.1166666666666667","1.0252100840336134","2","2"
"25","0.3","10","0.7","10","9","3","50","true","true","0.1","0.03","2","10","27","0.1636828644501279","21.35678391959799","11.197916666666668","60","39","21","9.67741935483871","13.541666666666666","6.325301204819277","2.1333333333333333","2.1794871794871793","2.0476190476190474","1.7578125","1.1358695652173914","1.025","2","2"
"25","0.3","10","0.7","10","9","3","50","true","true","0.1","0.03","2","10","28","0.16149068322981366","20.95959595959596","11.491442542787286","61","38","23","9.53125","13.240418118466899","6.515580736543909","2.1311475409836067","2.1842105263157894","2.0434782608695654","1.7179487179487178","1.1444444444444444","1.0317460317460319","2","2"
"25","0.3","10","0.7","10","9","3","50","true","true","0.1","0.03","2","10","29","0.16164053075995174","20.85427135678392","11.832946635730858","62","37","25","9.379727685325264","12.847222222222221","6.702412868632708","2.161290322580645","2.2432432432432434","2.04","1.7112676056338028","1.135135135135135","1.0310077519379846","2","2"
"25","0.3","10","0.7","10","9","3","50","true","true","0.1","0.03","2","10","30","0.15826494724501758","20.050125313283207","12.114537444933921","63","36","27","9.210526315789473","12.45674740484429","6.8354430379746836","2.142857142857143","2.2222222222222223","2.037037037037037","1.6644736842105263","1.149171270718232","1.0296296296296297","2","2"
"25","0.3","10","0.7","10","9","3","50","true","true","0.1","0.03","2","10","31","0.1571753986332574","19.45137157107232","12.578616352201259","64","35","29","9.12981455064194","12.110726643598616","7.038834951456311","2.15625","2.2285714285714286","2.0689655172413794","1.6666666666666667","1.1593406593406594","1.0289855072463767","2","2"
"25","0.3","10","0.7","10","9","3","50","true","true","0.1","0.03","2","10","32","0.1504424778761062","19","11.904761904761903","63","34","29","8.677685950413224","11.805555555555555","6.621004566210045","2.1587301587301586","2.235294117647059","2.0689655172413794","1.6435045317220545","1.1322751322751323","1.028169014084507","2","2"
"25","0.3","10","0.7","10","9","3","50","true","true","0.1","0.03","2","10","33","0.15682062298603652","19.240506329113924","13.059701492537313","67","34","33","8.969210174029453","11.846689895470384","7.173913043478261","2.1791044776119404","2.235294117647059","2.121212121212121","1.6491228070175439","1.1288659793814433","1.0277777777777777","2","2"
"25","0.3","10","0.7","10","9","3","50","true","true","0.1","0.03","2","10","34","0.15970772442588727","19.047619047619047","13.774597495527727","70","34","36","9.114583333333332","11.76470588235294","7.515657620041753","2.1857142857142855","2.235294117647059","2.138888888888889","1.655367231638418","1.1269035532994924","1.0273972602739727","2","2"
"25","0.3","10","0.7","10","9","3","50","true","true","0.1","0.03","2","10","35","0.15720081135902636","18.639798488664987","13.752122241086587","71","33","38","8.953341740226985","11.418685121107266","7.5396825396825395","2.183098591549296","2.242424242424242","2.1315789473684212","1.6378378378378378","1.1256281407035176","1.0263157894736843","2","2"
"25","0.3","10","0.7","10","9","3","50","true","true","0.1","0.03","2","10","36","0.1566502463054187","18.68686868686869","13.731825525040387","73","33","40","8.913308913308914","11.418685121107266","7.547169811320755","2.1780821917808217","2.242424242424242","2.125","1.621761658031088","1.1262135922330097","1.026143790849673","2","2"
"25","0.3","10","0.7","10","9","3","50","true","true","0.1","0.03","2","10","37","0.16076555023923444","18.227848101265824","14.76923076923077","77","32","45","9.134045077105576","11.11111111111111","8.108108108108109","2.1818181818181817","2.25","2.1333333333333333","1.6275","1.119047619047619","1.0258064516129033","2","2"
"25","0.3","10","0.7","10","9","3","50","true","true","0.1","0.03","2","10","38","0.1691449814126394","19.34673366834171","15.486725663716813","81","33","48","9.364161849710982","11.418685121107266","8.333333333333332","2.246913580246914","2.3333333333333335","2.1875","1.639225181598063","1.1132075471698113","1.0251572327044025","2","2"
"25","0.3","10","0.7","10","9","3","50","true","true","0.1","0.03","2","10","39","0.17148014440433212","19.543147208121827","15.826330532212884","85","33","52","9.486607142857142","11.418685121107266","8.5667215815486","2.235294117647059","2.3333333333333335","2.173076923076923","1.6212471131639723","1.1121495327102804","1.024390243902439","2","2"
"25","0.3","10","0.7","10","9","3","50","true","true","0.1","0.03","2","10","40","0.17177914110429449","19.18158567774936","16.133333333333333","88","32","56","9.492988133764833","11.072664359861593","8.77742946708464","2.227272727272727","2.34375","2.1607142857142856","1.6079295154185023","1.1064814814814814","1.0238095238095237","2","2"
"25","0.3","10","0.7","10","9","3","50","true","true","0.1","0.03","2","10","41","0.1727659574468085","17.92207792207792","16.962025316455694","90","29","61","9.414225941422593","10.104529616724738","9.118086696562033","2.2555555555555555","2.3793103448275863","2.19672131147541","1.6093418259023355","1.091324200913242","1.0229885057471264","2","2"
"25","0.3","10","0.7","10","9","3","50","true","true","0.1","0.03","2","10","42","0.171900826446281","17.783505154639176","16.909975669099754","92","29","63","9.35910478128179","10.069444444444445","9.06474820143885","2.260869565217391","2.3793103448275863","2.2063492063492065","1.6040816326530611","1.0852017937219731","1.0224719101123596","2","2"
"25","0.3","10","0.7","10","9","3","50","true","true","0.1","0.03","2","10","43","0.17174959871589085","17.480719794344473","17.036172695449242","95","29","66","9.368836291913215","10.034602076124568","9.10344827586207","2.2526315789473683","2.3448275862068964","2.212121212121212","1.6003937007874016","1.08","1.021505376344086","2","2"
"25","0.3","10","0.7","10","9","3","50","true","true","0.1","0.03","2","10","44","0.16835541699142634","17.010309278350515","16.75977653631285","96","28","68","9.16030534351145","9.688581314878892","8.959156785243742","2.25","2.357142857142857","2.2058823529411766","1.5849056603773586","1.077922077922078","1.0210526315789474","2","2"
"25","0.3","10","0.7","10","9","3","50","true","true","0.1","0.03","2","10","45","0.16956850870552612","17.05426356589147","16.916488222698074","100","28","72","9.25925925925926","9.688581314878892","9.102402022756005","2.24","2.357142857142857","2.1944444444444446","1.583180987202925","1.0756302521008403","1.0205128205128204","2","2"
"25","0.3","10","0.7","10","9","3","50","true","true","0.1","0.03","2","10","46","0.17573529411764705","16.623376623376622","17.94871794871795","106","27","79","9.558160504959423","9.342560553633218","9.634146341463415","2.2547169811320753","2.3703703703703702","2.2151898734177213","1.596802841918295","1.075","1.020100502512563","2","2"
"25","0.3","10","0.7","10","9","3","50","true","true","0.1","0.03","2","10","47","0.18071428571428572","16.710182767624023","18.58407079646018","111","27","84","9.728308501314636","9.342560553633218","9.859154929577464","2.279279279279279","2.3703703703703702","2.25","1.5962199312714778","1.0778688524590163","1.0196078431372548","2","2"
"25","0.3","10","0.7","10","9","3","50","true","true","0.1","0.03","2","10","48","0.180998613037448","16.710182767624023","18.602455146364495","115","27","88","9.745762711864407","9.342560553633218","9.876543209876543","2.2695652173913046","2.3703703703703702","2.2386363636363638","1.579378068739771","1.0788381742738589","1.0187793427230047","2","2"
"25","0.3","10","0.7","10","9","3","50","true","true","0.1","0.03","2","10","49","0.18518518518518517","16.27296587926509","19.293478260869566","121","26","95","9.90990990990991","9.027777777777777","10.182207931404074","2.272727272727273","2.3846153846153846","2.2421052631578946","1.5759493670886076","1.0682730923694779","1.0182648401826484","2","2"
"25","0.3","10","0.7","10","9","3","50","true","true","0.1","0.03","2","10","50","0.18770438194898625","16.358839050131927","19.565217391304348","125","26","99","9.928514694201747","9.027777777777777","10.1956745623069","2.296","2.3846153846153846","2.272727272727273","1.5736196319018405","1.0627450980392157","1.0220264317180616","2","2"
"26","0.3","10","0.7","10","9","3","50","true","true","0.1","0.03","2","10","0","0","0","0","0","0","0","0","0","0","0","0","0","1","1","1","0","0"
"26","0.3","10","0.7","10","9","3","50","true","true","0.1","0.03","2","10","1","0.026954177897574125","3.389830508474576","0","4","4","0","1.095890410958904","1.384083044982699","0","2.5","2.5","0","1.0588235294117647","1","1","2","2"
"26","0.3","10","0.7","10","9","3","50","true","true","0.1","0.03","2","10","2","0.03926701570680628","5.033557046979865","0","6","6","0","1.6085790884718498","2.0761245674740483","0","2.5","2.5","0","1.0887573964497042","1","1","2","2"
"26","0.3","10","0.7","10","9","3","50","true","true","0.1","0.03","2","10","3","0.05343511450381679","6.506849315068493","1.9801980198019802","8","7","1","2.1108179419525066","2.5089605734767026","1","2.625","2.7142857142857144","2","1.1377245508982037","1","1","2","2"
"26","0.3","10","0.7","10","9","3","50","true","true","0.1","0.03","2","10","4","0.09158415841584158","11.784511784511785","1.8691588785046727","12","11","1","3.1746031746031744","4.044117647058823","0.9433962264150944","3.0833333333333335","3.1818181818181817","2","1.2375","1","1","2","2"
"26","0.3","10","0.7","10","9","3","50","true","true","0.1","0.03","2","10","5","0.11057692307692307","14.473684210526317","1.7857142857142856","14","13","1","3.723404255319149","4.905660377358491","0.9009009009009009","3.2857142857142856","3.3846153846153846","2","1.3594771241830066","1","1","2","2"
"26","0.3","10","0.7","10","9","3","50","true","true","0.1","0.03","2","10","6","0.12149532710280374","15.974440894568689","1.7391304347826086","17","16","1","4.533333333333333","6.106870229007633","0.8849557522123894","3.0588235294117645","3.125","2","1.4722222222222223","1.0140845070422535","1","2","2"
"26","0.3","10","0.7","10","9","3","50","true","true","0.1","0.03","2","10","7","0.12727272727272726","16.40378548895899","3.2520325203252036","19","17","2","4.986876640419948","6.488549618320611","1.680672268907563","2.9473684210526314","3.0588235294117645","2","1.5208333333333333","1.0211267605633803","1","2","2"
"26","0.3","10","0.7","10","9","3","50","true","true","0.1","0.03","2","10","8","0.13245033112582782","17.073170731707318","3.2","20","18","2","5.167958656330749","6.7669172932330826","1.6528925619834711","3","3.111111111111111","2","1.5845070422535212","1.0135135135135136","1.0129870129870129","2","2"
"26","0.3","10","0.7","10","9","3","50","true","true","0.1","0.03","2","10","9","0.14163090128755365","17.595307917888565","4.8","22","19","3","5.655526992287918","7.063197026022305","2.5","3","3.1578947368421053","2","1.683453237410072","1.0198675496688743","1.0129870129870129","2","2"
"26","0.3","10","0.7","10","9","3","50","true","true","0.1","0.03","2","10","10","0.13778705636743216","17.29106628242075","4.545454545454546","22","19","3","5.527638190954774","7.011070110701106","2.3622047244094486","3","3.1578947368421053","2","1.6783216783216783","1.0324675324675325","1.0126582278481013","2","2"
"26","0.3","10","0.7","10","9","3","50","true","true","0.1","0.03","2","10","11","0.15212981744421908","18.926553672316384","5.755395683453238","26","22","4","6.388206388206388","8","3.0303030303030303","2.8846153846153846","3.0454545454545454","2","1.7412587412587412","1.0318471337579618","1.0123456790123457","2","2"
"26","0.3","10","0.7","10","9","3","50","true","true","0.1","0.03","2","10","12","0.16370808678500987","20.391061452513966","6.7114093959731544","30","25","5","7.228915662650602","9.124087591240876","3.546099290780142","2.7666666666666666","2.92","2","1.793103448275862","1.031055900621118","1.0253164556962024","2","2"
"26","0.3","10","0.7","10","9","3","50","true","true","0.1","0.03","2","10","13","0.16283524904214558","20.491803278688526","6.41025641025641","31","26","5","7.294117647058823","9.352517985611511","3.4013605442176873","2.7419354838709675","2.8846153846153846","2","1.7763157894736843","1.0506329113924051","1.0238095238095237","2","2"
"26","0.3","10","0.7","10","9","3","50","true","true","0.1","0.03","2","10","14","0.16201117318435754","21.179624664879356","4.878048780487805","32","28","4","7.35632183908046","10","2.5806451612903225","2.71875","2.8214285714285716","2","1.8","1.049689440993789","1.0348837209302326","2","2"
"26","0.3","10","0.7","10","9","3","50","true","true","0.1","0.03","2","10","15","0.16817359855334538","21.842105263157897","5.780346820809249","34","29","5","7.674943566591422","10.357142857142858","3.067484662576687","2.735294117647059","2.8620689655172415","2","1.8481012658227849","1.0426829268292683","1.0344827586206897","2","2"
"26","0.3","10","0.7","10","9","3","50","true","true","0.1","0.03","2","10","16","0.1634446397188049","21.336760925449873","5.555555555555555","34","29","5","7.52212389380531","10.211267605633804","2.976190476190476","2.735294117647059","2.8620689655172415","2","1.8466257668711656","1.0538922155688624","1.0454545454545454","2","2"
"26","0.3","10","0.7","10","9","3","50","true","true","0.1","0.03","2","10","17","0.1621160409556314","21.464646464646464","5.263157894736842","35","30","5","7.592190889370933","10.526315789473683","2.840909090909091","2.7142857142857144","2.8333333333333335","2","1.863905325443787","1.0606060606060606","1.0434782608695652","2","2"
"26","0.3","10","0.7","10","9","3","50","true","true","0.1","0.03","2","10","18","0.16749585406301823","21.975308641975307","6.0606060606060606","37","31","6","7.872340425531915","10.801393728222997","3.278688524590164","2.72972972972973","2.870967741935484","2","1.9058823529411764","1.064327485380117","1.0543478260869565","2","2"
"26","0.3","10","0.7","10","9","3","50","true","true","0.1","0.03","2","10","19","0.16264090177133655","21.867321867321866","5.607476635514018","37","31","6","7.644628099173553","10.76388888888889","3.061224489795918","2.72972972972973","2.870967741935484","2","1.867403314917127","1.069364161849711","1.053763440860215","2","2"
"26","0.3","10","0.7","10","9","3","50","true","true","0.1","0.03","2","10","20","0.17996870109546165","23.65853658536585","7.860262008733625","43","34","9","8.757637474541752","11.888111888111888","4.390243902439024","2.6744186046511627","2.8529411764705883","2","1.9774011299435028","1.0689655172413792","1.0618556701030928","2","2"
"26","0.3","10","0.7","10","9","3","50","true","true","0.1","0.03","2","10","21","0.1884498480243161","24.154589371980677","9.836065573770492","47","35","12","9.325396825396826","12.152777777777777","5.555555555555555","2.6382978723404253","2.857142857142857","2","2","1.0674157303370786","1.0816326530612246","2","2"
"26","0.3","10","0.7","10","9","3","50","true","true","0.1","0.03","2","10","22","0.19497784342688332","24.096385542168676","12.213740458015266","51","35","16","9.883720930232558","12.195121951219512","6.986899563318777","2.588235294117647","2.857142857142857","2","2.0432432432432432","1.0611111111111111","1.08","2","2"
"26","0.3","10","0.7","10","9","3","50","true","true","0.1","0.03","2","10","23","0.1951219512195122","23.86634844868735","12.949640287769784","53","35","18","10.01890359168242","12.195121951219512","7.43801652892562","2.5660377358490565","2.857142857142857","2","2.046875","1.0607734806629834","1.087378640776699","2","2"
"26","0.3","10","0.7","10","9","3","50","true","true","0.1","0.03","2","10","24","0.199442119944212","23.27790973871734","15.202702702702704","56","34","22","10.33210332103321","11.805555555555555","8.661417322834646","2.5535714285714284","2.8823529411764706","2.0454545454545454","2.076530612244898","1.065934065934066","1.0841121495327102","2","2"
"26","0.3","10","0.7","10","9","3","50","true","true","0.1","0.03","2","10","25","0.2005420054200542","23.404255319148938","15.555555555555555","58","34","24","10.412926391382406","11.805555555555555","8.921933085501859","2.5517241379310347","2.911764705882353","2.0416666666666665","2.0533980582524274","1.0765027322404372","1.0825688073394495","2","2"
"26","0.3","10","0.7","10","9","3","50","true","true","0.1","0.03","2","10","26","0.20526315789473684","23.27790973871734","17.10914454277286","62","34","28","10.839160839160838","11.888111888111888","9.79020979020979","2.5161290322580645","2.8823529411764706","2.0714285714285716","2.05607476635514","1.0824175824175823","1.0789473684210527","2","2"
"26","0.3","10","0.7","10","9","3","50","true","true","0.1","0.03","2","10","27","0.20460358056265984","22.748815165876778","17.77777777777778","63","33","30","10.750853242320819","11.538461538461538","10","2.5396825396825395","2.909090909090909","2.1333333333333333","2.054054054054054","1.092896174863388","1.0769230769230769","2","2"
"26","0.3","10","0.7","10","9","3","50","true","true","0.1","0.03","2","10","28","0.20372670807453416","22.327790973871732","18.229166666666664","64","32","32","10.543657331136739","11.149825783972126","10","2.5625","2.9375","2.1875","2.0085470085470085","1.0904255319148937","1.0743801652892562","2","2"
"26","0.3","10","0.7","10","9","3","50","true","true","0.1","0.03","2","10","29","0.20024125452352232","21.41176470588235","18.564356435643564","65","31","34","10.45016077170418","10.76388888888889","10.179640718562874","2.5538461538461537","2.935483870967742","2.2058823529411766","2.016597510373444","1.0994764397905759","1.0725806451612903","2","2"
"26","0.3","10","0.7","10","9","3","50","true","true","0.1","0.03","2","10","30","0.1981242672919109","22.065727699530516","17.56440281030445","66","32","34","10.248447204968944","11.11111111111111","9.550561797752808","2.5606060606060606","2.9375","2.2058823529411766","1.9725490196078432","1.0909090909090908","1.072","2","2"
"26","0.3","10","0.7","10","9","3","50","true","true","0.1","0.03","2","10","31","0.19931662870159453","22.2737819025522","17.67337807606264","68","33","35","10.303030303030303","11.418685121107266","9.433962264150944","2.573529411764706","2.909090909090909","2.257142857142857","1.9696969696969697","1.106060606060606","1.0692307692307692","2","2"
"26","0.3","10","0.7","10","9","3","50","true","true","0.1","0.03","2","10","32","0.18915929203539822","20.33096926713948","17.671517671517673","69","31","38","10.058309037900875","10.76388888888889","9.547738693467336","2.4782608695652173","2.774193548387097","2.236842105263158","1.9217081850533808","1.099009900990099","1.0676691729323309","2","2"
"26","0.3","10","0.7","10","9","3","50","true","true","0.1","0.03","2","10","33","0.19871106337271752","21.32701421800948","18.664047151277014","75","32","43","10.653409090909092","11.188811188811188","10.287081339712918","2.466666666666667","2.8125","2.2093023255813953","1.9448275862068964","1.0964467005076142","1.0633802816901408","2","2"
"26","0.3","10","0.7","10","9","3","50","true","true","0.1","0.03","2","10","34","0.20250521920668058","21.12676056338028","19.548872180451127","78","32","46","10.818307905686545","11.072664359861593","10.648148148148149","2.4871794871794872","2.8125","2.260869565217391","1.95","1.1020408163265305","1.0680272108843538","2","2"
"26","0.3","10","0.7","10","9","3","50","true","true","0.1","0.03","2","10","35","0.20081135902636918","20.5607476635514","19.71326164874552","80","31","49","10.81081081081081","10.726643598615917","10.864745011086473","2.475","2.838709677419355","2.2448979591836733","1.954983922829582","1.101010101010101","1.0666666666666667","2","2"
"26","0.3","10","0.7","10","9","3","50","true","true","0.1","0.03","2","10","36","0.2019704433497537","20.51282051282051","19.965870307167236","84","31","53","11.067193675889328","10.726643598615917","11.27659574468085","2.4404761904761907","2.838709677419355","2.207547169811321","1.9717868338557993","1.1","1.064102564102564","2","2"
"26","0.3","10","0.7","10","9","3","50","true","true","0.1","0.03","2","10","37","0.20287081339712917","20.705882352941178","20","87","31","56","11.0828025477707","10.801393728222997","11.244979919678714","2.4367816091954024","2.838709677419355","2.2142857142857144","1.9289940828402368","1.115","1.0625","2","2"
"26","0.3","10","0.7","10","9","3","50","true","true","0.1","0.03","2","10","38","0.2053903345724907","20.5188679245283","20.552147239263803","90","30","60","11.097410604192355","10.416666666666668","11.47227533460803","2.4555555555555557","2.9","2.2333333333333334","1.9202279202279202","1.1116504854368932","1.0613496932515338","2","2"
"26","0.3","10","0.7","10","9","3","50","true","true","0.1","0.03","2","10","39","0.20938628158844766","19.90521327014218","21.574344023323615","95","30","65","11.377245508982035","10.380622837370241","11.904761904761903","2.442105263157895","2.8","2.276923076923077","1.930939226519337","1.1037735849056605","1.0606060606060606","2","2"
"26","0.3","10","0.7","10","9","3","50","true","true","0.1","0.03","2","10","40","0.20946538124452235","19.617224880382775","21.715076071922546","98","29","69","11.329479768786127","10.069444444444445","11.95840554592721","2.438775510204082","2.8275862068965516","2.2753623188405796","1.8932291666666667","1.0961538461538463","1.062857142857143","2","2"
"26","0.3","10","0.7","10","9","3","50","true","true","0.1","0.03","2","10","41","0.20595744680851064","18.97810218978102","21.465968586387437","99","27","72","11.036789297658862","9.375","11.822660098522167","2.4444444444444446","2.888888888888889","2.2777777777777777","1.854320987654321","1.1067961165048543","1.0594594594594595","2","2"
"26","0.3","10","0.7","10","9","3","50","true","true","0.1","0.03","2","10","42","0.20330578512396694","18.181818181818183","21.419676214196762","101","25","76","10.848549946294307","8.650519031141869","11.838006230529595","2.4356435643564356","2.96","2.263157894736842","1.8149882903981265","1.119047619047619","1.0526315789473684","2","2"
"26","0.3","10","0.7","10","9","3","50","true","true","0.1","0.03","2","10","43","0.20706260032102727","18.453865336658353","21.77514792899408","106","25","81","10.995850622406639","8.710801393728223","11.964549483013293","2.4339622641509435","2.96","2.271604938271605","1.7884187082405345","1.1179245283018868","1.0510204081632653","2","2"
"26","0.3","10","0.7","10","9","3","50","true","true","0.1","0.03","2","10","44","0.20109119251753702","17.424242424242426","21.307779030439683","107","23","84","10.646766169154228","7.986111111111111","11.715481171548117","2.411214953271028","3","2.25","1.7447698744769875","1.0938967136150235","1.0485436893203883","2","2"
"26","0.3","10","0.7","10","9","3","50","true","true","0.1","0.03","2","10","45","0.20211960635881907","18.295739348370926","21.0412147505423","109","23","86","10.531400966183575","7.986111111111111","11.512717536813923","2.44954128440367","3.1739130434782608","2.255813953488372","1.73","1.091743119266055","1.0480769230769231","2","2"
"26","0.3","10","0.7","10","9","3","50","true","true","0.1","0.03","2","10","46","0.20220588235294118","17.424242424242426","21.369294605809127","115","23","92","10.727611940298507","7.958477508650519","11.749680715197956","2.391304347826087","3","2.239130434782609","1.7178502879078694","1.091743119266055","1.0460829493087558","2","2"
"26","0.3","10","0.7","10","9","3","50","true","true","0.1","0.03","2","10","47","0.19785714285714287","16.195372750642672","21.16716122650841","117","21","96","10.502692998204669","7.317073170731707","11.608222490931077","2.3675213675213675","3","2.2291666666666665","1.6793478260869565","1.0803571428571428","1.0452488687782806","2","2"
"26","0.3","10","0.7","10","9","3","50","true","true","0.1","0.03","2","10","48","0.2045769764216366","16.237113402061855","22.011385199240987","125","21","104","10.888501742160278","7.291666666666667","12.093023255813954","2.36","3","2.230769230769231","1.6894736842105262","1.0707964601769913","1.0440528634361232","2","2"
"26","0.3","10","0.7","10","9","3","50","true","true","0.1","0.03","2","10","49","0.2080808080808081","15.897435897435896","22.557077625570777","132","21","111","11.17696867061812","7.26643598615917","12.443946188340806","2.340909090909091","2.9523809523809526","2.225225225225225","1.694915254237288","1.0711111111111111","1.0427350427350428","2","2"
"26","0.3","10","0.7","10","9","3","50","true","true","0.1","0.03","2","10","50","0.20863309352517986","15.897435897435896","22.56365232660228","137","21","116","11.238720262510254","7.26643598615917","12.473118279569892","2.3284671532846715","2.9523809523809526","2.2155172413793105","1.6818181818181819","1.0755555555555556","1.04149377593361","2","2"
"27","0.3","10","0.7","10","9","3","50","true","true","0.1","0.03","2","10","0","0","0","0","0","0","0","0","0","0","0","0","0","1","1","1","0","0"
"27","0.3","10","0.7","10","9","3","50","true","true","0.1","0.03","2","10","1","0.018867924528301886","2.380952380952381","0","2","2","0","0.546448087431694","0.6920415224913495","0","3.5","3.5","0","1.0386740331491713","1","1","2","2"
"27","0.3","10","0.7","10","9","3","50","true","true","0.1","0.03","2","10","2","0.049738219895287955","6.291390728476822","0","6","6","0","1.6260162601626018","2.0761245674740483","0","3.1666666666666665","3.1666666666666665","0","1.1079545454545454","1","1","2","2"
"27","0.3","10","0.7","10","9","3","50","true","true","0.1","0.03","2","10","3","0.0737913486005089","9.539473684210527","0","10","10","0","2.6954177897574128","3.546099290780142","0","2.9","2.9","0","1.1734104046242775","1.0169491525423728","1","2","2"
"27","0.3","10","0.7","10","9","3","50","true","true","0.1","0.03","2","10","4","0.1188118811881188","15.238095238095239","0","16","16","0","4.371584699453552","5.776173285198556","0","3","3","0","1.3270440251572326","1.0168067226890756","1","2","2"
"27","0.3","10","0.7","10","9","3","50","true","true","0.1","0.03","2","10","5","0.14423076923076922","18.51851851851852","0","21","21","0","5.737704918032787","7.664233576642336","0","2.857142857142857","2.857142857142857","0","1.4605263157894737","1.0168067226890756","1","2","2"
"27","0.3","10","0.7","10","9","3","50","true","true","0.1","0.03","2","10","6","0.1705607476635514","21.987951807228914","0","24","24","0","6.575342465753424","8.921933085501859","0","3.0416666666666665","3.0416666666666665","0","1.5793103448275863","1.0245901639344261","1","2","2"
"27","0.3","10","0.7","10","9","3","50","true","true","0.1","0.03","2","10","7","0.17954545454545454","22.98507462686567","1.9047619047619049","27","26","1","7.238605898123325","9.66542750929368","0.9615384615384616","2.925925925925926","2.9615384615384617","2","1.614864864864865","1.024390243902439","1","2","2"
"27","0.3","10","0.7","10","9","3","50","true","true","0.1","0.03","2","10","8","0.18543046357615894","23.25581395348837","3.669724770642202","29","27","2","7.6923076923076925","10","1.8691588785046727","2.896551724137931","2.962962962962963","2","1.7132867132867133","1.0236220472440944","1","2","2"
"27","0.3","10","0.7","10","9","3","50","true","true","0.1","0.03","2","10","9","0.19957081545064378","25.141242937853107","3.571428571428571","32","30","2","8.398950131233596","11.029411764705882","1.834862385321101","2.90625","2.966666666666667","2","1.7816901408450705","1.0390625","1.0126582278481013","2","2"
"27","0.3","10","0.7","10","9","3","50","true","true","0.1","0.03","2","10","10","0.1941544885177453","24.92997198879552","3.278688524590164","32","30","2","8.2687338501292","11.11111111111111","1.7094017094017095","2.90625","2.966666666666667","2","1.806896551724138","1.0384615384615385","1.025","2","2"
"27","0.3","10","0.7","10","9","3","50","true","true","0.1","0.03","2","10","11","0.20486815415821502","26.027397260273972","4.6875","35","32","3","8.883248730964468","11.72161172161172","2.479338842975207","2.8857142857142857","2.96875","2","1.8758620689655172","1.0381679389312977","1.0240963855421688","2","2"
"27","0.3","10","0.7","10","9","3","50","true","true","0.1","0.03","2","10","12","0.20907297830374755","26.80965147453083","4.477611940298507","36","33","3","9.045226130653267","12.132352941176471","2.380952380952381","2.9444444444444446","3.0303030303030303","2","1.9379310344827587","1.0465116279069768","1.0340909090909092","2","2"
"27","0.3","10","0.7","10","9","3","50","true","true","0.1","0.03","2","10","13","0.210727969348659","26.385224274406333","6.993006993006993","38","33","5","9.405940594059405","12.132352941176471","3.787878787878788","2.8947368421052633","3.0303030303030303","2","1.9864864864864864","1.0454545454545454","1.0465116279069768","2","2"
"27","0.3","10","0.7","10","9","3","50","true","true","0.1","0.03","2","10","14","0.21973929236499068","27.17948717948718","8.16326530612245","42","36","6","10.268948655256724","13.043478260869565","4.511278195488721","2.8095238095238093","2.9444444444444446","2","2.1134751773049647","1.0656934306569343","1.0449438202247192","2","2"
"27","0.3","10","0.7","10","9","3","50","true","true","0.1","0.03","2","10","15","0.21699819168173598","27.204030226700255","7.6923076923076925","43","37","6","10.26252983293556","13.214285714285715","4.316546762589928","2.7906976744186047","2.918918918918919","2","2.125874125874126","1.0769230769230769","1.0555555555555556","2","2"
"27","0.3","10","0.7","10","9","3","50","true","true","0.1","0.03","2","10","16","0.22319859402460457","27.750000000000004","9.467455621301776","46","38","8","10.722610722610723","13.571428571428571","5.369127516778524","2.760869565217391","2.9210526315789473","2","2.1575342465753424","1.0845070422535212","1.0526315789473684","2","2"
"27","0.3","10","0.7","10","9","3","50","true","true","0.1","0.03","2","10","17","0.21331058020477817","26.913580246913583","8.83977900552486","45","37","8","10.204081632653061","13.167259786476867","5","2.7777777777777777","2.945945945945946","2","2.109677419354839","1.1014492753623188","1.0490196078431373","2","2"
"27","0.3","10","0.7","10","9","3","50","true","true","0.1","0.03","2","10","18","0.21890547263681592","27.696078431372552","9.743589743589745","48","39","9","10.666666666666668","13.928571428571429","5.294117647058823","2.75","2.8974358974358974","2.111111111111111","2.111111111111111","1.1111111111111112","1.0571428571428572","2","2"
"27","0.3","10","0.7","10","9","3","50","true","true","0.1","0.03","2","10","19","0.21900161030595813","27.710843373493976","10.194174757281553","50","40","10","10.822510822510822","14.13427561837456","5.58659217877095","2.72","2.875","2.1","2.139393939393939","1.1079136690647482","1.0555555555555556","2","2"
"27","0.3","10","0.7","10","9","3","50","true","true","0.1","0.03","2","10","20","0.2112676056338028","26.730310262529834","10.454545454545453","50","39","11","10.482180293501047","13.636363636363635","5.7591623036649215","2.7","2.871794871794872","2.090909090909091","2.098265895953757","1.118881118881119","1.0545454545454545","2","2"
"27","0.3","10","0.7","10","9","3","50","true","true","0.1","0.03","2","10","21","0.22340425531914893","27.20763723150358","13.807531380753138","55","40","15","11.316872427983538","14.035087719298245","7.462686567164178","2.672727272727273","2.85","2.2","2.135593220338983","1.1408450704225352","1.0535714285714286","2","2"
"27","0.3","10","0.7","10","9","3","50","true","true","0.1","0.03","2","10","22","0.2259970457902511","27.294117647058826","14.682539682539684","57","40","17","11.538461538461538","13.986013986013987","8.173076923076923","2.6842105263157894","2.9","2.176470588235294","2.172222222222222","1.1619718309859155","1.0614035087719298","2","2"
"27","0.3","10","0.7","10","9","3","50","true","true","0.1","0.03","2","10","23","0.2223816355810617","26.91415313225058","14.661654135338345","58","40","18","11.394891944990176","13.84083044982699","8.181818181818182","2.6724137931034484","2.9","2.1666666666666665","2.1204188481675392","1.1655172413793105","1.0695652173913044","2","2"
"27","0.3","10","0.7","10","9","3","50","true","true","0.1","0.03","2","10","24","0.2301255230125523","27.188940092165897","16.607773851590103","63","41","22","12.138728323699421","14.285714285714285","9.482758620689655","2.619047619047619","2.8780487804878048","2.1363636363636362","2.1761658031088085","1.1655172413793105","1.0847457627118644","2","2"
"27","0.3","10","0.7","10","9","3","50","true","true","0.1","0.03","2","10","25","0.22628726287262874","27.149321266968325","15.878378378378377","64","42","22","11.985018726591761","14.53287197231834","8.979591836734693","2.609375","2.857142857142857","2.1363636363636362","2.165","1.1689189189189189","1.0819672131147542","2","2"
"27","0.3","10","0.7","10","9","3","50","true","true","0.1","0.03","2","10","26","0.2236842105263158","27.27272727272727","15.625","64","42","22","11.531531531531531","14.53287197231834","8.270676691729323","2.65625","2.857142857142857","2.272727272727273","2.103286384976526","1.1644736842105263","1.08","2","2"
"27","0.3","10","0.7","10","9","3","50","true","true","0.1","0.03","2","10","27","0.22506393861892582","27.66439909297052","15.835777126099707","67","43","24","11.75438596491228","14.878892733564014","8.540925266903916","2.626865671641791","2.8372093023255816","2.25","2.1040723981900453","1.1733333333333333","1.0763358778625953","2","2"
"27","0.3","10","0.7","10","9","3","50","true","true","0.1","0.03","2","10","28","0.2236024844720497","27.33485193621868","16.39344262295082","69","42","27","11.6751269035533","14.583333333333334","8.91089108910891","2.608695652173913","2.857142857142857","2.2222222222222223","2.0466101694915255","1.1721854304635762","1.0740740740740742","2","2"
"27","0.3","10","0.7","10","9","3","50","true","true","0.1","0.03","2","10","29","0.23039806996381182","27.765237020316025","17.616580310880828","74","43","31","12.191103789126853","14.878892733564014","9.748427672955975","2.581081081081081","2.86046511627907","2.193548387096774","2.066390041493776","1.1883116883116882","1.0724637681159421","2","2"
"27","0.3","10","0.7","10","9","3","50","true","true","0.1","0.03","2","10","30","0.2227432590855803","26.26728110599078","18.138424821002385","76","41","35","12.044374009508717","14.186851211072666","10.23391812865497","2.5","2.7804878048780486","2.1714285714285713","2.007782101167315","1.1910828025477707","1.079136690647482","2","2"
"27","0.3","10","0.7","10","9","3","50","true","true","0.1","0.03","2","10","31","0.23006833712984054","25.806451612903224","20.27027027027027","82","40","42","12.654320987654321","13.84083044982699","11.699164345403899","2.4634146341463414","2.8","2.142857142857143","2.0343511450381677","1.1925465838509317","1.0774647887323943","2","2"
"27","0.3","10","0.7","10","9","3","50","true","true","0.1","0.03","2","10","32","0.23672566371681417","25.925925925925924","21.610169491525426","87","40","47","13.063063063063062","13.937282229965156","12.401055408970976","2.4597701149425286","2.8","2.1702127659574466","2.067415730337079","1.1785714285714286","1.0769230769230769","2","2"
"27","0.3","10","0.7","10","9","3","50","true","true","0.1","0.03","2","10","33","0.23630504833512353","25.86605080831409","21.686746987951807","90","40","50","13.08139534883721","13.937282229965156","12.468827930174564","2.4444444444444446","2.8","2.16","2.035335689045936","1.1746987951807228","1.0738255033557047","2","2"
"27","0.3","10","0.7","10","9","3","50","true","true","0.1","0.03","2","10","34","0.23382045929018788","25.287356321839084","21.79732313575526","92","39","53","12.939521800281295","13.494809688581316","12.559241706161137","2.4347826086956523","2.8205128205128207","2.150943396226415","2.0273037542662116","1.1657142857142857","1.0738255033557047","2","2"
"27","0.3","10","0.7","10","9","3","50","true","true","0.1","0.03","2","10","35","0.23427991886409735","25.17321016166282","22.06148282097649","96","39","57","13.079019073569482","13.541666666666666","12.780269058295964","2.40625","2.7948717948717947","2.1403508771929824","2.026578073089701","1.1530054644808743","1.0714285714285714","2","2"
"27","0.3","10","0.7","10","9","3","50","true","true","0.1","0.03","2","10","36","0.2334975369458128","25.115207373271893","22.030981067125648","99","39","60","13.147410358565736","13.636363636363635","12.84796573875803","2.393939393939394","2.7948717948717947","2.1333333333333333","2.022364217252396","1.162162162162162","1.0705128205128205","2","2"
"27","0.3","10","0.7","10","9","3","50","true","true","0.1","0.03","2","10","37","0.23444976076555024","24.82758620689655","22.459016393442624","103","39","64","13.27319587628866","13.541666666666666","13.114754098360656","2.378640776699029","2.769230769230769","2.140625","1.9969604863221884","1.172972972972973","1.0754716981132075","2","2"
"27","0.3","10","0.7","10","9","3","50","true","true","0.1","0.03","2","10","38","0.23141263940520446","23.665893271461716","22.790697674418606","104","36","68","12.903225806451612","12.5","13.127413127413126","2.394230769230769","2.8333333333333335","2.161764705882353","1.9737609329446064","1.1570680628272252","1.072289156626506","2","2"
"27","0.3","10","0.7","10","9","3","50","true","true","0.1","0.03","2","10","39","0.22202166064981949","22.458628841607563","22.043795620437955","104","34","70","12.380952380952381","11.846689895470384","12.658227848101266","2.3653846153846154","2.7941176470588234","2.157142857142857","1.9232876712328768","1.1306532663316582","1.0647058823529412","2","2"
"27","0.3","10","0.7","10","9","3","50","true","true","0.1","0.03","2","10","40","0.22787028921998248","22.090261282660332","23.194444444444446","108","33","75","12.529002320185615","11.498257839721255","13.043478260869565","2.4074074074074074","2.8181818181818183","2.2266666666666666","1.9386666666666668","1.1176470588235294","1.062857142857143","2","2"
"27","0.3","10","0.7","10","9","3","50","true","true","0.1","0.03","2","10","41","0.22638297872340427","22.03791469194313","22.974767596281538","111","33","78","12.443946188340806","11.458333333333332","12.91390728476821","2.3963963963963963","2.8181818181818183","2.217948717948718","1.9256410256410257","1.1090047393364928","1.0674157303370786","2","2"
"27","0.3","10","0.7","10","9","3","50","true","true","0.1","0.03","2","10","42","0.228099173553719","21.770334928229666","23.358585858585858","116","32","84","12.54054054054054","11.11111111111111","13.186813186813188","2.3793103448275863","2.84375","2.2023809523809526","1.897560975609756","1.1047619047619048","1.0638297872340425","2","2"
"27","0.3","10","0.7","10","9","3","50","true","true","0.1","0.03","2","10","43","0.22792937399678972","21.61520190023753","23.393939393939394","120","32","88","12.578616352201259","11.072664359861593","13.233082706766917","2.3666666666666667","2.84375","2.1931818181818183","1.8870588235294117","1.1059907834101383","1.0625","2","2"
"27","0.3","10","0.7","10","9","3","50","true","true","0.1","0.03","2","10","44","0.23148869836321123","21.822541966426858","23.787528868360276","126","32","94","12.778904665314403","11.072664359861593","13.486370157819225","2.357142857142857","2.84375","2.1914893617021276","1.8781038374717833","1.0986547085201794","1.0618556701030928","2","2"
"27","0.3","10","0.7","10","9","3","50","true","true","0.1","0.03","2","10","45","0.23164269492808479","21.822541966426858","23.783185840707965","129","32","97","12.671905697445974","11.072664359861593","13.305898491083676","2.372093023255814","2.84375","2.216494845360825","1.849785407725322","1.1076233183856503","1.06","2","2"
"27","0.3","10","0.7","10","9","3","50","true","true","0.1","0.03","2","10","46","0.23088235294117648","21.875","23.622881355932204","132","32","100","12.535612535612536","11.072664359861593","13.089005235602095","2.378787878787879","2.84375","2.23","1.8295687885010268","1.1111111111111112","1.0579710144927537","2","2"
"27","0.3","10","0.7","10","9","3","50","true","true","0.1","0.03","2","10","47","0.23","20.722891566265062","23.95939086294416","135","30","105","12.442396313364055","10.380622837370241","13.190954773869345","2.3851851851851853","2.8666666666666667","2.2476190476190476","1.8201581027667983","1.1072961373390557","1.0574162679425838","2","2"
"27","0.3","10","0.7","10","9","3","50","true","true","0.1","0.03","2","10","48","0.23509015256588073","20.68126520681265","24.636275460717748","144","30","114","12.834224598930483","10.380622837370241","13.685474189675869","2.3541666666666665","2.8333333333333335","2.2280701754385963","1.8148854961832062","1.1041666666666667","1.0560747663551402","2","2"
"27","0.3","10","0.7","10","9","3","50","true","true","0.1","0.03","2","10","49","0.235016835016835","20.194647201946474","24.767225325884542","149","29","120","12.878133102852205","10.034602076124568","13.82488479262673","2.3422818791946307","2.8620689655172415","2.216666666666667","1.8188539741219962","1.0934959349593496","1.0545454545454545","2","2"
"27","0.3","10","0.7","10","9","3","50","true","true","0.1","0.03","2","10","50","0.23479398299542184","19.458128078817737","24.93321460373998","153","28","125","12.814070351758794","9.688581314878892","13.812154696132598","2.34640522875817","2.8214285714285716","2.24","1.8053097345132743","1.0869565217391304","1.054054054054054","2","2"
"28","0.3","10","0.7","10","9","3","50","true","true","0.1","0.03","2","10","0","0","0","0","0","0","0","0","0","0","0","0","0","1","1","1","0","0"
"28","0.3","10","0.7","10","9","3","50","true","true","0.1","0.03","2","10","1","0.03234501347708895","4.054054054054054","0","5","5","0","1.3736263736263736","1.7301038062283738","0","2.4","2.4","0","1.0701754385964912","1","1","2","2"
"28","0.3","10","0.7","10","9","3","50","true","true","0.1","0.03","2","10","2","0.060209424083769635","7.6158940397351","0","10","10","0","2.710027100271003","3.4602076124567476","0","2.3","2.3","0","1.1369047619047619","1","1","2","2"
"28","0.3","10","0.7","10","9","3","50","true","true","0.1","0.03","2","10","3","0.09669211195928754","11.920529801324504","2.197802197802198","17","16","1","4.56989247311828","5.673758865248227","1.1111111111111112","2.235294117647059","2.25","2","1.2375","1","1","2","2"
"28","0.3","10","0.7","10","9","3","50","true","true","0.1","0.03","2","10","4","0.12376237623762376","15.584415584415584","2.083333333333333","22","21","1","5.866666666666666","7.5","1.0526315789473684","2.272727272727273","2.2857142857142856","2","1.3398692810457515","1","1","2","2"
"28","0.3","10","0.7","10","9","3","50","true","true","0.1","0.03","2","10","5","0.14423076923076922","18.181818181818183","2.0618556701030926","24","23","1","6.521739130434782","8.455882352941178","1.0416666666666665","2.5","2.5217391304347827","2","1.5106382978723405","1","1","2","2"
"28","0.3","10","0.7","10","9","3","50","true","true","0.1","0.03","2","10","6","0.15186915887850466","19.32515337423313","1.9607843137254901","26","25","1","6.989247311827956","9.22509225092251","0.9900990099009901","2.5","2.52","2","1.5857142857142856","1","1","2","2"
"28","0.3","10","0.7","10","9","3","50","true","true","0.1","0.03","2","10","7","0.16136363636363638","20.72072072072072","1.8691588785046727","28","27","1","7.368421052631578","9.854014598540147","0.9433962264150944","2.5357142857142856","2.5555555555555554","2","1.6214285714285714","1.0074074074074073","1","2","2"
"28","0.3","10","0.7","10","9","3","50","true","true","0.1","0.03","2","10","8","0.17218543046357615","21.700879765395893","3.571428571428571","31","29","2","8.031088082901555","10.507246376811594","1.8181818181818181","2.5161290322580645","2.5517241379310347","2","1.673758865248227","1.0220588235294117","1","2","2"
"28","0.3","10","0.7","10","9","3","50","true","true","0.1","0.03","2","10","9","0.18025751072961374","22.857142857142858","3.4482758620689653","33","31","2","8.418367346938775","11.151079136690647","1.7543859649122806","2.5454545454545454","2.5806451612903225","2","1.732394366197183","1.0218978102189782","1","2","2"
"28","0.3","10","0.7","10","9","3","50","true","true","0.1","0.03","2","10","10","0.17954070981210857","22.535211267605636","4.838709677419355","34","31","3","8.564231738035264","11.231884057971014","2.479338842975207","2.5294117647058822","2.5806451612903225","2","1.8071428571428572","1.020979020979021","1","2","2"
"28","0.3","10","0.7","10","9","3","50","true","true","0.1","0.03","2","10","11","0.1845841784989858","22.92817679558011","6.106870229007633","36","32","4","8.91089108910891","11.510791366906476","3.1746031746031744","2.5277777777777777","2.59375","2","1.8652482269503545","1.027972027972028","1","2","2"
"28","0.3","10","0.7","10","9","3","50","true","true","0.1","0.03","2","10","12","0.1834319526627219","23.9010989010989","4.195804195804196","37","34","3","8.958837772397095","12.274368231046932","2.2058823529411766","2.5135135135135136","2.5588235294117645","2","1.875","1.034013605442177","1.0119047619047619","2","2"
"28","0.3","10","0.7","10","9","3","50","true","true","0.1","0.03","2","10","13","0.18199233716475097","24.184782608695652","3.896103896103896","38","35","3","9.026128266033254","12.727272727272727","2.054794520547945","2.5","2.5428571428571427","2","1.8859060402684564","1.0402684563758389","1.011764705882353","2","2"
"28","0.3","10","0.7","10","9","3","50","true","true","0.1","0.03","2","10","14","0.19180633147113593","25.40106951871658","4.9079754601226995","41","37","4","9.579439252336448","13.454545454545455","2.6143790849673203","2.5121951219512195","2.5675675675675675","2","1.9463087248322148","1.0463576158940397","1.0229885057471264","2","2"
"28","0.3","10","0.7","10","9","3","50","true","true","0.1","0.03","2","10","15","0.20253164556962025","27.296587926509186","4.651162790697675","42","38","4","9.722222222222223","13.91941391941392","2.515723270440252","2.6666666666666665","2.736842105263158","2","2.0405405405405403","1.0469798657718121","1.021505376344086","2","2"
"28","0.3","10","0.7","10","9","3","50","true","true","0.1","0.03","2","10","16","0.21968365553602812","28.10126582278481","8.045977011494253","46","39","7","10.623556581986143","14.130434782608695","4.45859872611465","2.717391304347826","2.8461538461538463","2","2.2056737588652484","1.0516129032258064","1.043956043956044","2","2"
"28","0.3","10","0.7","10","9","3","50","true","true","0.1","0.03","2","10","17","0.2235494880546075","27.455919395465994","11.64021164021164","48","38","10","10.85972850678733","13.768115942028986","6.024096385542169","2.7291666666666665","2.8684210526315788","2.2","2.2482758620689656","1.0533333333333332","1.0408163265306123","2","2"
"28","0.3","10","0.7","10","9","3","50","true","true","0.1","0.03","2","10","18","0.22388059701492538","27.750000000000004","11.822660098522167","50","39","11","10.964912280701753","14.079422382671481","6.145251396648044","2.7","2.8461538461538463","2.1818181818181817","2.188311688311688","1.0573248407643312","1.0526315789473684","2","2"
"28","0.3","10","0.7","10","9","3","50","true","true","0.1","0.03","2","10","19","0.21256038647342995","26.865671641791046","10.95890410958904","49","38","11","10.425531914893616","13.718411552346572","5.699481865284974","2.693877551020408","2.8421052631578947","2.1818181818181817","2.1017964071856285","1.0728476821192052","1.0588235294117647","2","2"
"28","0.3","10","0.7","10","9","3","50","true","true","0.1","0.03","2","10","20","0.20970266040688576","25.806451612903224","12.711864406779661","49","36","13","10.144927536231885","12.857142857142856","6.403940886699508","2.7346938775510203","2.888888888888889","2.3076923076923075","2.0919540229885056","1.0662251655629138","1.0654205607476634","2","2"
"28","0.3","10","0.7","10","9","3","50","true","true","0.1","0.03","2","10","21","0.21428571428571427","25.552825552825553","14.741035856573706","52","36","16","10.547667342799189","12.811387900355871","7.547169811320755","2.7115384615384617","2.888888888888889","2.3125","2.0994475138121547","1.0733333333333333","1.0636363636363637","2","2"
"28","0.3","10","0.7","10","9","3","50","true","true","0.1","0.03","2","10","22","0.21418020679468242","25.365853658536587","15.355805243445692","54","36","18","10.67193675889328","12.7208480565371","8.071748878923767","2.685185185185185","2.888888888888889","2.2777777777777777","2.1129032258064515","1.080536912751678","1.0603448275862069","2","2"
"28","0.3","10","0.7","10","9","3","50","true","true","0.1","0.03","2","10","23","0.2109038737446198","24.444444444444443","16.43835616438356","55","34","21","10.51625239005736","12.056737588652481","8.71369294605809","2.672727272727273","2.911764705882353","2.2857142857142856","2.0923076923076924","1.0649350649350648","1.0593220338983051","2","2"
"28","0.3","10","0.7","10","9","3","50","true","true","0.1","0.03","2","10","24","0.21478382147838215","25.304136253041364","16.33986928104575","58","36","22","10.760667903525047","12.676056338028168","8.627450980392156","2.6551724137931036","2.888888888888889","2.272727272727273","2.0634146341463415","1.070063694267516","1.0588235294117647","2","2"
"28","0.3","10","0.7","10","9","3","50","true","true","0.1","0.03","2","10","25","0.2127371273712737","25","16.56441717791411","59","36","23","10.59245960502693","12.631578947368421","8.455882352941178","2.6610169491525424","2.861111111111111","2.347826086956522","2.0230414746543777","1.0683229813664596","1.0583333333333333","2","2"
"28","0.3","10","0.7","10","9","3","50","true","true","0.1","0.03","2","10","26","0.2118421052631579","24.137931034482758","17.796610169491526","61","34","27","10.608695652173914","12.014134275618375","9.246575342465754","2.639344262295082","2.8823529411764706","2.3333333333333335","1.9868995633187774","1.0880503144654088","1.056","2","2"
"28","0.3","10","0.7","10","9","3","50","true","true","0.1","0.03","2","10","27","0.2186700767263427","24.078624078624077","19.466666666666665","66","34","32","11.14864864864865","11.929824561403509","10.423452768729643","2.590909090909091","2.8823529411764706","2.28125","1.9873949579831933","1.089171974522293","1.0534351145038168","2","2"
"28","0.3","10","0.7","10","9","3","50","true","true","0.1","0.03","2","10","28","0.23229813664596274","24.257425742574256","22.194513715710723","72","34","38","11.920529801324504","11.929824561403509","11.912225705329153","2.5972222222222223","2.8823529411764706","2.3421052631578947","2.04149377593361","1.0961538461538463","1.0518518518518518","2","2"
"28","0.3","10","0.7","10","9","3","50","true","true","0.1","0.03","2","10","29","0.22798552472858866","23.209876543209877","22.40566037735849","73","32","41","11.736334405144696","11.149825783972126","12.238805970149254","2.589041095890411","2.9375","2.317073170731707","2.040160642570281","1.0987654320987654","1.0514705882352942","2","2"
"28","0.3","10","0.7","10","9","3","50","true","true","0.1","0.03","2","10","30","0.22626025791324736","22.194513715710723","23.008849557522122","77","32","45","11.937984496124031","11.149825783972126","12.569832402234638","2.5064935064935066","2.78125","2.311111111111111","1.9735849056603774","1.1288343558282208","1.0503597122302157","2","2"
"28","0.3","10","0.7","10","9","3","50","true","true","0.1","0.03","2","10","31","0.224373576309795","22.469135802469136","22.41014799154334","79","33","46","11.84407796101949","11.458333333333332","12.137203166226913","2.4936708860759493","2.757575757575758","2.3043478260869565","1.949090909090909","1.136094674556213","1.048951048951049","2","2"
"28","0.3","10","0.7","10","9","3","50","true","true","0.1","0.03","2","10","32","0.2179203539823009","22.194513715710723","21.47117296222664","79","32","47","11.38328530259366","11.149825783972126","11.547911547911548","2.4936708860759493","2.78125","2.297872340425532","1.9003436426116838","1.1149425287356323","1.0608108108108107","2","2"
"28","0.3","10","0.7","10","9","3","50","true","true","0.1","0.03","2","10","33","0.21374865735767992","21.41057934508816","21.34831460674157","79","30","49","11.002785515320335","10.48951048951049","11.342592592592593","2.518987341772152","2.8333333333333335","2.326530612244898","1.8754098360655738","1.0944444444444446","1.0588235294117647","2","2"
"28","0.3","10","0.7","10","9","3","50","true","true","0.1","0.03","2","10","34","0.22129436325678498","21.303258145363408","22.719141323792485","84","30","54","11.428571428571429","10.416666666666668","12.080536912751679","2.5238095238095237","2.8333333333333335","2.3518518518518516","1.8945686900958467","1.100558659217877","1.0566037735849056","2","2"
"28","0.3","10","0.7","10","9","3","50","true","true","0.1","0.03","2","10","35","0.2231237322515213","20.80200501253133","23.339011925042588","89","29","60","11.756935270805812","10.104529616724738","12.76595744680851","2.4719101123595504","2.8620689655172415","2.283333333333333","1.9012345679012346","1.098360655737705","1.05625","2","2"
"28","0.3","10","0.7","10","9","3","50","true","true","0.1","0.03","2","10","36","0.22561576354679802","20.050125313283207","24.18831168831169","94","28","66","12.082262210796916","9.722222222222223","13.46938775510204","2.4361702127659575","2.857142857142857","2.257575757575758","1.9161676646706587","1.0923913043478262","1.0545454545454545","2","2"
"28","0.3","10","0.7","10","9","3","50","true","true","0.1","0.03","2","10","37","0.22775119617224882","20","24.496124031007753","97","28","69","12.094763092269327","9.688581314878892","13.450292397660817","2.4536082474226806","2.857142857142857","2.289855072463768","1.8968481375358166","1.096774193548387","1.0529411764705883","2","2"
"28","0.3","10","0.7","10","9","3","50","true","true","0.1","0.03","2","10","38","0.2211895910780669","18.939393939393938","23.97058823529412","98","27","71","11.76470588235294","9.342560553633218","13.051470588235295","2.4285714285714284","2.7777777777777777","2.295774647887324","1.839142091152815","1.1063829787234043","1.0520231213872833","2","2"
"28","0.3","10","0.7","10","9","3","50","true","true","0.1","0.03","2","10","39","0.21750902527075813","17.662337662337663","23.92807745504841","102","26","76","11.76470588235294","9.090909090909092","13.080895008605854","2.3627450980392157","2.6153846153846154","2.276315789473684","1.8","1.097938144329897","1.0514285714285714","2","2"
"28","0.3","10","0.7","10","9","3","50","true","true","0.1","0.03","2","10","40","0.21209465381244522","16.535433070866144","23.55263157894737","103","24","79","11.444444444444445","8.362369337979095","12.887438825448614","2.349514563106796","2.625","2.2658227848101267","1.7681159420289856","1.077294685990338","1.062857142857143","2","2"
"28","0.3","10","0.7","10","9","3","50","true","true","0.1","0.03","2","10","41","0.2153191489361702","16.535433070866144","23.929471032745592","108","24","84","11.675675675675675","8.362369337979095","13.166144200626958","2.3425925925925926","2.625","2.261904761904762","1.7563805104408352","1.0917874396135265","1.0726256983240223","2","2"
"28","0.3","10","0.7","10","9","3","50","true","true","0.1","0.03","2","10","42","0.20909090909090908","16.449086161879894","22.97460701330109","108","24","84","11.261730969760167","8.333333333333332","12.518628912071536","2.3425925925925926","2.625","2.261904761904762","1.722466960352423","1.0892018779342723","1.0710382513661203","2","2"
"28","0.3","10","0.7","10","9","3","50","true","true","0.1","0.03","2","10","43","0.20786516853932585","15.404699738903393","23.174971031286212","110","22","88","11.122345803842265","7.638888888888889","12.553495007132668","2.3545454545454545","2.6818181818181817","2.272727272727273","1.724946695095949","1.0669642857142858","1.0702702702702702","2","2"
"28","0.3","10","0.7","10","9","3","50","true","true","0.1","0.03","2","10","44","0.2073265783320343","14.921465968586386","23.196448390677027","113","21","92","11.067580803134183","7.291666666666667","12.551159618008187","2.353982300884956","2.7142857142857144","2.2717391304347827","1.7137014314928425","1.0622222222222222","1.067357512953368","2","2"
"28","0.3","10","0.7","10","9","3","50","true","true","0.1","0.03","2","10","45","0.20893262679788038","15.03957783641161","23.248407643312103","118","21","97","11.195445920303605","7.317073170731707","12.646675358539767","2.3389830508474576","2.7142857142857144","2.2577319587628866","1.697265625","1.0663716814159292","1.0656565656565657","2","2"
"28","0.3","10","0.7","10","9","3","50","true","true","0.1","0.03","2","10","46","0.20588235294117646","14.882506527415144","22.824974411463664","120","21","99","11.039558417663294","7.291666666666667","12.390488110137673","2.3333333333333335","2.7142857142857144","2.2525252525252526","1.6765799256505576","1.0704845814977975","1.0643564356435644","2","2"
"28","0.3","10","0.7","10","9","3","50","true","true","0.1","0.03","2","10","47","0.205","14.173228346456693","22.865554465161924","124","20","104","11.041852181656278","6.944444444444445","12.455089820359282","2.314516129032258","2.7","2.2403846153846154","1.6660714285714286","1.0689655172413792","1.0631067961165048","2","2"
"28","0.3","10","0.7","10","9","3","50","true","true","0.1","0.03","2","10","48","0.210124826629681","14.025974025974024","23.55723746452223","130","20","110","11.274934952298352","6.920415224913495","12.731481481481483","2.330769230769231","2.7","2.2636363636363637","1.6782608695652175","1.0717299578059072","1.061904761904762","2","2"
"28","0.3","10","0.7","10","9","3","50","true","true","0.1","0.03","2","10","49","0.21683501683501682","14.136125654450263","24.2973708068903","136","20","116","11.457455770850885","6.920415224913495","12.91759465478842","2.3676470588235294","2.7","2.310344827586207","1.6835016835016836","1.0658436213991769","1.0610328638497653","2","2"
"28","0.3","10","0.7","10","9","3","50","true","true","0.1","0.03","2","10","50","0.22171353826030085","13.720316622691293","24.956521739130437","144","19","125","11.76470588235294","6.597222222222222","13.354700854700855","2.3541666666666665","2.736842105263158","2.296","1.6802610114192496","1.0714285714285714","1.0700934579439252","2","2"
"29","0.3","10","0.7","10","9","3","50","true","true","0.1","0.03","2","10","0","0","0","0","0","0","0","0","0","0","0","0","0","1","1","1","0","0"
"29","0.3","10","0.7","10","9","3","50","true","true","0.1","0.03","2","10","1","0.005390835579514825","0.6896551724137931","0","1","1","0","0.2702702702702703","0.34602076124567477","0","2","2","0","1.0118343195266273","1","1","2","2"
"29","0.3","10","0.7","10","9","3","50","true","true","0.1","0.03","2","10","2","0.04712041884816754","6.0200668896321075","0","8","8","0","2.1505376344086025","2.768166089965398","0","2.25","2.25","0","1.1125","1","1","2","2"
"29","0.3","10","0.7","10","9","3","50","true","true","0.1","0.03","2","10","3","0.06361323155216285","8.389261744966444","0","11","11","0","2.9023746701846966","3.873239436619718","0","2.272727272727273","2.272727272727273","0","1.15527950310559","1","1","2","2"
"29","0.3","10","0.7","10","9","3","50","true","true","0.1","0.03","2","10","4","0.08415841584158416","11.333333333333332","0","14","14","0","3.664921465968586","5.017921146953405","0","2.4285714285714284","2.4285714285714284","0","1.2243589743589745","1.005952380952381","1","2","2"
"29","0.3","10","0.7","10","9","3","50","true","true","0.1","0.03","2","10","5","0.12740384615384615","17.096774193548388","0","18","18","0","4.787234042553192","6.642066420664207","0","2.9444444444444446","2.9444444444444446","0","1.3943661971830985","1.0116279069767442","1","2","2"
"29","0.3","10","0.7","10","9","3","50","true","true","0.1","0.03","2","10","6","0.1425233644859813","18.61198738170347","1.8018018018018018","21","20","1","5.555555555555555","7.434944237918216","0.9174311926605505","2.9047619047619047","2.95","2","1.5147058823529411","1.0171428571428571","1","2","2"
"29","0.3","10","0.7","10","9","3","50","true","true","0.1","0.03","2","10","7","0.1409090909090909","18.404907975460123","1.7543859649122806","21","20","1","5.46875","7.352941176470589","0.8928571428571428","2.9523809523809526","3","2","1.5467625899280575","1.011173184357542","1","2","2"
"29","0.3","10","0.7","10","9","3","50","true","true","0.1","0.03","2","10","8","0.1456953642384106","18.507462686567163","3.389830508474576","23","21","2","5.912596401028278","7.664233576642336","1.7391304347826086","2.869565217391304","2.9523809523809526","2","1.6159420289855073","1.010928961748634","1","2","2"
"29","0.3","10","0.7","10","9","3","50","true","true","0.1","0.03","2","10","9","0.15879828326180256","20.28985507246377","3.3057851239669422","25","23","2","6.345177664974619","8.333333333333332","1.694915254237288","2.96","3.0434782608695654","2","1.6838235294117647","1.0213903743315509","1","2","2"
"29","0.3","10","0.7","10","9","3","50","true","true","0.1","0.03","2","10","10","0.16910229645093947","21.75141242937853","3.2","28","26","2","7.052896725440807","9.420289855072465","1.6528925619834711","2.892857142857143","2.9615384615384617","2","1.7969924812030076","1.0211640211640212","1","2","2"
"29","0.3","10","0.7","10","9","3","50","true","true","0.1","0.03","2","10","11","0.16835699797160245","21.38888888888889","4.511278195488721","29","26","3","7.160493827160494","9.386281588447654","2.34375","2.8620689655172415","2.9615384615384617","2","1.835820895522388","1.0315789473684212","1","2","2"
"29","0.3","10","0.7","10","9","3","50","true","true","0.1","0.03","2","10","12","0.17357001972386588","21.095890410958905","7.746478873239436","31","26","5","7.487922705314009","9.285714285714286","3.731343283582089","2.838709677419355","2.9615384615384617","2.2","1.854014598540146","1.0362694300518134","1","2","2"
"29","0.3","10","0.7","10","9","3","50","true","true","0.1","0.03","2","10","13","0.17624521072796934","21.293800539083556","8.609271523178808","33","27","6","7.819905213270142","9.608540925266903","4.25531914893617","2.787878787878788","2.925925925925926","2.1666666666666665","1.9","1.0357142857142858","1","2","2"
"29","0.3","10","0.7","10","9","3","50","true","true","0.1","0.03","2","10","14","0.1750465549348231","20.8994708994709","9.433962264150944","34","27","7","7.906976744186046","9.507042253521126","4.794520547945205","2.764705882352941","2.925925925925926","2.142857142857143","1.9230769230769231","1.045","1","2","2"
"29","0.3","10","0.7","10","9","3","50","true","true","0.1","0.03","2","10","15","0.17721518987341772","21.09375","10.059171597633137","36","28","8","8.256880733944955","9.929078014184398","5.194805194805195","2.7222222222222223","2.892857142857143","2.125","1.9930555555555556","1.0544554455445545","1","2","2"
"29","0.3","10","0.7","10","9","3","50","true","true","0.1","0.03","2","10","16","0.1757469244288225","20.716112531969312","10.674157303370785","37","28","9","8.295964125560538","9.859154929577464","5.555555555555555","2.7027027027027026","2.892857142857143","2.111111111111111","2.0205479452054793","1.0478468899521531","1.0185185185185186","2","2"
"29","0.3","10","0.7","10","9","3","50","true","true","0.1","0.03","2","10","17","0.1689419795221843","20.35623409669211","9.844559585492227","37","28","9","8.026030368763557","9.859154929577464","5.084745762711865","2.675675675675676","2.857142857142857","2.111111111111111","1.9493670886075949","1.0523809523809524","1.0178571428571428","2","2"
"29","0.3","10","0.7","10","9","3","50","true","true","0.1","0.03","2","10","18","0.17081260364842454","19.696969696969695","12.077294685990339","38","27","11","8.0338266384778","9.40766550522648","5.913978494623656","2.710526315789474","2.888888888888889","2.272727272727273","1.962962962962963","1.0558139534883721","1.0175438596491229","2","2"
"29","0.3","10","0.7","10","9","3","50","true","true","0.1","0.03","2","10","19","0.18518518518518517","21.695760598503743","12.727272727272727","41","29","12","8.541666666666666","10.175438596491228","6.153846153846154","2.8048780487804876","3","2.3333333333333335","2.018181818181818","1.0648148148148149","1.0175438596491229","2","2"
"29","0.3","10","0.7","10","9","3","50","true","true","0.1","0.03","2","10","20","0.19405320813771518","23.383084577114428","12.658227848101266","44","31","13","8.906882591093117","10.915492957746478","6.190476190476191","2.8181818181818183","3.032258064516129","2.3076923076923075","2.023529411764706","1.0633484162895928","1.0169491525423728","2","2"
"29","0.3","10","0.7","10","9","3","50","true","true","0.1","0.03","2","10","21","0.19908814589665655","22.8287841191067","15.294117647058824","47","30","17","9.306930693069306","10.526315789473683","7.727272727272727","2.7872340425531914","3.066666666666667","2.2941176470588234","2.0632183908045976","1.072072072072072","1.0166666666666666","2","2"
"29","0.3","10","0.7","10","9","3","50","true","true","0.1","0.03","2","10","22","0.20236336779911374","22.660098522167488","16.605166051660518","49","30","19","9.514563106796116","10.56338028169014","8.225108225108226","2.795918367346939","3.066666666666667","2.3684210526315788","2.0718232044198897","1.0714285714285714","1.0163934426229508","2","2"
"29","0.3","10","0.7","10","9","3","50","true","true","0.1","0.03","2","10","23","0.19655667144906744","22.330097087378643","15.789473684210526","49","30","19","9.297912713472485","10.526315789473683","7.851239669421488","2.795918367346939","3.066666666666667","2.3684210526315788","2.042105263157895","1.09375","1.0158730158730158","2","2"
"29","0.3","10","0.7","10","9","3","50","true","true","0.1","0.03","2","10","24","0.18549511854951187","20.631067961165048","15.737704918032788","48","28","20","8.807339449541285","9.75609756097561","7.751937984496124","2.7708333333333335","3.0357142857142856","2.4","1.9754901960784315","1.0986547085201794","1.0147058823529411","2","2"
"29","0.3","10","0.7","10","9","3","50","true","true","0.1","0.03","2","10","25","0.1897018970189702","20.531400966183575","16.97530864197531","50","28","22","8.960573476702509","9.75609756097561","8.118081180811808","2.8","3.0357142857142856","2.5","1.971698113207547","1.0986547085201794","1.0273972602739727","2","2"
"29","0.3","10","0.7","10","9","3","50","true","true","0.1","0.03","2","10","26","0.18552631578947368","20.91346153846154","15.69767441860465","52","29","23","9.043478260869566","10.104529616724738","7.986111111111111","2.7115384615384617","3","2.347826086956522","1.9594594594594594","1.1111111111111112","1.0240963855421688","2","2"
"29","0.3","10","0.7","10","9","3","50","true","true","0.1","0.03","2","10","27","0.18030690537084398","20.481927710843372","15.258855585831062","52","28","24","8.724832214765101","9.722222222222223","7.792207792207792","2.7115384615384617","3.0357142857142856","2.3333333333333335","1.9029535864978904","1.1074766355140186","1.0217391304347827","2","2"
"29","0.3","10","0.7","10","9","3","50","true","true","0.1","0.03","2","10","28","0.1826086956521739","20.432692307692307","15.938303341902312","55","28","27","8.97226753670473","9.75609756097561","8.282208588957054","2.672727272727273","3.0357142857142856","2.2962962962962963","1.8755020080321285","1.127962085308057","1.0204081632653061","2","2"
"29","0.3","10","0.7","10","9","3","50","true","true","0.1","0.03","2","10","29","0.17852834740651388","19.904076738609113","15.776699029126215","55","27","28","8.661417322834646","9.375","8.069164265129682","2.690909090909091","3.074074074074074","2.3214285714285716","1.8383458646616542","1.124401913875598","1.0194174757281553","2","2"
"29","0.3","10","0.7","10","9","3","50","true","true","0.1","0.03","2","10","30","0.17584994138335286","19.85645933014354","15.402298850574713","56","27","29","8.56269113149847","9.342560553633218","7.9452054794520555","2.6785714285714284","3.074074074074074","2.310344827586207","1.832116788321168","1.1116279069767443","1.0275229357798166","2","2"
"29","0.3","10","0.7","10","9","3","50","true","true","0.1","0.03","2","10","31","0.17425968109339407","20","15.118790496760258","57","27","30","8.444444444444445","9.375","7.751937984496124","2.6842105263157894","3.074074074074074","2.3333333333333335","1.8245614035087718","1.0909090909090908","1.0442477876106195","2","2"
"29","0.3","10","0.7","10","9","3","50","true","true","0.1","0.03","2","10","32","0.17146017699115043","19.612590799031477","15.071283095723015","58","26","32","8.333333333333332","9.027777777777777","7.8431372549019605","2.6724137931034484","3.1153846153846154","2.3125","1.7966666666666666","1.1045454545454545","1.0427350427350428","2","2"
"29","0.3","10","0.7","10","9","3","50","true","true","0.1","0.03","2","10","33","0.17830290010741137","19.565217391304348","16.44100580270793","62","25","37","8.67132867132867","8.650519031141869","8.685446009389672","2.6774193548387095","3.24","2.2972972972972974","1.8214285714285714","1.1059907834101383","1.0317460317460319","2","2"
"29","0.3","10","0.7","10","9","3","50","true","true","0.1","0.03","2","10","34","0.1826722338204593","19.612590799031477","17.24770642201835","65","25","40","8.843537414965986","8.650519031141869","8.968609865470851","2.6923076923076925","3.24","2.35","1.8275862068965518","1.091324200913242","1.0303030303030303","2","2"
"29","0.3","10","0.7","10","9","3","50","true","true","0.1","0.03","2","10","35","0.1795131845841785","19.22141119221411","17.043478260869566","67","25","42","8.781127129750983","8.650519031141869","8.860759493670885","2.6417910447761193","3.16","2.3333333333333335","1.775811209439528","1.1040723981900453","1.0294117647058822","2","2"
"29","0.3","10","0.7","10","9","3","50","true","true","0.1","0.03","2","10","36","0.16748768472906403","17.412935323383085","16.31321370309951","66","23","43","8.291457286432161","7.986111111111111","8.46456692913386","2.5757575757575757","3.0434782608695654","2.3255813953488373","1.7134986225895317","1.1066666666666667","1.0285714285714285","2","2"
"29","0.3","10","0.7","10","9","3","50","true","true","0.1","0.03","2","10","37","0.16650717703349283","16.08040201005025","17.001545595054097","68","21","47","8.262454434993925","7.317073170731707","8.768656716417912","2.5588235294117645","3.0476190476190474","2.3404255319148937","1.7","1.0952380952380953","1.028169014084507","2","2"
"29","0.3","10","0.7","10","9","3","50","true","true","0.1","0.03","2","10","38","0.1654275092936803","15.776081424936386","16.98389458272328","71","21","50","8.294392523364486","7.291666666666667","8.80281690140845","2.507042253521127","2.9523809523809526","2.32","1.6691542288557213","1.0759493670886076","1.0273972602739727","2","2"
"29","0.3","10","0.7","10","9","3","50","true","true","0.1","0.03","2","10","39","0.15974729241877256","14.728682170542637","16.643550624133148","72","20","52","8.126410835214447","6.944444444444445","8.695652173913043","2.4583333333333335","2.85","2.3076923076923075","1.6338028169014085","1.0858369098712446","1.0258064516129033","2","2"
"29","0.3","10","0.7","10","9","3","50","true","true","0.1","0.03","2","10","40","0.16389132340052587","13.989637305699482","17.6158940397351","76","19","57","8.315098468271334","6.5743944636678195","9.120000000000001","2.460526315789474","2.8421052631578947","2.3333333333333335","1.6255605381165918","1.0921052631578947","1.0245398773006136","2","2"
"29","0.3","10","0.7","10","9","3","50","true","true","0.1","0.03","2","10","41","0.1702127659574468","13.989637305699482","18.50443599493029","82","19","63","8.695652173913043","6.5743944636678195","9.63302752293578","2.4390243902439024","2.8421052631578947","2.3174603174603177","1.6339869281045751","1.0854700854700854","1.0239520958083832","2","2"
"29","0.3","10","0.7","10","9","3","50","true","true","0.1","0.03","2","10","42","0.17024793388429751","13.471502590673575","18.689320388349515","85","18","67","8.726899383983573","6.228373702422145","9.781021897810218","2.4235294117647057","2.888888888888889","2.298507462686567","1.6260504201680672","1.0826446280991735","1.0235294117647058","2","2"
"29","0.3","10","0.7","10","9","3","50","true","true","0.1","0.03","2","10","43","0.17656500802568217","13.436692506459949","19.557625145518045","90","18","72","9.027081243731194","6.228373702422145","10.16949152542373","2.4444444444444446","2.888888888888889","2.3333333333333335","1.6428571428571428","1.0871369294605808","1.022857142857143","2","2"
"29","0.3","10","0.7","10","9","3","50","true","true","0.1","0.03","2","10","44","0.18472330475448168","13.436692506459949","20.647321428571427","95","18","77","9.295499021526417","6.228373702422145","10.504774897680765","2.4947368421052634","2.888888888888889","2.4025974025974026","1.657370517928287","1.0912863070539418","1.0217391304347827","2","2"
"29","0.3","10","0.7","10","9","3","50","true","true","0.1","0.03","2","10","45","0.18925056775170326","13.471502590673575","21.176470588235293","101","18","83","9.582542694497153","6.25","10.835509138381202","2.4752475247524752","2.888888888888889","2.3855421686746987","1.662162162162162","1.0850202429149798","1.0212765957446808","2","2"
"29","0.3","10","0.7","10","9","3","50","true","true","0.1","0.03","2","10","46","0.19264705882352942","13.506493506493506","21.53846153846154","107","18","89","9.834558823529411","6.25","11.125","2.4485981308411215","2.888888888888889","2.359550561797753","1.6592592592592592","1.0823045267489713","1.0203045685279188","2","2"
"29","0.3","10","0.7","10","9","3","50","true","true","0.1","0.03","2","10","47","0.19214285714285714","13.315926892950392","21.43559488692232","111","18","93","9.875444839857652","6.228373702422145","11.137724550898204","2.4234234234234235","2.8333333333333335","2.3440860215053765","1.6524064171122994","1.0677290836653386","1.0199004975124377","2","2"
"29","0.3","10","0.7","10","9","3","50","true","true","0.1","0.03","2","10","48","0.19625520110957004","13.315926892950392","21.907459867799812","117","18","99","10.112359550561797","6.228373702422145","11.405529953917052","2.4188034188034186","2.8333333333333335","2.3434343434343434","1.6529209621993126","1.0717131474103585","1.0193236714975846","2","2"
"29","0.3","10","0.7","10","9","3","50","true","true","0.1","0.03","2","10","49","0.19663299663299663","12.894736842105264","21.990950226244344","121","17","104","10.10016694490818","5.88235294117647","11.441144114411442","2.4132231404958677","2.8823529411764706","2.3365384615384617","1.6333878887070377","1.0711462450592886","1.0188679245283019","2","2"
"29","0.3","10","0.7","10","9","3","50","true","true","0.1","0.03","2","10","50","0.19816873773708307","12.962962962962962","22.06776715899218","126","17","109","10.177705977382875","5.88235294117647","11.485774499473129","2.4047619047619047","2.8823529411764706","2.330275229357798","1.6222570532915361","1.0671936758893281","1.018181818181818","2","2"
"30","0.3","10","0.7","10","9","3","50","true","true","0.1","0.03","2","10","0","0","0","0","0","0","0","0","0","0","0","0","0","1","1","1","0","0"
"30","0.3","10","0.7","10","9","3","50","true","true","0.1","0.03","2","10","1","0.016172506738544475","1.3745704467353952","2.5","3","2","1","0.8152173913043478","0.6920415224913495","1.2658227848101267","2","2","2","1.032967032967033","1","1","2","2"
"30","0.3","10","0.7","10","9","3","50","true","true","0.1","0.03","2","10","2","0.04712041884816754","5.387205387205387","2.3529411764705883","9","8","1","2.4128686327077746","2.768166089965398","1.1904761904761905","2","2","2","1.1022727272727273","1","1","2","2"
"30","0.3","10","0.7","10","9","3","50","true","true","0.1","0.03","2","10","3","0.0737913486005089","9.03010033444816","2.127659574468085","14","13","1","3.733333333333334","4.609929078014184","1.0752688172043012","2.0714285714285716","2.076923076923077","2","1.188235294117647","1","1","2","2"
"30","0.3","10","0.7","10","9","3","50","true","true","0.1","0.03","2","10","4","0.10396039603960396","12.944983818770226","2.1052631578947367","16","15","1","4.336043360433604","5.454545454545454","1.0638297872340425","2.625","2.6666666666666665","2","1.31875","1","1","2","2"
"30","0.3","10","0.7","10","9","3","50","true","true","0.1","0.03","2","10","5","0.13221153846153846","17.350157728706623","0","20","20","0","5.3908355795148255","7.352941176470589","0","2.75","2.75","2","1.422077922077922","1","1","2","2"
"30","0.3","10","0.7","10","9","3","50","true","true","0.1","0.03","2","10","6","0.1542056074766355","20.37037037037037","0","22","22","0","5.9459459459459465","8.270676691729323","0","3","3","2","1.547945205479452","1.0083333333333333","1","2","2"
"30","0.3","10","0.7","10","9","3","50","true","true","0.1","0.03","2","10","7","0.16363636363636364","21.148036253776432","1.834862385321101","24","23","1","6.434316353887399","8.679245283018867","0.9259259259259258","3","3.0434782608695654","2","1.625","1.0084745762711864","1","2","2"
"30","0.3","10","0.7","10","9","3","50","true","true","0.1","0.03","2","10","8","0.18322295805739514","23.684210526315788","1.8018018018018018","28","27","1","7.446808510638298","10.150375939849624","0.9090909090909091","2.9642857142857144","3","2","1.7463768115942029","1.0163934426229508","1","2","2"
"30","0.3","10","0.7","10","9","3","50","true","true","0.1","0.03","2","10","9","0.2017167381974249","26.062322946175637","1.7699115044247788","30","29","1","7.9787234042553195","10.984848484848484","0.8928571428571428","3.1333333333333333","3.1724137931034484","2","1.887218045112782","1.0165289256198347","1","2","2"
"30","0.3","10","0.7","10","9","3","50","true","true","0.1","0.03","2","10","10","0.2045929018789144","26.519337016574585","1.7094017094017095","32","31","1","8.398950131233596","11.69811320754717","0.8620689655172413","3.0625","3.096774193548387","2","1.9694656488549618","1.0241935483870968","1","2","2"
"30","0.3","10","0.7","10","9","3","50","true","true","0.1","0.03","2","10","11","0.2210953346855984","28.686327077747993","1.6666666666666667","37","36","1","9.61038961038961","13.48314606741573","0.847457627118644","2.945945945945946","2.9722222222222223","2","2.1023622047244093","1.04","1","2","2"
"30","0.3","10","0.7","10","9","3","50","true","true","0.1","0.03","2","10","12","0.23076923076923078","30.026109660574413","1.6129032258064515","41","40","1","10.485933503836318","14.869888475836431","0.819672131147541","2.8536585365853657","2.875","2","2.2","1.0465116279069768","1.0104166666666667","2","2"
"30","0.3","10","0.7","10","9","3","50","true","true","0.1","0.03","2","10","13","0.22413793103448276","28.60824742268041","4.477611940298507","42","39","3","10.44776119402985","14.285714285714285","2.3255813953488373","2.7857142857142856","2.8461538461538463","2","2.207692307692308","1.046875","1.01","2","2"
"30","0.3","10","0.7","10","9","3","50","true","true","0.1","0.03","2","10","14","0.22532588454376165","28.894472361809044","4.316546762589928","43","40","3","10.591133004926109","14.5985401459854","2.272727272727273","2.813953488372093","2.875","2","2.2481203007518795","1.054263565891473","1.00990099009901","2","2"
"30","0.3","10","0.7","10","9","3","50","true","true","0.1","0.03","2","10","15","0.2224231464737794","29.03225806451613","4","44","41","3","10.526315789473683","14.909090909090908","2.097902097902098","2.7954545454545454","2.8536585365853657","2","2.2158273381294964","1.053030303030303","1.029126213592233","2","2"
"30","0.3","10","0.7","10","9","3","50","true","true","0.1","0.03","2","10","16","0.21616871704745166","28.255528255528255","4.938271604938271","44","40","4","10.352941176470589","14.545454545454545","2.666666666666667","2.7954545454545454","2.875","2","2.2222222222222223","1.0597014925373134","1.0388349514563107","2","2"
"30","0.3","10","0.7","10","9","3","50","true","true","0.1","0.03","2","10","17","0.21331058020477817","27.51196172248804","5.952380952380952","45","40","5","10.392609699769054","14.336917562724013","3.2467532467532463","2.7777777777777777","2.875","2","2.24","1.0597014925373134","1.0384615384615385","2","2"
"30","0.3","10","0.7","10","9","3","50","true","true","0.1","0.03","2","10","18","0.21393034825870647","27.400468384074944","6.8181818181818175","46","41","5","10.526315789473683","14.748201438848922","3.1446540880503147","2.8043478260869565","2.8536585365853657","2.4","2.3266666666666667","1.0740740740740742","1.0380952380952382","2","2"
"30","0.3","10","0.7","10","9","3","50","true","true","0.1","0.03","2","10","19","0.2109500805152979","26.834862385321102","7.567567567567568","47","41","6","10.491071428571429","14.539007092198581","3.614457831325301","2.7872340425531914","2.8536585365853657","2.3333333333333335","2.3141025641025643","1.0797101449275361","1.0373831775700935","2","2"
"30","0.3","10","0.7","10","9","3","50","true","true","0.1","0.03","2","10","20","0.21283255086071987","27.293577981651374","8.374384236453201","49","42","7","10.583153347732182","14.840989399293287","3.888888888888889","2.7755102040816326","2.8333333333333335","2.4285714285714284","2.276073619631902","1.094890510948905","1.0350877192982457","2","2"
"30","0.3","10","0.7","10","9","3","50","true","true","0.1","0.03","2","10","21","0.2066869300911854","27.25225225225225","7.009345794392523","49","43","6","10.337552742616033","15.19434628975265","3.1413612565445024","2.7755102040816326","2.813953488372093","2.5","2.2529411764705882","1.1333333333333333","1.0338983050847457","2","2"
"30","0.3","10","0.7","10","9","3","50","true","true","0.1","0.03","2","10","22","0.21270310192023634","26.86230248306998","10.683760683760683","53","42","11","10.882956878850102","14.840989399293287","5.392156862745098","2.7169811320754715","2.8333333333333335","2.272727272727273","2.28","1.1167883211678833","1.0330578512396693","2","2"
"30","0.3","10","0.7","10","9","3","50","true","true","0.1","0.03","2","10","23","0.21664275466284075","27.494456762749447","10.975609756097562","55","43","12","11.022044088176353","15.034965034965033","5.633802816901409","2.7454545454545456","2.883720930232558","2.25","2.3072625698324023","1.1071428571428572","1.032","2","2"
"30","0.3","10","0.7","10","9","3","50","true","true","0.1","0.03","2","10","24","0.21478382147838215","27.43362831858407","11.320754716981133","56","43","13","10.916179337231968","15.034965034965033","5.726872246696035","2.75","2.883720930232558","2.3076923076923075","2.276595744680851","1.1048951048951048","1.0396825396825398","2","2"
"30","0.3","10","0.7","10","9","3","50","true","true","0.1","0.03","2","10","25","0.21138211382113822","26.75438596491228","12.056737588652481","57","42","15","10.836501901140684","14.634146341463413","6.2761506276150625","2.736842105263158","2.9047619047619047","2.2666666666666666","2.2474747474747474","1.1285714285714286","1.0384615384615385","2","2"
"30","0.3","10","0.7","10","9","3","50","true","true","0.1","0.03","2","10","26","0.2026315789473684","25.70806100217865","11.960132890365449","56","40","16","10.35120147874307","13.937282229965156","6.299212598425196","2.75","2.95","2.25","2.188679245283019","1.1407407407407408","1.0441176470588236","2","2"
"30","0.3","10","0.7","10","9","3","50","true","true","0.1","0.03","2","10","27","0.2071611253196931","25.70806100217865","13.622291021671826","60","40","20","10.771992818671453","13.937282229965156","7.4074074074074066","2.7","2.95","2.2","2.171171171171171","1.1313868613138687","1.0507246376811594","2","2"
"30","0.3","10","0.7","10","9","3","50","true","true","0.1","0.03","2","10","28","0.20124223602484473","25.55066079295154","13.105413105413104","60","39","21","10.398613518197573","13.732394366197184","7.167235494880546","2.7","2.9743589743589745","2.1904761904761907","2.119148936170213","1.1386861313868613","1.0486111111111112","2","2"
"30","0.3","10","0.7","10","9","3","50","true","true","0.1","0.03","2","10","29","0.19782870928829915","24.168514412416854","14.550264550264549","63","38","25","10.44776119402985","13.240418118466899","7.9113924050632916","2.6031746031746033","2.8684210526315788","2.2","2.039525691699605","1.1338028169014085","1.0555555555555556","2","2"
"30","0.3","10","0.7","10","9","3","50","true","true","0.1","0.03","2","10","30","0.1969519343493552","24.11504424778761","14.713216957605985","65","38","27","10.43338683788122","13.240418118466899","8.035714285714286","2.5846153846153848","2.8684210526315788","2.185185185185185","2.0037453183520597","1.1164383561643836","1.0689655172413792","2","2"
"30","0.3","10","0.7","10","9","3","50","true","true","0.1","0.03","2","10","31","0.1958997722095672","24.061810154525386","14.823529411764705","66","38","28","10.248447204968944","13.148788927335639","7.887323943661972","2.606060606060606","2.8684210526315788","2.25","1.9679715302491103","1.1208053691275168","1.0675675675675675","2","2"
"30","0.3","10","0.7","10","9","3","50","true","true","0.1","0.03","2","10","32","0.1913716814159292","23.946784922394677","14.348785871964681","67","38","29","10.029940119760479","13.148788927335639","7.651715039577836","2.582089552238806","2.8421052631578947","2.2413793103448274","1.9161073825503356","1.1146496815286624","1.082191780821918","2","2"
"30","0.3","10","0.7","10","9","3","50","true","true","0.1","0.03","2","10","33","0.18796992481203006","24.107142857142858","13.871635610766045","68","38","30","9.826589595375722","13.240418118466899","7.4074074074074066","2.573529411764706","2.8421052631578947","2.2333333333333334","1.8821656050955413","1.1153846153846154","1.077922077922078","2","2"
"30","0.3","10","0.7","10","9","3","50","true","true","0.1","0.03","2","10","34","0.18162839248434237","23.713646532438478","13.307240704500977","68","37","31","9.457579972183588","12.802768166089965","7.209302325581396","2.5588235294117645","2.864864864864865","2.193548387096774","1.8454545454545455","1.103658536585366","1.0769230769230769","2","2"
"30","0.3","10","0.7","10","9","3","50","true","true","0.1","0.03","2","10","35","0.1795131845841785","23.024830699774267","13.812154696132598","70","35","35","9.408602150537634","12.110726643598616","7.6923076923076925","2.5285714285714285","2.914285714285714","2.142857142857143","1.8338192419825072","1.0952380952380953","1.0745341614906831","2","2"
"30","0.3","10","0.7","10","9","3","50","true","true","0.1","0.03","2","10","36","0.18029556650246306","23.873873873873876","13.485113835376533","73","37","36","9.46822308690013","12.802768166089965","7.468879668049793","2.506849315068493","2.864864864864865","2.138888888888889","1.7878787878787878","1.1091954022988506","1.0745341614906831","2","2"
"30","0.3","10","0.7","10","9","3","50","true","true","0.1","0.03","2","10","37","0.18086124401913875","23.52941176470588","14.096185737976782","75","36","39","9.410288582183187","12.5","7.662082514734774","2.52","2.888888888888889","2.1794871794871793","1.7771883289124668","1.1123595505617978","1.0727272727272728","2","2"
"30","0.3","10","0.7","10","9","3","50","true","true","0.1","0.03","2","10","38","0.18308550185873607","23.18181818181818","14.937106918238992","79","35","44","9.622411693057249","12.110726643598616","8.270676691729323","2.4936708860759493","2.914285714285714","2.159090909090909","1.7735368956743003","1.1073446327683616","1.0701754385964912","2","2"
"30","0.3","10","0.7","10","9","3","50","true","true","0.1","0.03","2","10","39","0.18411552346570398","23.12925170068027","15.292353823088456","82","35","47","9.681227863046045","12.110726643598616","8.422939068100359","2.4878048780487805","2.914285714285714","2.1702127659574466","1.7591240875912408","1.1022727272727273","1.0730337078651686","2","2"
"30","0.3","10","0.7","10","9","3","50","true","true","0.1","0.03","2","10","40","0.1866783523225241","23.024830699774267","15.902578796561603","85","35","50","9.758897818599312","12.110726643598616","8.59106529209622","2.5058823529411764","2.914285714285714","2.22","1.755294117647059","1.1111111111111112","1.0773480662983426","2","2"
"30","0.3","10","0.7","10","9","3","50","true","true","0.1","0.03","2","10","41","0.1829787234042553","23.234624145785876","15.353260869565217","86","35","51","9.502762430939226","12.110726643598616","8.279220779220779","2.5","2.914285714285714","2.215686274509804","1.7155555555555555","1.1179775280898876","1.0736842105263158","2","2"
"30","0.3","10","0.7","10","9","3","50","true","true","0.1","0.03","2","10","42","0.1834710743801653","23.556581986143186","15.444015444015443","90","35","55","9.62566844919786","12.237762237762238","8.47457627118644","2.466666666666667","2.914285714285714","2.1818181818181817","1.7207792207792207","1.101063829787234","1.0721649484536082","2","2"
"30","0.3","10","0.7","10","9","3","50","true","true","0.1","0.03","2","10","43","0.1869983948635634","24.08256880733945","15.802469135802468","95","36","59","9.81404958677686","12.45674740484429","8.689248895434462","2.4526315789473685","2.9166666666666665","2.169491525423729","1.710144927536232","1.077319587628866","1.0765306122448979","2","2"
"30","0.3","10","0.7","10","9","3","50","true","true","0.1","0.03","2","10","44","0.18550272798129383","23.787528868360276","15.88235294117647","97","35","62","9.719438877755511","12.152777777777777","8.732394366197182","2.4536082474226806","2.942857142857143","2.1774193548387095","1.7025948103792414","1.0761421319796953","1.0738916256157636","2","2"
"30","0.3","10","0.7","10","9","3","50","true","true","0.1","0.03","2","10","45","0.186222558667676","23.787528868360276","16.103603603603602","100","35","65","9.70873786407767","12.152777777777777","8.76010781671159","2.46","2.942857142857143","2.2","1.697495183044316","1.0634146341463415","1.0776699029126213","2","2"
"30","0.3","10","0.7","10","9","3","50","true","true","0.1","0.03","2","10","46","0.18970588235294117","23.787528868360276","16.720604099244877","106","35","71","9.953051643192488","12.110726643598616","9.149484536082474","2.4339622641509435","2.942857142857143","2.183098591549296","1.6901669758812616","1.0613207547169812","1.0769230769230769","2","2"
"30","0.3","10","0.7","10","9","3","50","true","true","0.1","0.03","2","10","47","0.19071428571428573","22.823529411764707","17.435897435897434","110","33","77","10","11.498257839721255","9.471094710947108","2.4272727272727272","2.9393939393939394","2.207792207792208","1.6833631484794276","1.0604651162790697","1.0744186046511628","2","2"
"30","0.3","10","0.7","10","9","3","50","true","true","0.1","0.03","2","10","48","0.19070735090152566","22.300469483568076","17.716535433070867","114","32","82","10.035211267605634","11.11111111111111","9.669811320754718","2.412280701754386","2.96875","2.1951219512195124","1.6775862068965517","1.0542986425339367","1.0727272727272728","2","2"
"30","0.3","10","0.7","10","9","3","50","true","true","0.1","0.03","2","10","49","0.19595959595959597","21.830985915492956","18.69688385269122","120","31","89","10.282776349614396","10.726643598615917","10.136674259681094","2.425","3","2.2247191011235956","1.6895973154362416","1.0535714285714286","1.0755555555555556","2","2"
"30","0.3","10","0.7","10","9","3","50","true","true","0.1","0.03","2","10","50","0.2027468933943754","21.933962264150946","19.638009049773757","127","31","96","10.574521232306411","10.726643598615917","10.526315789473683","2.440944881889764","3","2.2604166666666665","1.6959349593495936","1.052863436123348","1.0692640692640694","2","2"
