"BehaviorSpace results (NetLogo 6.4.0)","Table version 2.0"
"references/csssa2026/Slumulation-master/OriginalModel/Slumulation_NetLogo6_1.nlogo"
"Figure 4e Typical Run Seeded Extraction"
"07/11/2026 18:12:40:685 +0800"
"min-pxcor","max-pxcor","min-pycor","max-pycor"
"-25","25","-25","25"
"[run number]","staying-power","percent-inappropriate-land","informalityindex","percent-prime-land","initialcitylimit","popgrowthrate","SimulationRuntime","Politics","Develop","price-sensitivity","diffusion-rate","economicgrowthrate","initialinequality","[step]","behaviorspace-run-number","sort [slum-occupants] of patches with [slum? = true]","smallest-slum"
"1","0.3","10","0.7","10","9","3","50","true","true","0.1","0.03","2","10","0","1","[]","0"
"1","0.3","10","0.7","10","9","3","50","true","true","0.1","0.03","2","10","1","1","[2 3 4]","2"
"1","0.3","10","0.7","10","9","3","50","true","true","0.1","0.03","2","10","2","1","[2 2 2 2 3 3 4]","2"
"1","0.3","10","0.7","10","9","3","50","true","true","0.1","0.03","2","10","3","1","[2 2 2 2 2 2 2 2 3 3 3 4]","2"
"1","0.3","10","0.7","10","9","3","50","true","true","0.1","0.03","2","10","4","1","[2 2 2 2 2 2 2 2 2 2 3 3 3 3 4 4 5]","2"
"1","0.3","10","0.7","10","9","3","50","true","true","0.1","0.03","2","10","5","1","[2 2 2 2 2 2 2 2 2 2 2 3 3 3 3 4 4 4 5 11]","2"
"1","0.3","10","0.7","10","9","3","50","true","true","0.1","0.03","2","10","6","1","[2 2 2 2 2 2 2 2 2 2 2 2 3 3 3 3 3 4 4 4 4 5 11]","2"
"1","0.3","10","0.7","10","9","3","50","true","true","0.1","0.03","2","10","7","1","[2 2 2 2 2 2 2 2 2 2 2 2 2 3 3 3 3 3 4 4 4 4 4 5 11]","2"
"1","0.3","10","0.7","10","9","3","50","true","true","0.1","0.03","2","10","8","1","[2 2 2 2 2 2 2 2 2 2 2 2 2 2 2 3 3 3 3 3 4 4 4 4 4 5 11]","2"
"1","0.3","10","0.7","10","9","3","50","true","true","0.1","0.03","2","10","9","1","[2 2 2 2 2 2 2 2 2 2 2 2 2 2 2 2 3 3 3 3 3 4 4 4 4 4 5 11]","2"
"1","0.3","10","0.7","10","9","3","50","true","true","0.1","0.03","2","10","10","1","[2 2 2 2 2 2 2 2 2 2 2 2 2 2 2 2 3 3 3 3 3 3 4 4 4 4 4 5 11]","2"
"1","0.3","10","0.7","10","9","3","50","true","true","0.1","0.03","2","10","11","1","[2 2 2 2 2 2 2 2 2 2 2 2 2 2 2 2 2 2 3 3 3 3 3 3 3 4 4 4 4 4 5 11]","2"
"1","0.3","10","0.7","10","9","3","50","true","true","0.1","0.03","2","10","12","1","[2 2 2 2 2 2 2 2 2 2 2 2 2 2 2 2 2 2 3 3 3 3 3 3 3 4 4 4 4 4 5 11]","2"
"1","0.3","10","0.7","10","9","3","50","true","true","0.1","0.03","2","10","13","1","[2 2 2 2 2 2 2 2 2 2 2 2 2 2 2 2 2 2 2 2 3 3 3 3 3 3 3 4 4 4 4 4 5 11]","2"
"1","0.3","10","0.7","10","9","3","50","true","true","0.1","0.03","2","10","14","1","[2 2 2 2 2 2 2 2 2 2 2 2 2 2 2 2 2 2 2 2 2 2 2 2 2 3 3 3 3 3 3 3 4 4 4 4 4 5 11]","2"
"1","0.3","10","0.7","10","9","3","50","true","true","0.1","0.03","2","10","15","1","[2 2 2 2 2 2 2 2 2 2 2 2 2 2 2 2 2 2 2 2 2 2 2 2 2 3 3 3 3 3 3 3 4 4 4 4 4 4 5 11]","2"
"1","0.3","10","0.7","10","9","3","50","true","true","0.1","0.03","2","10","16","1","[2 2 2 2 2 2 2 2 2 2 2 2 2 2 2 2 2 2 2 2 2 2 2 2 2 2 3 3 3 3 3 3 3 4 4 4 4 4 4 4 5 11]","2"
"1","0.3","10","0.7","10","9","3","50","true","true","0.1","0.03","2","10","17","1","[2 2 2 2 2 2 2 2 2 2 2 2 2 2 2 2 2 2 2 2 2 2 2 2 2 2 3 3 3 3 3 3 3 4 4 4 4 4 4 4 5 11]","2"
"1","0.3","10","0.7","10","9","3","50","true","true","0.1","0.03","2","10","18","1","[2 2 2 2 2 2 2 2 2 2 2 2 2 2 2 2 2 2 2 2 2 2 2 2 2 2 3 3 3 3 3 3 3 4 4 4 4 4 4 4 5 11]","2"
"1","0.3","10","0.7","10","9","3","50","true","true","0.1","0.03","2","10","19","1","[2 2 2 2 2 2 2 2 2 2 2 2 2 2 2 2 2 2 2 2 2 2 2 2 2 2 3 3 3 3 3 3 3 4 4 4 4 4 4 4 5 11]","2"
"1","0.3","10","0.7","10","9","3","50","true","true","0.1","0.03","2","10","20","1","[2 2 2 2 2 2 2 2 2 2 2 2 2 2 2 2 2 2 2 2 2 2 2 2 2 2 2 2 3 3 3 3 3 3 3 4 4 4 4 4 4 4 5 11]","2"
"1","0.3","10","0.7","10","9","3","50","true","true","0.1","0.03","2","10","21","1","[2 2 2 2 2 2 2 2 2 2 2 2 2 2 2 2 2 2 2 2 2 2 2 2 2 2 2 2 2 2 3 3 3 3 3 3 3 4 4 4 4 4 4 4 5 11]","2"
"1","0.3","10","0.7","10","9","3","50","true","true","0.1","0.03","2","10","22","1","[2 2 2 2 2 2 2 2 2 2 2 2 2 2 2 2 2 2 2 2 2 2 2 2 2 2 2 2 2 2 2 3 3 3 3 3 3 3 4 4 4 4 4 4 4 5 11]","2"
"1","0.3","10","0.7","10","9","3","50","true","true","0.1","0.03","2","10","23","1","[2 2 2 2 2 2 2 2 2 2 2 2 2 2 2 2 2 2 2 2 2 2 2 2 2 2 2 2 2 2 2 3 3 3 3 3 3 3 4 4 4 4 4 4 4 4 5 11]","2"
"1","0.3","10","0.7","10","9","3","50","true","true","0.1","0.03","2","10","24","1","[2 2 2 2 2 2 2 2 2 2 2 2 2 2 2 2 2 2 2 2 2 2 2 2 2 2 2 2 3 3 3 3 3 3 3 3 4 4 4 4 4 4 4 4 5 11]","2"
"1","0.3","10","0.7","10","9","3","50","true","true","0.1","0.03","2","10","25","1","[2 2 2 2 2 2 2 2 2 2 2 2 2 2 2 2 2 2 2 2 2 2 2 2 2 2 2 2 2 2 2 2 3 3 3 3 3 3 3 3 4 4 4 4 4 4 4 4 4 5 11]","2"
"1","0.3","10","0.7","10","9","3","50","true","true","0.1","0.03","2","10","26","1","[2 2 2 2 2 2 2 2 2 2 2 2 2 2 2 2 2 2 2 2 2 2 2 2 2 2 2 2 2 2 2 2 2 2 2 3 3 3 3 3 3 3 3 3 4 4 4 4 4 4 4 4 5 11]","2"
"1","0.3","10","0.7","10","9","3","50","true","true","0.1","0.03","2","10","27","1","[2 2 2 2 2 2 2 2 2 2 2 2 2 2 2 2 2 2 2 2 2 2 2 2 2 2 2 2 2 2 2 2 2 2 2 2 2 2 3 3 3 3 3 3 3 3 3 3 4 4 4 4 4 4 4 4 5 11]","2"
"1","0.3","10","0.7","10","9","3","50","true","true","0.1","0.03","2","10","28","1","[2 2 2 2 2 2 2 2 2 2 2 2 2 2 2 2 2 2 2 2 2 2 2 2 2 2 2 2 2 2 2 2 2 2 2 2 2 2 2 3 3 3 3 3 3 3 3 3 3 3 4 4 4 4 4 4 4 4 5 11]","2"
"1","0.3","10","0.7","10","9","3","50","true","true","0.1","0.03","2","10","29","1","[2 2 2 2 2 2 2 2 2 2 2 2 2 2 2 2 2 2 2 2 2 2 2 2 2 2 2 2 2 2 2 2 2 2 2 2 2 2 2 2 2 2 3 3 3 3 3 3 3 3 3 3 3 4 4 4 4 4 4 4 4 5 11]","2"
"1","0.3","10","0.7","10","9","3","50","true","true","0.1","0.03","2","10","30","1","[2 2 2 2 2 2 2 2 2 2 2 2 2 2 2 2 2 2 2 2 2 2 2 2 2 2 2 2 2 2 2 2 2 2 2 2 2 2 2 2 2 2 2 2 2 2 3 3 3 3 3 3 3 3 3 3 3 3 4 4 4 4 4 4 4 4 5 11]","2"
"1","0.3","10","0.7","10","9","3","50","true","true","0.1","0.03","2","10","31","1","[2 2 2 2 2 2 2 2 2 2 2 2 2 2 2 2 2 2 2 2 2 2 2 2 2 2 2 2 2 2 2 2 2 2 2 2 2 2 2 2 2 2 2 2 2 2 2 2 3 3 3 3 3 3 3 3 3 3 3 3 4 4 4 4 4 4 4 4 5 11]","2"
"1","0.3","10","0.7","10","9","3","50","true","true","0.1","0.03","2","10","32","1","[2 2 2 2 2 2 2 2 2 2 2 2 2 2 2 2 2 2 2 2 2 2 2 2 2 2 2 2 2 2 2 2 2 2 2 2 2 2 2 2 2 2 2 2 2 2 2 2 3 3 3 3 3 3 3 3 3 3 3 3 4 4 4 4 4 4 4 4 5 11]","2"
"1","0.3","10","0.7","10","9","3","50","true","true","0.1","0.03","2","10","33","1","[2 2 2 2 2 2 2 2 2 2 2 2 2 2 2 2 2 2 2 2 2 2 2 2 2 2 2 2 2 2 2 2 2 2 2 2 2 2 2 2 2 2 2 2 2 2 2 2 2 2 3 3 3 3 3 3 3 3 3 3 3 3 4 4 4 4 4 4 4 4 5 11]","2"
"1","0.3","10","0.7","10","9","3","50","true","true","0.1","0.03","2","10","34","1","[2 2 2 2 2 2 2 2 2 2 2 2 2 2 2 2 2 2 2 2 2 2 2 2 2 2 2 2 2 2 2 2 2 2 2 2 2 2 2 2 2 2 2 2 2 2 2 2 2 2 2 2 3 3 3 3 3 3 3 3 3 3 3 3 4 4 4 4 4 4 4 4 5 11]","2"
"1","0.3","10","0.7","10","9","3","50","true","true","0.1","0.03","2","10","35","1","[2 2 2 2 2 2 2 2 2 2 2 2 2 2 2 2 2 2 2 2 2 2 2 2 2 2 2 2 2 2 2 2 2 2 2 2 2 2 2 2 2 2 2 2 2 2 2 2 2 2 2 2 2 2 2 3 3 3 3 3 3 3 3 3 3 3 3 3 4 4 4 4 4 4 4 4 5 11]","2"
"1","0.3","10","0.7","10","9","3","50","true","true","0.1","0.03","2","10","36","1","[2 2 2 2 2 2 2 2 2 2 2 2 2 2 2 2 2 2 2 2 2 2 2 2 2 2 2 2 2 2 2 2 2 2 2 2 2 2 2 2 2 2 2 2 2 2 2 2 2 2 2 2 2 2 2 2 2 2 2 2 3 3 3 3 3 3 3 3 3 3 3 3 3 4 4 4 4 4 4 4 4 5 11]","2"
"1","0.3","10","0.7","10","9","3","50","true","true","0.1","0.03","2","10","37","1","[2 2 2 2 2 2 2 2 2 2 2 2 2 2 2 2 2 2 2 2 2 2 2 2 2 2 2 2 2 2 2 2 2 2 2 2 2 2 2 2 2 2 2 2 2 2 2 2 2 2 2 2 2 2 2 2 2 2 2 2 2 2 2 2 2 2 3 3 3 3 3 3 3 3 3 3 3 3 4 4 4 4 4 4 4 4 5 11]","2"
"1","0.3","10","0.7","10","9","3","50","true","true","0.1","0.03","2","10","38","1","[2 2 2 2 2 2 2 2 2 2 2 2 2 2 2 2 2 2 2 2 2 2 2 2 2 2 2 2 2 2 2 2 2 2 2 2 2 2 2 2 2 2 2 2 2 2 2 2 2 2 2 2 2 2 2 2 2 2 2 2 2 2 2 2 2 2 2 2 2 3 3 3 3 3 3 3 3 3 3 3 3 3 4 4 4 4 4 4 4 4 4 5 11]","2"
"1","0.3","10","0.7","10","9","3","50","true","true","0.1","0.03","2","10","39","1","[2 2 2 2 2 2 2 2 2 2 2 2 2 2 2 2 2 2 2 2 2 2 2 2 2 2 2 2 2 2 2 2 2 2 2 2 2 2 2 2 2 2 2 2 2 2 2 2 2 2 2 2 2 2 2 2 2 2 2 2 2 2 2 2 2 2 2 2 2 2 2 3 3 3 3 3 3 3 3 3 3 3 3 4 4 4 4 4 4 4 4 4 5 11]","2"
"1","0.3","10","0.7","10","9","3","50","true","true","0.1","0.03","2","10","40","1","[2 2 2 2 2 2 2 2 2 2 2 2 2 2 2 2 2 2 2 2 2 2 2 2 2 2 2 2 2 2 2 2 2 2 2 2 2 2 2 2 2 2 2 2 2 2 2 2 2 2 2 2 2 2 2 2 2 2 2 2 2 2 2 2 2 2 2 2 2 2 2 2 2 2 2 2 3 3 3 3 3 3 3 3 3 3 3 4 4 4 4 4 4 4 4 4 5 11]","2"
"1","0.3","10","0.7","10","9","3","50","true","true","0.1","0.03","2","10","41","1","[2 2 2 2 2 2 2 2 2 2 2 2 2 2 2 2 2 2 2 2 2 2 2 2 2 2 2 2 2 2 2 2 2 2 2 2 2 2 2 2 2 2 2 2 2 2 2 2 2 2 2 2 2 2 2 2 2 2 2 2 2 2 2 2 2 2 2 2 2 2 2 2 2 2 2 3 3 3 3 3 3 3 3 3 3 3 4 4 4 4 4 4 4 4 4 5 11]","2"
"1","0.3","10","0.7","10","9","3","50","true","true","0.1","0.03","2","10","42","1","[2 2 2 2 2 2 2 2 2 2 2 2 2 2 2 2 2 2 2 2 2 2 2 2 2 2 2 2 2 2 2 2 2 2 2 2 2 2 2 2 2 2 2 2 2 2 2 2 2 2 2 2 2 2 2 2 2 2 2 2 2 2 2 2 2 2 2 2 2 2 2 2 2 2 2 3 3 3 3 3 3 3 3 3 3 3 4 4 4 4 4 4 4 4 4 5 11]","2"
"1","0.3","10","0.7","10","9","3","50","true","true","0.1","0.03","2","10","43","1","[2 2 2 2 2 2 2 2 2 2 2 2 2 2 2 2 2 2 2 2 2 2 2 2 2 2 2 2 2 2 2 2 2 2 2 2 2 2 2 2 2 2 2 2 2 2 2 2 2 2 2 2 2 2 2 2 2 2 2 2 2 2 2 2 2 2 2 2 2 2 2 2 2 2 2 2 2 2 2 3 3 3 3 3 3 3 3 3 3 3 3 4 4 4 4 4 4 4 4 4 5 11]","2"
"1","0.3","10","0.7","10","9","3","50","true","true","0.1","0.03","2","10","44","1","[2 2 2 2 2 2 2 2 2 2 2 2 2 2 2 2 2 2 2 2 2 2 2 2 2 2 2 2 2 2 2 2 2 2 2 2 2 2 2 2 2 2 2 2 2 2 2 2 2 2 2 2 2 2 2 2 2 2 2 2 2 2 2 2 2 2 2 2 2 2 2 2 2 2 2 2 2 2 2 2 2 3 3 3 3 3 3 3 3 3 3 3 3 4 4 4 4 4 4 4 4 4 5 11]","2"
"1","0.3","10","0.7","10","9","3","50","true","true","0.1","0.03","2","10","45","1","[2 2 2 2 2 2 2 2 2 2 2 2 2 2 2 2 2 2 2 2 2 2 2 2 2 2 2 2 2 2 2 2 2 2 2 2 2 2 2 2 2 2 2 2 2 2 2 2 2 2 2 2 2 2 2 2 2 2 2 2 2 2 2 2 2 2 2 2 2 2 2 2 2 2 2 2 2 2 2 2 2 2 2 2 2 2 3 3 3 3 3 3 3 3 3 3 3 3 3 4 4 4 4 4 4 4 4 4 5 11]","2"
"1","0.3","10","0.7","10","9","3","50","true","true","0.1","0.03","2","10","46","1","[2 2 2 2 2 2 2 2 2 2 2 2 2 2 2 2 2 2 2 2 2 2 2 2 2 2 2 2 2 2 2 2 2 2 2 2 2 2 2 2 2 2 2 2 2 2 2 2 2 2 2 2 2 2 2 2 2 2 2 2 2 2 2 2 2 2 2 2 2 2 2 2 2 2 2 2 2 2 2 2 2 2 2 2 2 2 2 2 2 2 3 3 3 3 3 3 3 3 3 3 3 3 3 3 4 4 4 4 4 4 4 4 4 4 5 11]","2"
"1","0.3","10","0.7","10","9","3","50","true","true","0.1","0.03","2","10","47","1","[2 2 2 2 2 2 2 2 2 2 2 2 2 2 2 2 2 2 2 2 2 2 2 2 2 2 2 2 2 2 2 2 2 2 2 2 2 2 2 2 2 2 2 2 2 2 2 2 2 2 2 2 2 2 2 2 2 2 2 2 2 2 2 2 2 2 2 2 2 2 2 2 2 2 2 2 2 2 2 2 2 2 2 2 2 2 2 2 2 2 2 2 2 2 2 3 3 3 3 3 3 3 3 3 3 3 3 3 4 4 4 4 4 4 4 4 4 5 11]","2"
"1","0.3","10","0.7","10","9","3","50","true","true","0.1","0.03","2","10","48","1","[2 2 2 2 2 2 2 2 2 2 2 2 2 2 2 2 2 2 2 2 2 2 2 2 2 2 2 2 2 2 2 2 2 2 2 2 2 2 2 2 2 2 2 2 2 2 2 2 2 2 2 2 2 2 2 2 2 2 2 2 2 2 2 2 2 2 2 2 2 2 2 2 2 2 2 2 2 2 2 2 2 2 2 2 2 2 2 2 2 2 2 2 2 2 2 2 2 2 2 3 3 3 3 3 3 3 3 3 3 3 3 3 4 4 4 4 4 4 4 4 4 5 11]","2"
"1","0.3","10","0.7","10","9","3","50","true","true","0.1","0.03","2","10","49","1","[2 2 2 2 2 2 2 2 2 2 2 2 2 2 2 2 2 2 2 2 2 2 2 2 2 2 2 2 2 2 2 2 2 2 2 2 2 2 2 2 2 2 2 2 2 2 2 2 2 2 2 2 2 2 2 2 2 2 2 2 2 2 2 2 2 2 2 2 2 2 2 2 2 2 2 2 2 2 2 2 2 2 2 2 2 2 2 2 2 2 2 2 2 2 2 2 2 2 2 2 2 2 2 2 3 3 3 3 3 3 3 3 3 3 3 3 3 3 4 4 4 4 4 4 4 4 5 6 11]","2"
"1","0.3","10","0.7","10","9","3","50","true","true","0.1","0.03","2","10","50","1","[2 2 2 2 2 2 2 2 2 2 2 2 2 2 2 2 2 2 2 2 2 2 2 2 2 2 2 2 2 2 2 2 2 2 2 2 2 2 2 2 2 2 2 2 2 2 2 2 2 2 2 2 2 2 2 2 2 2 2 2 2 2 2 2 2 2 2 2 2 2 2 2 2 2 2 2 2 2 2 2 2 2 2 2 2 2 2 2 2 2 2 2 2 2 2 2 2 2 2 2 2 2 2 2 2 2 2 2 2 2 2 3 3 3 3 3 3 3 3 3 3 3 3 3 3 3 4 4 4 4 4 4 4 4 5 11]","2"
"2","0.3","10","0.7","10","9","3","50","true","true","0.1","0.03","2","10","0","2","[]","0"
"2","0.3","10","0.7","10","9","3","50","true","true","0.1","0.03","2","10","1","2","[2 2 2 2 3]","2"
"2","0.3","10","0.7","10","9","3","50","true","true","0.1","0.03","2","10","2","2","[2 2 2 2 2 2 2 2 3 3 3]","2"
"2","0.3","10","0.7","10","9","3","50","true","true","0.1","0.03","2","10","3","2","[2 2 2 2 2 2 2 2 2 2 2 2 2 2 3 3]","2"
"2","0.3","10","0.7","10","9","3","50","true","true","0.1","0.03","2","10","4","2","[2 2 2 2 2 2 2 2 2 2 2 2 2 2 3 3 3 3 9]","2"
"2","0.3","10","0.7","10","9","3","50","true","true","0.1","0.03","2","10","5","2","[2 2 2 2 2 2 2 2 2 2 2 2 2 2 2 2 3 3 3 3 9 9]","2"
"2","0.3","10","0.7","10","9","3","50","true","true","0.1","0.03","2","10","6","2","[2 2 2 2 2 2 2 2 2 2 2 2 2 2 2 2 2 2 2 3 3 3 3 5 9 9]","2"
"2","0.3","10","0.7","10","9","3","50","true","true","0.1","0.03","2","10","7","2","[2 2 2 2 2 2 2 2 2 2 2 2 2 2 2 2 2 2 2 2 3 3 3 3 5 5 9 9]","2"
"2","0.3","10","0.7","10","9","3","50","true","true","0.1","0.03","2","10","8","2","[2 2 2 2 2 2 2 2 2 2 2 2 2 2 2 2 2 2 2 2 2 3 3 3 3 3 4 5 5 9 9]","2"
"2","0.3","10","0.7","10","9","3","50","true","true","0.1","0.03","2","10","9","2","[2 2 2 2 2 2 2 2 2 2 2 2 2 2 2 2 2 2 2 2 3 3 3 3 3 4 5 5 5 9 9]","2"
"2","0.3","10","0.7","10","9","3","50","true","true","0.1","0.03","2","10","10","2","[2 2 2 2 2 2 2 2 2 2 2 2 2 2 2 2 2 2 2 2 2 3 3 3 3 3 4 5 5 5 9 9]","2"
"2","0.3","10","0.7","10","9","3","50","true","true","0.1","0.03","2","10","11","2","[2 2 2 2 2 2 2 2 2 2 2 2 2 2 2 2 2 2 2 2 2 3 3 3 3 3 4 4 5 5 5 9 9]","2"
"2","0.3","10","0.7","10","9","3","50","true","true","0.1","0.03","2","10","12","2","[2 2 2 2 2 2 2 2 2 2 2 2 2 2 2 2 2 2 2 2 2 2 3 3 3 3 3 4 4 5 5 5 9 9]","2"
"2","0.3","10","0.7","10","9","3","50","true","true","0.1","0.03","2","10","13","2","[2 2 2 2 2 2 2 2 2 2 2 2 2 2 2 2 2 2 2 2 2 2 2 2 2 3 3 3 3 3 3 4 4 5 5 5 9 9]","2"
"2","0.3","10","0.7","10","9","3","50","true","true","0.1","0.03","2","10","14","2","[2 2 2 2 2 2 2 2 2 2 2 2 2 2 2 2 2 2 2 2 2 2 2 2 2 3 3 3 3 3 3 4 4 5 5 5 9 9]","2"
"2","0.3","10","0.7","10","9","3","50","true","true","0.1","0.03","2","10","15","2","[2 2 2 2 2 2 2 2 2 2 2 2 2 2 2 2 2 2 2 2 2 2 2 2 3 3 3 3 3 3 3 4 4 5 5 5 9 9]","2"
"2","0.3","10","0.7","10","9","3","50","true","true","0.1","0.03","2","10","16","2","[2 2 2 2 2 2 2 2 2 2 2 2 2 2 2 2 2 2 2 2 2 2 2 2 2 2 2 3 3 3 3 3 3 4 4 5 5 5 9 9]","2"
"2","0.3","10","0.7","10","9","3","50","true","true","0.1","0.03","2","10","17","2","[2 2 2 2 2 2 2 2 2 2 2 2 2 2 2 2 2 2 2 2 2 2 2 2 2 2 2 2 3 3 3 3 3 3 4 4 5 5 5 9 9]","2"
"2","0.3","10","0.7","10","9","3","50","true","true","0.1","0.03","2","10","18","2","[2 2 2 2 2 2 2 2 2 2 2 2 2 2 2 2 2 2 2 2 2 2 2 2 2 2 2 2 2 2 2 2 3 3 3 3 3 3 4 4 5 5 5 9 9]","2"
"2","0.3","10","0.7","10","9","3","50","true","true","0.1","0.03","2","10","19","2","[2 2 2 2 2 2 2 2 2 2 2 2 2 2 2 2 2 2 2 2 2 2 2 2 2 2 2 2 2 2 2 2 2 3 3 3 3 3 3 4 4 5 5 5 9 9]","2"
"2","0.3","10","0.7","10","9","3","50","true","true","0.1","0.03","2","10","20","2","[2 2 2 2 2 2 2 2 2 2 2 2 2 2 2 2 2 2 2 2 2 2 2 2 2 2 2 2 2 2 2 2 2 2 2 2 3 3 3 3 3 3 4 4 5 5 5 9 9]","2"
"2","0.3","10","0.7","10","9","3","50","true","true","0.1","0.03","2","10","21","2","[2 2 2 2 2 2 2 2 2 2 2 2 2 2 2 2 2 2 2 2 2 2 2 2 2 2 2 2 2 2 2 2 2 2 2 2 2 3 3 3 3 3 3 4 4 5 5 5 9 9]","2"
"2","0.3","10","0.7","10","9","3","50","true","true","0.1","0.03","2","10","22","2","[2 2 2 2 2 2 2 2 2 2 2 2 2 2 2 2 2 2 2 2 2 2 2 2 2 2 2 2 2 2 2 2 2 2 2 2 2 2 3 3 3 3 3 3 4 4 5 5 5 9 9]","2"
"2","0.3","10","0.7","10","9","3","50","true","true","0.1","0.03","2","10","23","2","[2 2 2 2 2 2 2 2 2 2 2 2 2 2 2 2 2 2 2 2 2 2 2 2 2 2 2 2 2 2 2 2 2 2 2 2 2 2 3 3 3 3 3 3 4 4 5 5 5 9 9]","2"
"2","0.3","10","0.7","10","9","3","50","true","true","0.1","0.03","2","10","24","2","[2 2 2 2 2 2 2 2 2 2 2 2 2 2 2 2 2 2 2 2 2 2 2 2 2 2 2 2 2 2 2 2 2 2 2 2 2 2 3 3 3 3 3 3 4 4 5 5 5 9 9]","2"
"2","0.3","10","0.7","10","9","3","50","true","true","0.1","0.03","2","10","25","2","[2 2 2 2 2 2 2 2 2 2 2 2 2 2 2 2 2 2 2 2 2 2 2 2 2 2 2 2 2 2 2 2 2 2 2 2 2 2 2 3 3 3 3 3 3 4 4 5 5 5 9 9]","2"
"2","0.3","10","0.7","10","9","3","50","true","true","0.1","0.03","2","10","26","2","[2 2 2 2 2 2 2 2 2 2 2 2 2 2 2 2 2 2 2 2 2 2 2 2 2 2 2 2 2 2 2 2 2 2 2 2 2 2 2 2 2 2 3 3 3 3 3 3 4 4 5 5 5 9 9]","2"
"2","0.3","10","0.7","10","9","3","50","true","true","0.1","0.03","2","10","27","2","[2 2 2 2 2 2 2 2 2 2 2 2 2 2 2 2 2 2 2 2 2 2 2 2 2 2 2 2 2 2 2 2 2 2 2 2 2 2 2 2 2 2 3 3 3 3 3 3 4 4 5 5 5 9 9]","2"
"2","0.3","10","0.7","10","9","3","50","true","true","0.1","0.03","2","10","28","2","[2 2 2 2 2 2 2 2 2 2 2 2 2 2 2 2 2 2 2 2 2 2 2 2 2 2 2 2 2 2 2 2 2 2 2 2 2 2 2 2 2 2 2 3 3 3 3 3 3 3 4 4 5 5 5 9 9]","2"
"2","0.3","10","0.7","10","9","3","50","true","true","0.1","0.03","2","10","29","2","[2 2 2 2 2 2 2 2 2 2 2 2 2 2 2 2 2 2 2 2 2 2 2 2 2 2 2 2 2 2 2 2 2 2 2 2 2 2 2 2 2 2 2 2 3 3 3 3 3 3 3 4 4 4 5 5 5 5 9 9]","2"
"2","0.3","10","0.7","10","9","3","50","true","true","0.1","0.03","2","10","30","2","[2 2 2 2 2 2 2 2 2 2 2 2 2 2 2 2 2 2 2 2 2 2 2 2 2 2 2 2 2 2 2 2 2 2 2 2 2 2 2 2 2 2 2 2 2 3 3 3 3 3 3 3 3 4 4 4 5 5 5 5 9 9]","2"
"2","0.3","10","0.7","10","9","3","50","true","true","0.1","0.03","2","10","31","2","[2 2 2 2 2 2 2 2 2 2 2 2 2 2 2 2 2 2 2 2 2 2 2 2 2 2 2 2 2 2 2 2 2 2 2 2 2 2 2 2 2 2 2 2 2 2 2 2 3 3 3 3 3 3 3 3 3 4 4 4 5 5 5 5 9 9]","2"
"2","0.3","10","0.7","10","9","3","50","true","true","0.1","0.03","2","10","32","2","[2 2 2 2 2 2 2 2 2 2 2 2 2 2 2 2 2 2 2 2 2 2 2 2 2 2 2 2 2 2 2 2 2 2 2 2 2 2 2 2 2 2 2 2 2 2 2 2 2 2 3 3 3 3 3 3 3 3 3 3 4 4 4 4 5 5 5 9 9]","2"
"2","0.3","10","0.7","10","9","3","50","true","true","0.1","0.03","2","10","33","2","[2 2 2 2 2 2 2 2 2 2 2 2 2 2 2 2 2 2 2 2 2 2 2 2 2 2 2 2 2 2 2 2 2 2 2 2 2 2 2 2 2 2 2 2 2 2 2 2 2 2 2 2 3 3 3 3 3 3 3 3 3 3 3 4 4 4 4 5 5 5 9 9]","2"
"2","0.3","10","0.7","10","9","3","50","true","true","0.1","0.03","2","10","34","2","[2 2 2 2 2 2 2 2 2 2 2 2 2 2 2 2 2 2 2 2 2 2 2 2 2 2 2 2 2 2 2 2 2 2 2 2 2 2 2 2 2 2 2 2 2 2 2 2 2 2 2 2 2 2 2 2 2 2 2 3 3 3 3 3 3 3 3 3 3 3 4 4 4 4 5 5 5 9 9]","2"
"2","0.3","10","0.7","10","9","3","50","true","true","0.1","0.03","2","10","35","2","[2 2 2 2 2 2 2 2 2 2 2 2 2 2 2 2 2 2 2 2 2 2 2 2 2 2 2 2 2 2 2 2 2 2 2 2 2 2 2 2 2 2 2 2 2 2 2 2 2 2 2 2 2 2 2 2 2 2 2 2 3 3 3 3 3 3 3 3 3 3 4 4 4 4 5 5 5 6 9 9]","2"
"2","0.3","10","0.7","10","9","3","50","true","true","0.1","0.03","2","10","36","2","[2 2 2 2 2 2 2 2 2 2 2 2 2 2 2 2 2 2 2 2 2 2 2 2 2 2 2 2 2 2 2 2 2 2 2 2 2 2 2 2 2 2 2 2 2 2 2 2 2 2 2 2 2 2 2 2 2 2 2 2 2 3 3 3 3 3 3 3 3 3 3 4 4 4 4 5 5 5 6 9 9]","2"
"2","0.3","10","0.7","10","9","3","50","true","true","0.1","0.03","2","10","37","2","[2 2 2 2 2 2 2 2 2 2 2 2 2 2 2 2 2 2 2 2 2 2 2 2 2 2 2 2 2 2 2 2 2 2 2 2 2 2 2 2 2 2 2 2 2 2 2 2 2 2 2 2 2 2 2 2 2 2 2 2 2 2 2 2 2 3 3 3 3 3 3 3 3 3 3 4 4 4 4 5 5 5 6 9 9]","2"
"2","0.3","10","0.7","10","9","3","50","true","true","0.1","0.03","2","10","38","2","[2 2 2 2 2 2 2 2 2 2 2 2 2 2 2 2 2 2 2 2 2 2 2 2 2 2 2 2 2 2 2 2 2 2 2 2 2 2 2 2 2 2 2 2 2 2 2 2 2 2 2 2 2 2 2 2 2 2 2 2 2 2 2 2 2 2 2 2 2 2 3 3 3 3 3 3 3 3 3 3 4 4 4 4 5 5 5 6 9 9]","2"
"2","0.3","10","0.7","10","9","3","50","true","true","0.1","0.03","2","10","39","2","[2 2 2 2 2 2 2 2 2 2 2 2 2 2 2 2 2 2 2 2 2 2 2 2 2 2 2 2 2 2 2 2 2 2 2 2 2 2 2 2 2 2 2 2 2 2 2 2 2 2 2 2 2 2 2 2 2 2 2 2 2 2 2 2 2 2 2 2 2 2 2 3 3 3 3 3 3 3 3 3 3 3 4 4 4 4 5 5 5 6 9 9]","2"
"2","0.3","10","0.7","10","9","3","50","true","true","0.1","0.03","2","10","40","2","[2 2 2 2 2 2 2 2 2 2 2 2 2 2 2 2 2 2 2 2 2 2 2 2 2 2 2 2 2 2 2 2 2 2 2 2 2 2 2 2 2 2 2 2 2 2 2 2 2 2 2 2 2 2 2 2 2 2 2 2 2 2 2 2 2 2 2 2 2 2 2 2 2 3 3 3 3 3 3 3 3 3 3 3 3 4 4 4 4 5 5 5 6 9 9]","2"
"2","0.3","10","0.7","10","9","3","50","true","true","0.1","0.03","2","10","41","2","[2 2 2 2 2 2 2 2 2 2 2 2 2 2 2 2 2 2 2 2 2 2 2 2 2 2 2 2 2 2 2 2 2 2 2 2 2 2 2 2 2 2 2 2 2 2 2 2 2 2 2 2 2 2 2 2 2 2 2 2 2 2 2 2 2 2 2 2 2 2 2 2 2 2 2 2 3 3 3 3 3 3 3 3 3 3 3 3 3 4 4 4 4 5 5 5 5 6 9 9]","2"
"2","0.3","10","0.7","10","9","3","50","true","true","0.1","0.03","2","10","42","2","[2 2 2 2 2 2 2 2 2 2 2 2 2 2 2 2 2 2 2 2 2 2 2 2 2 2 2 2 2 2 2 2 2 2 2 2 2 2 2 2 2 2 2 2 2 2 2 2 2 2 2 2 2 2 2 2 2 2 2 2 2 2 2 2 2 2 2 2 2 2 2 2 2 2 2 2 3 3 3 3 3 3 3 3 3 3 3 3 3 3 3 4 4 4 5 5 5 5 6 9 9]","2"
"2","0.3","10","0.7","10","9","3","50","true","true","0.1","0.03","2","10","43","2","[2 2 2 2 2 2 2 2 2 2 2 2 2 2 2 2 2 2 2 2 2 2 2 2 2 2 2 2 2 2 2 2 2 2 2 2 2 2 2 2 2 2 2 2 2 2 2 2 2 2 2 2 2 2 2 2 2 2 2 2 2 2 2 2 2 2 2 2 2 2 2 2 2 2 2 2 2 2 2 2 3 3 3 3 3 3 3 3 3 3 3 3 3 4 4 4 5 5 5 5 6 9 9 9]","2"
"2","0.3","10","0.7","10","9","3","50","true","true","0.1","0.03","2","10","44","2","[2 2 2 2 2 2 2 2 2 2 2 2 2 2 2 2 2 2 2 2 2 2 2 2 2 2 2 2 2 2 2 2 2 2 2 2 2 2 2 2 2 2 2 2 2 2 2 2 2 2 2 2 2 2 2 2 2 2 2 2 2 2 2 2 2 2 2 2 2 2 2 2 2 2 2 2 2 2 2 2 2 2 2 2 2 3 3 3 3 3 3 3 3 3 3 3 3 3 3 4 4 4 5 5 5 5 6 9 9 9]","2"
"2","0.3","10","0.7","10","9","3","50","true","true","0.1","0.03","2","10","45","2","[2 2 2 2 2 2 2 2 2 2 2 2 2 2 2 2 2 2 2 2 2 2 2 2 2 2 2 2 2 2 2 2 2 2 2 2 2 2 2 2 2 2 2 2 2 2 2 2 2 2 2 2 2 2 2 2 2 2 2 2 2 2 2 2 2 2 2 2 2 2 2 2 2 2 2 2 2 2 2 2 2 2 2 2 2 3 3 3 3 3 3 3 3 3 3 3 3 3 3 3 4 4 4 5 5 5 5 6 9 9 9 9]","2"
"2","0.3","10","0.7","10","9","3","50","true","true","0.1","0.03","2","10","46","2","[2 2 2 2 2 2 2 2 2 2 2 2 2 2 2 2 2 2 2 2 2 2 2 2 2 2 2 2 2 2 2 2 2 2 2 2 2 2 2 2 2 2 2 2 2 2 2 2 2 2 2 2 2 2 2 2 2 2 2 2 2 2 2 2 2 2 2 2 2 2 2 2 2 2 2 2 2 2 2 2 2 2 2 2 2 2 2 2 2 2 2 3 3 3 3 3 3 3 3 3 3 3 3 3 3 3 3 3 4 4 4 5 5 5 5 6 9 9 9 9]","2"
"2","0.3","10","0.7","10","9","3","50","true","true","0.1","0.03","2","10","47","2","[2 2 2 2 2 2 2 2 2 2 2 2 2 2 2 2 2 2 2 2 2 2 2 2 2 2 2 2 2 2 2 2 2 2 2 2 2 2 2 2 2 2 2 2 2 2 2 2 2 2 2 2 2 2 2 2 2 2 2 2 2 2 2 2 2 2 2 2 2 2 2 2 2 2 2 2 2 2 2 2 2 2 2 2 2 2 2 2 2 2 2 2 2 2 2 2 2 3 3 3 3 3 3 3 3 3 3 3 3 3 3 3 3 3 4 4 4 5 5 5 5 6 8 9 9 9]","2"
"2","0.3","10","0.7","10","9","3","50","true","true","0.1","0.03","2","10","48","2","[2 2 2 2 2 2 2 2 2 2 2 2 2 2 2 2 2 2 2 2 2 2 2 2 2 2 2 2 2 2 2 2 2 2 2 2 2 2 2 2 2 2 2 2 2 2 2 2 2 2 2 2 2 2 2 2 2 2 2 2 2 2 2 2 2 2 2 2 2 2 2 2 2 2 2 2 2 2 2 2 2 2 2 2 2 2 2 2 2 2 2 2 2 2 2 2 2 2 2 2 2 2 3 3 3 3 3 3 3 3 3 3 3 3 3 3 3 3 3 3 3 4 4 5 5 5 5 6 9 9 9]","2"
"2","0.3","10","0.7","10","9","3","50","true","true","0.1","0.03","2","10","49","2","[2 2 2 2 2 2 2 2 2 2 2 2 2 2 2 2 2 2 2 2 2 2 2 2 2 2 2 2 2 2 2 2 2 2 2 2 2 2 2 2 2 2 2 2 2 2 2 2 2 2 2 2 2 2 2 2 2 2 2 2 2 2 2 2 2 2 2 2 2 2 2 2 2 2 2 2 2 2 2 2 2 2 2 2 2 2 2 2 2 2 2 2 2 2 2 2 2 2 2 2 2 2 3 3 3 3 3 3 3 3 3 3 3 3 3 3 3 3 3 3 3 3 4 4 5 5 5 5 6 7 9 9 9]","2"
"2","0.3","10","0.7","10","9","3","50","true","true","0.1","0.03","2","10","50","2","[2 2 2 2 2 2 2 2 2 2 2 2 2 2 2 2 2 2 2 2 2 2 2 2 2 2 2 2 2 2 2 2 2 2 2 2 2 2 2 2 2 2 2 2 2 2 2 2 2 2 2 2 2 2 2 2 2 2 2 2 2 2 2 2 2 2 2 2 2 2 2 2 2 2 2 2 2 2 2 2 2 2 2 2 2 2 2 2 2 2 2 2 2 2 2 2 2 2 2 2 2 2 2 2 2 2 3 3 3 3 3 3 3 3 3 3 3 3 3 3 3 3 3 3 3 4 4 4 5 5 5 6 7 9 9 9]","2"
"3","0.3","10","0.7","10","9","3","50","true","true","0.1","0.03","2","10","0","3","[]","0"
"3","0.3","10","0.7","10","9","3","50","true","true","0.1","0.03","2","10","1","3","[2 3 5]","2"
"3","0.3","10","0.7","10","9","3","50","true","true","0.1","0.03","2","10","2","3","[2 2 2 2 3 4 5]","2"
"3","0.3","10","0.7","10","9","3","50","true","true","0.1","0.03","2","10","3","3","[2 2 2 2 2 2 3 3 4 5 5]","2"
"3","0.3","10","0.7","10","9","3","50","true","true","0.1","0.03","2","10","4","3","[2 2 2 2 2 2 2 3 3 4 5 5 6]","2"
"3","0.3","10","0.7","10","9","3","50","true","true","0.1","0.03","2","10","5","3","[2 2 2 2 2 2 2 2 2 3 3 4 5 5 6 17]","2"
"3","0.3","10","0.7","10","9","3","50","true","true","0.1","0.03","2","10","6","3","[2 2 2 2 2 2 2 2 2 3 3 3 3 4 4 5 5 5 6 7 17]","2"
"3","0.3","10","0.7","10","9","3","50","true","true","0.1","0.03","2","10","7","3","[2 2 2 2 2 2 2 2 2 2 3 3 3 3 4 4 5 5 5 5 6 7 17]","2"
"3","0.3","10","0.7","10","9","3","50","true","true","0.1","0.03","2","10","8","3","[2 2 2 2 2 2 2 2 2 2 2 2 3 3 3 3 3 4 4 5 5 5 5 6 7 17]","2"
"3","0.3","10","0.7","10","9","3","50","true","true","0.1","0.03","2","10","9","3","[2 2 2 2 2 2 2 2 2 2 2 2 3 3 3 3 3 3 4 4 5 5 5 5 5 6 7 17]","2"
"3","0.3","10","0.7","10","9","3","50","true","true","0.1","0.03","2","10","10","3","[2 2 2 2 2 2 2 2 2 2 2 2 2 3 3 3 3 3 3 4 4 4 5 5 5 5 5 6 7 17]","2"
"3","0.3","10","0.7","10","9","3","50","true","true","0.1","0.03","2","10","11","3","[2 2 2 2 2 2 2 2 2 2 2 2 2 2 2 2 2 3 3 3 3 3 3 4 4 4 5 5 5 5 5 6 7 17]","2"
"3","0.3","10","0.7","10","9","3","50","true","true","0.1","0.03","2","10","12","3","[2 2 2 2 2 2 2 2 2 2 2 2 2 2 2 2 2 2 3 3 3 3 3 3 4 4 4 4 5 5 5 5 6 7 17]","2"
"3","0.3","10","0.7","10","9","3","50","true","true","0.1","0.03","2","10","13","3","[2 2 2 2 2 2 2 2 2 2 2 2 2 2 2 2 2 2 2 2 2 3 3 3 3 3 3 4 4 4 4 5 5 5 5 6 7 17]","2"
"3","0.3","10","0.7","10","9","3","50","true","true","0.1","0.03","2","10","14","3","[2 2 2 2 2 2 2 2 2 2 2 2 2 2 2 2 2 2 2 2 2 2 3 3 3 3 3 3 3 4 4 4 5 5 5 5 6 7 17]","2"
"3","0.3","10","0.7","10","9","3","50","true","true","0.1","0.03","2","10","15","3","[2 2 2 2 2 2 2 2 2 2 2 2 2 2 2 2 2 2 2 2 2 2 2 2 3 3 3 3 3 3 4 4 4 5 5 5 5 6 7 17]","2"
"3","0.3","10","0.7","10","9","3","50","true","true","0.1","0.03","2","10","16","3","[2 2 2 2 2 2 2 2 2 2 2 2 2 2 2 2 2 2 2 2 2 2 2 2 2 3 3 3 3 3 3 4 4 4 5 5 5 5 6 7 17]","2"
"3","0.3","10","0.7","10","9","3","50","true","true","0.1","0.03","2","10","17","3","[2 2 2 2 2 2 2 2 2 2 2 2 2 2 2 2 2 2 2 2 2 2 2 2 2 2 2 2 2 3 3 3 3 3 3 3 4 4 4 5 5 5 5 6 7 17]","2"
"3","0.3","10","0.7","10","9","3","50","true","true","0.1","0.03","2","10","18","3","[2 2 2 2 2 2 2 2 2 2 2 2 2 2 2 2 2 2 2 2 2 2 2 2 2 2 2 2 2 2 3 3 3 3 3 3 3 4 4 4 5 5 5 6 7 17]","2"
"3","0.3","10","0.7","10","9","3","50","true","true","0.1","0.03","2","10","19","3","[2 2 2 2 2 2 2 2 2 2 2 2 2 2 2 2 2 2 2 2 2 2 2 2 2 2 2 2 2 2 3 3 3 3 3 3 3 4 4 4 5 5 5 6 7 17]","2"
"3","0.3","10","0.7","10","9","3","50","true","true","0.1","0.03","2","10","20","3","[2 2 2 2 2 2 2 2 2 2 2 2 2 2 2 2 2 2 2 2 2 2 2 2 2 2 2 2 2 2 2 2 2 3 3 3 3 3 3 3 4 4 4 5 5 5 6 7 17]","2"
"3","0.3","10","0.7","10","9","3","50","true","true","0.1","0.03","2","10","21","3","[2 2 2 2 2 2 2 2 2 2 2 2 2 2 2 2 2 2 2 2 2 2 2 2 2 2 2 2 2 2 2 2 2 2 2 2 2 3 3 3 3 3 3 3 4 4 4 5 5 5 6 7 17]","2"
"3","0.3","10","0.7","10","9","3","50","true","true","0.1","0.03","2","10","22","3","[2 2 2 2 2 2 2 2 2 2 2 2 2 2 2 2 2 2 2 2 2 2 2 2 2 2 2 2 2 2 2 2 2 2 2 2 2 2 2 3 3 3 3 3 3 3 4 4 4 5 5 5 6 7 17]","2"
"3","0.3","10","0.7","10","9","3","50","true","true","0.1","0.03","2","10","23","3","[2 2 2 2 2 2 2 2 2 2 2 2 2 2 2 2 2 2 2 2 2 2 2 2 2 2 2 2 2 2 2 2 2 2 2 2 2 2 2 2 3 3 3 3 3 3 3 4 4 4 5 5 5 6 7 17]","2"
"3","0.3","10","0.7","10","9","3","50","true","true","0.1","0.03","2","10","24","3","[2 2 2 2 2 2 2 2 2 2 2 2 2 2 2 2 2 2 2 2 2 2 2 2 2 2 2 2 2 2 2 2 2 2 2 2 2 2 2 2 2 2 2 3 3 3 3 3 3 3 4 4 4 5 5 5 6 7 17]","2"
"3","0.3","10","0.7","10","9","3","50","true","true","0.1","0.03","2","10","25","3","[2 2 2 2 2 2 2 2 2 2 2 2 2 2 2 2 2 2 2 2 2 2 2 2 2 2 2 2 2 2 2 2 2 2 2 2 2 2 2 2 2 2 2 2 2 3 3 3 3 3 3 3 4 4 4 5 5 5 6 7 17]","2"
"3","0.3","10","0.7","10","9","3","50","true","true","0.1","0.03","2","10","26","3","[2 2 2 2 2 2 2 2 2 2 2 2 2 2 2 2 2 2 2 2 2 2 2 2 2 2 2 2 2 2 2 2 2 2 2 2 2 2 2 2 2 2 2 2 2 2 2 3 3 3 3 3 3 3 4 4 4 5 5 5 6 7 17]","2"
"3","0.3","10","0.7","10","9","3","50","true","true","0.1","0.03","2","10","27","3","[2 2 2 2 2 2 2 2 2 2 2 2 2 2 2 2 2 2 2 2 2 2 2 2 2 2 2 2 2 2 2 2 2 2 2 2 2 2 2 2 2 2 2 2 2 2 2 2 2 3 3 3 3 3 3 3 3 4 4 4 5 5 5 6 7 17]","2"
"3","0.3","10","0.7","10","9","3","50","true","true","0.1","0.03","2","10","28","3","[2 2 2 2 2 2 2 2 2 2 2 2 2 2 2 2 2 2 2 2 2 2 2 2 2 2 2 2 2 2 2 2 2 2 2 2 2 2 2 2 2 2 2 2 2 2 2 2 2 3 3 3 3 3 3 3 3 3 4 4 5 5 5 6 7 17]","2"
"3","0.3","10","0.7","10","9","3","50","true","true","0.1","0.03","2","10","29","3","[2 2 2 2 2 2 2 2 2 2 2 2 2 2 2 2 2 2 2 2 2 2 2 2 2 2 2 2 2 2 2 2 2 2 2 2 2 2 2 2 2 2 2 2 2 2 2 2 2 3 3 3 3 3 3 3 3 4 4 5 5 5 6 7 17]","2"
"3","0.3","10","0.7","10","9","3","50","true","true","0.1","0.03","2","10","30","3","[2 2 2 2 2 2 2 2 2 2 2 2 2 2 2 2 2 2 2 2 2 2 2 2 2 2 2 2 2 2 2 2 2 2 2 2 2 2 2 2 2 2 2 2 2 2 2 2 2 2 3 3 3 3 3 3 3 3 4 4 5 5 5 6 7 17]","2"
"3","0.3","10","0.7","10","9","3","50","true","true","0.1","0.03","2","10","31","3","[2 2 2 2 2 2 2 2 2 2 2 2 2 2 2 2 2 2 2 2 2 2 2 2 2 2 2 2 2 2 2 2 2 2 2 2 2 2 2 2 2 2 2 2 2 2 2 2 2 2 2 2 2 3 3 3 3 3 3 3 3 4 4 5 5 5 6 7 17]","2"
"3","0.3","10","0.7","10","9","3","50","true","true","0.1","0.03","2","10","32","3","[2 2 2 2 2 2 2 2 2 2 2 2 2 2 2 2 2 2 2 2 2 2 2 2 2 2 2 2 2 2 2 2 2 2 2 2 2 2 2 2 2 2 2 2 2 2 2 2 2 2 2 2 2 2 2 2 2 2 3 3 3 3 3 3 3 3 4 4 5 5 5 6 7 17]","2"
"3","0.3","10","0.7","10","9","3","50","true","true","0.1","0.03","2","10","33","3","[2 2 2 2 2 2 2 2 2 2 2 2 2 2 2 2 2 2 2 2 2 2 2 2 2 2 2 2 2 2 2 2 2 2 2 2 2 2 2 2 2 2 2 2 2 2 2 2 2 2 2 2 2 2 2 2 2 2 2 2 2 3 3 3 3 3 3 3 3 4 4 5 5 5 5 6 7 17]","2"
"3","0.3","10","0.7","10","9","3","50","true","true","0.1","0.03","2","10","34","3","[2 2 2 2 2 2 2 2 2 2 2 2 2 2 2 2 2 2 2 2 2 2 2 2 2 2 2 2 2 2 2 2 2 2 2 2 2 2 2 2 2 2 2 2 2 2 2 2 2 2 2 2 2 2 2 2 2 2 2 2 2 2 2 2 2 3 3 3 3 3 3 3 3 4 4 5 5 5 5 6 7 17]","2"
"3","0.3","10","0.7","10","9","3","50","true","true","0.1","0.03","2","10","35","3","[2 2 2 2 2 2 2 2 2 2 2 2 2 2 2 2 2 2 2 2 2 2 2 2 2 2 2 2 2 2 2 2 2 2 2 2 2 2 2 2 2 2 2 2 2 2 2 2 2 2 2 2 2 2 2 2 2 2 2 2 2 2 2 2 2 2 2 2 3 3 3 3 3 3 3 3 3 4 4 5 5 5 6 7 17]","2"
"3","0.3","10","0.7","10","9","3","50","true","true","0.1","0.03","2","10","36","3","[2 2 2 2 2 2 2 2 2 2 2 2 2 2 2 2 2 2 2 2 2 2 2 2 2 2 2 2 2 2 2 2 2 2 2 2 2 2 2 2 2 2 2 2 2 2 2 2 2 2 2 2 2 2 2 2 2 2 2 2 2 2 2 2 2 2 2 2 2 2 2 3 3 3 3 3 3 3 3 4 4 5 5 5 5 6 7]","2"
"3","0.3","10","0.7","10","9","3","50","true","true","0.1","0.03","2","10","37","3","[2 2 2 2 2 2 2 2 2 2 2 2 2 2 2 2 2 2 2 2 2 2 2 2 2 2 2 2 2 2 2 2 2 2 2 2 2 2 2 2 2 2 2 2 2 2 2 2 2 2 2 2 2 2 2 2 2 2 2 2 2 2 2 2 2 2 2 2 2 2 2 3 3 3 3 3 3 3 3 3 4 4 5 5 5 6 7]","2"
"3","0.3","10","0.7","10","9","3","50","true","true","0.1","0.03","2","10","38","3","[2 2 2 2 2 2 2 2 2 2 2 2 2 2 2 2 2 2 2 2 2 2 2 2 2 2 2 2 2 2 2 2 2 2 2 2 2 2 2 2 2 2 2 2 2 2 2 2 2 2 2 2 2 2 2 2 2 2 2 2 2 2 2 2 2 2 2 2 2 2 2 2 2 2 2 2 3 3 3 3 3 3 3 3 3 3 4 4 5 5 5 6 7]","2"
"3","0.3","10","0.7","10","9","3","50","true","true","0.1","0.03","2","10","39","3","[2 2 2 2 2 2 2 2 2 2 2 2 2 2 2 2 2 2 2 2 2 2 2 2 2 2 2 2 2 2 2 2 2 2 2 2 2 2 2 2 2 2 2 2 2 2 2 2 2 2 2 2 2 2 2 2 2 2 2 2 2 2 2 2 2 2 2 2 2 2 2 2 2 2 2 2 2 2 3 3 3 3 3 3 3 3 3 3 3 4 4 5 5 5 6 7]","2"
"3","0.3","10","0.7","10","9","3","50","true","true","0.1","0.03","2","10","40","3","[2 2 2 2 2 2 2 2 2 2 2 2 2 2 2 2 2 2 2 2 2 2 2 2 2 2 2 2 2 2 2 2 2 2 2 2 2 2 2 2 2 2 2 2 2 2 2 2 2 2 2 2 2 2 2 2 2 2 2 2 2 2 2 2 2 2 2 2 2 2 2 2 2 2 2 2 2 2 3 3 3 3 3 3 3 3 3 3 3 3 4 4 4 5 5 5 6 7]","2"
"3","0.3","10","0.7","10","9","3","50","true","true","0.1","0.03","2","10","41","3","[2 2 2 2 2 2 2 2 2 2 2 2 2 2 2 2 2 2 2 2 2 2 2 2 2 2 2 2 2 2 2 2 2 2 2 2 2 2 2 2 2 2 2 2 2 2 2 2 2 2 2 2 2 2 2 2 2 2 2 2 2 2 2 2 2 2 2 2 2 2 2 2 2 2 2 2 2 2 2 2 3 3 3 3 3 3 3 3 3 3 3 3 4 4 4 4 5 5 5 6 7]","2"
"3","0.3","10","0.7","10","9","3","50","true","true","0.1","0.03","2","10","42","3","[2 2 2 2 2 2 2 2 2 2 2 2 2 2 2 2 2 2 2 2 2 2 2 2 2 2 2 2 2 2 2 2 2 2 2 2 2 2 2 2 2 2 2 2 2 2 2 2 2 2 2 2 2 2 2 2 2 2 2 2 2 2 2 2 2 2 2 2 2 2 2 2 2 2 2 2 2 2 2 2 2 2 3 3 3 3 3 3 3 3 3 3 3 3 3 4 4 4 4 5 5 5 6 7]","2"
"3","0.3","10","0.7","10","9","3","50","true","true","0.1","0.03","2","10","43","3","[2 2 2 2 2 2 2 2 2 2 2 2 2 2 2 2 2 2 2 2 2 2 2 2 2 2 2 2 2 2 2 2 2 2 2 2 2 2 2 2 2 2 2 2 2 2 2 2 2 2 2 2 2 2 2 2 2 2 2 2 2 2 2 2 2 2 2 2 2 2 2 2 2 2 2 2 2 2 2 2 2 2 2 2 2 2 3 3 3 3 3 3 3 3 3 3 3 3 3 4 4 4 4 5 5 5 6 7]","2"
"3","0.3","10","0.7","10","9","3","50","true","true","0.1","0.03","2","10","44","3","[2 2 2 2 2 2 2 2 2 2 2 2 2 2 2 2 2 2 2 2 2 2 2 2 2 2 2 2 2 2 2 2 2 2 2 2 2 2 2 2 2 2 2 2 2 2 2 2 2 2 2 2 2 2 2 2 2 2 2 2 2 2 2 2 2 2 2 2 2 2 2 2 2 2 2 2 2 2 2 2 2 2 2 2 2 2 2 2 2 2 2 2 3 3 3 3 3 3 3 3 3 3 3 3 4 4 4 4 5 5 5 6 7]","2"
"3","0.3","10","0.7","10","9","3","50","true","true","0.1","0.03","2","10","45","3","[2 2 2 2 2 2 2 2 2 2 2 2 2 2 2 2 2 2 2 2 2 2 2 2 2 2 2 2 2 2 2 2 2 2 2 2 2 2 2 2 2 2 2 2 2 2 2 2 2 2 2 2 2 2 2 2 2 2 2 2 2 2 2 2 2 2 2 2 2 2 2 2 2 2 2 2 2 2 2 2 2 2 2 2 2 2 2 2 2 2 2 2 2 2 2 2 3 3 3 3 3 3 3 3 3 3 3 3 3 4 4 4 4 5 5 5 6 7]","2"
"3","0.3","10","0.7","10","9","3","50","true","true","0.1","0.03","2","10","46","3","[2 2 2 2 2 2 2 2 2 2 2 2 2 2 2 2 2 2 2 2 2 2 2 2 2 2 2 2 2 2 2 2 2 2 2 2 2 2 2 2 2 2 2 2 2 2 2 2 2 2 2 2 2 2 2 2 2 2 2 2 2 2 2 2 2 2 2 2 2 2 2 2 2 2 2 2 2 2 2 2 2 2 2 2 2 2 2 2 2 2 2 2 2 2 2 2 2 2 2 2 3 3 3 3 3 3 3 3 3 3 3 3 3 3 4 4 4 4 5 5 6 7]","2"
"3","0.3","10","0.7","10","9","3","50","true","true","0.1","0.03","2","10","47","3","[2 2 2 2 2 2 2 2 2 2 2 2 2 2 2 2 2 2 2 2 2 2 2 2 2 2 2 2 2 2 2 2 2 2 2 2 2 2 2 2 2 2 2 2 2 2 2 2 2 2 2 2 2 2 2 2 2 2 2 2 2 2 2 2 2 2 2 2 2 2 2 2 2 2 2 2 2 2 2 2 2 2 2 2 2 2 2 2 2 2 2 2 2 2 2 2 2 2 2 2 2 2 3 3 3 3 3 3 3 3 3 3 3 3 3 4 4 4 4 5 5 6 7]","2"
"3","0.3","10","0.7","10","9","3","50","true","true","0.1","0.03","2","10","48","3","[2 2 2 2 2 2 2 2 2 2 2 2 2 2 2 2 2 2 2 2 2 2 2 2 2 2 2 2 2 2 2 2 2 2 2 2 2 2 2 2 2 2 2 2 2 2 2 2 2 2 2 2 2 2 2 2 2 2 2 2 2 2 2 2 2 2 2 2 2 2 2 2 2 2 2 2 2 2 2 2 2 2 2 2 2 2 2 2 2 2 2 2 2 2 2 2 2 2 2 2 2 2 2 3 3 3 3 3 3 3 3 3 3 3 3 3 3 4 4 4 4 5 5 6]","2"
"3","0.3","10","0.7","10","9","3","50","true","true","0.1","0.03","2","10","49","3","[2 2 2 2 2 2 2 2 2 2 2 2 2 2 2 2 2 2 2 2 2 2 2 2 2 2 2 2 2 2 2 2 2 2 2 2 2 2 2 2 2 2 2 2 2 2 2 2 2 2 2 2 2 2 2 2 2 2 2 2 2 2 2 2 2 2 2 2 2 2 2 2 2 2 2 2 2 2 2 2 2 2 2 2 2 2 2 2 2 2 2 2 2 2 2 2 2 2 2 2 2 2 2 2 2 3 3 3 3 3 3 3 3 3 3 3 3 3 3 3 3 4 4 4 4 5 5 6]","2"
"3","0.3","10","0.7","10","9","3","50","true","true","0.1","0.03","2","10","50","3","[2 2 2 2 2 2 2 2 2 2 2 2 2 2 2 2 2 2 2 2 2 2 2 2 2 2 2 2 2 2 2 2 2 2 2 2 2 2 2 2 2 2 2 2 2 2 2 2 2 2 2 2 2 2 2 2 2 2 2 2 2 2 2 2 2 2 2 2 2 2 2 2 2 2 2 2 2 2 2 2 2 2 2 2 2 2 2 2 2 2 2 2 2 2 2 2 2 2 2 2 2 2 2 2 2 2 2 3 3 3 3 3 3 3 3 3 3 3 3 3 3 3 3 3 4 4 4 5 5 6]","2"
"4","0.3","10","0.7","10","9","3","50","true","true","0.1","0.03","2","10","0","4","[]","0"
"4","0.3","10","0.7","10","9","3","50","true","true","0.1","0.03","2","10","1","4","[2 3 3 3]","2"
"4","0.3","10","0.7","10","9","3","50","true","true","0.1","0.03","2","10","2","4","[2 2 2 3 3 3 4]","2"
"4","0.3","10","0.7","10","9","3","50","true","true","0.1","0.03","2","10","3","4","[2 2 2 2 2 2 3 3 3 3 4]","2"
"4","0.3","10","0.7","10","9","3","50","true","true","0.1","0.03","2","10","4","4","[2 2 2 2 2 2 2 2 3 3 3 3 4 5]","2"
"4","0.3","10","0.7","10","9","3","50","true","true","0.1","0.03","2","10","5","4","[2 2 2 2 2 2 2 2 2 2 3 3 3 3 4 5 8]","2"
"4","0.3","10","0.7","10","9","3","50","true","true","0.1","0.03","2","10","6","4","[2 2 2 2 2 2 2 2 2 3 3 3 3 4 4 5 8]","2"
"4","0.3","10","0.7","10","9","3","50","true","true","0.1","0.03","2","10","7","4","[2 2 2 2 2 2 2 2 2 2 2 3 3 3 3 4 4 5 8]","2"
"4","0.3","10","0.7","10","9","3","50","true","true","0.1","0.03","2","10","8","4","[2 2 2 2 2 2 2 2 2 2 2 3 3 3 3 3 4 4 5 8]","2"
"4","0.3","10","0.7","10","9","3","50","true","true","0.1","0.03","2","10","9","4","[2 2 2 2 2 2 2 2 2 2 2 2 2 2 3 3 3 3 3 4 4 5 8]","2"
"4","0.3","10","0.7","10","9","3","50","true","true","0.1","0.03","2","10","10","4","[2 2 2 2 2 2 2 2 2 2 2 2 2 2 2 3 3 3 3 3 3 4 4 5 6 8]","2"
"4","0.3","10","0.7","10","9","3","50","true","true","0.1","0.03","2","10","11","4","[2 2 2 2 2 2 2 2 2 2 2 2 2 2 2 2 2 2 3 3 3 3 3 3 3 4 4 5 6 8]","2"
"4","0.3","10","0.7","10","9","3","50","true","true","0.1","0.03","2","10","12","4","[2 2 2 2 2 2 2 2 2 2 2 2 2 2 2 2 2 2 2 3 3 3 3 3 3 3 3 4 4 5 6 8]","2"
"4","0.3","10","0.7","10","9","3","50","true","true","0.1","0.03","2","10","13","4","[2 2 2 2 2 2 2 2 2 2 2 2 2 2 2 2 2 2 2 2 3 3 3 3 3 3 3 3 4 4 5 6 8]","2"
"4","0.3","10","0.7","10","9","3","50","true","true","0.1","0.03","2","10","14","4","[2 2 2 2 2 2 2 2 2 2 2 2 2 2 2 2 2 2 2 2 2 2 2 3 3 3 3 3 3 3 3 4 4 5 6 8]","2"
"4","0.3","10","0.7","10","9","3","50","true","true","0.1","0.03","2","10","15","4","[2 2 2 2 2 2 2 2 2 2 2 2 2 2 2 2 2 2 2 2 2 2 2 3 3 3 3 3 3 3 3 4 4 5 6 8]","2"
"4","0.3","10","0.7","10","9","3","50","true","true","0.1","0.03","2","10","16","4","[2 2 2 2 2 2 2 2 2 2 2 2 2 2 2 2 2 2 2 2 2 2 2 2 3 3 3 3 3 3 3 3 4 4 5 6 8]","2"
"4","0.3","10","0.7","10","9","3","50","true","true","0.1","0.03","2","10","17","4","[2 2 2 2 2 2 2 2 2 2 2 2 2 2 2 2 2 2 2 2 2 2 2 2 2 2 3 3 3 3 3 3 3 3 4 4 5 6 8]","2"
"4","0.3","10","0.7","10","9","3","50","true","true","0.1","0.03","2","10","18","4","[2 2 2 2 2 2 2 2 2 2 2 2 2 2 2 2 2 2 2 2 2 2 2 2 2 2 2 2 2 3 3 3 3 3 3 3 3 4 4 5 6 8]","2"
"4","0.3","10","0.7","10","9","3","50","true","true","0.1","0.03","2","10","19","4","[2 2 2 2 2 2 2 2 2 2 2 2 2 2 2 2 2 2 2 2 2 2 2 2 2 2 2 2 2 2 3 3 3 3 3 3 3 3 4 4 5 6 8]","2"
"4","0.3","10","0.7","10","9","3","50","true","true","0.1","0.03","2","10","20","4","[2 2 2 2 2 2 2 2 2 2 2 2 2 2 2 2 2 2 2 2 2 2 2 2 2 2 2 2 2 2 2 2 3 3 3 3 3 3 3 3 4 4 4 5 6 8]","2"
"4","0.3","10","0.7","10","9","3","50","true","true","0.1","0.03","2","10","21","4","[2 2 2 2 2 2 2 2 2 2 2 2 2 2 2 2 2 2 2 2 2 2 2 2 2 2 2 2 2 2 2 2 2 2 3 3 3 3 3 3 3 3 3 4 4 4 5 6 8]","2"
"4","0.3","10","0.7","10","9","3","50","true","true","0.1","0.03","2","10","22","4","[2 2 2 2 2 2 2 2 2 2 2 2 2 2 2 2 2 2 2 2 2 2 2 2 2 2 2 2 2 2 2 2 2 3 3 3 3 3 3 3 3 3 4 4 4 5 6 8]","2"
"4","0.3","10","0.7","10","9","3","50","true","true","0.1","0.03","2","10","23","4","[2 2 2 2 2 2 2 2 2 2 2 2 2 2 2 2 2 2 2 2 2 2 2 2 2 2 2 2 2 2 2 2 2 3 3 3 3 3 3 3 3 3 3 4 4 4 5 6 8]","2"
"4","0.3","10","0.7","10","9","3","50","true","true","0.1","0.03","2","10","24","4","[2 2 2 2 2 2 2 2 2 2 2 2 2 2 2 2 2 2 2 2 2 2 2 2 2 2 2 2 2 2 2 2 2 2 2 2 3 3 3 3 3 3 3 3 3 3 3 4 4 4 5 5 6 8]","2"
"4","0.3","10","0.7","10","9","3","50","true","true","0.1","0.03","2","10","25","4","[2 2 2 2 2 2 2 2 2 2 2 2 2 2 2 2 2 2 2 2 2 2 2 2 2 2 2 2 2 2 2 2 2 2 2 2 2 2 2 3 3 3 3 3 3 3 3 3 3 3 4 4 4 5 5 6 8]","2"
"4","0.3","10","0.7","10","9","3","50","true","true","0.1","0.03","2","10","26","4","[2 2 2 2 2 2 2 2 2 2 2 2 2 2 2 2 2 2 2 2 2 2 2 2 2 2 2 2 2 2 2 2 2 2 2 2 2 2 3 3 3 3 3 3 3 3 3 3 3 3 4 4 4 4 5 5 6 8]","2"
"4","0.3","10","0.7","10","9","3","50","true","true","0.1","0.03","2","10","27","4","[2 2 2 2 2 2 2 2 2 2 2 2 2 2 2 2 2 2 2 2 2 2 2 2 2 2 2 2 2 2 2 2 2 2 2 2 2 2 2 2 3 3 3 3 3 3 3 3 3 3 3 3 4 4 4 4 5 5 6 8]","2"
"4","0.3","10","0.7","10","9","3","50","true","true","0.1","0.03","2","10","28","4","[2 2 2 2 2 2 2 2 2 2 2 2 2 2 2 2 2 2 2 2 2 2 2 2 2 2 2 2 2 2 2 2 2 2 2 2 2 2 2 2 2 2 2 3 3 3 3 3 3 3 3 3 3 3 3 3 4 4 4 4 5 5 6 8]","2"
"4","0.3","10","0.7","10","9","3","50","true","true","0.1","0.03","2","10","29","4","[2 2 2 2 2 2 2 2 2 2 2 2 2 2 2 2 2 2 2 2 2 2 2 2 2 2 2 2 2 2 2 2 2 2 2 2 2 2 2 2 2 2 3 3 3 3 3 3 3 3 3 3 3 3 3 4 4 4 4 5 5 6 8]","2"
"4","0.3","10","0.7","10","9","3","50","true","true","0.1","0.03","2","10","30","4","[2 2 2 2 2 2 2 2 2 2 2 2 2 2 2 2 2 2 2 2 2 2 2 2 2 2 2 2 2 2 2 2 2 2 2 2 2 2 2 2 2 2 2 2 3 3 3 3 3 3 3 3 3 3 3 3 3 3 3 4 4 4 4 5 5 6 8]","2"
"4","0.3","10","0.7","10","9","3","50","true","true","0.1","0.03","2","10","31","4","[2 2 2 2 2 2 2 2 2 2 2 2 2 2 2 2 2 2 2 2 2 2 2 2 2 2 2 2 2 2 2 2 2 2 2 2 2 2 2 2 2 2 2 2 2 2 2 3 3 3 3 3 3 3 3 3 3 3 3 3 3 3 4 4 4 4 5 5 6 8]","2"
"4","0.3","10","0.7","10","9","3","50","true","true","0.1","0.03","2","10","32","4","[2 2 2 2 2 2 2 2 2 2 2 2 2 2 2 2 2 2 2 2 2 2 2 2 2 2 2 2 2 2 2 2 2 2 2 2 2 2 2 2 2 2 2 2 2 2 2 2 3 3 3 3 3 3 3 3 3 3 3 3 3 3 3 3 4 4 4 4 5 5 6 8]","2"
"4","0.3","10","0.7","10","9","3","50","true","true","0.1","0.03","2","10","33","4","[2 2 2 2 2 2 2 2 2 2 2 2 2 2 2 2 2 2 2 2 2 2 2 2 2 2 2 2 2 2 2 2 2 2 2 2 2 2 2 2 2 2 2 2 2 2 2 2 2 2 3 3 3 3 3 3 3 3 3 3 3 3 3 3 3 3 4 4 4 4 5 5 6 8]","2"
"4","0.3","10","0.7","10","9","3","50","true","true","0.1","0.03","2","10","34","4","[2 2 2 2 2 2 2 2 2 2 2 2 2 2 2 2 2 2 2 2 2 2 2 2 2 2 2 2 2 2 2 2 2 2 2 2 2 2 2 2 2 2 2 2 2 2 2 2 2 2 2 2 3 3 3 3 3 3 3 3 3 3 3 3 3 3 3 3 4 4 4 4 5 5 6 8]","2"
"4","0.3","10","0.7","10","9","3","50","true","true","0.1","0.03","2","10","35","4","[2 2 2 2 2 2 2 2 2 2 2 2 2 2 2 2 2 2 2 2 2 2 2 2 2 2 2 2 2 2 2 2 2 2 2 2 2 2 2 2 2 2 2 2 2 2 2 2 2 2 2 2 2 2 2 2 3 3 3 3 3 3 3 3 3 3 3 3 3 3 3 3 4 4 4 4 5 5 6 8]","2"
"4","0.3","10","0.7","10","9","3","50","true","true","0.1","0.03","2","10","36","4","[2 2 2 2 2 2 2 2 2 2 2 2 2 2 2 2 2 2 2 2 2 2 2 2 2 2 2 2 2 2 2 2 2 2 2 2 2 2 2 2 2 2 2 2 2 2 2 2 2 2 2 2 2 2 2 2 2 2 2 2 3 3 3 3 3 3 3 3 3 3 3 3 3 3 3 3 4 4 4 4 5 5 6 8]","2"
"4","0.3","10","0.7","10","9","3","50","true","true","0.1","0.03","2","10","37","4","[2 2 2 2 2 2 2 2 2 2 2 2 2 2 2 2 2 2 2 2 2 2 2 2 2 2 2 2 2 2 2 2 2 2 2 2 2 2 2 2 2 2 2 2 2 2 2 2 2 2 2 2 2 2 2 2 2 2 2 2 3 3 3 3 3 3 3 3 3 3 3 3 3 3 3 3 4 4 4 4 5 5 6 8]","2"
"4","0.3","10","0.7","10","9","3","50","true","true","0.1","0.03","2","10","38","4","[2 2 2 2 2 2 2 2 2 2 2 2 2 2 2 2 2 2 2 2 2 2 2 2 2 2 2 2 2 2 2 2 2 2 2 2 2 2 2 2 2 2 2 2 2 2 2 2 2 2 2 2 2 2 2 2 2 2 2 2 2 2 2 2 3 3 3 3 3 3 3 3 3 3 3 3 3 3 3 3 4 4 4 4 5 5 6 8]","2"
"4","0.3","10","0.7","10","9","3","50","true","true","0.1","0.03","2","10","39","4","[2 2 2 2 2 2 2 2 2 2 2 2 2 2 2 2 2 2 2 2 2 2 2 2 2 2 2 2 2 2 2 2 2 2 2 2 2 2 2 2 2 2 2 2 2 2 2 2 2 2 2 2 2 2 2 2 2 2 2 2 2 2 2 2 2 2 2 3 3 3 3 3 3 3 3 3 3 3 3 3 3 3 3 4 4 4 4 4 5 5 6 8]","2"
"4","0.3","10","0.7","10","9","3","50","true","true","0.1","0.03","2","10","40","4","[2 2 2 2 2 2 2 2 2 2 2 2 2 2 2 2 2 2 2 2 2 2 2 2 2 2 2 2 2 2 2 2 2 2 2 2 2 2 2 2 2 2 2 2 2 2 2 2 2 2 2 2 2 2 2 2 2 2 2 2 2 2 2 2 2 2 2 2 3 3 3 3 3 3 3 3 3 3 3 3 3 3 3 3 4 4 4 4 4 5 5 6 8]","2"
"4","0.3","10","0.7","10","9","3","50","true","true","0.1","0.03","2","10","41","4","[2 2 2 2 2 2 2 2 2 2 2 2 2 2 2 2 2 2 2 2 2 2 2 2 2 2 2 2 2 2 2 2 2 2 2 2 2 2 2 2 2 2 2 2 2 2 2 2 2 2 2 2 2 2 2 2 2 2 2 2 2 2 2 2 2 2 2 2 2 2 2 2 2 2 3 3 3 3 3 3 3 3 3 3 3 3 3 3 3 3 4 4 4 4 4 5 5 6 8]","2"
"4","0.3","10","0.7","10","9","3","50","true","true","0.1","0.03","2","10","42","4","[2 2 2 2 2 2 2 2 2 2 2 2 2 2 2 2 2 2 2 2 2 2 2 2 2 2 2 2 2 2 2 2 2 2 2 2 2 2 2 2 2 2 2 2 2 2 2 2 2 2 2 2 2 2 2 2 2 2 2 2 2 2 2 2 2 2 2 2 2 2 2 2 2 2 2 2 2 2 3 3 3 3 3 3 3 3 3 3 3 3 3 3 3 4 4 4 4 4 4 5 5 6 8]","2"
"4","0.3","10","0.7","10","9","3","50","true","true","0.1","0.03","2","10","43","4","[2 2 2 2 2 2 2 2 2 2 2 2 2 2 2 2 2 2 2 2 2 2 2 2 2 2 2 2 2 2 2 2 2 2 2 2 2 2 2 2 2 2 2 2 2 2 2 2 2 2 2 2 2 2 2 2 2 2 2 2 2 2 2 2 2 2 2 2 2 2 2 2 2 2 2 2 2 2 2 2 2 3 3 3 3 3 3 3 3 3 3 3 3 3 3 3 4 4 4 4 4 4 4 5 5 6 8]","2"
"4","0.3","10","0.7","10","9","3","50","true","true","0.1","0.03","2","10","44","4","[2 2 2 2 2 2 2 2 2 2 2 2 2 2 2 2 2 2 2 2 2 2 2 2 2 2 2 2 2 2 2 2 2 2 2 2 2 2 2 2 2 2 2 2 2 2 2 2 2 2 2 2 2 2 2 2 2 2 2 2 2 2 2 2 2 2 2 2 2 2 2 2 2 2 2 2 2 2 2 2 2 2 2 2 3 3 3 3 3 3 3 3 3 3 3 3 3 3 3 3 4 4 4 4 4 4 4 4 5 5 6 8]","2"
"4","0.3","10","0.7","10","9","3","50","true","true","0.1","0.03","2","10","45","4","[2 2 2 2 2 2 2 2 2 2 2 2 2 2 2 2 2 2 2 2 2 2 2 2 2 2 2 2 2 2 2 2 2 2 2 2 2 2 2 2 2 2 2 2 2 2 2 2 2 2 2 2 2 2 2 2 2 2 2 2 2 2 2 2 2 2 2 2 2 2 2 2 2 2 2 2 2 2 2 2 2 2 2 2 2 2 2 2 2 3 3 3 3 3 3 3 3 3 3 3 3 3 3 3 3 3 4 4 4 4 4 4 4 4 4 5 5 6 8]","2"
"4","0.3","10","0.7","10","9","3","50","true","true","0.1","0.03","2","10","46","4","[2 2 2 2 2 2 2 2 2 2 2 2 2 2 2 2 2 2 2 2 2 2 2 2 2 2 2 2 2 2 2 2 2 2 2 2 2 2 2 2 2 2 2 2 2 2 2 2 2 2 2 2 2 2 2 2 2 2 2 2 2 2 2 2 2 2 2 2 2 2 2 2 2 2 2 2 2 2 2 2 2 2 2 2 2 2 2 2 2 2 2 2 2 2 2 2 3 3 3 3 3 3 3 3 3 3 3 3 3 3 3 3 3 4 4 4 4 4 4 4 4 4 5 5 6 8]","2"
"4","0.3","10","0.7","10","9","3","50","true","true","0.1","0.03","2","10","47","4","[2 2 2 2 2 2 2 2 2 2 2 2 2 2 2 2 2 2 2 2 2 2 2 2 2 2 2 2 2 2 2 2 2 2 2 2 2 2 2 2 2 2 2 2 2 2 2 2 2 2 2 2 2 2 2 2 2 2 2 2 2 2 2 2 2 2 2 2 2 2 2 2 2 2 2 2 2 2 2 2 2 2 2 2 2 2 2 2 2 2 2 2 2 2 2 2 2 2 2 2 3 3 3 3 3 3 3 3 3 3 3 3 3 3 3 3 3 4 4 4 4 4 4 4 4 5 5 6 8]","2"
"4","0.3","10","0.7","10","9","3","50","true","true","0.1","0.03","2","10","48","4","[2 2 2 2 2 2 2 2 2 2 2 2 2 2 2 2 2 2 2 2 2 2 2 2 2 2 2 2 2 2 2 2 2 2 2 2 2 2 2 2 2 2 2 2 2 2 2 2 2 2 2 2 2 2 2 2 2 2 2 2 2 2 2 2 2 2 2 2 2 2 2 2 2 2 2 2 2 2 2 2 2 2 2 2 2 2 2 2 2 2 2 2 2 2 2 2 2 2 2 2 2 2 3 3 3 3 3 3 3 3 3 3 3 3 3 3 3 3 3 3 4 4 4 4 4 4 4 4 5 5 6 6 8]","2"
"4","0.3","10","0.7","10","9","3","50","true","true","0.1","0.03","2","10","49","4","[2 2 2 2 2 2 2 2 2 2 2 2 2 2 2 2 2 2 2 2 2 2 2 2 2 2 2 2 2 2 2 2 2 2 2 2 2 2 2 2 2 2 2 2 2 2 2 2 2 2 2 2 2 2 2 2 2 2 2 2 2 2 2 2 2 2 2 2 2 2 2 2 2 2 2 2 2 2 2 2 2 2 2 2 2 2 2 2 2 2 2 2 2 2 2 2 2 2 2 2 2 2 2 2 2 3 3 3 3 3 3 3 3 3 3 3 3 3 3 3 3 3 3 4 4 4 4 4 4 4 4 4 5 5 5 6 6 8]","2"
"4","0.3","10","0.7","10","9","3","50","true","true","0.1","0.03","2","10","50","4","[2 2 2 2 2 2 2 2 2 2 2 2 2 2 2 2 2 2 2 2 2 2 2 2 2 2 2 2 2 2 2 2 2 2 2 2 2 2 2 2 2 2 2 2 2 2 2 2 2 2 2 2 2 2 2 2 2 2 2 2 2 2 2 2 2 2 2 2 2 2 2 2 2 2 2 2 2 2 2 2 2 2 2 2 2 2 2 2 2 2 2 2 2 2 2 2 2 2 2 2 2 2 2 2 2 2 2 2 2 2 2 3 3 3 3 3 3 3 3 3 3 3 3 3 3 3 3 3 3 3 3 4 4 4 4 4 4 4 4 4 5 5 5 6 8]","2"
"5","0.3","10","0.7","10","9","3","50","true","true","0.1","0.03","2","10","0","5","[]","0"
"5","0.3","10","0.7","10","9","3","50","true","true","0.1","0.03","2","10","1","5","[2 2 2 2 3]","2"
"5","0.3","10","0.7","10","9","3","50","true","true","0.1","0.03","2","10","2","5","[2 2 2 2 2 2 2 2 2 3 3]","2"
"5","0.3","10","0.7","10","9","3","50","true","true","0.1","0.03","2","10","3","5","[2 2 2 2 2 2 2 2 2 2 2 3 3 3]","2"
"5","0.3","10","0.7","10","9","3","50","true","true","0.1","0.03","2","10","4","5","[2 2 2 2 2 2 2 2 2 2 2 2 2 3 3 3 4]","2"
"5","0.3","10","0.7","10","9","3","50","true","true","0.1","0.03","2","10","5","5","[2 2 2 2 2 2 2 2 2 2 2 2 2 3 3 3 3 4 7 7]","2"
"5","0.3","10","0.7","10","9","3","50","true","true","0.1","0.03","2","10","6","5","[2 2 2 2 2 2 2 2 2 2 2 3 3 3 3 3 4 7 7]","2"
"5","0.3","10","0.7","10","9","3","50","true","true","0.1","0.03","2","10","7","5","[2 2 2 2 2 2 2 2 2 2 2 2 2 3 3 3 3 3 3 4 5 7 7]","2"
"5","0.3","10","0.7","10","9","3","50","true","true","0.1","0.03","2","10","8","5","[2 2 2 2 2 2 2 2 2 2 2 2 2 2 2 3 3 3 3 3 3 4 5 7 7 7]","2"
"5","0.3","10","0.7","10","9","3","50","true","true","0.1","0.03","2","10","9","5","[2 2 2 2 2 2 2 2 2 2 2 2 2 2 2 2 3 3 3 3 3 3 3 4 5 7 7 7]","2"
"5","0.3","10","0.7","10","9","3","50","true","true","0.1","0.03","2","10","10","5","[2 2 2 2 2 2 2 2 2 2 2 2 2 2 2 2 3 3 3 3 3 3 3 4 5 7 7 7]","2"
"5","0.3","10","0.7","10","9","3","50","true","true","0.1","0.03","2","10","11","5","[2 2 2 2 2 2 2 2 2 2 2 2 2 2 2 2 2 2 3 3 3 3 3 3 3 4 5 7 7 7]","2"
"5","0.3","10","0.7","10","9","3","50","true","true","0.1","0.03","2","10","12","5","[2 2 2 2 2 2 2 2 2 2 2 2 2 2 2 2 2 2 2 3 3 3 3 3 3 3 4 5 7 7 7]","2"
"5","0.3","10","0.7","10","9","3","50","true","true","0.1","0.03","2","10","13","5","[2 2 2 2 2 2 2 2 2 2 2 2 2 2 2 2 2 2 3 3 3 3 3 3 3 4 5 7 7 7]","2"
"5","0.3","10","0.7","10","9","3","50","true","true","0.1","0.03","2","10","14","5","[2 2 2 2 2 2 2 2 2 2 2 2 2 2 2 2 2 2 2 2 3 3 3 3 3 3 3 4 5 7 7 7]","2"
"5","0.3","10","0.7","10","9","3","50","true","true","0.1","0.03","2","10","15","5","[2 2 2 2 2 2 2 2 2 2 2 2 2 2 2 2 2 2 2 2 2 3 3 3 3 3 3 3 4 5 7 7 7]","2"
"5","0.3","10","0.7","10","9","3","50","true","true","0.1","0.03","2","10","16","5","[2 2 2 2 2 2 2 2 2 2 2 2 2 2 2 2 2 2 2 2 2 2 3 3 3 3 3 3 3 4 5 7 7 7]","2"
"5","0.3","10","0.7","10","9","3","50","true","true","0.1","0.03","2","10","17","5","[2 2 2 2 2 2 2 2 2 2 2 2 2 2 2 2 2 2 2 2 2 2 3 3 3 3 3 3 3 4 4 5 7 7 7]","2"
"5","0.3","10","0.7","10","9","3","50","true","true","0.1","0.03","2","10","18","5","[2 2 2 2 2 2 2 2 2 2 2 2 2 2 2 2 2 2 2 2 2 2 2 2 2 3 3 3 3 3 3 3 4 4 5 7 7 7]","2"
"5","0.3","10","0.7","10","9","3","50","true","true","0.1","0.03","2","10","19","5","[2 2 2 2 2 2 2 2 2 2 2 2 2 2 2 2 2 2 2 2 2 2 2 2 2 2 2 3 3 3 3 3 3 3 4 4 5 7 7 7]","2"
"5","0.3","10","0.7","10","9","3","50","true","true","0.1","0.03","2","10","20","5","[2 2 2 2 2 2 2 2 2 2 2 2 2 2 2 2 2 2 2 2 2 2 2 2 2 2 2 3 3 3 3 3 3 3 3 3 4 4 5 7 7 7]","2"
"5","0.3","10","0.7","10","9","3","50","true","true","0.1","0.03","2","10","21","5","[2 2 2 2 2 2 2 2 2 2 2 2 2 2 2 2 2 2 2 2 2 2 2 2 2 2 2 3 3 3 3 3 3 3 3 3 4 4 5 7 7 7]","2"
"5","0.3","10","0.7","10","9","3","50","true","true","0.1","0.03","2","10","22","5","[2 2 2 2 2 2 2 2 2 2 2 2 2 2 2 2 2 2 2 2 2 2 2 2 2 2 2 2 2 3 3 3 3 3 3 3 3 3 4 4 5 7 7 7]","2"
"5","0.3","10","0.7","10","9","3","50","true","true","0.1","0.03","2","10","23","5","[2 2 2 2 2 2 2 2 2 2 2 2 2 2 2 2 2 2 2 2 2 2 2 2 2 2 2 2 2 3 3 3 3 3 3 3 3 3 3 4 4 5 7 7 7]","2"
"5","0.3","10","0.7","10","9","3","50","true","true","0.1","0.03","2","10","24","5","[2 2 2 2 2 2 2 2 2 2 2 2 2 2 2 2 2 2 2 2 2 2 2 2 2 2 2 2 2 2 2 2 2 3 3 3 3 3 3 3 3 3 4 4 5 7 7 7]","2"
"5","0.3","10","0.7","10","9","3","50","true","true","0.1","0.03","2","10","25","5","[2 2 2 2 2 2 2 2 2 2 2 2 2 2 2 2 2 2 2 2 2 2 2 2 2 2 2 2 2 2 2 2 2 3 3 3 3 3 3 3 3 3 4 4 5 7 7 7]","2"
"5","0.3","10","0.7","10","9","3","50","true","true","0.1","0.03","2","10","26","5","[2 2 2 2 2 2 2 2 2 2 2 2 2 2 2 2 2 2 2 2 2 2 2 2 2 2 2 2 2 2 2 2 3 3 3 3 3 3 3 3 3 3 4 4 4 5 7 7 7]","2"
"5","0.3","10","0.7","10","9","3","50","true","true","0.1","0.03","2","10","27","5","[2 2 2 2 2 2 2 2 2 2 2 2 2 2 2 2 2 2 2 2 2 2 2 2 2 2 2 2 2 2 2 2 2 2 2 2 3 3 3 3 3 3 3 3 3 3 4 4 4 5 7 7 7]","2"
"5","0.3","10","0.7","10","9","3","50","true","true","0.1","0.03","2","10","28","5","[2 2 2 2 2 2 2 2 2 2 2 2 2 2 2 2 2 2 2 2 2 2 2 2 2 2 2 2 2 2 2 2 2 2 2 2 2 3 3 3 3 3 3 3 3 3 3 3 4 4 4 5 7 7 7]","2"
"5","0.3","10","0.7","10","9","3","50","true","true","0.1","0.03","2","10","29","5","[2 2 2 2 2 2 2 2 2 2 2 2 2 2 2 2 2 2 2 2 2 2 2 2 2 2 2 2 2 2 2 2 2 2 2 2 2 2 2 3 3 3 3 3 3 3 3 3 3 3 4 4 4 5 7 7 7]","2"
"5","0.3","10","0.7","10","9","3","50","true","true","0.1","0.03","2","10","30","5","[2 2 2 2 2 2 2 2 2 2 2 2 2 2 2 2 2 2 2 2 2 2 2 2 2 2 2 2 2 2 2 2 2 2 2 2 2 2 2 2 3 3 3 3 3 3 3 3 3 3 3 4 4 4 5 7 7 7]","2"
"5","0.3","10","0.7","10","9","3","50","true","true","0.1","0.03","2","10","31","5","[2 2 2 2 2 2 2 2 2 2 2 2 2 2 2 2 2 2 2 2 2 2 2 2 2 2 2 2 2 2 2 2 2 2 2 2 2 2 2 2 2 2 3 3 3 3 3 3 3 3 3 3 3 4 4 4 5 7 7 7]","2"
"5","0.3","10","0.7","10","9","3","50","true","true","0.1","0.03","2","10","32","5","[2 2 2 2 2 2 2 2 2 2 2 2 2 2 2 2 2 2 2 2 2 2 2 2 2 2 2 2 2 2 2 2 2 2 2 2 2 2 2 2 2 2 2 2 2 3 3 3 3 3 3 3 3 3 3 3 4 4 4 5 7 7 7]","2"
"5","0.3","10","0.7","10","9","3","50","true","true","0.1","0.03","2","10","33","5","[2 2 2 2 2 2 2 2 2 2 2 2 2 2 2 2 2 2 2 2 2 2 2 2 2 2 2 2 2 2 2 2 2 2 2 2 2 2 2 2 2 2 2 2 2 2 2 2 2 2 3 3 3 3 3 3 3 3 3 3 3 4 4 4 5 7 7 7]","2"
"5","0.3","10","0.7","10","9","3","50","true","true","0.1","0.03","2","10","34","5","[2 2 2 2 2 2 2 2 2 2 2 2 2 2 2 2 2 2 2 2 2 2 2 2 2 2 2 2 2 2 2 2 2 2 2 2 2 2 2 2 2 2 2 2 2 2 2 2 2 2 2 2 2 3 3 3 3 3 3 3 3 3 3 3 3 3 4 4 4 5 7 7 7]","2"
"5","0.3","10","0.7","10","9","3","50","true","true","0.1","0.03","2","10","35","5","[2 2 2 2 2 2 2 2 2 2 2 2 2 2 2 2 2 2 2 2 2 2 2 2 2 2 2 2 2 2 2 2 2 2 2 2 2 2 2 2 2 2 2 2 2 2 2 2 2 2 2 2 2 2 2 3 3 3 3 3 3 3 3 3 3 3 3 3 4 4 4 4 5 7 7 7]","2"
"5","0.3","10","0.7","10","9","3","50","true","true","0.1","0.03","2","10","36","5","[2 2 2 2 2 2 2 2 2 2 2 2 2 2 2 2 2 2 2 2 2 2 2 2 2 2 2 2 2 2 2 2 2 2 2 2 2 2 2 2 2 2 2 2 2 2 2 2 2 2 2 2 2 2 2 2 2 2 2 3 3 3 3 3 3 3 3 3 3 3 3 3 4 4 4 4 5 7 7 7]","2"
"5","0.3","10","0.7","10","9","3","50","true","true","0.1","0.03","2","10","37","5","[2 2 2 2 2 2 2 2 2 2 2 2 2 2 2 2 2 2 2 2 2 2 2 2 2 2 2 2 2 2 2 2 2 2 2 2 2 2 2 2 2 2 2 2 2 2 2 2 2 2 2 2 2 2 2 2 2 2 2 2 2 2 3 3 3 3 3 3 3 3 3 3 3 3 3 3 4 4 4 4 5 7 7 7]","2"
"5","0.3","10","0.7","10","9","3","50","true","true","0.1","0.03","2","10","38","5","[2 2 2 2 2 2 2 2 2 2 2 2 2 2 2 2 2 2 2 2 2 2 2 2 2 2 2 2 2 2 2 2 2 2 2 2 2 2 2 2 2 2 2 2 2 2 2 2 2 2 2 2 2 2 2 2 2 2 2 2 2 2 2 2 3 3 3 3 3 3 3 3 3 3 3 3 3 3 4 4 4 4 4 5 7 7 7]","2"
"5","0.3","10","0.7","10","9","3","50","true","true","0.1","0.03","2","10","39","5","[2 2 2 2 2 2 2 2 2 2 2 2 2 2 2 2 2 2 2 2 2 2 2 2 2 2 2 2 2 2 2 2 2 2 2 2 2 2 2 2 2 2 2 2 2 2 2 2 2 2 2 2 2 2 2 2 2 2 2 2 2 2 2 2 2 2 2 3 3 3 3 3 3 3 3 3 3 3 3 3 4 4 4 4 4 5 7 7 7]","2"
"5","0.3","10","0.7","10","9","3","50","true","true","0.1","0.03","2","10","40","5","[2 2 2 2 2 2 2 2 2 2 2 2 2 2 2 2 2 2 2 2 2 2 2 2 2 2 2 2 2 2 2 2 2 2 2 2 2 2 2 2 2 2 2 2 2 2 2 2 2 2 2 2 2 2 2 2 2 2 2 2 2 2 2 2 2 2 2 2 3 3 3 3 3 3 3 3 3 3 3 3 3 4 4 4 4 4 4 5 5 7 7 7]","2"
"5","0.3","10","0.7","10","9","3","50","true","true","0.1","0.03","2","10","41","5","[2 2 2 2 2 2 2 2 2 2 2 2 2 2 2 2 2 2 2 2 2 2 2 2 2 2 2 2 2 2 2 2 2 2 2 2 2 2 2 2 2 2 2 2 2 2 2 2 2 2 2 2 2 2 2 2 2 2 2 2 2 2 2 2 2 2 2 2 2 3 3 3 3 3 3 3 3 3 3 3 3 3 3 4 4 4 4 4 4 5 5 7 7 7]","2"
"5","0.3","10","0.7","10","9","3","50","true","true","0.1","0.03","2","10","42","5","[2 2 2 2 2 2 2 2 2 2 2 2 2 2 2 2 2 2 2 2 2 2 2 2 2 2 2 2 2 2 2 2 2 2 2 2 2 2 2 2 2 2 2 2 2 2 2 2 2 2 2 2 2 2 2 2 2 2 2 2 2 2 2 2 2 2 2 2 2 2 3 3 3 3 3 3 3 3 3 3 3 3 3 3 3 4 4 4 4 4 4 5 5 7 7 7]","2"
"5","0.3","10","0.7","10","9","3","50","true","true","0.1","0.03","2","10","43","5","[2 2 2 2 2 2 2 2 2 2 2 2 2 2 2 2 2 2 2 2 2 2 2 2 2 2 2 2 2 2 2 2 2 2 2 2 2 2 2 2 2 2 2 2 2 2 2 2 2 2 2 2 2 2 2 2 2 2 2 2 2 2 2 2 2 2 2 2 2 2 2 2 3 3 3 3 3 3 3 3 3 3 3 3 3 3 4 4 4 4 4 4 5 5 7 7 7]","2"
"5","0.3","10","0.7","10","9","3","50","true","true","0.1","0.03","2","10","44","5","[2 2 2 2 2 2 2 2 2 2 2 2 2 2 2 2 2 2 2 2 2 2 2 2 2 2 2 2 2 2 2 2 2 2 2 2 2 2 2 2 2 2 2 2 2 2 2 2 2 2 2 2 2 2 2 2 2 2 2 2 2 2 2 2 2 2 2 2 2 2 2 2 2 2 2 2 2 2 2 2 2 3 3 3 3 3 3 3 3 3 3 3 3 3 3 3 3 4 4 4 4 4 5 5 7 7 7]","2"
"5","0.3","10","0.7","10","9","3","50","true","true","0.1","0.03","2","10","45","5","[2 2 2 2 2 2 2 2 2 2 2 2 2 2 2 2 2 2 2 2 2 2 2 2 2 2 2 2 2 2 2 2 2 2 2 2 2 2 2 2 2 2 2 2 2 2 2 2 2 2 2 2 2 2 2 2 2 2 2 2 2 2 2 2 2 2 2 2 2 2 2 2 2 2 2 2 2 2 2 2 2 2 2 3 3 3 3 3 3 3 3 3 3 3 3 3 3 3 3 4 4 4 4 4 5 5 7 7 7]","2"
"5","0.3","10","0.7","10","9","3","50","true","true","0.1","0.03","2","10","46","5","[2 2 2 2 2 2 2 2 2 2 2 2 2 2 2 2 2 2 2 2 2 2 2 2 2 2 2 2 2 2 2 2 2 2 2 2 2 2 2 2 2 2 2 2 2 2 2 2 2 2 2 2 2 2 2 2 2 2 2 2 2 2 2 2 2 2 2 2 2 2 2 2 2 2 2 2 2 2 2 2 2 2 2 2 2 2 3 3 3 3 3 3 3 3 3 3 3 3 3 3 3 3 4 4 4 4 4 5 5 6 7 7]","2"
"5","0.3","10","0.7","10","9","3","50","true","true","0.1","0.03","2","10","47","5","[2 2 2 2 2 2 2 2 2 2 2 2 2 2 2 2 2 2 2 2 2 2 2 2 2 2 2 2 2 2 2 2 2 2 2 2 2 2 2 2 2 2 2 2 2 2 2 2 2 2 2 2 2 2 2 2 2 2 2 2 2 2 2 2 2 2 2 2 2 2 2 2 2 2 2 2 2 2 2 2 2 2 2 2 2 2 2 2 2 3 3 3 3 3 3 3 3 3 3 3 3 3 3 3 3 4 4 4 4 4 4 5 5 6 7 7]","2"
"5","0.3","10","0.7","10","9","3","50","true","true","0.1","0.03","2","10","48","5","[2 2 2 2 2 2 2 2 2 2 2 2 2 2 2 2 2 2 2 2 2 2 2 2 2 2 2 2 2 2 2 2 2 2 2 2 2 2 2 2 2 2 2 2 2 2 2 2 2 2 2 2 2 2 2 2 2 2 2 2 2 2 2 2 2 2 2 2 2 2 2 2 2 2 2 2 2 2 2 2 2 2 2 2 2 2 2 2 2 3 3 3 3 3 3 3 3 3 3 3 3 3 3 3 3 4 4 4 4 4 4 5 5 6 7 7]","2"
"5","0.3","10","0.7","10","9","3","50","true","true","0.1","0.03","2","10","49","5","[2 2 2 2 2 2 2 2 2 2 2 2 2 2 2 2 2 2 2 2 2 2 2 2 2 2 2 2 2 2 2 2 2 2 2 2 2 2 2 2 2 2 2 2 2 2 2 2 2 2 2 2 2 2 2 2 2 2 2 2 2 2 2 2 2 2 2 2 2 2 2 2 2 2 2 2 2 2 2 2 2 2 2 2 2 2 2 2 2 2 3 3 3 3 3 3 3 3 3 3 3 3 3 3 3 4 4 4 4 4 4 4 5 5 6 7 7]","2"
"5","0.3","10","0.7","10","9","3","50","true","true","0.1","0.03","2","10","50","5","[2 2 2 2 2 2 2 2 2 2 2 2 2 2 2 2 2 2 2 2 2 2 2 2 2 2 2 2 2 2 2 2 2 2 2 2 2 2 2 2 2 2 2 2 2 2 2 2 2 2 2 2 2 2 2 2 2 2 2 2 2 2 2 2 2 2 2 2 2 2 2 2 2 2 2 2 2 2 2 2 2 2 2 2 2 2 2 2 2 2 2 2 2 2 2 3 3 3 3 3 3 3 3 3 3 3 3 3 3 3 3 3 4 4 4 4 4 4 4 5 5 6 7 7]","2"
"6","0.3","10","0.7","10","9","3","50","true","true","0.1","0.03","2","10","0","6","[]","0"
"6","0.3","10","0.7","10","9","3","50","true","true","0.1","0.03","2","10","1","6","[2 2]","2"
"6","0.3","10","0.7","10","9","3","50","true","true","0.1","0.03","2","10","2","6","[2 2 3 3 4]","2"
"6","0.3","10","0.7","10","9","3","50","true","true","0.1","0.03","2","10","3","6","[2 2 2 2 3 3 4 4]","2"
"6","0.3","10","0.7","10","9","3","50","true","true","0.1","0.03","2","10","4","6","[2 2 2 2 2 2 2 2 3 3 4 4]","2"
"6","0.3","10","0.7","10","9","3","50","true","true","0.1","0.03","2","10","5","6","[2 2 2 2 2 2 2 2 2 2 3 3 4 4]","2"
"6","0.3","10","0.7","10","9","3","50","true","true","0.1","0.03","2","10","6","6","[2 2 2 2 2 2 2 2 2 2 2 2 2 3 3 4 4]","2"
"6","0.3","10","0.7","10","9","3","50","true","true","0.1","0.03","2","10","7","6","[2 2 2 2 2 2 2 2 2 2 2 2 2 2 2 2 3 3 4 4]","2"
"6","0.3","10","0.7","10","9","3","50","true","true","0.1","0.03","2","10","8","6","[2 2 2 2 2 2 2 2 2 2 2 2 2 2 2 2 2 2 2 3 3 4 4]","2"
"6","0.3","10","0.7","10","9","3","50","true","true","0.1","0.03","2","10","9","6","[2 2 2 2 2 2 2 2 2 2 2 2 2 2 2 2 2 2 2 2 2 2 3 3 4 4]","2"
"6","0.3","10","0.7","10","9","3","50","true","true","0.1","0.03","2","10","10","6","[2 2 2 2 2 2 2 2 2 2 2 2 2 2 2 2 2 2 2 2 2 2 2 2 2 2 3 3 4 4]","2"
"6","0.3","10","0.7","10","9","3","50","true","true","0.1","0.03","2","10","11","6","[2 2 2 2 2 2 2 2 2 2 2 2 2 2 2 2 2 2 2 2 2 2 2 2 2 2 2 2 3 3 4 4]","2"
"6","0.3","10","0.7","10","9","3","50","true","true","0.1","0.03","2","10","12","6","[2 2 2 2 2 2 2 2 2 2 2 2 2 2 2 2 2 2 2 2 2 2 2 2 2 2 2 2 2 2 2 2 3 3 4 4]","2"
"6","0.3","10","0.7","10","9","3","50","true","true","0.1","0.03","2","10","13","6","[2 2 2 2 2 2 2 2 2 2 2 2 2 2 2 2 2 2 2 2 2 2 2 2 2 2 2 2 2 2 2 2 2 3 3 4 4]","2"
"6","0.3","10","0.7","10","9","3","50","true","true","0.1","0.03","2","10","14","6","[2 2 2 2 2 2 2 2 2 2 2 2 2 2 2 2 2 2 2 2 2 2 2 2 2 2 2 2 2 2 2 2 2 2 3 3 4 4]","2"
"6","0.3","10","0.7","10","9","3","50","true","true","0.1","0.03","2","10","15","6","[2 2 2 2 2 2 2 2 2 2 2 2 2 2 2 2 2 2 2 2 2 2 2 2 2 2 2 2 2 2 2 2 2 2 2 3 3 4 4]","2"
"6","0.3","10","0.7","10","9","3","50","true","true","0.1","0.03","2","10","16","6","[2 2 2 2 2 2 2 2 2 2 2 2 2 2 2 2 2 2 2 2 2 2 2 2 2 2 2 2 2 2 2 2 2 2 2 2 2 2 3 3 4 4]","2"
"6","0.3","10","0.7","10","9","3","50","true","true","0.1","0.03","2","10","17","6","[2 2 2 2 2 2 2 2 2 2 2 2 2 2 2 2 2 2 2 2 2 2 2 2 2 2 2 2 2 2 2 2 2 2 2 2 2 2 3 3 4 4]","2"
"6","0.3","10","0.7","10","9","3","50","true","true","0.1","0.03","2","10","18","6","[2 2 2 2 2 2 2 2 2 2 2 2 2 2 2 2 2 2 2 2 2 2 2 2 2 2 2 2 2 2 2 2 2 2 2 2 2 2 2 2 3 3 4 4]","2"
"6","0.3","10","0.7","10","9","3","50","true","true","0.1","0.03","2","10","19","6","[2 2 2 2 2 2 2 2 2 2 2 2 2 2 2 2 2 2 2 2 2 2 2 2 2 2 2 2 2 2 2 2 2 2 2 2 2 2 2 2 2 2 2 3 3 4 4]","2"
"6","0.3","10","0.7","10","9","3","50","true","true","0.1","0.03","2","10","20","6","[2 2 2 2 2 2 2 2 2 2 2 2 2 2 2 2 2 2 2 2 2 2 2 2 2 2 2 2 2 2 2 2 2 2 2 2 2 2 2 2 2 2 2 3 3 4 4]","2"
"6","0.3","10","0.7","10","9","3","50","true","true","0.1","0.03","2","10","21","6","[2 2 2 2 2 2 2 2 2 2 2 2 2 2 2 2 2 2 2 2 2 2 2 2 2 2 2 2 2 2 2 2 2 2 2 2 2 2 2 2 2 2 2 2 2 3 3 4 4]","2"
"6","0.3","10","0.7","10","9","3","50","true","true","0.1","0.03","2","10","22","6","[2 2 2 2 2 2 2 2 2 2 2 2 2 2 2 2 2 2 2 2 2 2 2 2 2 2 2 2 2 2 2 2 2 2 2 2 2 2 2 2 2 2 2 2 2 3 3 3 4 4]","2"
"6","0.3","10","0.7","10","9","3","50","true","true","0.1","0.03","2","10","23","6","[2 2 2 2 2 2 2 2 2 2 2 2 2 2 2 2 2 2 2 2 2 2 2 2 2 2 2 2 2 2 2 2 2 2 2 2 2 2 2 2 2 2 2 2 2 2 2 2 3 3 3 4 4]","2"
"6","0.3","10","0.7","10","9","3","50","true","true","0.1","0.03","2","10","24","6","[2 2 2 2 2 2 2 2 2 2 2 2 2 2 2 2 2 2 2 2 2 2 2 2 2 2 2 2 2 2 2 2 2 2 2 2 2 2 2 2 2 2 2 2 2 2 2 2 2 2 2 3 3 3 4 4]","2"
"6","0.3","10","0.7","10","9","3","50","true","true","0.1","0.03","2","10","25","6","[2 2 2 2 2 2 2 2 2 2 2 2 2 2 2 2 2 2 2 2 2 2 2 2 2 2 2 2 2 2 2 2 2 2 2 2 2 2 2 2 2 2 2 2 2 2 2 2 2 2 2 2 3 3 3 3 4 4]","2"
"6","0.3","10","0.7","10","9","3","50","true","true","0.1","0.03","2","10","26","6","[2 2 2 2 2 2 2 2 2 2 2 2 2 2 2 2 2 2 2 2 2 2 2 2 2 2 2 2 2 2 2 2 2 2 2 2 2 2 2 2 2 2 2 2 2 2 2 2 2 2 2 2 2 2 2 3 3 3 3 4 4]","2"
"6","0.3","10","0.7","10","9","3","50","true","true","0.1","0.03","2","10","27","6","[2 2 2 2 2 2 2 2 2 2 2 2 2 2 2 2 2 2 2 2 2 2 2 2 2 2 2 2 2 2 2 2 2 2 2 2 2 2 2 2 2 2 2 2 2 2 2 2 2 2 2 2 2 2 3 3 3 3 3 4 4]","2"
"6","0.3","10","0.7","10","9","3","50","true","true","0.1","0.03","2","10","28","6","[2 2 2 2 2 2 2 2 2 2 2 2 2 2 2 2 2 2 2 2 2 2 2 2 2 2 2 2 2 2 2 2 2 2 2 2 2 2 2 2 2 2 2 2 2 2 2 2 2 2 2 2 2 2 2 2 3 3 3 3 3 4 4]","2"
"6","0.3","10","0.7","10","9","3","50","true","true","0.1","0.03","2","10","29","6","[2 2 2 2 2 2 2 2 2 2 2 2 2 2 2 2 2 2 2 2 2 2 2 2 2 2 2 2 2 2 2 2 2 2 2 2 2 2 2 2 2 2 2 2 2 2 2 2 2 2 2 2 2 2 2 2 2 3 3 3 3 3 4 4]","2"
"6","0.3","10","0.7","10","9","3","50","true","true","0.1","0.03","2","10","30","6","[2 2 2 2 2 2 2 2 2 2 2 2 2 2 2 2 2 2 2 2 2 2 2 2 2 2 2 2 2 2 2 2 2 2 2 2 2 2 2 2 2 2 2 2 2 2 2 2 2 2 2 2 2 2 2 2 2 3 3 3 3 3 4 4]","2"
"6","0.3","10","0.7","10","9","3","50","true","true","0.1","0.03","2","10","31","6","[2 2 2 2 2 2 2 2 2 2 2 2 2 2 2 2 2 2 2 2 2 2 2 2 2 2 2 2 2 2 2 2 2 2 2 2 2 2 2 2 2 2 2 2 2 2 2 2 2 2 2 2 2 2 2 2 2 3 3 3 3 3 4 4]","2"
"6","0.3","10","0.7","10","9","3","50","true","true","0.1","0.03","2","10","32","6","[2 2 2 2 2 2 2 2 2 2 2 2 2 2 2 2 2 2 2 2 2 2 2 2 2 2 2 2 2 2 2 2 2 2 2 2 2 2 2 2 2 2 2 2 2 2 2 2 2 2 2 2 2 2 2 2 2 2 2 2 2 3 3 3 3 3 3 4 4]","2"
"6","0.3","10","0.7","10","9","3","50","true","true","0.1","0.03","2","10","33","6","[2 2 2 2 2 2 2 2 2 2 2 2 2 2 2 2 2 2 2 2 2 2 2 2 2 2 2 2 2 2 2 2 2 2 2 2 2 2 2 2 2 2 2 2 2 2 2 2 2 2 2 2 2 2 2 2 2 2 2 2 2 2 2 2 2 3 3 3 3 3 3 4 4]","2"
"6","0.3","10","0.7","10","9","3","50","true","true","0.1","0.03","2","10","34","6","[2 2 2 2 2 2 2 2 2 2 2 2 2 2 2 2 2 2 2 2 2 2 2 2 2 2 2 2 2 2 2 2 2 2 2 2 2 2 2 2 2 2 2 2 2 2 2 2 2 2 2 2 2 2 2 2 2 2 2 2 2 2 2 2 2 2 2 2 2 2 3 3 3 3 3 4 4]","2"
"6","0.3","10","0.7","10","9","3","50","true","true","0.1","0.03","2","10","35","6","[2 2 2 2 2 2 2 2 2 2 2 2 2 2 2 2 2 2 2 2 2 2 2 2 2 2 2 2 2 2 2 2 2 2 2 2 2 2 2 2 2 2 2 2 2 2 2 2 2 2 2 2 2 2 2 2 2 2 2 2 2 2 2 2 2 2 2 2 2 2 2 2 2 2 3 3 3 3 3 3 4]","2"
"6","0.3","10","0.7","10","9","3","50","true","true","0.1","0.03","2","10","36","6","[2 2 2 2 2 2 2 2 2 2 2 2 2 2 2 2 2 2 2 2 2 2 2 2 2 2 2 2 2 2 2 2 2 2 2 2 2 2 2 2 2 2 2 2 2 2 2 2 2 2 2 2 2 2 2 2 2 2 2 2 2 2 2 2 2 2 2 2 2 2 2 2 2 2 2 2 3 3 3 3 3 3 4]","2"
"6","0.3","10","0.7","10","9","3","50","true","true","0.1","0.03","2","10","37","6","[2 2 2 2 2 2 2 2 2 2 2 2 2 2 2 2 2 2 2 2 2 2 2 2 2 2 2 2 2 2 2 2 2 2 2 2 2 2 2 2 2 2 2 2 2 2 2 2 2 2 2 2 2 2 2 2 2 2 2 2 2 2 2 2 2 2 2 2 2 2 2 2 2 2 2 2 2 3 3 3 3 3 3 4]","2"
"6","0.3","10","0.7","10","9","3","50","true","true","0.1","0.03","2","10","38","6","[2 2 2 2 2 2 2 2 2 2 2 2 2 2 2 2 2 2 2 2 2 2 2 2 2 2 2 2 2 2 2 2 2 2 2 2 2 2 2 2 2 2 2 2 2 2 2 2 2 2 2 2 2 2 2 2 2 2 2 2 2 2 2 2 2 2 2 2 2 2 2 2 2 2 2 2 2 2 2 3 3 3 3 3 3 3 4]","2"
"6","0.3","10","0.7","10","9","3","50","true","true","0.1","0.03","2","10","39","6","[2 2 2 2 2 2 2 2 2 2 2 2 2 2 2 2 2 2 2 2 2 2 2 2 2 2 2 2 2 2 2 2 2 2 2 2 2 2 2 2 2 2 2 2 2 2 2 2 2 2 2 2 2 2 2 2 2 2 2 2 2 2 2 2 2 2 2 2 2 2 2 2 2 2 2 2 2 2 2 2 3 3 3 3 3 3 3 3 4]","2"
"6","0.3","10","0.7","10","9","3","50","true","true","0.1","0.03","2","10","40","6","[2 2 2 2 2 2 2 2 2 2 2 2 2 2 2 2 2 2 2 2 2 2 2 2 2 2 2 2 2 2 2 2 2 2 2 2 2 2 2 2 2 2 2 2 2 2 2 2 2 2 2 2 2 2 2 2 2 2 2 2 2 2 2 2 2 2 2 2 2 2 2 2 2 2 2 2 2 2 2 2 2 2 2 2 2 3 3 3 3 3 3 3 3 3 4]","2"
"6","0.3","10","0.7","10","9","3","50","true","true","0.1","0.03","2","10","41","6","[2 2 2 2 2 2 2 2 2 2 2 2 2 2 2 2 2 2 2 2 2 2 2 2 2 2 2 2 2 2 2 2 2 2 2 2 2 2 2 2 2 2 2 2 2 2 2 2 2 2 2 2 2 2 2 2 2 2 2 2 2 2 2 2 2 2 2 2 2 2 2 2 2 2 2 2 2 2 2 2 2 2 2 2 2 2 2 3 3 3 3 3 3 3 3 3 4 6]","2"
"6","0.3","10","0.7","10","9","3","50","true","true","0.1","0.03","2","10","42","6","[2 2 2 2 2 2 2 2 2 2 2 2 2 2 2 2 2 2 2 2 2 2 2 2 2 2 2 2 2 2 2 2 2 2 2 2 2 2 2 2 2 2 2 2 2 2 2 2 2 2 2 2 2 2 2 2 2 2 2 2 2 2 2 2 2 2 2 2 2 2 2 2 2 2 2 2 2 2 2 2 2 2 2 2 2 2 2 2 3 3 3 3 3 3 3 3 3 3 4 6]","2"
"6","0.3","10","0.7","10","9","3","50","true","true","0.1","0.03","2","10","43","6","[2 2 2 2 2 2 2 2 2 2 2 2 2 2 2 2 2 2 2 2 2 2 2 2 2 2 2 2 2 2 2 2 2 2 2 2 2 2 2 2 2 2 2 2 2 2 2 2 2 2 2 2 2 2 2 2 2 2 2 2 2 2 2 2 2 2 2 2 2 2 2 2 2 2 2 2 2 2 2 2 2 2 2 2 2 2 2 2 2 2 2 2 2 3 3 3 3 3 3 3 3 3 3 4 6 6]","2"
"6","0.3","10","0.7","10","9","3","50","true","true","0.1","0.03","2","10","44","6","[2 2 2 2 2 2 2 2 2 2 2 2 2 2 2 2 2 2 2 2 2 2 2 2 2 2 2 2 2 2 2 2 2 2 2 2 2 2 2 2 2 2 2 2 2 2 2 2 2 2 2 2 2 2 2 2 2 2 2 2 2 2 2 2 2 2 2 2 2 2 2 2 2 2 2 2 2 2 2 2 2 2 2 2 2 2 2 2 2 2 2 2 2 2 2 2 2 2 3 3 3 3 3 3 3 3 3 3 4 6 6 8]","2"
"6","0.3","10","0.7","10","9","3","50","true","true","0.1","0.03","2","10","45","6","[2 2 2 2 2 2 2 2 2 2 2 2 2 2 2 2 2 2 2 2 2 2 2 2 2 2 2 2 2 2 2 2 2 2 2 2 2 2 2 2 2 2 2 2 2 2 2 2 2 2 2 2 2 2 2 2 2 2 2 2 2 2 2 2 2 2 2 2 2 2 2 2 2 2 2 2 2 2 2 2 2 2 2 2 2 2 2 2 2 2 2 2 2 2 2 2 2 2 2 2 3 3 3 3 3 3 3 3 3 3 4 4 6 6 8]","2"
"6","0.3","10","0.7","10","9","3","50","true","true","0.1","0.03","2","10","46","6","[2 2 2 2 2 2 2 2 2 2 2 2 2 2 2 2 2 2 2 2 2 2 2 2 2 2 2 2 2 2 2 2 2 2 2 2 2 2 2 2 2 2 2 2 2 2 2 2 2 2 2 2 2 2 2 2 2 2 2 2 2 2 2 2 2 2 2 2 2 2 2 2 2 2 2 2 2 2 2 2 2 2 2 2 2 2 2 2 2 2 2 2 2 2 2 2 2 2 2 2 2 2 3 3 3 3 3 3 3 3 3 3 3 4 4 4 4 6 6 8]","2"
"6","0.3","10","0.7","10","9","3","50","true","true","0.1","0.03","2","10","47","6","[2 2 2 2 2 2 2 2 2 2 2 2 2 2 2 2 2 2 2 2 2 2 2 2 2 2 2 2 2 2 2 2 2 2 2 2 2 2 2 2 2 2 2 2 2 2 2 2 2 2 2 2 2 2 2 2 2 2 2 2 2 2 2 2 2 2 2 2 2 2 2 2 2 2 2 2 2 2 2 2 2 2 2 2 2 2 2 2 2 2 2 2 2 2 2 2 2 2 2 2 2 2 2 2 2 2 2 2 3 3 3 3 3 3 3 3 3 3 3 4 4 4 4 6 6 8]","2"
"6","0.3","10","0.7","10","9","3","50","true","true","0.1","0.03","2","10","48","6","[2 2 2 2 2 2 2 2 2 2 2 2 2 2 2 2 2 2 2 2 2 2 2 2 2 2 2 2 2 2 2 2 2 2 2 2 2 2 2 2 2 2 2 2 2 2 2 2 2 2 2 2 2 2 2 2 2 2 2 2 2 2 2 2 2 2 2 2 2 2 2 2 2 2 2 2 2 2 2 2 2 2 2 2 2 2 2 2 2 2 2 2 2 2 2 2 2 2 2 2 2 2 2 2 2 2 2 2 2 2 2 2 2 3 3 3 3 3 3 3 3 3 3 3 3 3 3 4 4 4 4 6 6 7]","2"
"6","0.3","10","0.7","10","9","3","50","true","true","0.1","0.03","2","10","49","6","[2 2 2 2 2 2 2 2 2 2 2 2 2 2 2 2 2 2 2 2 2 2 2 2 2 2 2 2 2 2 2 2 2 2 2 2 2 2 2 2 2 2 2 2 2 2 2 2 2 2 2 2 2 2 2 2 2 2 2 2 2 2 2 2 2 2 2 2 2 2 2 2 2 2 2 2 2 2 2 2 2 2 2 2 2 2 2 2 2 2 2 2 2 2 2 2 2 2 2 2 2 2 2 2 2 2 2 2 2 2 2 2 2 2 2 2 2 2 3 3 3 3 3 3 3 3 3 3 3 3 3 4 4 4 4 4 6 6 6]","2"
"6","0.3","10","0.7","10","9","3","50","true","true","0.1","0.03","2","10","50","6","[2 2 2 2 2 2 2 2 2 2 2 2 2 2 2 2 2 2 2 2 2 2 2 2 2 2 2 2 2 2 2 2 2 2 2 2 2 2 2 2 2 2 2 2 2 2 2 2 2 2 2 2 2 2 2 2 2 2 2 2 2 2 2 2 2 2 2 2 2 2 2 2 2 2 2 2 2 2 2 2 2 2 2 2 2 2 2 2 2 2 2 2 2 2 2 2 2 2 2 2 2 2 2 2 2 2 2 2 2 2 2 2 2 2 2 2 2 2 2 2 2 2 2 3 3 3 3 3 3 3 3 3 3 3 3 3 4 4 4 4 4 5 6 6 6 6]","2"
"7","0.3","10","0.7","10","9","3","50","true","true","0.1","0.03","2","10","0","7","[]","0"
"7","0.3","10","0.7","10","9","3","50","true","true","0.1","0.03","2","10","1","7","[2 2 5]","2"
"7","0.3","10","0.7","10","9","3","50","true","true","0.1","0.03","2","10","2","7","[2 2 2 2 2 3 3 5]","2"
"7","0.3","10","0.7","10","9","3","50","true","true","0.1","0.03","2","10","3","7","[2 2 2 2 2 2 2 2 2 3 3 3 5]","2"
"7","0.3","10","0.7","10","9","3","50","true","true","0.1","0.03","2","10","4","7","[2 2 2 2 2 2 2 2 2 2 2 2 2 3 3 3 5]","2"
"7","0.3","10","0.7","10","9","3","50","true","true","0.1","0.03","2","10","5","7","[2 2 2 2 2 2 2 2 2 2 2 2 2 2 2 2 2 2 2 3 3 3 4 5]","2"
"7","0.3","10","0.7","10","9","3","50","true","true","0.1","0.03","2","10","6","7","[2 2 2 2 2 2 2 2 2 2 2 2 2 2 2 2 2 2 2 2 2 2 3 3 3 4 5]","2"
"7","0.3","10","0.7","10","9","3","50","true","true","0.1","0.03","2","10","7","7","[2 2 2 2 2 2 2 2 2 2 2 2 2 2 2 2 2 2 2 2 2 2 2 3 3 3 4 5]","2"
"7","0.3","10","0.7","10","9","3","50","true","true","0.1","0.03","2","10","8","7","[2 2 2 2 2 2 2 2 2 2 2 2 2 2 2 2 2 2 2 2 2 2 2 2 3 3 3 3 4 5]","2"
"7","0.3","10","0.7","10","9","3","50","true","true","0.1","0.03","2","10","9","7","[2 2 2 2 2 2 2 2 2 2 2 2 2 2 2 2 2 2 2 2 2 2 2 2 2 2 2 3 3 3 3 4 5]","2"
"7","0.3","10","0.7","10","9","3","50","true","true","0.1","0.03","2","10","10","7","[2 2 2 2 2 2 2 2 2 2 2 2 2 2 2 2 2 2 2 2 2 2 2 2 2 2 2 2 2 2 2 3 3 3 3 4 5]","2"
"7","0.3","10","0.7","10","9","3","50","true","true","0.1","0.03","2","10","11","7","[2 2 2 2 2 2 2 2 2 2 2 2 2 2 2 2 2 2 2 2 2 2 2 2 2 2 2 2 2 2 2 2 2 3 3 3 3 4 5]","2"
"7","0.3","10","0.7","10","9","3","50","true","true","0.1","0.03","2","10","12","7","[2 2 2 2 2 2 2 2 2 2 2 2 2 2 2 2 2 2 2 2 2 2 2 2 2 2 2 2 2 2 2 2 2 2 3 3 3 3 4 5]","2"
"7","0.3","10","0.7","10","9","3","50","true","true","0.1","0.03","2","10","13","7","[2 2 2 2 2 2 2 2 2 2 2 2 2 2 2 2 2 2 2 2 2 2 2 2 2 2 2 2 2 2 2 2 2 2 2 2 2 3 3 3 3 4 5]","2"
"7","0.3","10","0.7","10","9","3","50","true","true","0.1","0.03","2","10","14","7","[2 2 2 2 2 2 2 2 2 2 2 2 2 2 2 2 2 2 2 2 2 2 2 2 2 2 2 2 2 2 2 2 2 2 2 2 2 2 3 3 3 3 4 5]","2"
"7","0.3","10","0.7","10","9","3","50","true","true","0.1","0.03","2","10","15","7","[2 2 2 2 2 2 2 2 2 2 2 2 2 2 2 2 2 2 2 2 2 2 2 2 2 2 2 2 2 2 2 2 2 2 2 2 2 2 3 3 3 3 4 5]","2"
"7","0.3","10","0.7","10","9","3","50","true","true","0.1","0.03","2","10","16","7","[2 2 2 2 2 2 2 2 2 2 2 2 2 2 2 2 2 2 2 2 2 2 2 2 2 2 2 2 2 2 2 2 2 2 2 2 2 2 2 3 3 3 3 4 5]","2"
"7","0.3","10","0.7","10","9","3","50","true","true","0.1","0.03","2","10","17","7","[2 2 2 2 2 2 2 2 2 2 2 2 2 2 2 2 2 2 2 2 2 2 2 2 2 2 2 2 2 2 2 2 2 2 2 2 2 2 2 2 2 3 3 3 3 3 4 4]","2"
"7","0.3","10","0.7","10","9","3","50","true","true","0.1","0.03","2","10","18","7","[2 2 2 2 2 2 2 2 2 2 2 2 2 2 2 2 2 2 2 2 2 2 2 2 2 2 2 2 2 2 2 2 2 2 2 2 2 2 2 2 2 2 2 2 3 3 3 3 3 4 4]","2"
"7","0.3","10","0.7","10","9","3","50","true","true","0.1","0.03","2","10","19","7","[2 2 2 2 2 2 2 2 2 2 2 2 2 2 2 2 2 2 2 2 2 2 2 2 2 2 2 2 2 2 2 2 2 2 2 2 2 2 2 2 2 2 2 2 2 3 3 3 3 3 4 4]","2"
"7","0.3","10","0.7","10","9","3","50","true","true","0.1","0.03","2","10","20","7","[2 2 2 2 2 2 2 2 2 2 2 2 2 2 2 2 2 2 2 2 2 2 2 2 2 2 2 2 2 2 2 2 2 2 2 2 2 2 2 2 2 2 2 2 2 2 2 3 3 3 3 4 4]","2"
"7","0.3","10","0.7","10","9","3","50","true","true","0.1","0.03","2","10","21","7","[2 2 2 2 2 2 2 2 2 2 2 2 2 2 2 2 2 2 2 2 2 2 2 2 2 2 2 2 2 2 2 2 2 2 2 2 2 2 2 2 2 2 2 2 2 2 2 3 3 3 3 3 4 4]","2"
"7","0.3","10","0.7","10","9","3","50","true","true","0.1","0.03","2","10","22","7","[2 2 2 2 2 2 2 2 2 2 2 2 2 2 2 2 2 2 2 2 2 2 2 2 2 2 2 2 2 2 2 2 2 2 2 2 2 2 2 2 2 2 2 2 2 2 2 2 2 3 3 3 3 3 3 4 4]","2"
"7","0.3","10","0.7","10","9","3","50","true","true","0.1","0.03","2","10","23","7","[2 2 2 2 2 2 2 2 2 2 2 2 2 2 2 2 2 2 2 2 2 2 2 2 2 2 2 2 2 2 2 2 2 2 2 2 2 2 2 2 2 2 2 2 2 2 2 2 2 2 2 2 3 3 3 3 3 3 4 4]","2"
"7","0.3","10","0.7","10","9","3","50","true","true","0.1","0.03","2","10","24","7","[2 2 2 2 2 2 2 2 2 2 2 2 2 2 2 2 2 2 2 2 2 2 2 2 2 2 2 2 2 2 2 2 2 2 2 2 2 2 2 2 2 2 2 2 2 2 2 2 2 2 2 2 2 3 3 3 3 3 3 4 4]","2"
"7","0.3","10","0.7","10","9","3","50","true","true","0.1","0.03","2","10","25","7","[2 2 2 2 2 2 2 2 2 2 2 2 2 2 2 2 2 2 2 2 2 2 2 2 2 2 2 2 2 2 2 2 2 2 2 2 2 2 2 2 2 2 2 2 2 2 2 2 2 2 2 2 2 2 2 2 2 3 3 3 3 3 3 3 4 4]","2"
"7","0.3","10","0.7","10","9","3","50","true","true","0.1","0.03","2","10","26","7","[2 2 2 2 2 2 2 2 2 2 2 2 2 2 2 2 2 2 2 2 2 2 2 2 2 2 2 2 2 2 2 2 2 2 2 2 2 2 2 2 2 2 2 2 2 2 2 2 2 2 2 2 2 2 2 2 2 2 2 2 3 3 3 3 3 3 3 4 4]","2"
"7","0.3","10","0.7","10","9","3","50","true","true","0.1","0.03","2","10","27","7","[2 2 2 2 2 2 2 2 2 2 2 2 2 2 2 2 2 2 2 2 2 2 2 2 2 2 2 2 2 2 2 2 2 2 2 2 2 2 2 2 2 2 2 2 2 2 2 2 2 2 2 2 2 2 2 2 2 2 2 2 2 3 3 3 3 3 3 3 4 4]","2"
"7","0.3","10","0.7","10","9","3","50","true","true","0.1","0.03","2","10","28","7","[2 2 2 2 2 2 2 2 2 2 2 2 2 2 2 2 2 2 2 2 2 2 2 2 2 2 2 2 2 2 2 2 2 2 2 2 2 2 2 2 2 2 2 2 2 2 2 2 2 2 2 2 2 2 2 2 2 2 2 2 2 2 2 2 2 2 2 3 3 3 3 3 3 4 4]","2"
"7","0.3","10","0.7","10","9","3","50","true","true","0.1","0.03","2","10","29","7","[2 2 2 2 2 2 2 2 2 2 2 2 2 2 2 2 2 2 2 2 2 2 2 2 2 2 2 2 2 2 2 2 2 2 2 2 2 2 2 2 2 2 2 2 2 2 2 2 2 2 2 2 2 2 2 2 2 2 2 2 2 2 2 2 2 2 2 2 2 2 3 3 3 3 3 3 4 4]","2"
"7","0.3","10","0.7","10","9","3","50","true","true","0.1","0.03","2","10","30","7","[2 2 2 2 2 2 2 2 2 2 2 2 2 2 2 2 2 2 2 2 2 2 2 2 2 2 2 2 2 2 2 2 2 2 2 2 2 2 2 2 2 2 2 2 2 2 2 2 2 2 2 2 2 2 2 2 2 2 2 2 2 2 2 2 2 2 2 2 2 2 3 3 3 3 3 3 4 4]","2"
"7","0.3","10","0.7","10","9","3","50","true","true","0.1","0.03","2","10","31","7","[2 2 2 2 2 2 2 2 2 2 2 2 2 2 2 2 2 2 2 2 2 2 2 2 2 2 2 2 2 2 2 2 2 2 2 2 2 2 2 2 2 2 2 2 2 2 2 2 2 2 2 2 2 2 2 2 2 2 2 2 2 2 2 2 2 2 2 2 2 2 2 3 3 3 3 3 3 3 4 4]","2"
"7","0.3","10","0.7","10","9","3","50","true","true","0.1","0.03","2","10","32","7","[2 2 2 2 2 2 2 2 2 2 2 2 2 2 2 2 2 2 2 2 2 2 2 2 2 2 2 2 2 2 2 2 2 2 2 2 2 2 2 2 2 2 2 2 2 2 2 2 2 2 2 2 2 2 2 2 2 2 2 2 2 2 2 2 2 2 2 2 2 2 2 3 3 3 3 3 3 3 4 4]","2"
"7","0.3","10","0.7","10","9","3","50","true","true","0.1","0.03","2","10","33","7","[2 2 2 2 2 2 2 2 2 2 2 2 2 2 2 2 2 2 2 2 2 2 2 2 2 2 2 2 2 2 2 2 2 2 2 2 2 2 2 2 2 2 2 2 2 2 2 2 2 2 2 2 2 2 2 2 2 2 2 2 2 2 2 2 2 2 2 2 2 2 2 2 3 3 3 3 3 3 3 4 4]","2"
"7","0.3","10","0.7","10","9","3","50","true","true","0.1","0.03","2","10","34","7","[2 2 2 2 2 2 2 2 2 2 2 2 2 2 2 2 2 2 2 2 2 2 2 2 2 2 2 2 2 2 2 2 2 2 2 2 2 2 2 2 2 2 2 2 2 2 2 2 2 2 2 2 2 2 2 2 2 2 2 2 2 2 2 2 2 2 2 2 2 2 2 2 3 3 3 3 3 3 3 4 4]","2"
"7","0.3","10","0.7","10","9","3","50","true","true","0.1","0.03","2","10","35","7","[2 2 2 2 2 2 2 2 2 2 2 2 2 2 2 2 2 2 2 2 2 2 2 2 2 2 2 2 2 2 2 2 2 2 2 2 2 2 2 2 2 2 2 2 2 2 2 2 2 2 2 2 2 2 2 2 2 2 2 2 2 2 2 2 2 2 2 2 2 2 2 2 2 3 3 3 3 3 3 3 3 4 4]","2"
"7","0.3","10","0.7","10","9","3","50","true","true","0.1","0.03","2","10","36","7","[2 2 2 2 2 2 2 2 2 2 2 2 2 2 2 2 2 2 2 2 2 2 2 2 2 2 2 2 2 2 2 2 2 2 2 2 2 2 2 2 2 2 2 2 2 2 2 2 2 2 2 2 2 2 2 2 2 2 2 2 2 2 2 2 2 2 2 2 2 2 2 2 2 2 2 2 2 2 3 3 3 3 3 3 3 3 4 4]","2"
"7","0.3","10","0.7","10","9","3","50","true","true","0.1","0.03","2","10","37","7","[2 2 2 2 2 2 2 2 2 2 2 2 2 2 2 2 2 2 2 2 2 2 2 2 2 2 2 2 2 2 2 2 2 2 2 2 2 2 2 2 2 2 2 2 2 2 2 2 2 2 2 2 2 2 2 2 2 2 2 2 2 2 2 2 2 2 2 2 2 2 2 2 2 2 2 2 2 2 2 2 3 3 3 3 3 3 3 3 4 4 4]","2"
"7","0.3","10","0.7","10","9","3","50","true","true","0.1","0.03","2","10","38","7","[2 2 2 2 2 2 2 2 2 2 2 2 2 2 2 2 2 2 2 2 2 2 2 2 2 2 2 2 2 2 2 2 2 2 2 2 2 2 2 2 2 2 2 2 2 2 2 2 2 2 2 2 2 2 2 2 2 2 2 2 2 2 2 2 2 2 2 2 2 2 2 2 2 2 2 2 2 2 2 2 2 2 2 2 3 3 3 3 3 3 3 3 3 4 4]","2"
"7","0.3","10","0.7","10","9","3","50","true","true","0.1","0.03","2","10","39","7","[2 2 2 2 2 2 2 2 2 2 2 2 2 2 2 2 2 2 2 2 2 2 2 2 2 2 2 2 2 2 2 2 2 2 2 2 2 2 2 2 2 2 2 2 2 2 2 2 2 2 2 2 2 2 2 2 2 2 2 2 2 2 2 2 2 2 2 2 2 2 2 2 2 2 2 2 2 2 2 2 2 2 2 2 3 3 3 3 3 3 3 3 3 3 4 4]","2"
"7","0.3","10","0.7","10","9","3","50","true","true","0.1","0.03","2","10","40","7","[2 2 2 2 2 2 2 2 2 2 2 2 2 2 2 2 2 2 2 2 2 2 2 2 2 2 2 2 2 2 2 2 2 2 2 2 2 2 2 2 2 2 2 2 2 2 2 2 2 2 2 2 2 2 2 2 2 2 2 2 2 2 2 2 2 2 2 2 2 2 2 2 2 2 2 2 2 2 2 2 2 2 2 2 2 2 2 2 2 3 3 3 3 3 3 3 3 3 3 4 4 7]","2"
"7","0.3","10","0.7","10","9","3","50","true","true","0.1","0.03","2","10","41","7","[2 2 2 2 2 2 2 2 2 2 2 2 2 2 2 2 2 2 2 2 2 2 2 2 2 2 2 2 2 2 2 2 2 2 2 2 2 2 2 2 2 2 2 2 2 2 2 2 2 2 2 2 2 2 2 2 2 2 2 2 2 2 2 2 2 2 2 2 2 2 2 2 2 2 2 2 2 2 2 2 2 2 2 2 2 2 2 2 2 2 2 2 2 2 2 2 2 3 3 3 3 3 3 3 3 3 4 4 7]","2"
"7","0.3","10","0.7","10","9","3","50","true","true","0.1","0.03","2","10","42","7","[2 2 2 2 2 2 2 2 2 2 2 2 2 2 2 2 2 2 2 2 2 2 2 2 2 2 2 2 2 2 2 2 2 2 2 2 2 2 2 2 2 2 2 2 2 2 2 2 2 2 2 2 2 2 2 2 2 2 2 2 2 2 2 2 2 2 2 2 2 2 2 2 2 2 2 2 2 2 2 2 2 2 2 2 2 2 2 2 2 2 2 2 2 2 2 2 2 2 2 2 3 3 3 3 3 3 3 3 3 4 4 5 7]","2"
"7","0.3","10","0.7","10","9","3","50","true","true","0.1","0.03","2","10","43","7","[2 2 2 2 2 2 2 2 2 2 2 2 2 2 2 2 2 2 2 2 2 2 2 2 2 2 2 2 2 2 2 2 2 2 2 2 2 2 2 2 2 2 2 2 2 2 2 2 2 2 2 2 2 2 2 2 2 2 2 2 2 2 2 2 2 2 2 2 2 2 2 2 2 2 2 2 2 2 2 2 2 2 2 2 2 2 2 2 2 2 2 2 2 2 2 2 2 2 2 2 2 3 3 3 3 3 3 3 3 3 4 4 4 5 6]","2"
"7","0.3","10","0.7","10","9","3","50","true","true","0.1","0.03","2","10","44","7","[2 2 2 2 2 2 2 2 2 2 2 2 2 2 2 2 2 2 2 2 2 2 2 2 2 2 2 2 2 2 2 2 2 2 2 2 2 2 2 2 2 2 2 2 2 2 2 2 2 2 2 2 2 2 2 2 2 2 2 2 2 2 2 2 2 2 2 2 2 2 2 2 2 2 2 2 2 2 2 2 2 2 2 2 2 2 2 2 2 2 2 2 2 2 2 2 2 2 2 2 2 2 2 2 2 2 2 2 3 3 3 3 3 3 3 3 3 4 4 4 5]","2"
"7","0.3","10","0.7","10","9","3","50","true","true","0.1","0.03","2","10","45","7","[2 2 2 2 2 2 2 2 2 2 2 2 2 2 2 2 2 2 2 2 2 2 2 2 2 2 2 2 2 2 2 2 2 2 2 2 2 2 2 2 2 2 2 2 2 2 2 2 2 2 2 2 2 2 2 2 2 2 2 2 2 2 2 2 2 2 2 2 2 2 2 2 2 2 2 2 2 2 2 2 2 2 2 2 2 2 2 2 2 2 2 2 2 2 2 2 2 2 2 2 2 2 2 2 2 2 2 2 2 2 3 3 3 3 3 3 3 3 3 3 3 3 4 4 4 5]","2"
"7","0.3","10","0.7","10","9","3","50","true","true","0.1","0.03","2","10","46","7","[2 2 2 2 2 2 2 2 2 2 2 2 2 2 2 2 2 2 2 2 2 2 2 2 2 2 2 2 2 2 2 2 2 2 2 2 2 2 2 2 2 2 2 2 2 2 2 2 2 2 2 2 2 2 2 2 2 2 2 2 2 2 2 2 2 2 2 2 2 2 2 2 2 2 2 2 2 2 2 2 2 2 2 2 2 2 2 2 2 2 2 2 2 2 2 2 2 2 2 2 2 2 2 2 2 2 2 2 2 2 2 2 3 3 3 3 3 3 3 3 3 3 3 3 3 4 4 4 5]","2"
"7","0.3","10","0.7","10","9","3","50","true","true","0.1","0.03","2","10","47","7","[2 2 2 2 2 2 2 2 2 2 2 2 2 2 2 2 2 2 2 2 2 2 2 2 2 2 2 2 2 2 2 2 2 2 2 2 2 2 2 2 2 2 2 2 2 2 2 2 2 2 2 2 2 2 2 2 2 2 2 2 2 2 2 2 2 2 2 2 2 2 2 2 2 2 2 2 2 2 2 2 2 2 2 2 2 2 2 2 2 2 2 2 2 2 2 2 2 2 2 2 2 2 2 2 2 2 2 2 2 2 2 2 2 2 2 2 2 2 2 3 3 3 3 3 3 3 3 3 3 3 3 3 3 4 4 4 5]","2"
"7","0.3","10","0.7","10","9","3","50","true","true","0.1","0.03","2","10","48","7","[2 2 2 2 2 2 2 2 2 2 2 2 2 2 2 2 2 2 2 2 2 2 2 2 2 2 2 2 2 2 2 2 2 2 2 2 2 2 2 2 2 2 2 2 2 2 2 2 2 2 2 2 2 2 2 2 2 2 2 2 2 2 2 2 2 2 2 2 2 2 2 2 2 2 2 2 2 2 2 2 2 2 2 2 2 2 2 2 2 2 2 2 2 2 2 2 2 2 2 2 2 2 2 2 2 2 2 2 2 2 2 2 2 2 2 2 2 2 2 2 2 2 2 3 3 3 3 3 3 3 3 3 3 3 3 3 3 3 4 4 4 5 7]","2"
"7","0.3","10","0.7","10","9","3","50","true","true","0.1","0.03","2","10","49","7","[2 2 2 2 2 2 2 2 2 2 2 2 2 2 2 2 2 2 2 2 2 2 2 2 2 2 2 2 2 2 2 2 2 2 2 2 2 2 2 2 2 2 2 2 2 2 2 2 2 2 2 2 2 2 2 2 2 2 2 2 2 2 2 2 2 2 2 2 2 2 2 2 2 2 2 2 2 2 2 2 2 2 2 2 2 2 2 2 2 2 2 2 2 2 2 2 2 2 2 2 2 2 2 2 2 2 2 2 2 2 2 2 2 2 2 2 2 2 2 2 2 2 2 2 3 3 3 3 3 3 3 3 3 3 3 3 3 3 3 3 3 3 4 4 4 5 7]","2"
"7","0.3","10","0.7","10","9","3","50","true","true","0.1","0.03","2","10","50","7","[2 2 2 2 2 2 2 2 2 2 2 2 2 2 2 2 2 2 2 2 2 2 2 2 2 2 2 2 2 2 2 2 2 2 2 2 2 2 2 2 2 2 2 2 2 2 2 2 2 2 2 2 2 2 2 2 2 2 2 2 2 2 2 2 2 2 2 2 2 2 2 2 2 2 2 2 2 2 2 2 2 2 2 2 2 2 2 2 2 2 2 2 2 2 2 2 2 2 2 2 2 2 2 2 2 2 2 2 2 2 2 2 2 2 2 2 2 2 2 2 2 2 2 2 2 2 2 2 3 3 3 3 3 3 3 3 3 3 3 3 3 3 3 3 3 3 3 4 4 4 5 7]","2"
"8","0.3","10","0.7","10","9","3","50","true","true","0.1","0.03","2","10","0","8","[]","0"
"8","0.3","10","0.7","10","9","3","50","true","true","0.1","0.03","2","10","1","8","[2 7]","2"
"8","0.3","10","0.7","10","9","3","50","true","true","0.1","0.03","2","10","2","8","[2 2 2 2 2 2 2 7]","2"
"8","0.3","10","0.7","10","9","3","50","true","true","0.1","0.03","2","10","3","8","[2 2 2 2 2 2 2 2 2 6 7]","2"
"8","0.3","10","0.7","10","9","3","50","true","true","0.1","0.03","2","10","4","8","[2 2 2 2 2 2 2 2 2 2 2 2 6 6 7]","2"
"8","0.3","10","0.7","10","9","3","50","true","true","0.1","0.03","2","10","5","8","[2 2 2 2 2 2 2 2 2 2 2 2 2 2 3 3 5 6 6 7]","2"
"8","0.3","10","0.7","10","9","3","50","true","true","0.1","0.03","2","10","6","8","[2 2 2 2 2 2 2 2 2 2 2 2 2 2 2 2 3 3 5 6 6 7]","2"
"8","0.3","10","0.7","10","9","3","50","true","true","0.1","0.03","2","10","7","8","[2 2 2 2 2 2 2 2 2 2 2 2 2 2 2 2 2 2 3 3 5 6 6 7]","2"
"8","0.3","10","0.7","10","9","3","50","true","true","0.1","0.03","2","10","8","8","[2 2 2 2 2 2 2 2 2 2 2 2 2 2 2 2 2 2 2 2 3 3 5 6 6 6 7]","2"
"8","0.3","10","0.7","10","9","3","50","true","true","0.1","0.03","2","10","9","8","[2 2 2 2 2 2 2 2 2 2 2 2 2 2 2 2 2 2 2 2 3 3 4 5 6 6 6 7]","2"
"8","0.3","10","0.7","10","9","3","50","true","true","0.1","0.03","2","10","10","8","[2 2 2 2 2 2 2 2 2 2 2 2 2 2 2 2 2 2 2 2 2 3 3 4 5 6 6 6 7]","2"
"8","0.3","10","0.7","10","9","3","50","true","true","0.1","0.03","2","10","11","8","[2 2 2 2 2 2 2 2 2 2 2 2 2 2 2 2 2 2 2 2 2 2 2 2 2 3 3 4 5 6 6 6 7]","2"
"8","0.3","10","0.7","10","9","3","50","true","true","0.1","0.03","2","10","12","8","[2 2 2 2 2 2 2 2 2 2 2 2 2 2 2 2 2 2 2 2 2 2 2 2 2 2 2 3 3 3 4 5 6 6 6 7]","2"
"8","0.3","10","0.7","10","9","3","50","true","true","0.1","0.03","2","10","13","8","[2 2 2 2 2 2 2 2 2 2 2 2 2 2 2 2 2 2 2 2 2 2 2 2 2 2 2 2 2 2 3 3 3 4 5 6 6 6 7]","2"
"8","0.3","10","0.7","10","9","3","50","true","true","0.1","0.03","2","10","14","8","[2 2 2 2 2 2 2 2 2 2 2 2 2 2 2 2 2 2 2 2 2 2 2 2 2 2 2 2 2 2 2 3 3 3 4 4 5 6 6 6 7]","2"
"8","0.3","10","0.7","10","9","3","50","true","true","0.1","0.03","2","10","15","8","[2 2 2 2 2 2 2 2 2 2 2 2 2 2 2 2 2 2 2 2 2 2 2 2 2 2 2 2 2 2 2 2 2 3 3 3 4 4 5 6 6 6 7]","2"
"8","0.3","10","0.7","10","9","3","50","true","true","0.1","0.03","2","10","16","8","[2 2 2 2 2 2 2 2 2 2 2 2 2 2 2 2 2 2 2 2 2 2 2 2 2 2 2 2 2 2 2 2 2 2 3 3 3 4 4 5 6 6 6 7]","2"
"8","0.3","10","0.7","10","9","3","50","true","true","0.1","0.03","2","10","17","8","[2 2 2 2 2 2 2 2 2 2 2 2 2 2 2 2 2 2 2 2 2 2 2 2 2 2 2 2 2 2 2 2 2 2 3 3 3 4 4 5 6 6 6 7]","2"
"8","0.3","10","0.7","10","9","3","50","true","true","0.1","0.03","2","10","18","8","[2 2 2 2 2 2 2 2 2 2 2 2 2 2 2 2 2 2 2 2 2 2 2 2 2 2 2 2 2 2 2 2 2 2 2 2 3 3 3 4 4 5 6 6 6 7]","2"
"8","0.3","10","0.7","10","9","3","50","true","true","0.1","0.03","2","10","19","8","[2 2 2 2 2 2 2 2 2 2 2 2 2 2 2 2 2 2 2 2 2 2 2 2 2 2 2 2 2 2 2 2 2 2 2 2 2 2 3 3 3 3 4 4 5 6 6 7]","2"
"8","0.3","10","0.7","10","9","3","50","true","true","0.1","0.03","2","10","20","8","[2 2 2 2 2 2 2 2 2 2 2 2 2 2 2 2 2 2 2 2 2 2 2 2 2 2 2 2 2 2 2 2 2 2 2 2 2 2 2 2 3 3 3 4 4 5 6 6 7]","2"
"8","0.3","10","0.7","10","9","3","50","true","true","0.1","0.03","2","10","21","8","[2 2 2 2 2 2 2 2 2 2 2 2 2 2 2 2 2 2 2 2 2 2 2 2 2 2 2 2 2 2 2 2 2 2 2 2 2 2 2 2 2 2 2 3 3 3 3 4 4 5 6 6 7]","2"
"8","0.3","10","0.7","10","9","3","50","true","true","0.1","0.03","2","10","22","8","[2 2 2 2 2 2 2 2 2 2 2 2 2 2 2 2 2 2 2 2 2 2 2 2 2 2 2 2 2 2 2 2 2 2 2 2 2 2 2 2 2 2 2 2 2 3 3 3 3 4 4 5 6 6 7]","2"
"8","0.3","10","0.7","10","9","3","50","true","true","0.1","0.03","2","10","23","8","[2 2 2 2 2 2 2 2 2 2 2 2 2 2 2 2 2 2 2 2 2 2 2 2 2 2 2 2 2 2 2 2 2 2 2 2 2 2 2 2 2 2 2 2 2 2 2 3 3 3 3 3 4 4 5 6 6 7]","2"
"8","0.3","10","0.7","10","9","3","50","true","true","0.1","0.03","2","10","24","8","[2 2 2 2 2 2 2 2 2 2 2 2 2 2 2 2 2 2 2 2 2 2 2 2 2 2 2 2 2 2 2 2 2 2 2 2 2 2 2 2 2 2 2 2 2 2 2 2 3 3 3 3 3 4 4 5 6 6 7]","2"
"8","0.3","10","0.7","10","9","3","50","true","true","0.1","0.03","2","10","25","8","[2 2 2 2 2 2 2 2 2 2 2 2 2 2 2 2 2 2 2 2 2 2 2 2 2 2 2 2 2 2 2 2 2 2 2 2 2 2 2 2 2 2 2 2 2 2 2 2 3 3 3 3 3 4 4 5 6 6 7]","2"
"8","0.3","10","0.7","10","9","3","50","true","true","0.1","0.03","2","10","26","8","[2 2 2 2 2 2 2 2 2 2 2 2 2 2 2 2 2 2 2 2 2 2 2 2 2 2 2 2 2 2 2 2 2 2 2 2 2 2 2 2 2 2 2 2 2 2 2 2 2 3 3 3 3 3 3 3 4 5 6 6 7]","2"
"8","0.3","10","0.7","10","9","3","50","true","true","0.1","0.03","2","10","27","8","[2 2 2 2 2 2 2 2 2 2 2 2 2 2 2 2 2 2 2 2 2 2 2 2 2 2 2 2 2 2 2 2 2 2 2 2 2 2 2 2 2 2 2 2 2 2 2 2 2 2 2 3 3 3 3 3 3 4 5 6 6 7]","2"
"8","0.3","10","0.7","10","9","3","50","true","true","0.1","0.03","2","10","28","8","[2 2 2 2 2 2 2 2 2 2 2 2 2 2 2 2 2 2 2 2 2 2 2 2 2 2 2 2 2 2 2 2 2 2 2 2 2 2 2 2 2 2 2 2 2 2 2 2 2 2 2 3 3 3 3 3 3 4 5 6 6 7]","2"
"8","0.3","10","0.7","10","9","3","50","true","true","0.1","0.03","2","10","29","8","[2 2 2 2 2 2 2 2 2 2 2 2 2 2 2 2 2 2 2 2 2 2 2 2 2 2 2 2 2 2 2 2 2 2 2 2 2 2 2 2 2 2 2 2 2 2 2 2 2 2 2 2 3 3 3 3 3 3 3 4 5 6 6 7]","2"
"8","0.3","10","0.7","10","9","3","50","true","true","0.1","0.03","2","10","30","8","[2 2 2 2 2 2 2 2 2 2 2 2 2 2 2 2 2 2 2 2 2 2 2 2 2 2 2 2 2 2 2 2 2 2 2 2 2 2 2 2 2 2 2 2 2 2 2 2 2 2 2 2 2 2 3 3 3 3 3 3 3 3 3 4 5 6 6 7]","2"
"8","0.3","10","0.7","10","9","3","50","true","true","0.1","0.03","2","10","31","8","[2 2 2 2 2 2 2 2 2 2 2 2 2 2 2 2 2 2 2 2 2 2 2 2 2 2 2 2 2 2 2 2 2 2 2 2 2 2 2 2 2 2 2 2 2 2 2 2 2 2 2 2 2 2 2 2 3 3 3 3 3 3 3 3 3 3 4 5 6 6 7]","2"
"8","0.3","10","0.7","10","9","3","50","true","true","0.1","0.03","2","10","32","8","[2 2 2 2 2 2 2 2 2 2 2 2 2 2 2 2 2 2 2 2 2 2 2 2 2 2 2 2 2 2 2 2 2 2 2 2 2 2 2 2 2 2 2 2 2 2 2 2 2 2 2 2 2 2 2 2 3 3 3 3 3 3 3 3 3 3 4 5 6 6 7]","2"
"8","0.3","10","0.7","10","9","3","50","true","true","0.1","0.03","2","10","33","8","[2 2 2 2 2 2 2 2 2 2 2 2 2 2 2 2 2 2 2 2 2 2 2 2 2 2 2 2 2 2 2 2 2 2 2 2 2 2 2 2 2 2 2 2 2 2 2 2 2 2 2 2 2 2 2 2 2 2 2 2 3 3 3 3 3 3 3 3 3 3 4 5 6 6 7]","2"
"8","0.3","10","0.7","10","9","3","50","true","true","0.1","0.03","2","10","34","8","[2 2 2 2 2 2 2 2 2 2 2 2 2 2 2 2 2 2 2 2 2 2 2 2 2 2 2 2 2 2 2 2 2 2 2 2 2 2 2 2 2 2 2 2 2 2 2 2 2 2 2 2 2 2 2 2 2 2 2 2 2 2 3 3 3 3 3 3 3 3 3 3 4 5 5 6 7]","2"
"8","0.3","10","0.7","10","9","3","50","true","true","0.1","0.03","2","10","35","8","[2 2 2 2 2 2 2 2 2 2 2 2 2 2 2 2 2 2 2 2 2 2 2 2 2 2 2 2 2 2 2 2 2 2 2 2 2 2 2 2 2 2 2 2 2 2 2 2 2 2 2 2 2 2 2 2 2 2 2 2 2 2 2 2 3 3 3 3 3 3 3 3 3 3 4 5 5 6 7]","2"
"8","0.3","10","0.7","10","9","3","50","true","true","0.1","0.03","2","10","36","8","[2 2 2 2 2 2 2 2 2 2 2 2 2 2 2 2 2 2 2 2 2 2 2 2 2 2 2 2 2 2 2 2 2 2 2 2 2 2 2 2 2 2 2 2 2 2 2 2 2 2 2 2 2 2 2 2 2 2 2 2 2 2 2 2 2 2 3 3 3 3 3 3 3 3 3 3 4 4 5 6 7]","2"
"8","0.3","10","0.7","10","9","3","50","true","true","0.1","0.03","2","10","37","8","[2 2 2 2 2 2 2 2 2 2 2 2 2 2 2 2 2 2 2 2 2 2 2 2 2 2 2 2 2 2 2 2 2 2 2 2 2 2 2 2 2 2 2 2 2 2 2 2 2 2 2 2 2 2 2 2 2 2 2 2 2 2 2 2 2 2 2 2 2 2 2 2 3 3 3 3 3 3 3 3 3 3 4 4 5 6 7]","2"
"8","0.3","10","0.7","10","9","3","50","true","true","0.1","0.03","2","10","38","8","[2 2 2 2 2 2 2 2 2 2 2 2 2 2 2 2 2 2 2 2 2 2 2 2 2 2 2 2 2 2 2 2 2 2 2 2 2 2 2 2 2 2 2 2 2 2 2 2 2 2 2 2 2 2 2 2 2 2 2 2 2 2 2 2 2 2 2 2 2 2 2 2 2 2 2 3 3 3 3 3 3 3 3 3 3 4 4 5 6 7]","2"
"8","0.3","10","0.7","10","9","3","50","true","true","0.1","0.03","2","10","39","8","[2 2 2 2 2 2 2 2 2 2 2 2 2 2 2 2 2 2 2 2 2 2 2 2 2 2 2 2 2 2 2 2 2 2 2 2 2 2 2 2 2 2 2 2 2 2 2 2 2 2 2 2 2 2 2 2 2 2 2 2 2 2 2 2 2 2 2 2 2 2 2 2 2 2 2 3 3 3 3 3 3 3 3 3 3 3 4 4 5 6 7]","2"
"8","0.3","10","0.7","10","9","3","50","true","true","0.1","0.03","2","10","40","8","[2 2 2 2 2 2 2 2 2 2 2 2 2 2 2 2 2 2 2 2 2 2 2 2 2 2 2 2 2 2 2 2 2 2 2 2 2 2 2 2 2 2 2 2 2 2 2 2 2 2 2 2 2 2 2 2 2 2 2 2 2 2 2 2 2 2 2 2 2 2 2 2 2 2 2 2 2 2 2 3 3 3 3 3 3 3 3 3 3 3 3 4 4 5 6 6]","2"
"8","0.3","10","0.7","10","9","3","50","true","true","0.1","0.03","2","10","41","8","[2 2 2 2 2 2 2 2 2 2 2 2 2 2 2 2 2 2 2 2 2 2 2 2 2 2 2 2 2 2 2 2 2 2 2 2 2 2 2 2 2 2 2 2 2 2 2 2 2 2 2 2 2 2 2 2 2 2 2 2 2 2 2 2 2 2 2 2 2 2 2 2 2 2 2 2 2 2 3 3 3 3 3 3 3 3 3 3 3 3 3 4 4 5 6 6 6]","2"
"8","0.3","10","0.7","10","9","3","50","true","true","0.1","0.03","2","10","42","8","[2 2 2 2 2 2 2 2 2 2 2 2 2 2 2 2 2 2 2 2 2 2 2 2 2 2 2 2 2 2 2 2 2 2 2 2 2 2 2 2 2 2 2 2 2 2 2 2 2 2 2 2 2 2 2 2 2 2 2 2 2 2 2 2 2 2 2 2 2 2 2 2 2 2 2 2 2 2 2 2 2 2 2 3 3 3 3 3 3 3 3 3 3 3 3 3 3 4 4 5 6 6 6]","2"
"8","0.3","10","0.7","10","9","3","50","true","true","0.1","0.03","2","10","43","8","[2 2 2 2 2 2 2 2 2 2 2 2 2 2 2 2 2 2 2 2 2 2 2 2 2 2 2 2 2 2 2 2 2 2 2 2 2 2 2 2 2 2 2 2 2 2 2 2 2 2 2 2 2 2 2 2 2 2 2 2 2 2 2 2 2 2 2 2 2 2 2 2 2 2 2 2 2 2 2 2 2 3 3 3 3 3 3 3 3 3 3 3 3 3 3 4 4 5 6 6 6 8]","2"
"8","0.3","10","0.7","10","9","3","50","true","true","0.1","0.03","2","10","44","8","[2 2 2 2 2 2 2 2 2 2 2 2 2 2 2 2 2 2 2 2 2 2 2 2 2 2 2 2 2 2 2 2 2 2 2 2 2 2 2 2 2 2 2 2 2 2 2 2 2 2 2 2 2 2 2 2 2 2 2 2 2 2 2 2 2 2 2 2 2 2 2 2 2 2 2 2 2 2 2 2 2 2 2 2 3 3 3 3 3 3 3 3 3 3 3 3 3 3 4 4 4 4 5 6 6 6 8]","2"
"8","0.3","10","0.7","10","9","3","50","true","true","0.1","0.03","2","10","45","8","[2 2 2 2 2 2 2 2 2 2 2 2 2 2 2 2 2 2 2 2 2 2 2 2 2 2 2 2 2 2 2 2 2 2 2 2 2 2 2 2 2 2 2 2 2 2 2 2 2 2 2 2 2 2 2 2 2 2 2 2 2 2 2 2 2 2 2 2 2 2 2 2 2 2 2 2 2 2 2 2 2 2 2 2 2 2 2 2 3 3 3 3 3 3 3 3 3 3 3 3 3 3 3 4 4 4 4 5 6 6 6 8]","2"
"8","0.3","10","0.7","10","9","3","50","true","true","0.1","0.03","2","10","46","8","[2 2 2 2 2 2 2 2 2 2 2 2 2 2 2 2 2 2 2 2 2 2 2 2 2 2 2 2 2 2 2 2 2 2 2 2 2 2 2 2 2 2 2 2 2 2 2 2 2 2 2 2 2 2 2 2 2 2 2 2 2 2 2 2 2 2 2 2 2 2 2 2 2 2 2 2 2 2 2 2 2 2 2 2 2 2 2 2 2 2 2 3 3 3 3 3 3 3 3 3 3 3 3 3 3 4 4 4 4 5 6 6 6 8]","2"
"8","0.3","10","0.7","10","9","3","50","true","true","0.1","0.03","2","10","47","8","[2 2 2 2 2 2 2 2 2 2 2 2 2 2 2 2 2 2 2 2 2 2 2 2 2 2 2 2 2 2 2 2 2 2 2 2 2 2 2 2 2 2 2 2 2 2 2 2 2 2 2 2 2 2 2 2 2 2 2 2 2 2 2 2 2 2 2 2 2 2 2 2 2 2 2 2 2 2 2 2 2 2 2 2 2 2 2 2 2 2 2 2 2 3 3 3 3 3 3 3 3 3 3 3 3 3 3 3 3 4 4 4 4 5 6 6 6 8]","2"
"8","0.3","10","0.7","10","9","3","50","true","true","0.1","0.03","2","10","48","8","[2 2 2 2 2 2 2 2 2 2 2 2 2 2 2 2 2 2 2 2 2 2 2 2 2 2 2 2 2 2 2 2 2 2 2 2 2 2 2 2 2 2 2 2 2 2 2 2 2 2 2 2 2 2 2 2 2 2 2 2 2 2 2 2 2 2 2 2 2 2 2 2 2 2 2 2 2 2 2 2 2 2 2 2 2 2 2 2 2 2 2 2 2 2 2 2 2 3 3 3 3 3 3 3 3 3 3 3 3 3 3 3 3 3 4 4 4 5 6 6 6 8]","2"
"8","0.3","10","0.7","10","9","3","50","true","true","0.1","0.03","2","10","49","8","[2 2 2 2 2 2 2 2 2 2 2 2 2 2 2 2 2 2 2 2 2 2 2 2 2 2 2 2 2 2 2 2 2 2 2 2 2 2 2 2 2 2 2 2 2 2 2 2 2 2 2 2 2 2 2 2 2 2 2 2 2 2 2 2 2 2 2 2 2 2 2 2 2 2 2 2 2 2 2 2 2 2 2 2 2 2 2 2 2 2 2 2 2 2 2 2 2 2 2 2 3 3 3 3 3 3 3 3 3 3 3 3 3 3 3 3 3 4 4 4 5 5 6 6 6 8]","2"
"8","0.3","10","0.7","10","9","3","50","true","true","0.1","0.03","2","10","50","8","[2 2 2 2 2 2 2 2 2 2 2 2 2 2 2 2 2 2 2 2 2 2 2 2 2 2 2 2 2 2 2 2 2 2 2 2 2 2 2 2 2 2 2 2 2 2 2 2 2 2 2 2 2 2 2 2 2 2 2 2 2 2 2 2 2 2 2 2 2 2 2 2 2 2 2 2 2 2 2 2 2 2 2 2 2 2 2 2 2 2 2 2 2 2 2 2 2 2 2 2 2 3 3 3 3 3 3 3 3 3 3 3 3 3 3 3 3 3 3 3 3 4 4 4 5 5 6 6 6 8]","2"
"9","0.3","10","0.7","10","9","3","50","true","true","0.1","0.03","2","10","0","9","[]","0"
"9","0.3","10","0.7","10","9","3","50","true","true","0.1","0.03","2","10","1","9","[2 2 2 3 3]","2"
"9","0.3","10","0.7","10","9","3","50","true","true","0.1","0.03","2","10","2","9","[2 2 2 2 2 2 2 3 3 3 3]","2"
"9","0.3","10","0.7","10","9","3","50","true","true","0.1","0.03","2","10","3","9","[2 2 2 2 2 2 2 2 2 3 3 3 3 3 3]","2"
"9","0.3","10","0.7","10","9","3","50","true","true","0.1","0.03","2","10","4","9","[2 2 2 2 2 2 2 2 2 2 3 3 3 3 3 3 3 6]","2"
"9","0.3","10","0.7","10","9","3","50","true","true","0.1","0.03","2","10","5","9","[2 2 2 2 2 2 2 2 2 2 2 3 3 3 3 3 3 3 6 6]","2"
"9","0.3","10","0.7","10","9","3","50","true","true","0.1","0.03","2","10","6","9","[2 2 2 2 2 2 2 2 2 2 2 2 3 3 3 3 3 3 3 6 6]","2"
"9","0.3","10","0.7","10","9","3","50","true","true","0.1","0.03","2","10","7","9","[2 2 2 2 2 2 2 2 2 2 2 2 2 2 2 3 3 3 3 3 3 3 4 6 6]","2"
"9","0.3","10","0.7","10","9","3","50","true","true","0.1","0.03","2","10","8","9","[2 2 2 2 2 2 2 2 2 2 2 2 2 2 2 2 2 2 3 3 3 3 3 3 3 4 6 6]","2"
"9","0.3","10","0.7","10","9","3","50","true","true","0.1","0.03","2","10","9","9","[2 2 2 2 2 2 2 2 2 2 2 2 2 2 2 2 2 2 2 2 2 3 3 3 3 3 3 4 6 6]","2"
"9","0.3","10","0.7","10","9","3","50","true","true","0.1","0.03","2","10","10","9","[2 2 2 2 2 2 2 2 2 2 2 2 2 2 2 2 2 2 2 2 2 3 3 3 3 3 3 4 6 6]","2"
"9","0.3","10","0.7","10","9","3","50","true","true","0.1","0.03","2","10","11","9","[2 2 2 2 2 2 2 2 2 2 2 2 2 2 2 2 2 2 2 2 2 2 3 3 3 3 3 3 3 4 6 6]","2"
"9","0.3","10","0.7","10","9","3","50","true","true","0.1","0.03","2","10","12","9","[2 2 2 2 2 2 2 2 2 2 2 2 2 2 2 2 2 2 2 2 2 2 2 2 2 2 3 3 3 3 3 3 4 6 6]","2"
"9","0.3","10","0.7","10","9","3","50","true","true","0.1","0.03","2","10","13","9","[2 2 2 2 2 2 2 2 2 2 2 2 2 2 2 2 2 2 2 2 2 2 2 2 2 3 3 3 3 3 3 4 4 6 6]","2"
"9","0.3","10","0.7","10","9","3","50","true","true","0.1","0.03","2","10","14","9","[2 2 2 2 2 2 2 2 2 2 2 2 2 2 2 2 2 2 2 2 2 2 2 2 2 2 3 3 3 3 3 3 4 4 6 6]","2"
"9","0.3","10","0.7","10","9","3","50","true","true","0.1","0.03","2","10","15","9","[2 2 2 2 2 2 2 2 2 2 2 2 2 2 2 2 2 2 2 2 2 2 2 2 2 2 2 2 3 3 3 3 3 3 4 4 6 6]","2"
"9","0.3","10","0.7","10","9","3","50","true","true","0.1","0.03","2","10","16","9","[2 2 2 2 2 2 2 2 2 2 2 2 2 2 2 2 2 2 2 2 2 2 2 2 2 2 2 2 2 2 3 3 3 3 3 3 4 4 6 6]","2"
"9","0.3","10","0.7","10","9","3","50","true","true","0.1","0.03","2","10","17","9","[2 2 2 2 2 2 2 2 2 2 2 2 2 2 2 2 2 2 2 2 2 2 2 2 2 2 2 2 2 2 2 2 2 2 3 3 3 3 3 4 4 6 6]","2"
"9","0.3","10","0.7","10","9","3","50","true","true","0.1","0.03","2","10","18","9","[2 2 2 2 2 2 2 2 2 2 2 2 2 2 2 2 2 2 2 2 2 2 2 2 2 2 2 2 2 2 2 2 2 2 2 2 2 3 3 3 3 4 4 6 6]","2"
"9","0.3","10","0.7","10","9","3","50","true","true","0.1","0.03","2","10","19","9","[2 2 2 2 2 2 2 2 2 2 2 2 2 2 2 2 2 2 2 2 2 2 2 2 2 2 2 2 2 2 2 2 2 2 2 2 2 3 3 3 3 3 4 4 6 6]","2"
"9","0.3","10","0.7","10","9","3","50","true","true","0.1","0.03","2","10","20","9","[2 2 2 2 2 2 2 2 2 2 2 2 2 2 2 2 2 2 2 2 2 2 2 2 2 2 2 2 2 2 2 2 2 2 2 2 2 2 3 3 3 3 3 4 4 5 6]","2"
"9","0.3","10","0.7","10","9","3","50","true","true","0.1","0.03","2","10","21","9","[2 2 2 2 2 2 2 2 2 2 2 2 2 2 2 2 2 2 2 2 2 2 2 2 2 2 2 2 2 2 2 2 2 2 2 2 2 2 2 2 2 2 2 2 3 3 3 3 3 4 4 5 6]","2"
"9","0.3","10","0.7","10","9","3","50","true","true","0.1","0.03","2","10","22","9","[2 2 2 2 2 2 2 2 2 2 2 2 2 2 2 2 2 2 2 2 2 2 2 2 2 2 2 2 2 2 2 2 2 2 2 2 2 2 2 2 2 2 2 2 2 2 2 3 3 3 3 3 4 4 5 6]","2"
"9","0.3","10","0.7","10","9","3","50","true","true","0.1","0.03","2","10","23","9","[2 2 2 2 2 2 2 2 2 2 2 2 2 2 2 2 2 2 2 2 2 2 2 2 2 2 2 2 2 2 2 2 2 2 2 2 2 2 2 2 2 2 2 2 2 2 2 2 2 2 3 3 3 3 3 4 4 5 6]","2"
"9","0.3","10","0.7","10","9","3","50","true","true","0.1","0.03","2","10","24","9","[2 2 2 2 2 2 2 2 2 2 2 2 2 2 2 2 2 2 2 2 2 2 2 2 2 2 2 2 2 2 2 2 2 2 2 2 2 2 2 2 2 2 2 2 2 2 2 2 2 2 2 2 2 2 2 3 3 3 3 3 4 4 5 6]","2"
"9","0.3","10","0.7","10","9","3","50","true","true","0.1","0.03","2","10","25","9","[2 2 2 2 2 2 2 2 2 2 2 2 2 2 2 2 2 2 2 2 2 2 2 2 2 2 2 2 2 2 2 2 2 2 2 2 2 2 2 2 2 2 2 2 2 2 2 2 2 2 2 2 2 2 2 2 2 3 3 3 3 3 4 4 5 6]","2"
"9","0.3","10","0.7","10","9","3","50","true","true","0.1","0.03","2","10","26","9","[2 2 2 2 2 2 2 2 2 2 2 2 2 2 2 2 2 2 2 2 2 2 2 2 2 2 2 2 2 2 2 2 2 2 2 2 2 2 2 2 2 2 2 2 2 2 2 2 2 2 2 2 2 2 2 2 2 2 2 2 3 3 3 3 3 3 4 4 5 6]","2"
"9","0.3","10","0.7","10","9","3","50","true","true","0.1","0.03","2","10","27","9","[2 2 2 2 2 2 2 2 2 2 2 2 2 2 2 2 2 2 2 2 2 2 2 2 2 2 2 2 2 2 2 2 2 2 2 2 2 2 2 2 2 2 2 2 2 2 2 2 2 2 2 2 2 2 2 2 2 2 2 2 2 2 3 3 3 3 3 3 3 4 4 5 6]","2"
"9","0.3","10","0.7","10","9","3","50","true","true","0.1","0.03","2","10","28","9","[2 2 2 2 2 2 2 2 2 2 2 2 2 2 2 2 2 2 2 2 2 2 2 2 2 2 2 2 2 2 2 2 2 2 2 2 2 2 2 2 2 2 2 2 2 2 2 2 2 2 2 2 2 2 2 2 2 2 2 2 2 2 2 2 2 2 2 3 3 3 3 3 4 4 5 6]","2"
"9","0.3","10","0.7","10","9","3","50","true","true","0.1","0.03","2","10","29","9","[2 2 2 2 2 2 2 2 2 2 2 2 2 2 2 2 2 2 2 2 2 2 2 2 2 2 2 2 2 2 2 2 2 2 2 2 2 2 2 2 2 2 2 2 2 2 2 2 2 2 2 2 2 2 2 2 2 2 2 2 2 2 2 2 2 2 2 2 2 3 3 3 3 3 3 4 4 5 6]","2"
"9","0.3","10","0.7","10","9","3","50","true","true","0.1","0.03","2","10","30","9","[2 2 2 2 2 2 2 2 2 2 2 2 2 2 2 2 2 2 2 2 2 2 2 2 2 2 2 2 2 2 2 2 2 2 2 2 2 2 2 2 2 2 2 2 2 2 2 2 2 2 2 2 2 2 2 2 2 2 2 2 2 2 2 2 2 2 2 2 2 3 3 3 3 3 3 4 4 5 6]","2"
"9","0.3","10","0.7","10","9","3","50","true","true","0.1","0.03","2","10","31","9","[2 2 2 2 2 2 2 2 2 2 2 2 2 2 2 2 2 2 2 2 2 2 2 2 2 2 2 2 2 2 2 2 2 2 2 2 2 2 2 2 2 2 2 2 2 2 2 2 2 2 2 2 2 2 2 2 2 2 2 2 2 2 2 2 2 2 2 2 2 2 3 3 3 3 3 3 3 4 4 5 6]","2"
"9","0.3","10","0.7","10","9","3","50","true","true","0.1","0.03","2","10","32","9","[2 2 2 2 2 2 2 2 2 2 2 2 2 2 2 2 2 2 2 2 2 2 2 2 2 2 2 2 2 2 2 2 2 2 2 2 2 2 2 2 2 2 2 2 2 2 2 2 2 2 2 2 2 2 2 2 2 2 2 2 2 2 2 2 2 2 2 2 2 2 2 3 3 3 3 3 3 3 4 4 5 6]","2"
"9","0.3","10","0.7","10","9","3","50","true","true","0.1","0.03","2","10","33","9","[2 2 2 2 2 2 2 2 2 2 2 2 2 2 2 2 2 2 2 2 2 2 2 2 2 2 2 2 2 2 2 2 2 2 2 2 2 2 2 2 2 2 2 2 2 2 2 2 2 2 2 2 2 2 2 2 2 2 2 2 2 2 2 2 2 2 2 2 2 2 2 2 2 2 2 3 3 3 3 3 3 3 3 3 3 4 4 5 6]","2"
"9","0.3","10","0.7","10","9","3","50","true","true","0.1","0.03","2","10","34","9","[2 2 2 2 2 2 2 2 2 2 2 2 2 2 2 2 2 2 2 2 2 2 2 2 2 2 2 2 2 2 2 2 2 2 2 2 2 2 2 2 2 2 2 2 2 2 2 2 2 2 2 2 2 2 2 2 2 2 2 2 2 2 2 2 2 2 2 2 2 2 2 2 2 2 2 2 2 3 3 3 3 3 3 3 3 3 3 3 4 5 6]","2"
"9","0.3","10","0.7","10","9","3","50","true","true","0.1","0.03","2","10","35","9","[2 2 2 2 2 2 2 2 2 2 2 2 2 2 2 2 2 2 2 2 2 2 2 2 2 2 2 2 2 2 2 2 2 2 2 2 2 2 2 2 2 2 2 2 2 2 2 2 2 2 2 2 2 2 2 2 2 2 2 2 2 2 2 2 2 2 2 2 2 2 2 2 2 2 2 2 2 2 2 3 3 3 3 3 3 3 3 3 3 3 4 5 6]","2"
"9","0.3","10","0.7","10","9","3","50","true","true","0.1","0.03","2","10","36","9","[2 2 2 2 2 2 2 2 2 2 2 2 2 2 2 2 2 2 2 2 2 2 2 2 2 2 2 2 2 2 2 2 2 2 2 2 2 2 2 2 2 2 2 2 2 2 2 2 2 2 2 2 2 2 2 2 2 2 2 2 2 2 2 2 2 2 2 2 2 2 2 2 2 2 2 2 2 2 2 2 3 3 3 3 3 3 3 3 3 3 3 3 4 5 6]","2"
"9","0.3","10","0.7","10","9","3","50","true","true","0.1","0.03","2","10","37","9","[2 2 2 2 2 2 2 2 2 2 2 2 2 2 2 2 2 2 2 2 2 2 2 2 2 2 2 2 2 2 2 2 2 2 2 2 2 2 2 2 2 2 2 2 2 2 2 2 2 2 2 2 2 2 2 2 2 2 2 2 2 2 2 2 2 2 2 2 2 2 2 2 2 2 2 2 2 2 2 2 2 3 3 3 3 3 3 3 3 3 3 3 4 5 6]","2"
"9","0.3","10","0.7","10","9","3","50","true","true","0.1","0.03","2","10","38","9","[2 2 2 2 2 2 2 2 2 2 2 2 2 2 2 2 2 2 2 2 2 2 2 2 2 2 2 2 2 2 2 2 2 2 2 2 2 2 2 2 2 2 2 2 2 2 2 2 2 2 2 2 2 2 2 2 2 2 2 2 2 2 2 2 2 2 2 2 2 2 2 2 2 2 2 2 2 2 2 2 2 2 2 2 2 3 3 3 3 3 3 3 3 3 3 3 4 5 6]","2"
"9","0.3","10","0.7","10","9","3","50","true","true","0.1","0.03","2","10","39","9","[2 2 2 2 2 2 2 2 2 2 2 2 2 2 2 2 2 2 2 2 2 2 2 2 2 2 2 2 2 2 2 2 2 2 2 2 2 2 2 2 2 2 2 2 2 2 2 2 2 2 2 2 2 2 2 2 2 2 2 2 2 2 2 2 2 2 2 2 2 2 2 2 2 2 2 2 2 2 2 2 2 2 2 2 2 3 3 3 3 3 3 3 3 3 3 4 5 6]","2"
"9","0.3","10","0.7","10","9","3","50","true","true","0.1","0.03","2","10","40","9","[2 2 2 2 2 2 2 2 2 2 2 2 2 2 2 2 2 2 2 2 2 2 2 2 2 2 2 2 2 2 2 2 2 2 2 2 2 2 2 2 2 2 2 2 2 2 2 2 2 2 2 2 2 2 2 2 2 2 2 2 2 2 2 2 2 2 2 2 2 2 2 2 2 2 2 2 2 2 2 2 2 2 2 2 2 2 2 3 3 3 3 3 3 3 3 3 3 3 4 4 5 6]","2"
"9","0.3","10","0.7","10","9","3","50","true","true","0.1","0.03","2","10","41","9","[2 2 2 2 2 2 2 2 2 2 2 2 2 2 2 2 2 2 2 2 2 2 2 2 2 2 2 2 2 2 2 2 2 2 2 2 2 2 2 2 2 2 2 2 2 2 2 2 2 2 2 2 2 2 2 2 2 2 2 2 2 2 2 2 2 2 2 2 2 2 2 2 2 2 2 2 2 2 2 2 2 2 2 2 2 2 3 3 3 3 3 3 3 3 3 3 3 3 3 4 4 5 6]","2"
"9","0.3","10","0.7","10","9","3","50","true","true","0.1","0.03","2","10","42","9","[2 2 2 2 2 2 2 2 2 2 2 2 2 2 2 2 2 2 2 2 2 2 2 2 2 2 2 2 2 2 2 2 2 2 2 2 2 2 2 2 2 2 2 2 2 2 2 2 2 2 2 2 2 2 2 2 2 2 2 2 2 2 2 2 2 2 2 2 2 2 2 2 2 2 2 2 2 2 2 2 2 2 2 2 2 2 2 2 2 3 3 3 3 3 3 3 3 3 3 3 3 3 3 3 4 4 5 6]","2"
"9","0.3","10","0.7","10","9","3","50","true","true","0.1","0.03","2","10","43","9","[2 2 2 2 2 2 2 2 2 2 2 2 2 2 2 2 2 2 2 2 2 2 2 2 2 2 2 2 2 2 2 2 2 2 2 2 2 2 2 2 2 2 2 2 2 2 2 2 2 2 2 2 2 2 2 2 2 2 2 2 2 2 2 2 2 2 2 2 2 2 2 2 2 2 2 2 2 2 2 2 2 2 2 2 2 2 2 2 2 2 3 3 3 3 3 3 3 3 3 3 3 3 3 3 3 4 4 5 6]","2"
"9","0.3","10","0.7","10","9","3","50","true","true","0.1","0.03","2","10","44","9","[2 2 2 2 2 2 2 2 2 2 2 2 2 2 2 2 2 2 2 2 2 2 2 2 2 2 2 2 2 2 2 2 2 2 2 2 2 2 2 2 2 2 2 2 2 2 2 2 2 2 2 2 2 2 2 2 2 2 2 2 2 2 2 2 2 2 2 2 2 2 2 2 2 2 2 2 2 2 2 2 2 2 2 2 2 2 2 2 2 2 2 2 2 2 3 3 3 3 3 3 3 3 3 3 3 3 3 3 3 4 4 5 6]","2"
"9","0.3","10","0.7","10","9","3","50","true","true","0.1","0.03","2","10","45","9","[2 2 2 2 2 2 2 2 2 2 2 2 2 2 2 2 2 2 2 2 2 2 2 2 2 2 2 2 2 2 2 2 2 2 2 2 2 2 2 2 2 2 2 2 2 2 2 2 2 2 2 2 2 2 2 2 2 2 2 2 2 2 2 2 2 2 2 2 2 2 2 2 2 2 2 2 2 2 2 2 2 2 2 2 2 2 2 2 2 2 2 2 2 2 2 2 3 3 3 3 3 3 3 3 3 3 3 3 3 3 3 4 4 5 5 6 8]","2"
"9","0.3","10","0.7","10","9","3","50","true","true","0.1","0.03","2","10","46","9","[2 2 2 2 2 2 2 2 2 2 2 2 2 2 2 2 2 2 2 2 2 2 2 2 2 2 2 2 2 2 2 2 2 2 2 2 2 2 2 2 2 2 2 2 2 2 2 2 2 2 2 2 2 2 2 2 2 2 2 2 2 2 2 2 2 2 2 2 2 2 2 2 2 2 2 2 2 2 2 2 2 2 2 2 2 2 2 2 2 2 2 2 2 2 2 2 2 2 3 3 3 3 3 3 3 3 3 3 3 3 3 3 3 3 4 4 5 5 6 7]","2"
"9","0.3","10","0.7","10","9","3","50","true","true","0.1","0.03","2","10","47","9","[2 2 2 2 2 2 2 2 2 2 2 2 2 2 2 2 2 2 2 2 2 2 2 2 2 2 2 2 2 2 2 2 2 2 2 2 2 2 2 2 2 2 2 2 2 2 2 2 2 2 2 2 2 2 2 2 2 2 2 2 2 2 2 2 2 2 2 2 2 2 2 2 2 2 2 2 2 2 2 2 2 2 2 2 2 2 2 2 2 2 2 2 2 2 2 2 2 2 2 2 2 2 3 3 3 3 3 3 3 3 3 3 3 3 3 3 3 3 4 4 4 5 5 6 7 9]","2"
"9","0.3","10","0.7","10","9","3","50","true","true","0.1","0.03","2","10","48","9","[2 2 2 2 2 2 2 2 2 2 2 2 2 2 2 2 2 2 2 2 2 2 2 2 2 2 2 2 2 2 2 2 2 2 2 2 2 2 2 2 2 2 2 2 2 2 2 2 2 2 2 2 2 2 2 2 2 2 2 2 2 2 2 2 2 2 2 2 2 2 2 2 2 2 2 2 2 2 2 2 2 2 2 2 2 2 2 2 2 2 2 2 2 2 2 2 2 2 2 2 2 2 2 3 3 3 3 3 3 3 3 3 3 3 3 3 3 3 4 4 4 5 5 6 7 8 9]","2"
"9","0.3","10","0.7","10","9","3","50","true","true","0.1","0.03","2","10","49","9","[2 2 2 2 2 2 2 2 2 2 2 2 2 2 2 2 2 2 2 2 2 2 2 2 2 2 2 2 2 2 2 2 2 2 2 2 2 2 2 2 2 2 2 2 2 2 2 2 2 2 2 2 2 2 2 2 2 2 2 2 2 2 2 2 2 2 2 2 2 2 2 2 2 2 2 2 2 2 2 2 2 2 2 2 2 2 2 2 2 2 2 2 2 2 2 2 2 2 2 2 2 2 2 2 3 3 3 3 3 3 3 3 3 3 3 3 3 3 3 3 4 4 4 4 4 4 5 5 6 7 8 9]","2"
"9","0.3","10","0.7","10","9","3","50","true","true","0.1","0.03","2","10","50","9","[2 2 2 2 2 2 2 2 2 2 2 2 2 2 2 2 2 2 2 2 2 2 2 2 2 2 2 2 2 2 2 2 2 2 2 2 2 2 2 2 2 2 2 2 2 2 2 2 2 2 2 2 2 2 2 2 2 2 2 2 2 2 2 2 2 2 2 2 2 2 2 2 2 2 2 2 2 2 2 2 2 2 2 2 2 2 2 2 2 2 2 2 2 2 2 2 2 2 2 2 2 2 2 2 2 2 2 3 3 3 3 3 3 3 3 3 3 3 3 3 3 3 3 3 3 4 4 4 4 4 4 5 5 6 6 7 8 9]","2"
"10","0.3","10","0.7","10","9","3","50","true","true","0.1","0.03","2","10","0","10","[]","0"
"10","0.3","10","0.7","10","9","3","50","true","true","0.1","0.03","2","10","1","10","[2 2 2 2]","2"
"10","0.3","10","0.7","10","9","3","50","true","true","0.1","0.03","2","10","2","10","[2 2 2 2 2 2 2 2 2]","2"
"10","0.3","10","0.7","10","9","3","50","true","true","0.1","0.03","2","10","3","10","[2 2 2 2 2 2 2 2 2 2 2 2]","2"
"10","0.3","10","0.7","10","9","3","50","true","true","0.1","0.03","2","10","4","10","[2 2 2 2 2 2 2 2 2 2 2 2 2 2 2 2 2 2 2 4]","2"
"10","0.3","10","0.7","10","9","3","50","true","true","0.1","0.03","2","10","5","10","[2 2 2 2 2 2 2 2 2 2 2 2 2 2 2 2 2 2 2 2 2 4 4]","2"
"10","0.3","10","0.7","10","9","3","50","true","true","0.1","0.03","2","10","6","10","[2 2 2 2 2 2 2 2 2 2 2 2 2 2 2 2 2 2 2 2 2 2 3 4 4]","2"
"10","0.3","10","0.7","10","9","3","50","true","true","0.1","0.03","2","10","7","10","[2 2 2 2 2 2 2 2 2 2 2 2 2 2 2 2 2 2 2 2 2 2 2 2 2 3 4 4]","2"
"10","0.3","10","0.7","10","9","3","50","true","true","0.1","0.03","2","10","8","10","[2 2 2 2 2 2 2 2 2 2 2 2 2 2 2 2 2 2 2 2 2 2 2 2 3 4 4]","2"
"10","0.3","10","0.7","10","9","3","50","true","true","0.1","0.03","2","10","9","10","[2 2 2 2 2 2 2 2 2 2 2 2 2 2 2 2 2 2 2 2 2 2 2 2 2 2 2 2 2 3 4 4]","2"
"10","0.3","10","0.7","10","9","3","50","true","true","0.1","0.03","2","10","10","10","[2 2 2 2 2 2 2 2 2 2 2 2 2 2 2 2 2 2 2 2 2 2 2 2 2 2 2 2 2 2 3 4 4]","2"
"10","0.3","10","0.7","10","9","3","50","true","true","0.1","0.03","2","10","11","10","[2 2 2 2 2 2 2 2 2 2 2 2 2 2 2 2 2 2 2 2 2 2 2 2 2 2 2 2 2 2 2 2 3 4 4]","2"
"10","0.3","10","0.7","10","9","3","50","true","true","0.1","0.03","2","10","12","10","[2 2 2 2 2 2 2 2 2 2 2 2 2 2 2 2 2 2 2 2 2 2 2 2 2 2 2 2 2 2 2 2 2 3 4 4]","2"
"10","0.3","10","0.7","10","9","3","50","true","true","0.1","0.03","2","10","13","10","[2 2 2 2 2 2 2 2 2 2 2 2 2 2 2 2 2 2 2 2 2 2 2 2 2 2 2 2 2 2 2 2 2 2 2 3 4 4]","2"
"10","0.3","10","0.7","10","9","3","50","true","true","0.1","0.03","2","10","14","10","[2 2 2 2 2 2 2 2 2 2 2 2 2 2 2 2 2 2 2 2 2 2 2 2 2 2 2 2 2 2 2 2 2 2 2 2 2 3 4 4]","2"
"10","0.3","10","0.7","10","9","3","50","true","true","0.1","0.03","2","10","15","10","[2 2 2 2 2 2 2 2 2 2 2 2 2 2 2 2 2 2 2 2 2 2 2 2 2 2 2 2 2 2 2 2 2 2 2 2 2 2 2 2 2 3 4 4]","2"
"10","0.3","10","0.7","10","9","3","50","true","true","0.1","0.03","2","10","16","10","[2 2 2 2 2 2 2 2 2 2 2 2 2 2 2 2 2 2 2 2 2 2 2 2 2 2 2 2 2 2 2 2 2 2 2 2 2 2 2 2 2 2 2 2 2 2 2 3 4 4]","2"
"10","0.3","10","0.7","10","9","3","50","true","true","0.1","0.03","2","10","17","10","[2 2 2 2 2 2 2 2 2 2 2 2 2 2 2 2 2 2 2 2 2 2 2 2 2 2 2 2 2 2 2 2 2 2 2 2 2 2 2 2 2 2 2 2 2 3 3 4 4]","2"
"10","0.3","10","0.7","10","9","3","50","true","true","0.1","0.03","2","10","18","10","[2 2 2 2 2 2 2 2 2 2 2 2 2 2 2 2 2 2 2 2 2 2 2 2 2 2 2 2 2 2 2 2 2 2 2 2 2 2 2 2 2 2 2 2 2 2 2 2 2 2 2 3 3 4 4]","2"
"10","0.3","10","0.7","10","9","3","50","true","true","0.1","0.03","2","10","19","10","[2 2 2 2 2 2 2 2 2 2 2 2 2 2 2 2 2 2 2 2 2 2 2 2 2 2 2 2 2 2 2 2 2 2 2 2 2 2 2 2 2 2 2 2 2 2 2 2 2 2 2 2 2 2 2 3 3 4 4]","2"
"10","0.3","10","0.7","10","9","3","50","true","true","0.1","0.03","2","10","20","10","[2 2 2 2 2 2 2 2 2 2 2 2 2 2 2 2 2 2 2 2 2 2 2 2 2 2 2 2 2 2 2 2 2 2 2 2 2 2 2 2 2 2 2 2 2 2 2 2 2 2 2 2 2 2 3 3 4 4 4]","2"
"10","0.3","10","0.7","10","9","3","50","true","true","0.1","0.03","2","10","21","10","[2 2 2 2 2 2 2 2 2 2 2 2 2 2 2 2 2 2 2 2 2 2 2 2 2 2 2 2 2 2 2 2 2 2 2 2 2 2 2 2 2 2 2 2 2 2 2 2 2 2 2 2 2 2 2 2 2 3 3 4 4 4]","2"
"10","0.3","10","0.7","10","9","3","50","true","true","0.1","0.03","2","10","22","10","[2 2 2 2 2 2 2 2 2 2 2 2 2 2 2 2 2 2 2 2 2 2 2 2 2 2 2 2 2 2 2 2 2 2 2 2 2 2 2 2 2 2 2 2 2 2 2 2 2 2 2 2 2 2 2 2 2 2 2 3 3 4 4 4]","2"
"10","0.3","10","0.7","10","9","3","50","true","true","0.1","0.03","2","10","23","10","[2 2 2 2 2 2 2 2 2 2 2 2 2 2 2 2 2 2 2 2 2 2 2 2 2 2 2 2 2 2 2 2 2 2 2 2 2 2 2 2 2 2 2 2 2 2 2 2 2 2 2 2 2 2 2 2 2 2 2 2 3 3 4 4 4]","2"
"10","0.3","10","0.7","10","9","3","50","true","true","0.1","0.03","2","10","24","10","[2 2 2 2 2 2 2 2 2 2 2 2 2 2 2 2 2 2 2 2 2 2 2 2 2 2 2 2 2 2 2 2 2 2 2 2 2 2 2 2 2 2 2 2 2 2 2 2 2 2 2 2 2 2 2 2 2 2 2 2 2 2 2 3 3 4 4 4]","2"
"10","0.3","10","0.7","10","9","3","50","true","true","0.1","0.03","2","10","25","10","[2 2 2 2 2 2 2 2 2 2 2 2 2 2 2 2 2 2 2 2 2 2 2 2 2 2 2 2 2 2 2 2 2 2 2 2 2 2 2 2 2 2 2 2 2 2 2 2 2 2 2 2 2 2 2 2 2 2 2 2 2 2 2 2 2 3 3 4 4 4]","2"
"10","0.3","10","0.7","10","9","3","50","true","true","0.1","0.03","2","10","26","10","[2 2 2 2 2 2 2 2 2 2 2 2 2 2 2 2 2 2 2 2 2 2 2 2 2 2 2 2 2 2 2 2 2 2 2 2 2 2 2 2 2 2 2 2 2 2 2 2 2 2 2 2 2 2 2 2 2 2 2 2 2 2 2 2 2 3 3 4 4 4]","2"
"10","0.3","10","0.7","10","9","3","50","true","true","0.1","0.03","2","10","27","10","[2 2 2 2 2 2 2 2 2 2 2 2 2 2 2 2 2 2 2 2 2 2 2 2 2 2 2 2 2 2 2 2 2 2 2 2 2 2 2 2 2 2 2 2 2 2 2 2 2 2 2 2 2 2 2 2 2 2 2 2 2 2 2 2 2 2 3 3 4 4 4]","2"
"10","0.3","10","0.7","10","9","3","50","true","true","0.1","0.03","2","10","28","10","[2 2 2 2 2 2 2 2 2 2 2 2 2 2 2 2 2 2 2 2 2 2 2 2 2 2 2 2 2 2 2 2 2 2 2 2 2 2 2 2 2 2 2 2 2 2 2 2 2 2 2 2 2 2 2 2 2 2 2 2 2 2 2 2 2 2 2 3 3 4 4 4]","2"
"10","0.3","10","0.7","10","9","3","50","true","true","0.1","0.03","2","10","29","10","[2 2 2 2 2 2 2 2 2 2 2 2 2 2 2 2 2 2 2 2 2 2 2 2 2 2 2 2 2 2 2 2 2 2 2 2 2 2 2 2 2 2 2 2 2 2 2 2 2 2 2 2 2 2 2 2 2 2 2 2 2 2 2 2 2 2 2 2 2 3 3 3 4 4 4]","2"
"10","0.3","10","0.7","10","9","3","50","true","true","0.1","0.03","2","10","30","10","[2 2 2 2 2 2 2 2 2 2 2 2 2 2 2 2 2 2 2 2 2 2 2 2 2 2 2 2 2 2 2 2 2 2 2 2 2 2 2 2 2 2 2 2 2 2 2 2 2 2 2 2 2 2 2 2 2 2 2 2 2 2 2 2 2 2 2 2 2 2 2 3 3 3 4 4 4]","2"
"10","0.3","10","0.7","10","9","3","50","true","true","0.1","0.03","2","10","31","10","[2 2 2 2 2 2 2 2 2 2 2 2 2 2 2 2 2 2 2 2 2 2 2 2 2 2 2 2 2 2 2 2 2 2 2 2 2 2 2 2 2 2 2 2 2 2 2 2 2 2 2 2 2 2 2 2 2 2 2 2 2 2 2 2 2 2 2 2 2 2 2 2 2 3 3 3 4 4 4]","2"
"10","0.3","10","0.7","10","9","3","50","true","true","0.1","0.03","2","10","32","10","[2 2 2 2 2 2 2 2 2 2 2 2 2 2 2 2 2 2 2 2 2 2 2 2 2 2 2 2 2 2 2 2 2 2 2 2 2 2 2 2 2 2 2 2 2 2 2 2 2 2 2 2 2 2 2 2 2 2 2 2 2 2 2 2 2 2 2 2 2 2 2 2 2 2 2 2 2 3 3 3 4 4 4 4]","2"
"10","0.3","10","0.7","10","9","3","50","true","true","0.1","0.03","2","10","33","10","[2 2 2 2 2 2 2 2 2 2 2 2 2 2 2 2 2 2 2 2 2 2 2 2 2 2 2 2 2 2 2 2 2 2 2 2 2 2 2 2 2 2 2 2 2 2 2 2 2 2 2 2 2 2 2 2 2 2 2 2 2 2 2 2 2 2 2 2 2 2 2 2 2 2 2 2 2 2 2 2 3 3 3 4 4 4 4]","2"
"10","0.3","10","0.7","10","9","3","50","true","true","0.1","0.03","2","10","34","10","[2 2 2 2 2 2 2 2 2 2 2 2 2 2 2 2 2 2 2 2 2 2 2 2 2 2 2 2 2 2 2 2 2 2 2 2 2 2 2 2 2 2 2 2 2 2 2 2 2 2 2 2 2 2 2 2 2 2 2 2 2 2 2 2 2 2 2 2 2 2 2 2 2 2 2 2 2 2 2 2 2 2 2 3 3 4 4 4 4]","2"
"10","0.3","10","0.7","10","9","3","50","true","true","0.1","0.03","2","10","35","10","[2 2 2 2 2 2 2 2 2 2 2 2 2 2 2 2 2 2 2 2 2 2 2 2 2 2 2 2 2 2 2 2 2 2 2 2 2 2 2 2 2 2 2 2 2 2 2 2 2 2 2 2 2 2 2 2 2 2 2 2 2 2 2 2 2 2 2 2 2 2 2 2 2 2 2 2 2 2 2 2 2 2 2 2 2 2 2 3 3 4 4 4 4]","2"
"10","0.3","10","0.7","10","9","3","50","true","true","0.1","0.03","2","10","36","10","[2 2 2 2 2 2 2 2 2 2 2 2 2 2 2 2 2 2 2 2 2 2 2 2 2 2 2 2 2 2 2 2 2 2 2 2 2 2 2 2 2 2 2 2 2 2 2 2 2 2 2 2 2 2 2 2 2 2 2 2 2 2 2 2 2 2 2 2 2 2 2 2 2 2 2 2 2 2 2 2 2 2 2 2 2 2 3 3 3 4 4 4 4]","2"
"10","0.3","10","0.7","10","9","3","50","true","true","0.1","0.03","2","10","37","10","[2 2 2 2 2 2 2 2 2 2 2 2 2 2 2 2 2 2 2 2 2 2 2 2 2 2 2 2 2 2 2 2 2 2 2 2 2 2 2 2 2 2 2 2 2 2 2 2 2 2 2 2 2 2 2 2 2 2 2 2 2 2 2 2 2 2 2 2 2 2 2 2 2 2 2 2 2 2 2 2 2 2 2 2 2 3 3 3 4 4 4 4 5]","2"
"10","0.3","10","0.7","10","9","3","50","true","true","0.1","0.03","2","10","38","10","[2 2 2 2 2 2 2 2 2 2 2 2 2 2 2 2 2 2 2 2 2 2 2 2 2 2 2 2 2 2 2 2 2 2 2 2 2 2 2 2 2 2 2 2 2 2 2 2 2 2 2 2 2 2 2 2 2 2 2 2 2 2 2 2 2 2 2 2 2 2 2 2 2 2 2 2 2 2 2 2 2 2 2 2 2 2 2 3 3 3 4 4 4 4 5]","2"
"10","0.3","10","0.7","10","9","3","50","true","true","0.1","0.03","2","10","39","10","[2 2 2 2 2 2 2 2 2 2 2 2 2 2 2 2 2 2 2 2 2 2 2 2 2 2 2 2 2 2 2 2 2 2 2 2 2 2 2 2 2 2 2 2 2 2 2 2 2 2 2 2 2 2 2 2 2 2 2 2 2 2 2 2 2 2 2 2 2 2 2 2 2 2 2 2 2 2 2 2 2 2 2 2 2 2 2 2 2 3 3 3 4 4 4 4 5]","2"
"10","0.3","10","0.7","10","9","3","50","true","true","0.1","0.03","2","10","40","10","[2 2 2 2 2 2 2 2 2 2 2 2 2 2 2 2 2 2 2 2 2 2 2 2 2 2 2 2 2 2 2 2 2 2 2 2 2 2 2 2 2 2 2 2 2 2 2 2 2 2 2 2 2 2 2 2 2 2 2 2 2 2 2 2 2 2 2 2 2 2 2 2 2 2 2 2 2 2 2 2 2 2 2 2 2 2 2 2 2 2 3 3 3 4 4 4 4 5]","2"
"10","0.3","10","0.7","10","9","3","50","true","true","0.1","0.03","2","10","41","10","[2 2 2 2 2 2 2 2 2 2 2 2 2 2 2 2 2 2 2 2 2 2 2 2 2 2 2 2 2 2 2 2 2 2 2 2 2 2 2 2 2 2 2 2 2 2 2 2 2 2 2 2 2 2 2 2 2 2 2 2 2 2 2 2 2 2 2 2 2 2 2 2 2 2 2 2 2 2 2 2 2 2 2 2 2 2 2 2 2 2 2 3 3 3 4 4 4 4 5]","2"
"10","0.3","10","0.7","10","9","3","50","true","true","0.1","0.03","2","10","42","10","[2 2 2 2 2 2 2 2 2 2 2 2 2 2 2 2 2 2 2 2 2 2 2 2 2 2 2 2 2 2 2 2 2 2 2 2 2 2 2 2 2 2 2 2 2 2 2 2 2 2 2 2 2 2 2 2 2 2 2 2 2 2 2 2 2 2 2 2 2 2 2 2 2 2 2 2 2 2 2 2 2 2 2 2 2 2 2 2 2 2 2 2 2 2 3 3 3 4 4 4 4 5]","2"
"10","0.3","10","0.7","10","9","3","50","true","true","0.1","0.03","2","10","43","10","[2 2 2 2 2 2 2 2 2 2 2 2 2 2 2 2 2 2 2 2 2 2 2 2 2 2 2 2 2 2 2 2 2 2 2 2 2 2 2 2 2 2 2 2 2 2 2 2 2 2 2 2 2 2 2 2 2 2 2 2 2 2 2 2 2 2 2 2 2 2 2 2 2 2 2 2 2 2 2 2 2 2 2 2 2 2 2 2 2 2 2 2 2 2 2 3 3 3 4 4 4 4 5]","2"
"10","0.3","10","0.7","10","9","3","50","true","true","0.1","0.03","2","10","44","10","[2 2 2 2 2 2 2 2 2 2 2 2 2 2 2 2 2 2 2 2 2 2 2 2 2 2 2 2 2 2 2 2 2 2 2 2 2 2 2 2 2 2 2 2 2 2 2 2 2 2 2 2 2 2 2 2 2 2 2 2 2 2 2 2 2 2 2 2 2 2 2 2 2 2 2 2 2 2 2 2 2 2 2 2 2 2 2 2 2 2 2 2 2 2 2 2 3 3 4 4 4 4 5]","2"
"10","0.3","10","0.7","10","9","3","50","true","true","0.1","0.03","2","10","45","10","[2 2 2 2 2 2 2 2 2 2 2 2 2 2 2 2 2 2 2 2 2 2 2 2 2 2 2 2 2 2 2 2 2 2 2 2 2 2 2 2 2 2 2 2 2 2 2 2 2 2 2 2 2 2 2 2 2 2 2 2 2 2 2 2 2 2 2 2 2 2 2 2 2 2 2 2 2 2 2 2 2 2 2 2 2 2 2 2 2 2 2 2 2 2 2 2 2 2 3 3 4 4 4 4 5]","2"
"10","0.3","10","0.7","10","9","3","50","true","true","0.1","0.03","2","10","46","10","[2 2 2 2 2 2 2 2 2 2 2 2 2 2 2 2 2 2 2 2 2 2 2 2 2 2 2 2 2 2 2 2 2 2 2 2 2 2 2 2 2 2 2 2 2 2 2 2 2 2 2 2 2 2 2 2 2 2 2 2 2 2 2 2 2 2 2 2 2 2 2 2 2 2 2 2 2 2 2 2 2 2 2 2 2 2 2 2 2 2 2 2 2 2 2 2 2 2 2 2 3 3 3 4 4 4 4 5]","2"
"10","0.3","10","0.7","10","9","3","50","true","true","0.1","0.03","2","10","47","10","[2 2 2 2 2 2 2 2 2 2 2 2 2 2 2 2 2 2 2 2 2 2 2 2 2 2 2 2 2 2 2 2 2 2 2 2 2 2 2 2 2 2 2 2 2 2 2 2 2 2 2 2 2 2 2 2 2 2 2 2 2 2 2 2 2 2 2 2 2 2 2 2 2 2 2 2 2 2 2 2 2 2 2 2 2 2 2 2 2 2 2 2 2 2 2 2 2 2 2 2 2 2 3 3 3 3 3 4 4 4 4 5]","2"
"10","0.3","10","0.7","10","9","3","50","true","true","0.1","0.03","2","10","48","10","[2 2 2 2 2 2 2 2 2 2 2 2 2 2 2 2 2 2 2 2 2 2 2 2 2 2 2 2 2 2 2 2 2 2 2 2 2 2 2 2 2 2 2 2 2 2 2 2 2 2 2 2 2 2 2 2 2 2 2 2 2 2 2 2 2 2 2 2 2 2 2 2 2 2 2 2 2 2 2 2 2 2 2 2 2 2 2 2 2 2 2 2 2 2 2 2 2 2 2 2 2 2 2 3 3 3 3 3 3 3 4 4 4 5]","2"
"10","0.3","10","0.7","10","9","3","50","true","true","0.1","0.03","2","10","49","10","[2 2 2 2 2 2 2 2 2 2 2 2 2 2 2 2 2 2 2 2 2 2 2 2 2 2 2 2 2 2 2 2 2 2 2 2 2 2 2 2 2 2 2 2 2 2 2 2 2 2 2 2 2 2 2 2 2 2 2 2 2 2 2 2 2 2 2 2 2 2 2 2 2 2 2 2 2 2 2 2 2 2 2 2 2 2 2 2 2 2 2 2 2 2 2 2 2 2 2 2 2 2 2 3 3 3 3 3 3 3 3 4 4 4 5]","2"
"10","0.3","10","0.7","10","9","3","50","true","true","0.1","0.03","2","10","50","10","[2 2 2 2 2 2 2 2 2 2 2 2 2 2 2 2 2 2 2 2 2 2 2 2 2 2 2 2 2 2 2 2 2 2 2 2 2 2 2 2 2 2 2 2 2 2 2 2 2 2 2 2 2 2 2 2 2 2 2 2 2 2 2 2 2 2 2 2 2 2 2 2 2 2 2 2 2 2 2 2 2 2 2 2 2 2 2 2 2 2 2 2 2 2 2 2 2 2 2 2 2 2 2 2 3 3 3 3 3 3 3 3 3 3 4 4 4 4 5]","2"
"11","0.3","10","0.7","10","9","3","50","true","true","0.1","0.03","2","10","0","11","[]","0"
"11","0.3","10","0.7","10","9","3","50","true","true","0.1","0.03","2","10","1","11","[2 2 3]","2"
"11","0.3","10","0.7","10","9","3","50","true","true","0.1","0.03","2","10","2","11","[2 2 2 3 4]","2"
"11","0.3","10","0.7","10","9","3","50","true","true","0.1","0.03","2","10","3","11","[2 2 2 2 2 2 3 3 4]","2"
"11","0.3","10","0.7","10","9","3","50","true","true","0.1","0.03","2","10","4","11","[2 2 2 2 2 2 2 3 3 3 3 4 4]","2"
"11","0.3","10","0.7","10","9","3","50","true","true","0.1","0.03","2","10","5","11","[2 2 2 2 2 2 2 2 2 2 3 3 3 3 4 4]","2"
"11","0.3","10","0.7","10","9","3","50","true","true","0.1","0.03","2","10","6","11","[2 2 2 2 2 2 2 2 2 2 2 3 3 3 3 4 4 6]","2"
"11","0.3","10","0.7","10","9","3","50","true","true","0.1","0.03","2","10","7","11","[2 2 2 2 2 2 2 2 2 2 2 2 2 2 3 3 3 3 3 3 3 4 4 6]","2"
"11","0.3","10","0.7","10","9","3","50","true","true","0.1","0.03","2","10","8","11","[2 2 2 2 2 2 2 2 2 2 2 2 2 2 2 3 3 3 3 3 3 3 3 4 4 6 6]","2"
"11","0.3","10","0.7","10","9","3","50","true","true","0.1","0.03","2","10","9","11","[2 2 2 2 2 2 2 2 2 2 2 2 2 2 2 2 2 2 3 3 3 3 3 3 3 3 4 4 6 6]","2"
"11","0.3","10","0.7","10","9","3","50","true","true","0.1","0.03","2","10","10","11","[2 2 2 2 2 2 2 2 2 2 2 2 2 2 2 2 2 2 2 2 2 2 3 3 3 3 3 3 3 3 4 4 6 6]","2"
"11","0.3","10","0.7","10","9","3","50","true","true","0.1","0.03","2","10","11","11","[2 2 2 2 2 2 2 2 2 2 2 2 2 2 2 2 2 2 2 2 2 2 2 2 3 3 3 3 3 3 3 3 4 4 4 6 6]","2"
"11","0.3","10","0.7","10","9","3","50","true","true","0.1","0.03","2","10","12","11","[2 2 2 2 2 2 2 2 2 2 2 2 2 2 2 2 2 2 2 2 2 2 2 2 2 3 3 3 3 3 3 3 3 4 4 4 4 6 6]","2"
"11","0.3","10","0.7","10","9","3","50","true","true","0.1","0.03","2","10","13","11","[2 2 2 2 2 2 2 2 2 2 2 2 2 2 2 2 2 2 2 2 2 2 2 3 3 3 3 3 3 3 3 3 4 4 4 4 6 6]","2"
"11","0.3","10","0.7","10","9","3","50","true","true","0.1","0.03","2","10","14","11","[2 2 2 2 2 2 2 2 2 2 2 2 2 2 2 2 2 2 2 2 2 2 2 2 2 3 3 3 3 3 3 3 3 3 4 4 4 4 6 6]","2"
"11","0.3","10","0.7","10","9","3","50","true","true","0.1","0.03","2","10","15","11","[2 2 2 2 2 2 2 2 2 2 2 2 2 2 2 2 2 2 2 2 2 2 2 2 2 3 3 3 3 3 3 3 3 3 4 4 4 4 6 6]","2"
"11","0.3","10","0.7","10","9","3","50","true","true","0.1","0.03","2","10","16","11","[2 2 2 2 2 2 2 2 2 2 2 2 2 2 2 2 2 2 2 2 2 2 2 2 2 3 3 3 3 3 3 3 3 3 3 4 4 4 4 6 6]","2"
"11","0.3","10","0.7","10","9","3","50","true","true","0.1","0.03","2","10","17","11","[2 2 2 2 2 2 2 2 2 2 2 2 2 2 2 2 2 2 2 2 2 2 2 2 2 2 2 2 3 3 3 3 3 3 3 3 3 3 3 4 4 4 4 6 6]","2"
"11","0.3","10","0.7","10","9","3","50","true","true","0.1","0.03","2","10","18","11","[2 2 2 2 2 2 2 2 2 2 2 2 2 2 2 2 2 2 2 2 2 2 2 2 2 2 2 2 2 2 2 2 2 2 3 3 3 3 3 3 3 3 3 3 4 4 4 4 6 6]","2"
"11","0.3","10","0.7","10","9","3","50","true","true","0.1","0.03","2","10","19","11","[2 2 2 2 2 2 2 2 2 2 2 2 2 2 2 2 2 2 2 2 2 2 2 2 2 2 2 2 2 2 2 2 2 2 3 3 3 3 3 3 3 3 3 3 3 4 4 4 4 6 6]","2"
"11","0.3","10","0.7","10","9","3","50","true","true","0.1","0.03","2","10","20","11","[2 2 2 2 2 2 2 2 2 2 2 2 2 2 2 2 2 2 2 2 2 2 2 2 2 2 2 2 2 2 2 2 2 3 3 3 3 3 3 3 3 3 3 3 4 4 4 4 4 6 6]","2"
"11","0.3","10","0.7","10","9","3","50","true","true","0.1","0.03","2","10","21","11","[2 2 2 2 2 2 2 2 2 2 2 2 2 2 2 2 2 2 2 2 2 2 2 2 2 2 2 2 2 2 2 2 2 2 3 3 3 3 3 3 3 3 3 3 3 3 4 4 4 4 4 6 6]","2"
"11","0.3","10","0.7","10","9","3","50","true","true","0.1","0.03","2","10","22","11","[2 2 2 2 2 2 2 2 2 2 2 2 2 2 2 2 2 2 2 2 2 2 2 2 2 2 2 2 2 2 2 2 2 2 2 2 2 3 3 3 3 3 3 3 3 3 3 3 4 4 4 4 4 6 6]","2"
"11","0.3","10","0.7","10","9","3","50","true","true","0.1","0.03","2","10","23","11","[2 2 2 2 2 2 2 2 2 2 2 2 2 2 2 2 2 2 2 2 2 2 2 2 2 2 2 2 2 2 2 2 2 2 2 2 2 2 3 3 3 3 3 3 3 3 3 3 3 4 4 4 4 4 6 6]","2"
"11","0.3","10","0.7","10","9","3","50","true","true","0.1","0.03","2","10","24","11","[2 2 2 2 2 2 2 2 2 2 2 2 2 2 2 2 2 2 2 2 2 2 2 2 2 2 2 2 2 2 2 2 2 2 2 2 2 2 2 2 3 3 3 3 3 3 3 3 3 3 3 4 4 4 4 4 6 6]","2"
"11","0.3","10","0.7","10","9","3","50","true","true","0.1","0.03","2","10","25","11","[2 2 2 2 2 2 2 2 2 2 2 2 2 2 2 2 2 2 2 2 2 2 2 2 2 2 2 2 2 2 2 2 2 2 2 2 2 2 2 2 2 2 2 2 2 3 3 3 3 3 3 3 3 3 3 3 3 4 4 4 4 4 6 6]","2"
"11","0.3","10","0.7","10","9","3","50","true","true","0.1","0.03","2","10","26","11","[2 2 2 2 2 2 2 2 2 2 2 2 2 2 2 2 2 2 2 2 2 2 2 2 2 2 2 2 2 2 2 2 2 2 2 2 2 2 2 2 2 2 2 2 3 3 3 3 3 3 3 3 3 3 3 3 3 3 3 4 4 4 4 4 6]","2"
"11","0.3","10","0.7","10","9","3","50","true","true","0.1","0.03","2","10","27","11","[2 2 2 2 2 2 2 2 2 2 2 2 2 2 2 2 2 2 2 2 2 2 2 2 2 2 2 2 2 2 2 2 2 2 2 2 2 2 2 2 2 2 2 2 2 2 3 3 3 3 3 3 3 3 3 3 3 3 3 3 4 4 4 4 4 6]","2"
"11","0.3","10","0.7","10","9","3","50","true","true","0.1","0.03","2","10","28","11","[2 2 2 2 2 2 2 2 2 2 2 2 2 2 2 2 2 2 2 2 2 2 2 2 2 2 2 2 2 2 2 2 2 2 2 2 2 2 2 2 2 2 2 3 3 3 3 3 3 3 3 3 3 3 3 3 3 4 4 4 4 4 6]","2"
"11","0.3","10","0.7","10","9","3","50","true","true","0.1","0.03","2","10","29","11","[2 2 2 2 2 2 2 2 2 2 2 2 2 2 2 2 2 2 2 2 2 2 2 2 2 2 2 2 2 2 2 2 2 2 2 2 2 2 2 2 2 2 2 2 3 3 3 3 3 3 3 3 3 3 3 3 3 3 4 4 4 4 4 6]","2"
"11","0.3","10","0.7","10","9","3","50","true","true","0.1","0.03","2","10","30","11","[2 2 2 2 2 2 2 2 2 2 2 2 2 2 2 2 2 2 2 2 2 2 2 2 2 2 2 2 2 2 2 2 2 2 2 2 2 2 2 2 2 2 2 2 2 3 3 3 3 3 3 3 3 3 3 3 3 3 3 3 4 4 4 4 4 6]","2"
"11","0.3","10","0.7","10","9","3","50","true","true","0.1","0.03","2","10","31","11","[2 2 2 2 2 2 2 2 2 2 2 2 2 2 2 2 2 2 2 2 2 2 2 2 2 2 2 2 2 2 2 2 2 2 2 2 2 2 2 2 2 2 2 2 3 3 3 3 3 3 3 3 3 3 3 3 3 3 3 3 4 4 4 4 4]","2"
"11","0.3","10","0.7","10","9","3","50","true","true","0.1","0.03","2","10","32","11","[2 2 2 2 2 2 2 2 2 2 2 2 2 2 2 2 2 2 2 2 2 2 2 2 2 2 2 2 2 2 2 2 2 2 2 2 2 2 2 2 2 2 2 2 2 2 3 3 3 3 3 3 3 3 3 3 3 3 3 3 3 3 4 4 4 4 4]","2"
"11","0.3","10","0.7","10","9","3","50","true","true","0.1","0.03","2","10","33","11","[2 2 2 2 2 2 2 2 2 2 2 2 2 2 2 2 2 2 2 2 2 2 2 2 2 2 2 2 2 2 2 2 2 2 2 2 2 2 2 2 2 2 2 2 2 2 2 2 2 3 3 3 3 3 3 3 3 3 3 3 3 3 3 3 3 3 4 4 4 4 4]","2"
"11","0.3","10","0.7","10","9","3","50","true","true","0.1","0.03","2","10","34","11","[2 2 2 2 2 2 2 2 2 2 2 2 2 2 2 2 2 2 2 2 2 2 2 2 2 2 2 2 2 2 2 2 2 2 2 2 2 2 2 2 2 2 2 2 2 2 2 2 2 2 2 3 3 3 3 3 3 3 3 3 3 3 3 3 3 3 3 3 3 4 4 4 4 4]","2"
"11","0.3","10","0.7","10","9","3","50","true","true","0.1","0.03","2","10","35","11","[2 2 2 2 2 2 2 2 2 2 2 2 2 2 2 2 2 2 2 2 2 2 2 2 2 2 2 2 2 2 2 2 2 2 2 2 2 2 2 2 2 2 2 2 2 2 2 2 2 2 2 2 2 2 3 3 3 3 3 3 3 3 3 3 3 3 3 3 3 3 3 3 3 4 4 4 4]","2"
"11","0.3","10","0.7","10","9","3","50","true","true","0.1","0.03","2","10","36","11","[2 2 2 2 2 2 2 2 2 2 2 2 2 2 2 2 2 2 2 2 2 2 2 2 2 2 2 2 2 2 2 2 2 2 2 2 2 2 2 2 2 2 2 2 2 2 2 2 2 2 2 2 2 2 3 3 3 3 3 3 3 3 3 3 3 3 3 3 3 3 3 3 3 4 4 4 4 4]","2"
"11","0.3","10","0.7","10","9","3","50","true","true","0.1","0.03","2","10","37","11","[2 2 2 2 2 2 2 2 2 2 2 2 2 2 2 2 2 2 2 2 2 2 2 2 2 2 2 2 2 2 2 2 2 2 2 2 2 2 2 2 2 2 2 2 2 2 2 2 2 2 2 2 2 2 2 2 2 3 3 3 3 3 3 3 3 3 3 3 3 3 3 3 3 3 3 3 4 4 4 4 4]","2"
"11","0.3","10","0.7","10","9","3","50","true","true","0.1","0.03","2","10","38","11","[2 2 2 2 2 2 2 2 2 2 2 2 2 2 2 2 2 2 2 2 2 2 2 2 2 2 2 2 2 2 2 2 2 2 2 2 2 2 2 2 2 2 2 2 2 2 2 2 2 2 2 2 2 2 2 2 2 2 2 2 2 2 3 3 3 3 3 3 3 3 3 3 3 3 3 3 3 3 3 3 3 4 4 4 4]","2"
"11","0.3","10","0.7","10","9","3","50","true","true","0.1","0.03","2","10","39","11","[2 2 2 2 2 2 2 2 2 2 2 2 2 2 2 2 2 2 2 2 2 2 2 2 2 2 2 2 2 2 2 2 2 2 2 2 2 2 2 2 2 2 2 2 2 2 2 2 2 2 2 2 2 2 2 2 2 2 2 2 2 2 2 2 2 3 3 3 3 3 3 3 3 3 3 3 3 3 3 3 3 3 3 3 4 4 4 4]","2"
"11","0.3","10","0.7","10","9","3","50","true","true","0.1","0.03","2","10","40","11","[2 2 2 2 2 2 2 2 2 2 2 2 2 2 2 2 2 2 2 2 2 2 2 2 2 2 2 2 2 2 2 2 2 2 2 2 2 2 2 2 2 2 2 2 2 2 2 2 2 2 2 2 2 2 2 2 2 2 2 2 2 2 2 2 2 2 2 2 3 3 3 3 3 3 3 3 3 3 3 3 3 3 3 3 3 3 3 3 4 4 4 4 4]","2"
"11","0.3","10","0.7","10","9","3","50","true","true","0.1","0.03","2","10","41","11","[2 2 2 2 2 2 2 2 2 2 2 2 2 2 2 2 2 2 2 2 2 2 2 2 2 2 2 2 2 2 2 2 2 2 2 2 2 2 2 2 2 2 2 2 2 2 2 2 2 2 2 2 2 2 2 2 2 2 2 2 2 2 2 2 2 2 2 2 2 2 2 2 3 3 3 3 3 3 3 3 3 3 3 3 3 3 3 3 3 3 3 3 3 4 4 4 4]","2"
"11","0.3","10","0.7","10","9","3","50","true","true","0.1","0.03","2","10","42","11","[2 2 2 2 2 2 2 2 2 2 2 2 2 2 2 2 2 2 2 2 2 2 2 2 2 2 2 2 2 2 2 2 2 2 2 2 2 2 2 2 2 2 2 2 2 2 2 2 2 2 2 2 2 2 2 2 2 2 2 2 2 2 2 2 2 2 2 2 2 2 2 2 2 3 3 3 3 3 3 3 3 3 3 3 3 3 3 3 3 3 3 3 3 3 4 4 4 4 4]","2"
"11","0.3","10","0.7","10","9","3","50","true","true","0.1","0.03","2","10","43","11","[2 2 2 2 2 2 2 2 2 2 2 2 2 2 2 2 2 2 2 2 2 2 2 2 2 2 2 2 2 2 2 2 2 2 2 2 2 2 2 2 2 2 2 2 2 2 2 2 2 2 2 2 2 2 2 2 2 2 2 2 2 2 2 2 2 2 2 2 2 2 2 2 2 3 3 3 3 3 3 3 3 3 3 3 3 3 3 3 3 3 3 3 3 3 3 3 4 4 4 4 4]","2"
"11","0.3","10","0.7","10","9","3","50","true","true","0.1","0.03","2","10","44","11","[2 2 2 2 2 2 2 2 2 2 2 2 2 2 2 2 2 2 2 2 2 2 2 2 2 2 2 2 2 2 2 2 2 2 2 2 2 2 2 2 2 2 2 2 2 2 2 2 2 2 2 2 2 2 2 2 2 2 2 2 2 2 2 2 2 2 2 2 2 2 2 2 2 2 2 2 2 2 2 3 3 3 3 3 3 3 3 3 3 3 3 3 3 3 3 3 3 3 3 3 3 4 4 4 4 4]","2"
"11","0.3","10","0.7","10","9","3","50","true","true","0.1","0.03","2","10","45","11","[2 2 2 2 2 2 2 2 2 2 2 2 2 2 2 2 2 2 2 2 2 2 2 2 2 2 2 2 2 2 2 2 2 2 2 2 2 2 2 2 2 2 2 2 2 2 2 2 2 2 2 2 2 2 2 2 2 2 2 2 2 2 2 2 2 2 2 2 2 2 2 2 2 2 2 2 2 2 2 2 2 3 3 3 3 3 3 3 3 3 3 3 3 3 3 3 3 3 3 3 3 3 3 3 4 4 4 4 4]","2"
"11","0.3","10","0.7","10","9","3","50","true","true","0.1","0.03","2","10","46","11","[2 2 2 2 2 2 2 2 2 2 2 2 2 2 2 2 2 2 2 2 2 2 2 2 2 2 2 2 2 2 2 2 2 2 2 2 2 2 2 2 2 2 2 2 2 2 2 2 2 2 2 2 2 2 2 2 2 2 2 2 2 2 2 2 2 2 2 2 2 2 2 2 2 2 2 2 2 2 2 2 2 2 2 3 3 3 3 3 3 3 3 3 3 3 3 3 3 3 3 3 3 3 3 3 3 3 3 4 4 4 4 4]","2"
"11","0.3","10","0.7","10","9","3","50","true","true","0.1","0.03","2","10","47","11","[2 2 2 2 2 2 2 2 2 2 2 2 2 2 2 2 2 2 2 2 2 2 2 2 2 2 2 2 2 2 2 2 2 2 2 2 2 2 2 2 2 2 2 2 2 2 2 2 2 2 2 2 2 2 2 2 2 2 2 2 2 2 2 2 2 2 2 2 2 2 2 2 2 2 2 2 2 2 2 2 2 2 2 2 2 2 2 2 3 3 3 3 3 3 3 3 3 3 3 3 3 3 3 3 3 3 3 3 3 3 3 3 4 4 4 4 4]","2"
"11","0.3","10","0.7","10","9","3","50","true","true","0.1","0.03","2","10","48","11","[2 2 2 2 2 2 2 2 2 2 2 2 2 2 2 2 2 2 2 2 2 2 2 2 2 2 2 2 2 2 2 2 2 2 2 2 2 2 2 2 2 2 2 2 2 2 2 2 2 2 2 2 2 2 2 2 2 2 2 2 2 2 2 2 2 2 2 2 2 2 2 2 2 2 2 2 2 2 2 2 2 2 2 2 2 2 2 2 2 2 2 2 2 2 2 3 3 3 3 3 3 3 3 3 3 3 3 3 3 3 3 3 3 3 3 3 3 3 3 3 4 4 4 4]","2"
"11","0.3","10","0.7","10","9","3","50","true","true","0.1","0.03","2","10","49","11","[2 2 2 2 2 2 2 2 2 2 2 2 2 2 2 2 2 2 2 2 2 2 2 2 2 2 2 2 2 2 2 2 2 2 2 2 2 2 2 2 2 2 2 2 2 2 2 2 2 2 2 2 2 2 2 2 2 2 2 2 2 2 2 2 2 2 2 2 2 2 2 2 2 2 2 2 2 2 2 2 2 2 2 2 2 2 2 2 2 2 2 2 2 2 2 2 2 2 2 2 3 3 3 3 3 3 3 3 3 3 3 3 3 3 3 3 3 3 3 3 3 3 3 3 3 3 4 4 4 4 5]","2"
"11","0.3","10","0.7","10","9","3","50","true","true","0.1","0.03","2","10","50","11","[2 2 2 2 2 2 2 2 2 2 2 2 2 2 2 2 2 2 2 2 2 2 2 2 2 2 2 2 2 2 2 2 2 2 2 2 2 2 2 2 2 2 2 2 2 2 2 2 2 2 2 2 2 2 2 2 2 2 2 2 2 2 2 2 2 2 2 2 2 2 2 2 2 2 2 2 2 2 2 2 2 2 2 2 2 2 2 2 2 2 2 2 2 2 2 2 2 2 2 2 2 2 2 3 3 3 3 3 3 3 3 3 3 3 3 3 3 3 3 3 3 3 3 3 3 3 3 3 3 4 4 4 4 5]","2"
"12","0.3","10","0.7","10","9","3","50","true","true","0.1","0.03","2","10","0","12","[]","0"
"12","0.3","10","0.7","10","9","3","50","true","true","0.1","0.03","2","10","1","12","[2 2 2 2 2 2]","2"
"12","0.3","10","0.7","10","9","3","50","true","true","0.1","0.03","2","10","2","12","[2 2 2 2 2 2 2 2 2 2 2 2]","2"
"12","0.3","10","0.7","10","9","3","50","true","true","0.1","0.03","2","10","3","12","[2 2 2 2 2 2 2 2 2 2 2 2 2 2 2 2 2 2]","2"
"12","0.3","10","0.7","10","9","3","50","true","true","0.1","0.03","2","10","4","12","[2 2 2 2 2 2 2 2 2 2 2 2 2 2 2 2 2 2 2 2 2]","2"
"12","0.3","10","0.7","10","9","3","50","true","true","0.1","0.03","2","10","5","12","[2 2 2 2 2 2 2 2 2 2 2 2 2 2 2 2 2 2 2 2 2 2 2 2 5]","2"
"12","0.3","10","0.7","10","9","3","50","true","true","0.1","0.03","2","10","6","12","[2 2 2 2 2 2 2 2 2 2 2 2 2 2 2 2 2 2 2 2 2 2 2 2 2 2 2 5]","2"
"12","0.3","10","0.7","10","9","3","50","true","true","0.1","0.03","2","10","7","12","[2 2 2 2 2 2 2 2 2 2 2 2 2 2 2 2 2 2 2 2 2 2 2 2 2 2 2 2 2 5]","2"
"12","0.3","10","0.7","10","9","3","50","true","true","0.1","0.03","2","10","8","12","[2 2 2 2 2 2 2 2 2 2 2 2 2 2 2 2 2 2 2 2 2 2 2 2 2 2 2 2 2 2 2 5]","2"
"12","0.3","10","0.7","10","9","3","50","true","true","0.1","0.03","2","10","9","12","[2 2 2 2 2 2 2 2 2 2 2 2 2 2 2 2 2 2 2 2 2 2 2 2 2 2 2 2 2 2 2 5]","2"
"12","0.3","10","0.7","10","9","3","50","true","true","0.1","0.03","2","10","10","12","[2 2 2 2 2 2 2 2 2 2 2 2 2 2 2 2 2 2 2 2 2 2 2 2 2 2 2 2 2 2 2 2 2 2 3 5]","2"
"12","0.3","10","0.7","10","9","3","50","true","true","0.1","0.03","2","10","11","12","[2 2 2 2 2 2 2 2 2 2 2 2 2 2 2 2 2 2 2 2 2 2 2 2 2 2 2 2 2 2 2 2 2 2 2 2 2 3 5]","2"
"12","0.3","10","0.7","10","9","3","50","true","true","0.1","0.03","2","10","12","12","[2 2 2 2 2 2 2 2 2 2 2 2 2 2 2 2 2 2 2 2 2 2 2 2 2 2 2 2 2 2 2 2 2 2 2 2 2 2 2 3 5]","2"
"12","0.3","10","0.7","10","9","3","50","true","true","0.1","0.03","2","10","13","12","[2 2 2 2 2 2 2 2 2 2 2 2 2 2 2 2 2 2 2 2 2 2 2 2 2 2 2 2 2 2 2 2 2 2 2 2 2 2 2 2 2 3 5]","2"
"12","0.3","10","0.7","10","9","3","50","true","true","0.1","0.03","2","10","14","12","[2 2 2 2 2 2 2 2 2 2 2 2 2 2 2 2 2 2 2 2 2 2 2 2 2 2 2 2 2 2 2 2 2 2 2 2 2 2 2 2 2 2 2 3 5]","2"
"12","0.3","10","0.7","10","9","3","50","true","true","0.1","0.03","2","10","15","12","[2 2 2 2 2 2 2 2 2 2 2 2 2 2 2 2 2 2 2 2 2 2 2 2 2 2 2 2 2 2 2 2 2 2 2 2 2 2 2 2 2 2 2 2 3 5]","2"
"12","0.3","10","0.7","10","9","3","50","true","true","0.1","0.03","2","10","16","12","[2 2 2 2 2 2 2 2 2 2 2 2 2 2 2 2 2 2 2 2 2 2 2 2 2 2 2 2 2 2 2 2 2 2 2 2 2 2 2 2 2 2 2 2 2 3 5]","2"
"12","0.3","10","0.7","10","9","3","50","true","true","0.1","0.03","2","10","17","12","[2 2 2 2 2 2 2 2 2 2 2 2 2 2 2 2 2 2 2 2 2 2 2 2 2 2 2 2 2 2 2 2 2 2 2 2 2 2 2 2 2 2 2 2 2 2 2 2 3 5]","2"
"12","0.3","10","0.7","10","9","3","50","true","true","0.1","0.03","2","10","18","12","[2 2 2 2 2 2 2 2 2 2 2 2 2 2 2 2 2 2 2 2 2 2 2 2 2 2 2 2 2 2 2 2 2 2 2 2 2 2 2 2 2 2 2 2 2 2 2 2 2 3 5]","2"
"12","0.3","10","0.7","10","9","3","50","true","true","0.1","0.03","2","10","19","12","[2 2 2 2 2 2 2 2 2 2 2 2 2 2 2 2 2 2 2 2 2 2 2 2 2 2 2 2 2 2 2 2 2 2 2 2 2 2 2 2 2 2 2 2 2 2 2 2 2 2 2 2 2 2 3 5]","2"
"12","0.3","10","0.7","10","9","3","50","true","true","0.1","0.03","2","10","20","12","[2 2 2 2 2 2 2 2 2 2 2 2 2 2 2 2 2 2 2 2 2 2 2 2 2 2 2 2 2 2 2 2 2 2 2 2 2 2 2 2 2 2 2 2 2 2 2 2 2 2 2 2 2 2 2 3 5]","2"
"12","0.3","10","0.7","10","9","3","50","true","true","0.1","0.03","2","10","21","12","[2 2 2 2 2 2 2 2 2 2 2 2 2 2 2 2 2 2 2 2 2 2 2 2 2 2 2 2 2 2 2 2 2 2 2 2 2 2 2 2 2 2 2 2 2 2 2 2 2 2 2 2 2 2 2 2 3 5]","2"
"12","0.3","10","0.7","10","9","3","50","true","true","0.1","0.03","2","10","22","12","[2 2 2 2 2 2 2 2 2 2 2 2 2 2 2 2 2 2 2 2 2 2 2 2 2 2 2 2 2 2 2 2 2 2 2 2 2 2 2 2 2 2 2 2 2 2 2 2 2 2 2 2 2 2 2 3 5]","2"
"12","0.3","10","0.7","10","9","3","50","true","true","0.1","0.03","2","10","23","12","[2 2 2 2 2 2 2 2 2 2 2 2 2 2 2 2 2 2 2 2 2 2 2 2 2 2 2 2 2 2 2 2 2 2 2 2 2 2 2 2 2 2 2 2 2 2 2 2 2 2 2 2 2 2 2 3 5]","2"
"12","0.3","10","0.7","10","9","3","50","true","true","0.1","0.03","2","10","24","12","[2 2 2 2 2 2 2 2 2 2 2 2 2 2 2 2 2 2 2 2 2 2 2 2 2 2 2 2 2 2 2 2 2 2 2 2 2 2 2 2 2 2 2 2 2 2 2 2 2 2 2 2 3 5]","2"
"12","0.3","10","0.7","10","9","3","50","true","true","0.1","0.03","2","10","25","12","[2 2 2 2 2 2 2 2 2 2 2 2 2 2 2 2 2 2 2 2 2 2 2 2 2 2 2 2 2 2 2 2 2 2 2 2 2 2 2 2 2 2 2 2 2 2 2 2 2 2 2 2 2 2 2 3 5]","2"
"12","0.3","10","0.7","10","9","3","50","true","true","0.1","0.03","2","10","26","12","[2 2 2 2 2 2 2 2 2 2 2 2 2 2 2 2 2 2 2 2 2 2 2 2 2 2 2 2 2 2 2 2 2 2 2 2 2 2 2 2 2 2 2 2 2 2 2 2 2 2 2 2 2 2 2 2 3 5]","2"
"12","0.3","10","0.7","10","9","3","50","true","true","0.1","0.03","2","10","27","12","[2 2 2 2 2 2 2 2 2 2 2 2 2 2 2 2 2 2 2 2 2 2 2 2 2 2 2 2 2 2 2 2 2 2 2 2 2 2 2 2 2 2 2 2 2 2 2 2 2 2 2 2 2 2 2 2 2 3 5]","2"
"12","0.3","10","0.7","10","9","3","50","true","true","0.1","0.03","2","10","28","12","[2 2 2 2 2 2 2 2 2 2 2 2 2 2 2 2 2 2 2 2 2 2 2 2 2 2 2 2 2 2 2 2 2 2 2 2 2 2 2 2 2 2 2 2 2 2 2 2 2 2 2 2 2 2 2 2 3 5]","2"
"12","0.3","10","0.7","10","9","3","50","true","true","0.1","0.03","2","10","29","12","[2 2 2 2 2 2 2 2 2 2 2 2 2 2 2 2 2 2 2 2 2 2 2 2 2 2 2 2 2 2 2 2 2 2 2 2 2 2 2 2 2 2 2 2 2 2 2 2 2 2 2 2 2 2 2 2 2 3 5]","2"
"12","0.3","10","0.7","10","9","3","50","true","true","0.1","0.03","2","10","30","12","[2 2 2 2 2 2 2 2 2 2 2 2 2 2 2 2 2 2 2 2 2 2 2 2 2 2 2 2 2 2 2 2 2 2 2 2 2 2 2 2 2 2 2 2 2 2 2 2 2 2 2 2 2 2 2 2 2 2 3 5]","2"
"12","0.3","10","0.7","10","9","3","50","true","true","0.1","0.03","2","10","31","12","[2 2 2 2 2 2 2 2 2 2 2 2 2 2 2 2 2 2 2 2 2 2 2 2 2 2 2 2 2 2 2 2 2 2 2 2 2 2 2 2 2 2 2 2 2 2 2 2 2 2 2 2 2 2 2 2 2 2 2 2 3 5]","2"
"12","0.3","10","0.7","10","9","3","50","true","true","0.1","0.03","2","10","32","12","[2 2 2 2 2 2 2 2 2 2 2 2 2 2 2 2 2 2 2 2 2 2 2 2 2 2 2 2 2 2 2 2 2 2 2 2 2 2 2 2 2 2 2 2 2 2 2 2 2 2 2 2 2 2 2 2 2 2 2 2 2 3 5]","2"
"12","0.3","10","0.7","10","9","3","50","true","true","0.1","0.03","2","10","33","12","[2 2 2 2 2 2 2 2 2 2 2 2 2 2 2 2 2 2 2 2 2 2 2 2 2 2 2 2 2 2 2 2 2 2 2 2 2 2 2 2 2 2 2 2 2 2 2 2 2 2 2 2 2 2 2 2 2 2 2 2 3 3 5 9]","2"
"12","0.3","10","0.7","10","9","3","50","true","true","0.1","0.03","2","10","34","12","[2 2 2 2 2 2 2 2 2 2 2 2 2 2 2 2 2 2 2 2 2 2 2 2 2 2 2 2 2 2 2 2 2 2 2 2 2 2 2 2 2 2 2 2 2 2 2 2 2 2 2 2 2 2 2 2 2 2 2 2 3 3 5 8 9]","2"
"12","0.3","10","0.7","10","9","3","50","true","true","0.1","0.03","2","10","35","12","[2 2 2 2 2 2 2 2 2 2 2 2 2 2 2 2 2 2 2 2 2 2 2 2 2 2 2 2 2 2 2 2 2 2 2 2 2 2 2 2 2 2 2 2 2 2 2 2 2 2 2 2 2 2 2 2 2 2 2 2 2 3 3 5 8 9]","2"
"12","0.3","10","0.7","10","9","3","50","true","true","0.1","0.03","2","10","36","12","[2 2 2 2 2 2 2 2 2 2 2 2 2 2 2 2 2 2 2 2 2 2 2 2 2 2 2 2 2 2 2 2 2 2 2 2 2 2 2 2 2 2 2 2 2 2 2 2 2 2 2 2 2 2 2 2 2 2 2 2 2 2 2 2 2 3 3 3 3 5 8 9]","2"
"12","0.3","10","0.7","10","9","3","50","true","true","0.1","0.03","2","10","37","12","[2 2 2 2 2 2 2 2 2 2 2 2 2 2 2 2 2 2 2 2 2 2 2 2 2 2 2 2 2 2 2 2 2 2 2 2 2 2 2 2 2 2 2 2 2 2 2 2 2 2 2 2 2 2 2 2 2 2 2 2 2 2 2 2 2 3 3 3 3 5 8 9]","2"
"12","0.3","10","0.7","10","9","3","50","true","true","0.1","0.03","2","10","38","12","[2 2 2 2 2 2 2 2 2 2 2 2 2 2 2 2 2 2 2 2 2 2 2 2 2 2 2 2 2 2 2 2 2 2 2 2 2 2 2 2 2 2 2 2 2 2 2 2 2 2 2 2 2 2 2 2 2 2 2 2 2 2 2 2 3 3 3 3 5 8 9]","2"
"12","0.3","10","0.7","10","9","3","50","true","true","0.1","0.03","2","10","39","12","[2 2 2 2 2 2 2 2 2 2 2 2 2 2 2 2 2 2 2 2 2 2 2 2 2 2 2 2 2 2 2 2 2 2 2 2 2 2 2 2 2 2 2 2 2 2 2 2 2 2 2 2 2 2 2 2 2 2 2 2 2 2 2 2 2 3 3 3 3 4 5 8 9]","2"
"12","0.3","10","0.7","10","9","3","50","true","true","0.1","0.03","2","10","40","12","[2 2 2 2 2 2 2 2 2 2 2 2 2 2 2 2 2 2 2 2 2 2 2 2 2 2 2 2 2 2 2 2 2 2 2 2 2 2 2 2 2 2 2 2 2 2 2 2 2 2 2 2 2 2 2 2 2 2 2 2 2 2 2 2 2 2 2 3 3 3 3 3 4 5 8 9]","2"
"12","0.3","10","0.7","10","9","3","50","true","true","0.1","0.03","2","10","41","12","[2 2 2 2 2 2 2 2 2 2 2 2 2 2 2 2 2 2 2 2 2 2 2 2 2 2 2 2 2 2 2 2 2 2 2 2 2 2 2 2 2 2 2 2 2 2 2 2 2 2 2 2 2 2 2 2 2 2 2 2 2 2 2 2 2 2 3 3 3 3 3 3 3 4 4 5 8 9]","2"
"12","0.3","10","0.7","10","9","3","50","true","true","0.1","0.03","2","10","42","12","[2 2 2 2 2 2 2 2 2 2 2 2 2 2 2 2 2 2 2 2 2 2 2 2 2 2 2 2 2 2 2 2 2 2 2 2 2 2 2 2 2 2 2 2 2 2 2 2 2 2 2 2 2 2 2 2 2 2 2 2 2 2 2 2 2 2 2 2 2 3 3 3 3 3 3 3 4 4 5 5 8 9]","2"
"12","0.3","10","0.7","10","9","3","50","true","true","0.1","0.03","2","10","43","12","[2 2 2 2 2 2 2 2 2 2 2 2 2 2 2 2 2 2 2 2 2 2 2 2 2 2 2 2 2 2 2 2 2 2 2 2 2 2 2 2 2 2 2 2 2 2 2 2 2 2 2 2 2 2 2 2 2 2 2 2 2 2 2 2 2 2 2 2 2 2 2 2 3 3 3 3 3 3 3 3 4 4 5 5 8 9]","2"
"12","0.3","10","0.7","10","9","3","50","true","true","0.1","0.03","2","10","44","12","[2 2 2 2 2 2 2 2 2 2 2 2 2 2 2 2 2 2 2 2 2 2 2 2 2 2 2 2 2 2 2 2 2 2 2 2 2 2 2 2 2 2 2 2 2 2 2 2 2 2 2 2 2 2 2 2 2 2 2 2 2 2 2 2 2 2 2 2 2 2 2 2 2 2 2 3 3 3 3 3 3 3 3 4 4 5 5 8 9]","2"
"12","0.3","10","0.7","10","9","3","50","true","true","0.1","0.03","2","10","45","12","[2 2 2 2 2 2 2 2 2 2 2 2 2 2 2 2 2 2 2 2 2 2 2 2 2 2 2 2 2 2 2 2 2 2 2 2 2 2 2 2 2 2 2 2 2 2 2 2 2 2 2 2 2 2 2 2 2 2 2 2 2 2 2 2 2 2 2 2 2 2 2 2 2 2 2 2 2 2 2 2 2 3 3 3 3 3 3 3 3 3 4 4 5 5 8 9]","2"
"12","0.3","10","0.7","10","9","3","50","true","true","0.1","0.03","2","10","46","12","[2 2 2 2 2 2 2 2 2 2 2 2 2 2 2 2 2 2 2 2 2 2 2 2 2 2 2 2 2 2 2 2 2 2 2 2 2 2 2 2 2 2 2 2 2 2 2 2 2 2 2 2 2 2 2 2 2 2 2 2 2 2 2 2 2 2 2 2 2 2 2 2 2 2 2 2 2 2 2 2 2 2 2 2 3 3 3 3 3 3 3 3 3 4 4 5 5 8 9]","2"
"12","0.3","10","0.7","10","9","3","50","true","true","0.1","0.03","2","10","47","12","[2 2 2 2 2 2 2 2 2 2 2 2 2 2 2 2 2 2 2 2 2 2 2 2 2 2 2 2 2 2 2 2 2 2 2 2 2 2 2 2 2 2 2 2 2 2 2 2 2 2 2 2 2 2 2 2 2 2 2 2 2 2 2 2 2 2 2 2 2 2 2 2 2 2 2 2 2 2 2 2 2 2 2 2 2 2 2 2 2 2 3 3 3 3 3 3 3 3 3 4 4 4 5 5 8 9]","2"
"12","0.3","10","0.7","10","9","3","50","true","true","0.1","0.03","2","10","48","12","[2 2 2 2 2 2 2 2 2 2 2 2 2 2 2 2 2 2 2 2 2 2 2 2 2 2 2 2 2 2 2 2 2 2 2 2 2 2 2 2 2 2 2 2 2 2 2 2 2 2 2 2 2 2 2 2 2 2 2 2 2 2 2 2 2 2 2 2 2 2 2 2 2 2 2 2 2 2 2 2 2 2 2 2 2 2 2 2 2 2 2 2 2 2 2 2 3 3 3 3 3 3 3 3 3 4 4 4 5 5 8 9]","2"
"12","0.3","10","0.7","10","9","3","50","true","true","0.1","0.03","2","10","49","12","[2 2 2 2 2 2 2 2 2 2 2 2 2 2 2 2 2 2 2 2 2 2 2 2 2 2 2 2 2 2 2 2 2 2 2 2 2 2 2 2 2 2 2 2 2 2 2 2 2 2 2 2 2 2 2 2 2 2 2 2 2 2 2 2 2 2 2 2 2 2 2 2 2 2 2 2 2 2 2 2 2 2 2 2 2 2 2 2 2 2 2 2 2 2 2 2 2 2 2 3 3 3 3 3 3 3 3 3 3 4 4 4 5 5 8 9]","2"
"12","0.3","10","0.7","10","9","3","50","true","true","0.1","0.03","2","10","50","12","[2 2 2 2 2 2 2 2 2 2 2 2 2 2 2 2 2 2 2 2 2 2 2 2 2 2 2 2 2 2 2 2 2 2 2 2 2 2 2 2 2 2 2 2 2 2 2 2 2 2 2 2 2 2 2 2 2 2 2 2 2 2 2 2 2 2 2 2 2 2 2 2 2 2 2 2 2 2 2 2 2 2 2 2 2 2 2 2 2 2 2 2 2 2 2 2 2 2 2 2 2 2 3 3 3 3 3 3 3 3 3 3 4 4 4 5 5 8 9]","2"
"13","0.3","10","0.7","10","9","3","50","true","true","0.1","0.03","2","10","0","13","[]","0"
"13","0.3","10","0.7","10","9","3","50","true","true","0.1","0.03","2","10","1","13","[2 2 2 2]","2"
"13","0.3","10","0.7","10","9","3","50","true","true","0.1","0.03","2","10","2","13","[2 2 2 2 2 2 2 2 3]","2"
"13","0.3","10","0.7","10","9","3","50","true","true","0.1","0.03","2","10","3","13","[2 2 2 2 2 2 2 2 2 2 2 2 3]","2"
"13","0.3","10","0.7","10","9","3","50","true","true","0.1","0.03","2","10","4","13","[2 2 2 2 2 2 2 2 2 2 2 2 2 2 2 2 3]","2"
"13","0.3","10","0.7","10","9","3","50","true","true","0.1","0.03","2","10","5","13","[2 2 2 2 2 2 2 2 2 2 2 2 2 2 2 2 2 2 2 2 3 3]","2"
"13","0.3","10","0.7","10","9","3","50","true","true","0.1","0.03","2","10","6","13","[2 2 2 2 2 2 2 2 2 2 2 2 2 2 2 2 2 2 2 2 2 2 3 3 3]","2"
"13","0.3","10","0.7","10","9","3","50","true","true","0.1","0.03","2","10","7","13","[2 2 2 2 2 2 2 2 2 2 2 2 2 2 2 2 2 2 2 2 2 2 3 3 3]","2"
"13","0.3","10","0.7","10","9","3","50","true","true","0.1","0.03","2","10","8","13","[2 2 2 2 2 2 2 2 2 2 2 2 2 2 2 2 2 2 2 2 2 2 2 3 3 3]","2"
"13","0.3","10","0.7","10","9","3","50","true","true","0.1","0.03","2","10","9","13","[2 2 2 2 2 2 2 2 2 2 2 2 2 2 2 2 2 2 2 2 2 2 2 3 3 3 3]","2"
"13","0.3","10","0.7","10","9","3","50","true","true","0.1","0.03","2","10","10","13","[2 2 2 2 2 2 2 2 2 2 2 2 2 2 2 2 2 2 2 2 2 2 2 2 2 2 3 3 3 3]","2"
"13","0.3","10","0.7","10","9","3","50","true","true","0.1","0.03","2","10","11","13","[2 2 2 2 2 2 2 2 2 2 2 2 2 2 2 2 2 2 2 2 2 2 2 2 2 2 2 2 3 3 3 3]","2"
"13","0.3","10","0.7","10","9","3","50","true","true","0.1","0.03","2","10","12","13","[2 2 2 2 2 2 2 2 2 2 2 2 2 2 2 2 2 2 2 2 2 2 2 2 2 2 2 2 2 2 3 3 3 3]","2"
"13","0.3","10","0.7","10","9","3","50","true","true","0.1","0.03","2","10","13","13","[2 2 2 2 2 2 2 2 2 2 2 2 2 2 2 2 2 2 2 2 2 2 2 2 2 2 2 2 2 2 3 3 3 3]","2"
"13","0.3","10","0.7","10","9","3","50","true","true","0.1","0.03","2","10","14","13","[2 2 2 2 2 2 2 2 2 2 2 2 2 2 2 2 2 2 2 2 2 2 2 2 2 2 2 2 2 2 2 2 3 3 3 3]","2"
"13","0.3","10","0.7","10","9","3","50","true","true","0.1","0.03","2","10","15","13","[2 2 2 2 2 2 2 2 2 2 2 2 2 2 2 2 2 2 2 2 2 2 2 2 2 2 2 2 2 2 2 2 2 2 2 3 3 3 3]","2"
"13","0.3","10","0.7","10","9","3","50","true","true","0.1","0.03","2","10","16","13","[2 2 2 2 2 2 2 2 2 2 2 2 2 2 2 2 2 2 2 2 2 2 2 2 2 2 2 2 2 2 2 2 2 2 2 3 3 3 3]","2"
"13","0.3","10","0.7","10","9","3","50","true","true","0.1","0.03","2","10","17","13","[2 2 2 2 2 2 2 2 2 2 2 2 2 2 2 2 2 2 2 2 2 2 2 2 2 2 2 2 2 2 2 2 2 2 2 2 3 3 3 3]","2"
"13","0.3","10","0.7","10","9","3","50","true","true","0.1","0.03","2","10","18","13","[2 2 2 2 2 2 2 2 2 2 2 2 2 2 2 2 2 2 2 2 2 2 2 2 2 2 2 2 2 2 2 2 2 2 2 2 2 3 3 3 3]","2"
"13","0.3","10","0.7","10","9","3","50","true","true","0.1","0.03","2","10","19","13","[2 2 2 2 2 2 2 2 2 2 2 2 2 2 2 2 2 2 2 2 2 2 2 2 2 2 2 2 2 2 2 2 2 2 2 2 2 2 2 2 2 3 3 3 3]","2"
"13","0.3","10","0.7","10","9","3","50","true","true","0.1","0.03","2","10","20","13","[2 2 2 2 2 2 2 2 2 2 2 2 2 2 2 2 2 2 2 2 2 2 2 2 2 2 2 2 2 2 2 2 2 2 2 2 2 2 2 2 3 3 3 3]","2"
"13","0.3","10","0.7","10","9","3","50","true","true","0.1","0.03","2","10","21","13","[2 2 2 2 2 2 2 2 2 2 2 2 2 2 2 2 2 2 2 2 2 2 2 2 2 2 2 2 2 2 2 2 2 2 2 2 2 2 2 2 2 2 3 3 3 3]","2"
"13","0.3","10","0.7","10","9","3","50","true","true","0.1","0.03","2","10","22","13","[2 2 2 2 2 2 2 2 2 2 2 2 2 2 2 2 2 2 2 2 2 2 2 2 2 2 2 2 2 2 2 2 2 2 2 2 2 2 2 2 2 2 2 2 3 3 3 3]","2"
"13","0.3","10","0.7","10","9","3","50","true","true","0.1","0.03","2","10","23","13","[2 2 2 2 2 2 2 2 2 2 2 2 2 2 2 2 2 2 2 2 2 2 2 2 2 2 2 2 2 2 2 2 2 2 2 2 2 2 2 2 2 2 2 2 2 3 3 3 3 4]","2"
"13","0.3","10","0.7","10","9","3","50","true","true","0.1","0.03","2","10","24","13","[2 2 2 2 2 2 2 2 2 2 2 2 2 2 2 2 2 2 2 2 2 2 2 2 2 2 2 2 2 2 2 2 2 2 2 2 2 2 2 2 2 2 2 2 2 2 3 3 3 3 5]","2"
"13","0.3","10","0.7","10","9","3","50","true","true","0.1","0.03","2","10","25","13","[2 2 2 2 2 2 2 2 2 2 2 2 2 2 2 2 2 2 2 2 2 2 2 2 2 2 2 2 2 2 2 2 2 2 2 2 2 2 2 2 2 2 2 2 2 2 2 3 3 3 3 3 4 5]","2"
"13","0.3","10","0.7","10","9","3","50","true","true","0.1","0.03","2","10","26","13","[2 2 2 2 2 2 2 2 2 2 2 2 2 2 2 2 2 2 2 2 2 2 2 2 2 2 2 2 2 2 2 2 2 2 2 2 2 2 2 2 2 2 2 2 2 2 2 2 2 3 3 3 3 3 4 5]","2"
"13","0.3","10","0.7","10","9","3","50","true","true","0.1","0.03","2","10","27","13","[2 2 2 2 2 2 2 2 2 2 2 2 2 2 2 2 2 2 2 2 2 2 2 2 2 2 2 2 2 2 2 2 2 2 2 2 2 2 2 2 2 2 2 2 2 2 2 2 3 3 3 3 3 4 5]","2"
"13","0.3","10","0.7","10","9","3","50","true","true","0.1","0.03","2","10","28","13","[2 2 2 2 2 2 2 2 2 2 2 2 2 2 2 2 2 2 2 2 2 2 2 2 2 2 2 2 2 2 2 2 2 2 2 2 2 2 2 2 2 2 2 2 2 2 2 3 3 3 3 3 4 5]","2"
"13","0.3","10","0.7","10","9","3","50","true","true","0.1","0.03","2","10","29","13","[2 2 2 2 2 2 2 2 2 2 2 2 2 2 2 2 2 2 2 2 2 2 2 2 2 2 2 2 2 2 2 2 2 2 2 2 2 2 2 2 2 2 2 2 2 2 2 2 3 3 3 3 3 4 5]","2"
"13","0.3","10","0.7","10","9","3","50","true","true","0.1","0.03","2","10","30","13","[2 2 2 2 2 2 2 2 2 2 2 2 2 2 2 2 2 2 2 2 2 2 2 2 2 2 2 2 2 2 2 2 2 2 2 2 2 2 2 2 2 2 2 2 2 2 2 2 3 3 3 3 3 4 5]","2"
"13","0.3","10","0.7","10","9","3","50","true","true","0.1","0.03","2","10","31","13","[2 2 2 2 2 2 2 2 2 2 2 2 2 2 2 2 2 2 2 2 2 2 2 2 2 2 2 2 2 2 2 2 2 2 2 2 2 2 2 2 2 2 2 2 2 2 2 2 2 3 3 3 3 3 4 5]","2"
"13","0.3","10","0.7","10","9","3","50","true","true","0.1","0.03","2","10","32","13","[2 2 2 2 2 2 2 2 2 2 2 2 2 2 2 2 2 2 2 2 2 2 2 2 2 2 2 2 2 2 2 2 2 2 2 2 2 2 2 2 2 2 2 2 2 2 2 2 2 2 2 3 3 3 3 3 4 5]","2"
"13","0.3","10","0.7","10","9","3","50","true","true","0.1","0.03","2","10","33","13","[2 2 2 2 2 2 2 2 2 2 2 2 2 2 2 2 2 2 2 2 2 2 2 2 2 2 2 2 2 2 2 2 2 2 2 2 2 2 2 2 2 2 2 2 2 2 2 2 2 2 2 2 2 2 3 3 3 3 3 4 5]","2"
"13","0.3","10","0.7","10","9","3","50","true","true","0.1","0.03","2","10","34","13","[2 2 2 2 2 2 2 2 2 2 2 2 2 2 2 2 2 2 2 2 2 2 2 2 2 2 2 2 2 2 2 2 2 2 2 2 2 2 2 2 2 2 2 2 2 2 2 2 2 2 2 2 2 2 2 3 3 3 3 3 4 5]","2"
"13","0.3","10","0.7","10","9","3","50","true","true","0.1","0.03","2","10","35","13","[2 2 2 2 2 2 2 2 2 2 2 2 2 2 2 2 2 2 2 2 2 2 2 2 2 2 2 2 2 2 2 2 2 2 2 2 2 2 2 2 2 2 2 2 2 2 2 2 2 2 2 2 2 2 2 2 3 3 3 3 3 4 5]","2"
"13","0.3","10","0.7","10","9","3","50","true","true","0.1","0.03","2","10","36","13","[2 2 2 2 2 2 2 2 2 2 2 2 2 2 2 2 2 2 2 2 2 2 2 2 2 2 2 2 2 2 2 2 2 2 2 2 2 2 2 2 2 2 2 2 2 2 2 2 2 2 2 2 2 2 2 2 2 2 2 2 2 3 3 3 3 3 4 5]","2"
"13","0.3","10","0.7","10","9","3","50","true","true","0.1","0.03","2","10","37","13","[2 2 2 2 2 2 2 2 2 2 2 2 2 2 2 2 2 2 2 2 2 2 2 2 2 2 2 2 2 2 2 2 2 2 2 2 2 2 2 2 2 2 2 2 2 2 2 2 2 2 2 2 2 2 2 2 2 2 2 2 2 3 3 3 3 3 4 5]","2"
"13","0.3","10","0.7","10","9","3","50","true","true","0.1","0.03","2","10","38","13","[2 2 2 2 2 2 2 2 2 2 2 2 2 2 2 2 2 2 2 2 2 2 2 2 2 2 2 2 2 2 2 2 2 2 2 2 2 2 2 2 2 2 2 2 2 2 2 2 2 2 2 2 2 2 2 2 2 2 2 2 2 3 3 3 3 3 4 5]","2"
"13","0.3","10","0.7","10","9","3","50","true","true","0.1","0.03","2","10","39","13","[2 2 2 2 2 2 2 2 2 2 2 2 2 2 2 2 2 2 2 2 2 2 2 2 2 2 2 2 2 2 2 2 2 2 2 2 2 2 2 2 2 2 2 2 2 2 2 2 2 2 2 2 2 2 2 2 2 2 2 2 2 2 2 3 3 3 3 3 4 5]","2"
"13","0.3","10","0.7","10","9","3","50","true","true","0.1","0.03","2","10","40","13","[2 2 2 2 2 2 2 2 2 2 2 2 2 2 2 2 2 2 2 2 2 2 2 2 2 2 2 2 2 2 2 2 2 2 2 2 2 2 2 2 2 2 2 2 2 2 2 2 2 2 2 2 2 2 2 2 2 2 2 2 2 2 2 2 3 3 3 3 3 4 5]","2"
"13","0.3","10","0.7","10","9","3","50","true","true","0.1","0.03","2","10","41","13","[2 2 2 2 2 2 2 2 2 2 2 2 2 2 2 2 2 2 2 2 2 2 2 2 2 2 2 2 2 2 2 2 2 2 2 2 2 2 2 2 2 2 2 2 2 2 2 2 2 2 2 2 2 2 2 2 2 2 2 2 2 2 2 2 3 3 3 3 3 4 5]","2"
"13","0.3","10","0.7","10","9","3","50","true","true","0.1","0.03","2","10","42","13","[2 2 2 2 2 2 2 2 2 2 2 2 2 2 2 2 2 2 2 2 2 2 2 2 2 2 2 2 2 2 2 2 2 2 2 2 2 2 2 2 2 2 2 2 2 2 2 2 2 2 2 2 2 2 2 2 2 2 2 2 2 2 2 2 2 3 3 3 3 3 3 4 5]","2"
"13","0.3","10","0.7","10","9","3","50","true","true","0.1","0.03","2","10","43","13","[2 2 2 2 2 2 2 2 2 2 2 2 2 2 2 2 2 2 2 2 2 2 2 2 2 2 2 2 2 2 2 2 2 2 2 2 2 2 2 2 2 2 2 2 2 2 2 2 2 2 2 2 2 2 2 2 2 2 2 2 2 2 2 2 2 2 2 3 3 3 3 3 3 3 4 5]","2"
"13","0.3","10","0.7","10","9","3","50","true","true","0.1","0.03","2","10","44","13","[2 2 2 2 2 2 2 2 2 2 2 2 2 2 2 2 2 2 2 2 2 2 2 2 2 2 2 2 2 2 2 2 2 2 2 2 2 2 2 2 2 2 2 2 2 2 2 2 2 2 2 2 2 2 2 2 2 2 2 2 2 2 2 2 2 2 2 3 3 3 3 3 3 3 4 5]","2"
"13","0.3","10","0.7","10","9","3","50","true","true","0.1","0.03","2","10","45","13","[2 2 2 2 2 2 2 2 2 2 2 2 2 2 2 2 2 2 2 2 2 2 2 2 2 2 2 2 2 2 2 2 2 2 2 2 2 2 2 2 2 2 2 2 2 2 2 2 2 2 2 2 2 2 2 2 2 2 2 2 2 2 2 2 2 2 2 2 2 2 3 3 3 3 3 3 3 4 5]","2"
"13","0.3","10","0.7","10","9","3","50","true","true","0.1","0.03","2","10","46","13","[2 2 2 2 2 2 2 2 2 2 2 2 2 2 2 2 2 2 2 2 2 2 2 2 2 2 2 2 2 2 2 2 2 2 2 2 2 2 2 2 2 2 2 2 2 2 2 2 2 2 2 2 2 2 2 2 2 2 2 2 2 2 2 2 2 2 2 2 2 2 2 2 3 3 3 3 3 3 3 4 5]","2"
"13","0.3","10","0.7","10","9","3","50","true","true","0.1","0.03","2","10","47","13","[2 2 2 2 2 2 2 2 2 2 2 2 2 2 2 2 2 2 2 2 2 2 2 2 2 2 2 2 2 2 2 2 2 2 2 2 2 2 2 2 2 2 2 2 2 2 2 2 2 2 2 2 2 2 2 2 2 2 2 2 2 2 2 2 2 2 2 2 2 2 2 3 3 3 3 3 3 3 3 4 4 5]","2"
"13","0.3","10","0.7","10","9","3","50","true","true","0.1","0.03","2","10","48","13","[2 2 2 2 2 2 2 2 2 2 2 2 2 2 2 2 2 2 2 2 2 2 2 2 2 2 2 2 2 2 2 2 2 2 2 2 2 2 2 2 2 2 2 2 2 2 2 2 2 2 2 2 2 2 2 2 2 2 2 2 2 2 2 2 2 2 2 2 2 2 2 2 2 2 2 2 3 3 3 3 3 3 3 3 3 3 4 4 5]","2"
"13","0.3","10","0.7","10","9","3","50","true","true","0.1","0.03","2","10","49","13","[2 2 2 2 2 2 2 2 2 2 2 2 2 2 2 2 2 2 2 2 2 2 2 2 2 2 2 2 2 2 2 2 2 2 2 2 2 2 2 2 2 2 2 2 2 2 2 2 2 2 2 2 2 2 2 2 2 2 2 2 2 2 2 2 2 2 2 2 2 2 2 2 2 2 2 2 2 2 2 2 2 3 3 3 3 3 3 3 3 3 3 4 4 5]","2"
"13","0.3","10","0.7","10","9","3","50","true","true","0.1","0.03","2","10","50","13","[2 2 2 2 2 2 2 2 2 2 2 2 2 2 2 2 2 2 2 2 2 2 2 2 2 2 2 2 2 2 2 2 2 2 2 2 2 2 2 2 2 2 2 2 2 2 2 2 2 2 2 2 2 2 2 2 2 2 2 2 2 2 2 2 2 2 2 2 2 2 2 2 2 2 2 2 2 2 2 2 2 2 2 2 3 3 3 3 3 3 3 3 3 3 3 4 4 5]","2"
"14","0.3","10","0.7","10","9","3","50","true","true","0.1","0.03","2","10","0","14","[]","0"
"14","0.3","10","0.7","10","9","3","50","true","true","0.1","0.03","2","10","1","14","[2 3 3]","2"
"14","0.3","10","0.7","10","9","3","50","true","true","0.1","0.03","2","10","2","14","[2 2 2 2 3 3 3]","2"
"14","0.3","10","0.7","10","9","3","50","true","true","0.1","0.03","2","10","3","14","[2 2 2 2 2 2 2 3 3 3]","2"
"14","0.3","10","0.7","10","9","3","50","true","true","0.1","0.03","2","10","4","14","[2 2 2 2 2 2 2 3 3 3 8]","2"
"14","0.3","10","0.7","10","9","3","50","true","true","0.1","0.03","2","10","5","14","[2 2 2 2 2 2 2 2 2 3 3 3 4 6 6 8]","2"
"14","0.3","10","0.7","10","9","3","50","true","true","0.1","0.03","2","10","6","14","[2 2 2 2 2 2 2 2 2 2 3 3 3 3 3 4 6 6 8]","2"
"14","0.3","10","0.7","10","9","3","50","true","true","0.1","0.03","2","10","7","14","[2 2 2 2 2 2 2 2 2 2 2 2 3 3 3 3 3 3 3 4 6 6 8]","2"
"14","0.3","10","0.7","10","9","3","50","true","true","0.1","0.03","2","10","8","14","[2 2 2 2 2 2 2 2 2 2 2 2 2 3 3 3 3 3 3 3 4 4 6 6 8]","2"
"14","0.3","10","0.7","10","9","3","50","true","true","0.1","0.03","2","10","9","14","[2 2 2 2 2 2 2 2 2 2 2 2 3 3 3 3 3 3 3 3 4 4 6 6 8]","2"
"14","0.3","10","0.7","10","9","3","50","true","true","0.1","0.03","2","10","10","14","[2 2 2 2 2 2 2 2 2 2 2 2 2 2 3 3 3 3 3 3 3 3 3 4 4 5 6 6 8]","2"
"14","0.3","10","0.7","10","9","3","50","true","true","0.1","0.03","2","10","11","14","[2 2 2 2 2 2 2 2 2 2 2 2 2 2 2 2 3 3 3 3 3 3 3 3 3 4 4 5 6 6 8]","2"
"14","0.3","10","0.7","10","9","3","50","true","true","0.1","0.03","2","10","12","14","[2 2 2 2 2 2 2 2 2 2 2 2 2 2 2 2 2 3 3 3 3 3 3 3 3 3 4 4 5 6 6 8]","2"
"14","0.3","10","0.7","10","9","3","50","true","true","0.1","0.03","2","10","13","14","[2 2 2 2 2 2 2 2 2 2 2 2 2 2 2 2 2 2 2 3 3 3 3 3 3 3 3 3 4 4 5 6 6 8]","2"
"14","0.3","10","0.7","10","9","3","50","true","true","0.1","0.03","2","10","14","14","[2 2 2 2 2 2 2 2 2 2 2 2 2 2 2 2 2 2 2 2 3 3 3 3 3 3 3 3 3 4 4 5 6 6 8]","2"
"14","0.3","10","0.7","10","9","3","50","true","true","0.1","0.03","2","10","15","14","[2 2 2 2 2 2 2 2 2 2 2 2 2 2 2 2 2 2 2 2 2 3 3 3 3 3 3 3 3 3 3 3 4 4 5 6 6 8]","2"
"14","0.3","10","0.7","10","9","3","50","true","true","0.1","0.03","2","10","16","14","[2 2 2 2 2 2 2 2 2 2 2 2 2 2 2 2 2 2 2 2 2 2 2 2 2 2 3 3 3 3 3 3 3 3 3 3 4 4 5 5 6 6]","2"
"14","0.3","10","0.7","10","9","3","50","true","true","0.1","0.03","2","10","17","14","[2 2 2 2 2 2 2 2 2 2 2 2 2 2 2 2 2 2 2 2 2 2 2 2 2 2 2 2 3 3 3 3 3 3 3 3 3 3 4 4 5 6 6]","2"
"14","0.3","10","0.7","10","9","3","50","true","true","0.1","0.03","2","10","18","14","[2 2 2 2 2 2 2 2 2 2 2 2 2 2 2 2 2 2 2 2 2 2 2 2 2 2 2 2 3 3 3 3 3 3 3 3 3 4 4 5 6 6]","2"
"14","0.3","10","0.7","10","9","3","50","true","true","0.1","0.03","2","10","19","14","[2 2 2 2 2 2 2 2 2 2 2 2 2 2 2 2 2 2 2 2 2 2 2 2 2 2 2 3 3 3 3 3 3 3 3 3 3 4 4 5 6 6]","2"
"14","0.3","10","0.7","10","9","3","50","true","true","0.1","0.03","2","10","20","14","[2 2 2 2 2 2 2 2 2 2 2 2 2 2 2 2 2 2 2 2 2 2 2 2 2 2 2 2 2 2 3 3 3 3 3 3 3 3 3 3 4 4 4 6 6]","2"
"14","0.3","10","0.7","10","9","3","50","true","true","0.1","0.03","2","10","21","14","[2 2 2 2 2 2 2 2 2 2 2 2 2 2 2 2 2 2 2 2 2 2 2 2 2 2 2 2 2 2 3 3 3 3 3 3 3 3 3 3 3 4 4 6 6]","2"
"14","0.3","10","0.7","10","9","3","50","true","true","0.1","0.03","2","10","22","14","[2 2 2 2 2 2 2 2 2 2 2 2 2 2 2 2 2 2 2 2 2 2 2 2 2 2 2 2 2 2 3 3 3 3 3 3 3 3 3 3 3 4 4 6 6]","2"
"14","0.3","10","0.7","10","9","3","50","true","true","0.1","0.03","2","10","23","14","[2 2 2 2 2 2 2 2 2 2 2 2 2 2 2 2 2 2 2 2 2 2 2 2 2 2 2 2 2 2 2 2 2 3 3 3 3 3 3 3 3 3 3 3 3 4 4 6 6]","2"
"14","0.3","10","0.7","10","9","3","50","true","true","0.1","0.03","2","10","24","14","[2 2 2 2 2 2 2 2 2 2 2 2 2 2 2 2 2 2 2 2 2 2 2 2 2 2 2 2 2 2 2 2 2 2 2 2 3 3 3 3 3 3 3 3 3 3 3 3 4 4 6 6]","2"
"14","0.3","10","0.7","10","9","3","50","true","true","0.1","0.03","2","10","25","14","[2 2 2 2 2 2 2 2 2 2 2 2 2 2 2 2 2 2 2 2 2 2 2 2 2 2 2 2 2 2 2 2 2 2 2 2 3 3 3 3 3 3 3 3 3 3 3 3 4 4 6 6]","2"
"14","0.3","10","0.7","10","9","3","50","true","true","0.1","0.03","2","10","26","14","[2 2 2 2 2 2 2 2 2 2 2 2 2 2 2 2 2 2 2 2 2 2 2 2 2 2 2 2 2 2 2 2 2 2 2 2 2 2 2 2 2 3 3 3 3 3 3 3 3 3 3 3 3 4 4 6 6]","2"
"14","0.3","10","0.7","10","9","3","50","true","true","0.1","0.03","2","10","27","14","[2 2 2 2 2 2 2 2 2 2 2 2 2 2 2 2 2 2 2 2 2 2 2 2 2 2 2 2 2 2 2 2 2 2 2 2 2 2 2 2 2 2 2 2 3 3 3 3 3 3 3 3 3 3 3 3 3 4 4 6 6]","2"
"14","0.3","10","0.7","10","9","3","50","true","true","0.1","0.03","2","10","28","14","[2 2 2 2 2 2 2 2 2 2 2 2 2 2 2 2 2 2 2 2 2 2 2 2 2 2 2 2 2 2 2 2 2 2 2 2 2 2 2 2 2 2 2 2 2 2 2 2 2 3 3 3 3 3 3 3 3 3 3 3 4 4 6 6]","2"
"14","0.3","10","0.7","10","9","3","50","true","true","0.1","0.03","2","10","29","14","[2 2 2 2 2 2 2 2 2 2 2 2 2 2 2 2 2 2 2 2 2 2 2 2 2 2 2 2 2 2 2 2 2 2 2 2 2 2 2 2 2 2 2 2 2 2 2 2 2 2 3 3 3 3 3 3 3 3 3 3 3 3 4 4 6 6]","2"
"14","0.3","10","0.7","10","9","3","50","true","true","0.1","0.03","2","10","30","14","[2 2 2 2 2 2 2 2 2 2 2 2 2 2 2 2 2 2 2 2 2 2 2 2 2 2 2 2 2 2 2 2 2 2 2 2 2 2 2 2 2 2 2 2 2 2 2 2 2 3 3 3 3 3 3 3 3 3 3 3 3 3 4 4 6 6]","2"
"14","0.3","10","0.7","10","9","3","50","true","true","0.1","0.03","2","10","31","14","[2 2 2 2 2 2 2 2 2 2 2 2 2 2 2 2 2 2 2 2 2 2 2 2 2 2 2 2 2 2 2 2 2 2 2 2 2 2 2 2 2 2 2 2 2 2 2 2 2 2 3 3 3 3 3 3 3 3 3 3 3 3 3 4 4 6 6]","2"
"14","0.3","10","0.7","10","9","3","50","true","true","0.1","0.03","2","10","32","14","[2 2 2 2 2 2 2 2 2 2 2 2 2 2 2 2 2 2 2 2 2 2 2 2 2 2 2 2 2 2 2 2 2 2 2 2 2 2 2 2 2 2 2 2 2 2 2 2 2 2 2 3 3 3 3 3 3 3 3 3 3 3 3 3 4 4 6 6]","2"
"14","0.3","10","0.7","10","9","3","50","true","true","0.1","0.03","2","10","33","14","[2 2 2 2 2 2 2 2 2 2 2 2 2 2 2 2 2 2 2 2 2 2 2 2 2 2 2 2 2 2 2 2 2 2 2 2 2 2 2 2 2 2 2 2 2 2 2 2 2 2 2 3 3 3 3 3 3 3 3 3 3 3 3 3 4 4 6 6]","2"
"14","0.3","10","0.7","10","9","3","50","true","true","0.1","0.03","2","10","34","14","[2 2 2 2 2 2 2 2 2 2 2 2 2 2 2 2 2 2 2 2 2 2 2 2 2 2 2 2 2 2 2 2 2 2 2 2 2 2 2 2 2 2 2 2 2 2 2 2 2 2 2 2 2 2 3 3 3 3 3 3 3 3 3 3 3 3 3 4 4 6 6]","2"
"14","0.3","10","0.7","10","9","3","50","true","true","0.1","0.03","2","10","35","14","[2 2 2 2 2 2 2 2 2 2 2 2 2 2 2 2 2 2 2 2 2 2 2 2 2 2 2 2 2 2 2 2 2 2 2 2 2 2 2 2 2 2 2 2 2 2 2 2 2 2 2 2 2 2 3 3 3 3 3 3 3 3 3 3 3 3 3 3 3 4 4 6 6]","2"
"14","0.3","10","0.7","10","9","3","50","true","true","0.1","0.03","2","10","36","14","[2 2 2 2 2 2 2 2 2 2 2 2 2 2 2 2 2 2 2 2 2 2 2 2 2 2 2 2 2 2 2 2 2 2 2 2 2 2 2 2 2 2 2 2 2 2 2 2 2 2 2 2 2 2 3 3 3 3 3 3 3 3 3 3 3 3 3 3 3 4 4 6 6]","2"
"14","0.3","10","0.7","10","9","3","50","true","true","0.1","0.03","2","10","37","14","[2 2 2 2 2 2 2 2 2 2 2 2 2 2 2 2 2 2 2 2 2 2 2 2 2 2 2 2 2 2 2 2 2 2 2 2 2 2 2 2 2 2 2 2 2 2 2 2 2 2 2 2 2 2 2 2 2 3 3 3 3 3 3 3 3 3 3 3 3 3 3 3 3 4 4 6 6]","2"
"14","0.3","10","0.7","10","9","3","50","true","true","0.1","0.03","2","10","38","14","[2 2 2 2 2 2 2 2 2 2 2 2 2 2 2 2 2 2 2 2 2 2 2 2 2 2 2 2 2 2 2 2 2 2 2 2 2 2 2 2 2 2 2 2 2 2 2 2 2 2 2 2 2 2 2 2 2 2 2 2 2 3 3 3 3 3 3 3 3 3 3 3 3 3 3 3 4 4 4 6 6]","2"
"14","0.3","10","0.7","10","9","3","50","true","true","0.1","0.03","2","10","39","14","[2 2 2 2 2 2 2 2 2 2 2 2 2 2 2 2 2 2 2 2 2 2 2 2 2 2 2 2 2 2 2 2 2 2 2 2 2 2 2 2 2 2 2 2 2 2 2 2 2 2 2 2 2 2 2 2 2 2 2 2 2 2 2 3 3 3 3 3 3 3 3 3 3 3 3 3 3 3 4 4 4 6 6]","2"
"14","0.3","10","0.7","10","9","3","50","true","true","0.1","0.03","2","10","40","14","[2 2 2 2 2 2 2 2 2 2 2 2 2 2 2 2 2 2 2 2 2 2 2 2 2 2 2 2 2 2 2 2 2 2 2 2 2 2 2 2 2 2 2 2 2 2 2 2 2 2 2 2 2 2 2 2 2 2 2 2 2 2 2 2 2 2 3 3 3 3 3 3 3 3 3 3 3 3 3 3 3 4 4 4 4 6]","2"
"14","0.3","10","0.7","10","9","3","50","true","true","0.1","0.03","2","10","41","14","[2 2 2 2 2 2 2 2 2 2 2 2 2 2 2 2 2 2 2 2 2 2 2 2 2 2 2 2 2 2 2 2 2 2 2 2 2 2 2 2 2 2 2 2 2 2 2 2 2 2 2 2 2 2 2 2 2 2 2 2 2 2 2 2 2 2 2 2 3 3 3 3 3 3 3 3 3 3 3 3 3 3 3 3 4 4 4 4 4 6]","2"
"14","0.3","10","0.7","10","9","3","50","true","true","0.1","0.03","2","10","42","14","[2 2 2 2 2 2 2 2 2 2 2 2 2 2 2 2 2 2 2 2 2 2 2 2 2 2 2 2 2 2 2 2 2 2 2 2 2 2 2 2 2 2 2 2 2 2 2 2 2 2 2 2 2 2 2 2 2 2 2 2 2 2 2 2 2 2 2 2 2 2 2 2 3 3 3 3 3 3 3 3 3 3 3 3 3 3 3 3 4 4 4 4 4 6]","2"
"14","0.3","10","0.7","10","9","3","50","true","true","0.1","0.03","2","10","43","14","[2 2 2 2 2 2 2 2 2 2 2 2 2 2 2 2 2 2 2 2 2 2 2 2 2 2 2 2 2 2 2 2 2 2 2 2 2 2 2 2 2 2 2 2 2 2 2 2 2 2 2 2 2 2 2 2 2 2 2 2 2 2 2 2 2 2 2 2 2 2 2 2 2 2 2 2 3 3 3 3 3 3 3 3 3 3 3 3 3 3 3 3 3 4 4 4 4 4 6]","2"
"14","0.3","10","0.7","10","9","3","50","true","true","0.1","0.03","2","10","44","14","[2 2 2 2 2 2 2 2 2 2 2 2 2 2 2 2 2 2 2 2 2 2 2 2 2 2 2 2 2 2 2 2 2 2 2 2 2 2 2 2 2 2 2 2 2 2 2 2 2 2 2 2 2 2 2 2 2 2 2 2 2 2 2 2 2 2 2 2 2 2 2 2 2 2 2 2 2 2 2 2 3 3 3 3 3 3 3 3 3 3 3 3 3 3 3 3 3 3 4 4 4 4 4 5 6]","2"
"14","0.3","10","0.7","10","9","3","50","true","true","0.1","0.03","2","10","45","14","[2 2 2 2 2 2 2 2 2 2 2 2 2 2 2 2 2 2 2 2 2 2 2 2 2 2 2 2 2 2 2 2 2 2 2 2 2 2 2 2 2 2 2 2 2 2 2 2 2 2 2 2 2 2 2 2 2 2 2 2 2 2 2 2 2 2 2 2 2 2 2 2 2 2 2 2 2 2 2 2 2 2 2 3 3 3 3 3 3 3 3 3 3 3 3 3 3 3 3 3 4 4 4 4 4 4 5 6]","2"
"14","0.3","10","0.7","10","9","3","50","true","true","0.1","0.03","2","10","46","14","[2 2 2 2 2 2 2 2 2 2 2 2 2 2 2 2 2 2 2 2 2 2 2 2 2 2 2 2 2 2 2 2 2 2 2 2 2 2 2 2 2 2 2 2 2 2 2 2 2 2 2 2 2 2 2 2 2 2 2 2 2 2 2 2 2 2 2 2 2 2 2 2 2 2 2 2 2 2 2 2 2 2 2 2 2 2 3 3 3 3 3 3 3 3 3 3 3 3 3 3 3 3 3 4 4 4 4 4 4 5 5 6]","2"
"14","0.3","10","0.7","10","9","3","50","true","true","0.1","0.03","2","10","47","14","[2 2 2 2 2 2 2 2 2 2 2 2 2 2 2 2 2 2 2 2 2 2 2 2 2 2 2 2 2 2 2 2 2 2 2 2 2 2 2 2 2 2 2 2 2 2 2 2 2 2 2 2 2 2 2 2 2 2 2 2 2 2 2 2 2 2 2 2 2 2 2 2 2 2 2 2 2 2 2 2 2 2 2 2 2 2 2 2 2 3 3 3 3 3 3 3 3 3 3 3 3 3 3 3 3 3 4 4 4 4 4 4 5 5 6]","2"
"14","0.3","10","0.7","10","9","3","50","true","true","0.1","0.03","2","10","48","14","[2 2 2 2 2 2 2 2 2 2 2 2 2 2 2 2 2 2 2 2 2 2 2 2 2 2 2 2 2 2 2 2 2 2 2 2 2 2 2 2 2 2 2 2 2 2 2 2 2 2 2 2 2 2 2 2 2 2 2 2 2 2 2 2 2 2 2 2 2 2 2 2 2 2 2 2 2 2 2 2 2 2 2 2 2 2 2 2 2 2 2 2 2 2 2 3 3 3 3 3 3 3 3 3 3 3 3 3 3 3 3 3 3 4 4 4 4 4 4 5 5 6]","2"
"14","0.3","10","0.7","10","9","3","50","true","true","0.1","0.03","2","10","49","14","[2 2 2 2 2 2 2 2 2 2 2 2 2 2 2 2 2 2 2 2 2 2 2 2 2 2 2 2 2 2 2 2 2 2 2 2 2 2 2 2 2 2 2 2 2 2 2 2 2 2 2 2 2 2 2 2 2 2 2 2 2 2 2 2 2 2 2 2 2 2 2 2 2 2 2 2 2 2 2 2 2 2 2 2 2 2 2 2 2 2 2 2 2 2 2 2 2 2 3 3 3 3 3 3 3 3 3 3 3 3 3 3 3 3 3 3 4 4 4 4 4 4 4 5 5 6]","2"
"14","0.3","10","0.7","10","9","3","50","true","true","0.1","0.03","2","10","50","14","[2 2 2 2 2 2 2 2 2 2 2 2 2 2 2 2 2 2 2 2 2 2 2 2 2 2 2 2 2 2 2 2 2 2 2 2 2 2 2 2 2 2 2 2 2 2 2 2 2 2 2 2 2 2 2 2 2 2 2 2 2 2 2 2 2 2 2 2 2 2 2 2 2 2 2 2 2 2 2 2 2 2 2 2 2 2 2 2 2 2 2 2 2 2 2 2 2 2 2 2 2 3 3 3 3 3 3 3 3 3 3 3 3 3 3 3 3 3 3 4 4 4 4 4 4 4 5 5 5 6]","2"
"15","0.3","10","0.7","10","9","3","50","true","true","0.1","0.03","2","10","0","15","[]","0"
"15","0.3","10","0.7","10","9","3","50","true","true","0.1","0.03","2","10","1","15","[2 2 3 4]","2"
"15","0.3","10","0.7","10","9","3","50","true","true","0.1","0.03","2","10","2","15","[2 2 2 3 3 4]","2"
"15","0.3","10","0.7","10","9","3","50","true","true","0.1","0.03","2","10","3","15","[2 2 2 2 3 3 3 4 4]","2"
"15","0.3","10","0.7","10","9","3","50","true","true","0.1","0.03","2","10","4","15","[2 2 2 2 2 2 3 3 3 3 4 4]","2"
"15","0.3","10","0.7","10","9","3","50","true","true","0.1","0.03","2","10","5","15","[2 2 2 2 2 2 2 2 2 3 3 3 3 3 4 4 6]","2"
"15","0.3","10","0.7","10","9","3","50","true","true","0.1","0.03","2","10","6","15","[2 2 2 2 2 2 2 2 2 2 2 2 2 2 3 3 3 3 4 4 4 6]","2"
"15","0.3","10","0.7","10","9","3","50","true","true","0.1","0.03","2","10","7","15","[2 2 2 2 2 2 2 2 2 2 2 2 2 3 3 3 3 4 4 4 6]","2"
"15","0.3","10","0.7","10","9","3","50","true","true","0.1","0.03","2","10","8","15","[2 2 2 2 2 2 2 2 2 2 2 2 2 3 3 3 3 3 3 4 4 4 6 8]","2"
"15","0.3","10","0.7","10","9","3","50","true","true","0.1","0.03","2","10","9","15","[2 2 2 2 2 2 2 2 2 2 2 2 2 2 2 2 3 3 3 3 3 3 4 4 4 6 6 8]","2"
"15","0.3","10","0.7","10","9","3","50","true","true","0.1","0.03","2","10","10","15","[2 2 2 2 2 2 2 2 2 2 2 2 2 2 2 2 3 3 3 3 3 3 4 4 4 4 6 6 8]","2"
"15","0.3","10","0.7","10","9","3","50","true","true","0.1","0.03","2","10","11","15","[2 2 2 2 2 2 2 2 2 2 2 2 2 2 2 2 3 3 3 3 3 3 4 4 4 4 6 6 8]","2"
"15","0.3","10","0.7","10","9","3","50","true","true","0.1","0.03","2","10","12","15","[2 2 2 2 2 2 2 2 2 2 2 2 2 2 2 2 3 3 3 3 3 3 4 4 4 4 6 6 8]","2"
"15","0.3","10","0.7","10","9","3","50","true","true","0.1","0.03","2","10","13","15","[2 2 2 2 2 2 2 2 2 2 2 2 2 2 2 2 2 3 3 3 3 3 3 4 4 4 4 6 6 8]","2"
"15","0.3","10","0.7","10","9","3","50","true","true","0.1","0.03","2","10","14","15","[2 2 2 2 2 2 2 2 2 2 2 2 2 2 2 2 2 2 2 3 3 3 3 3 3 4 4 4 4 6 6 8]","2"
"15","0.3","10","0.7","10","9","3","50","true","true","0.1","0.03","2","10","15","15","[2 2 2 2 2 2 2 2 2 2 2 2 2 2 2 2 2 2 2 3 3 3 3 3 3 3 4 4 4 4 6 6 8]","2"
"15","0.3","10","0.7","10","9","3","50","true","true","0.1","0.03","2","10","16","15","[2 2 2 2 2 2 2 2 2 2 2 2 2 2 2 2 2 2 2 2 3 3 3 3 3 3 3 3 4 4 4 4 4 6 6 6]","2"
"15","0.3","10","0.7","10","9","3","50","true","true","0.1","0.03","2","10","17","15","[2 2 2 2 2 2 2 2 2 2 2 2 2 2 2 2 2 2 2 2 2 2 2 2 3 3 3 3 3 3 3 4 4 4 4 4 6 6]","2"
"15","0.3","10","0.7","10","9","3","50","true","true","0.1","0.03","2","10","18","15","[2 2 2 2 2 2 2 2 2 2 2 2 2 2 2 2 2 2 2 2 2 2 2 2 2 2 3 3 3 3 3 3 3 4 4 4 4 4 6 6]","2"
"15","0.3","10","0.7","10","9","3","50","true","true","0.1","0.03","2","10","19","15","[2 2 2 2 2 2 2 2 2 2 2 2 2 2 2 2 2 2 2 2 2 2 2 2 2 2 2 2 3 3 3 3 3 3 3 3 4 4 4 4 4 4 6 6]","2"
"15","0.3","10","0.7","10","9","3","50","true","true","0.1","0.03","2","10","20","15","[2 2 2 2 2 2 2 2 2 2 2 2 2 2 2 2 2 2 2 2 2 2 2 2 2 2 2 2 2 2 2 2 3 3 3 3 3 3 3 3 4 4 4 4 4 4 6 6]","2"
"15","0.3","10","0.7","10","9","3","50","true","true","0.1","0.03","2","10","21","15","[2 2 2 2 2 2 2 2 2 2 2 2 2 2 2 2 2 2 2 2 2 2 2 2 2 2 2 2 2 2 2 2 2 2 2 3 3 3 3 3 3 3 3 4 4 4 4 4 4 6 6 7]","2"
"15","0.3","10","0.7","10","9","3","50","true","true","0.1","0.03","2","10","22","15","[2 2 2 2 2 2 2 2 2 2 2 2 2 2 2 2 2 2 2 2 2 2 2 2 2 2 2 2 2 2 2 2 2 2 2 2 3 3 3 3 3 3 3 3 3 4 4 4 4 4 4 6 6 7]","2"
"15","0.3","10","0.7","10","9","3","50","true","true","0.1","0.03","2","10","23","15","[2 2 2 2 2 2 2 2 2 2 2 2 2 2 2 2 2 2 2 2 2 2 2 2 2 2 2 2 2 2 2 2 2 2 2 2 3 3 3 3 3 3 3 3 3 4 4 4 4 4 4 6 6]","2"
"15","0.3","10","0.7","10","9","3","50","true","true","0.1","0.03","2","10","24","15","[2 2 2 2 2 2 2 2 2 2 2 2 2 2 2 2 2 2 2 2 2 2 2 2 2 2 2 2 2 2 2 2 2 2 2 2 2 2 2 3 3 3 3 3 3 3 3 3 4 4 4 4 4 4 6 6]","2"
"15","0.3","10","0.7","10","9","3","50","true","true","0.1","0.03","2","10","25","15","[2 2 2 2 2 2 2 2 2 2 2 2 2 2 2 2 2 2 2 2 2 2 2 2 2 2 2 2 2 2 2 2 2 2 2 2 2 2 2 2 3 3 3 3 3 3 3 3 3 4 4 4 4 4 4 6 6]","2"
"15","0.3","10","0.7","10","9","3","50","true","true","0.1","0.03","2","10","26","15","[2 2 2 2 2 2 2 2 2 2 2 2 2 2 2 2 2 2 2 2 2 2 2 2 2 2 2 2 2 2 2 2 2 2 2 2 2 2 2 2 2 3 3 3 3 3 3 3 3 3 4 4 4 4 4 4 6 6]","2"
"15","0.3","10","0.7","10","9","3","50","true","true","0.1","0.03","2","10","27","15","[2 2 2 2 2 2 2 2 2 2 2 2 2 2 2 2 2 2 2 2 2 2 2 2 2 2 2 2 2 2 2 2 2 2 2 2 2 2 2 2 2 2 2 3 3 3 3 3 3 3 3 3 4 4 4 4 4 4 6 6]","2"
"15","0.3","10","0.7","10","9","3","50","true","true","0.1","0.03","2","10","28","15","[2 2 2 2 2 2 2 2 2 2 2 2 2 2 2 2 2 2 2 2 2 2 2 2 2 2 2 2 2 2 2 2 2 2 2 2 2 2 2 2 2 2 2 3 3 3 3 3 3 3 3 3 3 4 4 4 4 4 4 6 6]","2"
"15","0.3","10","0.7","10","9","3","50","true","true","0.1","0.03","2","10","29","15","[2 2 2 2 2 2 2 2 2 2 2 2 2 2 2 2 2 2 2 2 2 2 2 2 2 2 2 2 2 2 2 2 2 2 2 2 2 2 2 2 2 2 2 2 2 3 3 3 3 3 3 3 3 3 3 3 4 4 4 4 4 6 6]","2"
"15","0.3","10","0.7","10","9","3","50","true","true","0.1","0.03","2","10","30","15","[2 2 2 2 2 2 2 2 2 2 2 2 2 2 2 2 2 2 2 2 2 2 2 2 2 2 2 2 2 2 2 2 2 2 2 2 2 2 2 2 2 2 2 2 2 2 2 2 2 3 3 3 3 3 3 3 3 3 3 3 3 4 4 4 4 4 6 6]","2"
"15","0.3","10","0.7","10","9","3","50","true","true","0.1","0.03","2","10","31","15","[2 2 2 2 2 2 2 2 2 2 2 2 2 2 2 2 2 2 2 2 2 2 2 2 2 2 2 2 2 2 2 2 2 2 2 2 2 2 2 2 2 2 2 2 2 2 2 2 2 2 2 2 2 2 3 3 3 3 3 3 3 3 3 3 3 4 4 4 4 4 6 6]","2"
"15","0.3","10","0.7","10","9","3","50","true","true","0.1","0.03","2","10","32","15","[2 2 2 2 2 2 2 2 2 2 2 2 2 2 2 2 2 2 2 2 2 2 2 2 2 2 2 2 2 2 2 2 2 2 2 2 2 2 2 2 2 2 2 2 2 2 2 2 2 2 2 2 2 2 2 3 3 3 3 3 3 3 3 3 3 3 3 4 4 4 4 4 6 6]","2"
"15","0.3","10","0.7","10","9","3","50","true","true","0.1","0.03","2","10","33","15","[2 2 2 2 2 2 2 2 2 2 2 2 2 2 2 2 2 2 2 2 2 2 2 2 2 2 2 2 2 2 2 2 2 2 2 2 2 2 2 2 2 2 2 2 2 2 2 2 2 2 2 2 2 2 2 2 2 3 3 3 3 3 3 3 3 3 3 3 3 4 4 4 4 4 6 6]","2"
"15","0.3","10","0.7","10","9","3","50","true","true","0.1","0.03","2","10","34","15","[2 2 2 2 2 2 2 2 2 2 2 2 2 2 2 2 2 2 2 2 2 2 2 2 2 2 2 2 2 2 2 2 2 2 2 2 2 2 2 2 2 2 2 2 2 2 2 2 2 2 2 2 2 2 2 2 3 3 3 3 3 3 3 3 3 3 3 3 3 4 4 4 4 4 6 6]","2"
"15","0.3","10","0.7","10","9","3","50","true","true","0.1","0.03","2","10","35","15","[2 2 2 2 2 2 2 2 2 2 2 2 2 2 2 2 2 2 2 2 2 2 2 2 2 2 2 2 2 2 2 2 2 2 2 2 2 2 2 2 2 2 2 2 2 2 2 2 2 2 2 2 2 2 2 2 2 3 3 3 3 3 3 3 3 3 3 3 3 3 4 4 4 4 4 6 6]","2"
"15","0.3","10","0.7","10","9","3","50","true","true","0.1","0.03","2","10","36","15","[2 2 2 2 2 2 2 2 2 2 2 2 2 2 2 2 2 2 2 2 2 2 2 2 2 2 2 2 2 2 2 2 2 2 2 2 2 2 2 2 2 2 2 2 2 2 2 2 2 2 2 2 2 2 2 2 2 2 2 2 2 3 3 3 3 3 3 3 3 3 3 3 3 3 4 4 4 4 4 6 6]","2"
"15","0.3","10","0.7","10","9","3","50","true","true","0.1","0.03","2","10","37","15","[2 2 2 2 2 2 2 2 2 2 2 2 2 2 2 2 2 2 2 2 2 2 2 2 2 2 2 2 2 2 2 2 2 2 2 2 2 2 2 2 2 2 2 2 2 2 2 2 2 2 2 2 2 2 2 2 2 2 2 2 2 2 3 3 3 3 3 3 3 3 3 3 3 3 3 3 4 4 4 4 4 6 6]","2"
"15","0.3","10","0.7","10","9","3","50","true","true","0.1","0.03","2","10","38","15","[2 2 2 2 2 2 2 2 2 2 2 2 2 2 2 2 2 2 2 2 2 2 2 2 2 2 2 2 2 2 2 2 2 2 2 2 2 2 2 2 2 2 2 2 2 2 2 2 2 2 2 2 2 2 2 2 2 2 2 2 2 2 2 2 2 2 3 3 3 3 3 3 3 3 3 3 3 3 3 3 4 4 4 4 6 6]","2"
"15","0.3","10","0.7","10","9","3","50","true","true","0.1","0.03","2","10","39","15","[2 2 2 2 2 2 2 2 2 2 2 2 2 2 2 2 2 2 2 2 2 2 2 2 2 2 2 2 2 2 2 2 2 2 2 2 2 2 2 2 2 2 2 2 2 2 2 2 2 2 2 2 2 2 2 2 2 2 2 2 2 2 2 2 2 2 2 2 2 3 3 3 3 3 3 3 3 3 3 3 3 3 4 4 4 6 6 6]","2"
"15","0.3","10","0.7","10","9","3","50","true","true","0.1","0.03","2","10","40","15","[2 2 2 2 2 2 2 2 2 2 2 2 2 2 2 2 2 2 2 2 2 2 2 2 2 2 2 2 2 2 2 2 2 2 2 2 2 2 2 2 2 2 2 2 2 2 2 2 2 2 2 2 2 2 2 2 2 2 2 2 2 2 2 2 2 2 2 2 2 2 2 2 2 3 3 3 3 3 3 3 3 3 3 3 3 3 4 4 4 6 6 6]","2"
"15","0.3","10","0.7","10","9","3","50","true","true","0.1","0.03","2","10","41","15","[2 2 2 2 2 2 2 2 2 2 2 2 2 2 2 2 2 2 2 2 2 2 2 2 2 2 2 2 2 2 2 2 2 2 2 2 2 2 2 2 2 2 2 2 2 2 2 2 2 2 2 2 2 2 2 2 2 2 2 2 2 2 2 2 2 2 2 2 2 2 2 2 2 2 2 2 3 3 3 3 3 3 3 3 3 3 3 3 4 4 4 6 6 6]","2"
"15","0.3","10","0.7","10","9","3","50","true","true","0.1","0.03","2","10","42","15","[2 2 2 2 2 2 2 2 2 2 2 2 2 2 2 2 2 2 2 2 2 2 2 2 2 2 2 2 2 2 2 2 2 2 2 2 2 2 2 2 2 2 2 2 2 2 2 2 2 2 2 2 2 2 2 2 2 2 2 2 2 2 2 2 2 2 2 2 2 2 2 2 2 2 2 2 2 2 3 3 3 3 3 3 3 3 3 3 3 3 4 4 4 6 6 6]","2"
"15","0.3","10","0.7","10","9","3","50","true","true","0.1","0.03","2","10","43","15","[2 2 2 2 2 2 2 2 2 2 2 2 2 2 2 2 2 2 2 2 2 2 2 2 2 2 2 2 2 2 2 2 2 2 2 2 2 2 2 2 2 2 2 2 2 2 2 2 2 2 2 2 2 2 2 2 2 2 2 2 2 2 2 2 2 2 2 2 2 2 2 2 2 2 2 2 2 2 2 2 2 2 2 2 3 3 3 3 3 3 3 3 3 3 3 4 4 4 6 6 6]","2"
"15","0.3","10","0.7","10","9","3","50","true","true","0.1","0.03","2","10","44","15","[2 2 2 2 2 2 2 2 2 2 2 2 2 2 2 2 2 2 2 2 2 2 2 2 2 2 2 2 2 2 2 2 2 2 2 2 2 2 2 2 2 2 2 2 2 2 2 2 2 2 2 2 2 2 2 2 2 2 2 2 2 2 2 2 2 2 2 2 2 2 2 2 2 2 2 2 2 2 2 2 2 2 2 2 2 2 2 2 2 2 3 3 3 3 3 3 3 3 3 3 3 4 4 4 6 6 6]","2"
"15","0.3","10","0.7","10","9","3","50","true","true","0.1","0.03","2","10","45","15","[2 2 2 2 2 2 2 2 2 2 2 2 2 2 2 2 2 2 2 2 2 2 2 2 2 2 2 2 2 2 2 2 2 2 2 2 2 2 2 2 2 2 2 2 2 2 2 2 2 2 2 2 2 2 2 2 2 2 2 2 2 2 2 2 2 2 2 2 2 2 2 2 2 2 2 2 2 2 2 2 2 2 2 2 2 2 2 2 2 2 2 3 3 3 3 3 3 3 3 3 3 3 4 4 4 4 6 6 6]","2"
"15","0.3","10","0.7","10","9","3","50","true","true","0.1","0.03","2","10","46","15","[2 2 2 2 2 2 2 2 2 2 2 2 2 2 2 2 2 2 2 2 2 2 2 2 2 2 2 2 2 2 2 2 2 2 2 2 2 2 2 2 2 2 2 2 2 2 2 2 2 2 2 2 2 2 2 2 2 2 2 2 2 2 2 2 2 2 2 2 2 2 2 2 2 2 2 2 2 2 2 2 2 2 2 2 2 2 2 2 2 2 2 3 3 3 3 3 3 3 3 3 3 3 4 4 4 4 4 6 6 6 7]","2"
"15","0.3","10","0.7","10","9","3","50","true","true","0.1","0.03","2","10","47","15","[2 2 2 2 2 2 2 2 2 2 2 2 2 2 2 2 2 2 2 2 2 2 2 2 2 2 2 2 2 2 2 2 2 2 2 2 2 2 2 2 2 2 2 2 2 2 2 2 2 2 2 2 2 2 2 2 2 2 2 2 2 2 2 2 2 2 2 2 2 2 2 2 2 2 2 2 2 2 2 2 2 2 2 2 2 2 2 2 2 2 2 2 2 3 3 3 3 3 3 3 3 3 3 3 4 4 4 4 4 6 6 6 7]","2"
"15","0.3","10","0.7","10","9","3","50","true","true","0.1","0.03","2","10","48","15","[2 2 2 2 2 2 2 2 2 2 2 2 2 2 2 2 2 2 2 2 2 2 2 2 2 2 2 2 2 2 2 2 2 2 2 2 2 2 2 2 2 2 2 2 2 2 2 2 2 2 2 2 2 2 2 2 2 2 2 2 2 2 2 2 2 2 2 2 2 2 2 2 2 2 2 2 2 2 2 2 2 2 2 2 2 2 2 2 2 2 2 2 2 2 2 2 2 2 2 2 3 3 3 3 3 3 3 3 3 3 3 3 4 4 4 4 4 6 6 7]","2"
"15","0.3","10","0.7","10","9","3","50","true","true","0.1","0.03","2","10","49","15","[2 2 2 2 2 2 2 2 2 2 2 2 2 2 2 2 2 2 2 2 2 2 2 2 2 2 2 2 2 2 2 2 2 2 2 2 2 2 2 2 2 2 2 2 2 2 2 2 2 2 2 2 2 2 2 2 2 2 2 2 2 2 2 2 2 2 2 2 2 2 2 2 2 2 2 2 2 2 2 2 2 2 2 2 2 2 2 2 2 2 2 2 2 2 2 2 2 2 2 2 2 2 2 2 2 2 2 2 3 3 3 3 3 3 3 3 3 3 3 3 4 4 4 4 4 6 6 7]","2"
"15","0.3","10","0.7","10","9","3","50","true","true","0.1","0.03","2","10","50","15","[2 2 2 2 2 2 2 2 2 2 2 2 2 2 2 2 2 2 2 2 2 2 2 2 2 2 2 2 2 2 2 2 2 2 2 2 2 2 2 2 2 2 2 2 2 2 2 2 2 2 2 2 2 2 2 2 2 2 2 2 2 2 2 2 2 2 2 2 2 2 2 2 2 2 2 2 2 2 2 2 2 2 2 2 2 2 2 2 2 2 2 2 2 2 2 2 2 2 2 2 2 2 2 2 2 2 2 2 2 2 2 2 2 3 3 3 3 3 3 3 3 3 3 3 3 3 4 4 4 4 4 6 6 7 7]","2"
"16","0.3","10","0.7","10","9","3","50","true","true","0.1","0.03","2","10","0","16","[]","0"
"16","0.3","10","0.7","10","9","3","50","true","true","0.1","0.03","2","10","1","16","[2 2 2 2 4]","2"
"16","0.3","10","0.7","10","9","3","50","true","true","0.1","0.03","2","10","2","16","[2 2 2 2 2 4 6]","2"
"16","0.3","10","0.7","10","9","3","50","true","true","0.1","0.03","2","10","3","16","[2 2 2 2 2 2 4 5 6 6]","2"
"16","0.3","10","0.7","10","9","3","50","true","true","0.1","0.03","2","10","4","16","[2 2 2 2 2 2 3 4 5 6 6 6]","2"
"16","0.3","10","0.7","10","9","3","50","true","true","0.1","0.03","2","10","5","16","[2 2 2 2 2 2 2 2 3 4 5 6 6 6]","2"
"16","0.3","10","0.7","10","9","3","50","true","true","0.1","0.03","2","10","6","16","[2 2 2 2 2 2 2 2 3 4 4 5 5 6 6 6]","2"
"16","0.3","10","0.7","10","9","3","50","true","true","0.1","0.03","2","10","7","16","[2 2 2 2 2 2 2 2 2 2 2 3 4 4 5 5 6 6 6]","2"
"16","0.3","10","0.7","10","9","3","50","true","true","0.1","0.03","2","10","8","16","[2 2 2 2 2 2 2 2 2 2 2 2 3 4 4 5 5 6 6 6]","2"
"16","0.3","10","0.7","10","9","3","50","true","true","0.1","0.03","2","10","9","16","[2 2 2 2 2 2 2 2 2 2 2 2 2 2 3 4 4 5 5 5 6 6 6]","2"
"16","0.3","10","0.7","10","9","3","50","true","true","0.1","0.03","2","10","10","16","[2 2 2 2 2 2 2 2 2 2 2 2 2 2 2 3 4 4 5 5 5 6 6 6]","2"
"16","0.3","10","0.7","10","9","3","50","true","true","0.1","0.03","2","10","11","16","[2 2 2 2 2 2 2 2 2 2 2 2 2 2 2 2 3 4 4 5 5 5 6 6 6]","2"
"16","0.3","10","0.7","10","9","3","50","true","true","0.1","0.03","2","10","12","16","[2 2 2 2 2 2 2 2 2 2 2 2 2 2 2 2 2 3 3 4 4 4 5 5 5 6 6 6]","2"
"16","0.3","10","0.7","10","9","3","50","true","true","0.1","0.03","2","10","13","16","[2 2 2 2 2 2 2 2 2 2 2 2 2 2 2 2 2 2 2 3 3 4 4 4 5 5 5 6 6 6 7]","2"
"16","0.3","10","0.7","10","9","3","50","true","true","0.1","0.03","2","10","14","16","[2 2 2 2 2 2 2 2 2 2 2 2 2 2 2 2 2 2 2 2 2 2 3 3 4 4 4 5 5 5 6 6 6 7]","2"
"16","0.3","10","0.7","10","9","3","50","true","true","0.1","0.03","2","10","15","16","[2 2 2 2 2 2 2 2 2 2 2 2 2 2 2 2 2 2 2 2 2 2 3 3 4 4 4 4 5 5 5 6 6 6 7]","2"
"16","0.3","10","0.7","10","9","3","50","true","true","0.1","0.03","2","10","16","16","[2 2 2 2 2 2 2 2 2 2 2 2 2 2 2 2 2 2 2 2 2 2 2 2 3 3 4 4 4 4 5 5 5 6 6 6 7]","2"
"16","0.3","10","0.7","10","9","3","50","true","true","0.1","0.03","2","10","17","16","[2 2 2 2 2 2 2 2 2 2 2 2 2 2 2 2 2 2 2 2 2 2 2 2 3 3 3 4 4 4 4 5 5 5 6 6 6 7]","2"
"16","0.3","10","0.7","10","9","3","50","true","true","0.1","0.03","2","10","18","16","[2 2 2 2 2 2 2 2 2 2 2 2 2 2 2 2 2 2 2 2 2 2 2 2 2 2 2 3 3 3 4 4 4 4 4 4 5 5 6 6 6 7]","2"
"16","0.3","10","0.7","10","9","3","50","true","true","0.1","0.03","2","10","19","16","[2 2 2 2 2 2 2 2 2 2 2 2 2 2 2 2 2 2 2 2 2 2 2 2 2 2 2 3 3 3 4 4 4 4 4 4 4 5 5 6 6 6 7]","2"
"16","0.3","10","0.7","10","9","3","50","true","true","0.1","0.03","2","10","20","16","[2 2 2 2 2 2 2 2 2 2 2 2 2 2 2 2 2 2 2 2 2 2 2 2 2 2 2 2 2 3 3 3 4 4 4 4 4 4 4 5 5 6 6 6 7]","2"
"16","0.3","10","0.7","10","9","3","50","true","true","0.1","0.03","2","10","21","16","[2 2 2 2 2 2 2 2 2 2 2 2 2 2 2 2 2 2 2 2 2 2 2 2 2 2 2 2 2 2 3 3 3 3 4 4 4 4 4 4 4 5 5 6 6 6 7]","2"
"16","0.3","10","0.7","10","9","3","50","true","true","0.1","0.03","2","10","22","16","[2 2 2 2 2 2 2 2 2 2 2 2 2 2 2 2 2 2 2 2 2 2 2 2 2 2 2 2 2 2 2 2 2 3 3 3 3 4 4 4 4 4 4 4 5 5 5 6 6 7]","2"
"16","0.3","10","0.7","10","9","3","50","true","true","0.1","0.03","2","10","23","16","[2 2 2 2 2 2 2 2 2 2 2 2 2 2 2 2 2 2 2 2 2 2 2 2 2 2 2 2 2 2 2 2 2 2 2 2 3 3 3 3 3 4 4 4 4 4 4 4 5 5 5 6 6 7]","2"
"16","0.3","10","0.7","10","9","3","50","true","true","0.1","0.03","2","10","24","16","[2 2 2 2 2 2 2 2 2 2 2 2 2 2 2 2 2 2 2 2 2 2 2 2 2 2 2 2 2 2 2 2 2 2 2 2 3 3 3 3 3 3 4 4 4 4 4 4 4 5 5 5 5 6 7]","2"
"16","0.3","10","0.7","10","9","3","50","true","true","0.1","0.03","2","10","25","16","[2 2 2 2 2 2 2 2 2 2 2 2 2 2 2 2 2 2 2 2 2 2 2 2 2 2 2 2 2 2 2 2 2 2 2 2 3 3 3 3 3 3 3 4 4 4 4 4 4 4 5 5 5 6 7]","2"
"16","0.3","10","0.7","10","9","3","50","true","true","0.1","0.03","2","10","26","16","[2 2 2 2 2 2 2 2 2 2 2 2 2 2 2 2 2 2 2 2 2 2 2 2 2 2 2 2 2 2 2 2 2 2 2 2 2 3 3 3 3 3 3 3 4 4 4 4 4 4 4 5 5 5 6 7]","2"
"16","0.3","10","0.7","10","9","3","50","true","true","0.1","0.03","2","10","27","16","[2 2 2 2 2 2 2 2 2 2 2 2 2 2 2 2 2 2 2 2 2 2 2 2 2 2 2 2 2 2 2 2 2 2 2 2 2 2 2 2 2 2 3 3 3 3 3 3 3 4 4 4 4 4 4 4 5 5 6 7]","2"
"16","0.3","10","0.7","10","9","3","50","true","true","0.1","0.03","2","10","28","16","[2 2 2 2 2 2 2 2 2 2 2 2 2 2 2 2 2 2 2 2 2 2 2 2 2 2 2 2 2 2 2 2 2 2 2 2 2 2 2 2 2 2 2 2 2 3 3 3 3 3 3 4 4 4 4 4 4 4 5 5 6 7]","2"
"16","0.3","10","0.7","10","9","3","50","true","true","0.1","0.03","2","10","29","16","[2 2 2 2 2 2 2 2 2 2 2 2 2 2 2 2 2 2 2 2 2 2 2 2 2 2 2 2 2 2 2 2 2 2 2 2 2 2 2 2 2 2 2 2 2 2 2 3 3 3 3 3 3 3 3 3 4 4 4 4 4 4 5 6 7]","2"
"16","0.3","10","0.7","10","9","3","50","true","true","0.1","0.03","2","10","30","16","[2 2 2 2 2 2 2 2 2 2 2 2 2 2 2 2 2 2 2 2 2 2 2 2 2 2 2 2 2 2 2 2 2 2 2 2 2 2 2 2 2 2 2 2 2 2 2 2 3 3 3 3 3 3 3 3 3 4 4 4 4 4 4 5 6 7]","2"
"16","0.3","10","0.7","10","9","3","50","true","true","0.1","0.03","2","10","31","16","[2 2 2 2 2 2 2 2 2 2 2 2 2 2 2 2 2 2 2 2 2 2 2 2 2 2 2 2 2 2 2 2 2 2 2 2 2 2 2 2 2 2 2 2 2 2 2 2 2 2 3 3 3 3 3 3 3 3 3 3 4 4 4 4 4 4 5 6 7]","2"
"16","0.3","10","0.7","10","9","3","50","true","true","0.1","0.03","2","10","32","16","[2 2 2 2 2 2 2 2 2 2 2 2 2 2 2 2 2 2 2 2 2 2 2 2 2 2 2 2 2 2 2 2 2 2 2 2 2 2 2 2 2 2 2 2 2 2 2 2 2 2 2 2 2 3 3 3 3 3 3 3 3 3 3 4 4 4 4 4 4 5 6]","2"
"16","0.3","10","0.7","10","9","3","50","true","true","0.1","0.03","2","10","33","16","[2 2 2 2 2 2 2 2 2 2 2 2 2 2 2 2 2 2 2 2 2 2 2 2 2 2 2 2 2 2 2 2 2 2 2 2 2 2 2 2 2 2 2 2 2 2 2 2 2 2 2 2 2 2 3 3 3 3 3 3 3 3 3 3 3 3 4 4 4 4 4 4 5 6]","2"
"16","0.3","10","0.7","10","9","3","50","true","true","0.1","0.03","2","10","34","16","[2 2 2 2 2 2 2 2 2 2 2 2 2 2 2 2 2 2 2 2 2 2 2 2 2 2 2 2 2 2 2 2 2 2 2 2 2 2 2 2 2 2 2 2 2 2 2 2 2 2 2 2 2 2 2 2 2 3 3 3 3 3 3 3 3 3 3 3 3 4 4 4 4 4 4 5 6]","2"
"16","0.3","10","0.7","10","9","3","50","true","true","0.1","0.03","2","10","35","16","[2 2 2 2 2 2 2 2 2 2 2 2 2 2 2 2 2 2 2 2 2 2 2 2 2 2 2 2 2 2 2 2 2 2 2 2 2 2 2 2 2 2 2 2 2 2 2 2 2 2 2 2 2 2 2 2 2 2 3 3 3 3 3 3 3 3 3 3 3 3 3 4 4 4 4 4 4 5 6]","2"
"16","0.3","10","0.7","10","9","3","50","true","true","0.1","0.03","2","10","36","16","[2 2 2 2 2 2 2 2 2 2 2 2 2 2 2 2 2 2 2 2 2 2 2 2 2 2 2 2 2 2 2 2 2 2 2 2 2 2 2 2 2 2 2 2 2 2 2 2 2 2 2 2 2 2 2 2 2 2 2 2 2 3 3 3 3 3 3 3 3 3 3 3 3 3 4 4 4 4 4 4 4 4 5 6]","2"
"16","0.3","10","0.7","10","9","3","50","true","true","0.1","0.03","2","10","37","16","[2 2 2 2 2 2 2 2 2 2 2 2 2 2 2 2 2 2 2 2 2 2 2 2 2 2 2 2 2 2 2 2 2 2 2 2 2 2 2 2 2 2 2 2 2 2 2 2 2 2 2 2 2 2 2 2 2 2 2 2 2 3 3 3 3 3 3 3 3 3 3 3 3 3 3 3 4 4 4 4 4 4 4 4 4 5 6]","2"
"16","0.3","10","0.7","10","9","3","50","true","true","0.1","0.03","2","10","38","16","[2 2 2 2 2 2 2 2 2 2 2 2 2 2 2 2 2 2 2 2 2 2 2 2 2 2 2 2 2 2 2 2 2 2 2 2 2 2 2 2 2 2 2 2 2 2 2 2 2 2 2 2 2 2 2 2 2 2 2 2 2 2 2 2 2 2 3 3 3 3 3 3 3 3 3 3 3 3 3 3 3 4 4 4 4 4 4 4 4 5 6]","2"
"16","0.3","10","0.7","10","9","3","50","true","true","0.1","0.03","2","10","39","16","[2 2 2 2 2 2 2 2 2 2 2 2 2 2 2 2 2 2 2 2 2 2 2 2 2 2 2 2 2 2 2 2 2 2 2 2 2 2 2 2 2 2 2 2 2 2 2 2 2 2 2 2 2 2 2 2 2 2 2 2 2 2 2 2 2 2 2 2 3 3 3 3 3 3 3 3 3 3 3 3 3 3 3 4 4 4 4 4 4 4 4 5 6]","2"
"16","0.3","10","0.7","10","9","3","50","true","true","0.1","0.03","2","10","40","16","[2 2 2 2 2 2 2 2 2 2 2 2 2 2 2 2 2 2 2 2 2 2 2 2 2 2 2 2 2 2 2 2 2 2 2 2 2 2 2 2 2 2 2 2 2 2 2 2 2 2 2 2 2 2 2 2 2 2 2 2 2 2 2 2 2 2 2 2 2 2 2 2 3 3 3 3 3 3 3 3 3 3 3 3 3 3 4 4 4 4 4 4 4 4 4 5 6]","2"
"16","0.3","10","0.7","10","9","3","50","true","true","0.1","0.03","2","10","41","16","[2 2 2 2 2 2 2 2 2 2 2 2 2 2 2 2 2 2 2 2 2 2 2 2 2 2 2 2 2 2 2 2 2 2 2 2 2 2 2 2 2 2 2 2 2 2 2 2 2 2 2 2 2 2 2 2 2 2 2 2 2 2 2 2 2 2 2 2 2 2 2 2 2 2 2 3 3 3 3 3 3 3 3 3 3 3 3 3 3 4 4 4 4 4 4 4 4 4 5 6]","2"
"16","0.3","10","0.7","10","9","3","50","true","true","0.1","0.03","2","10","42","16","[2 2 2 2 2 2 2 2 2 2 2 2 2 2 2 2 2 2 2 2 2 2 2 2 2 2 2 2 2 2 2 2 2 2 2 2 2 2 2 2 2 2 2 2 2 2 2 2 2 2 2 2 2 2 2 2 2 2 2 2 2 2 2 2 2 2 2 2 2 2 2 2 2 2 2 2 3 3 3 3 3 3 3 3 3 3 3 3 3 3 4 4 4 4 4 4 4 4 4 5 6]","2"
"16","0.3","10","0.7","10","9","3","50","true","true","0.1","0.03","2","10","43","16","[2 2 2 2 2 2 2 2 2 2 2 2 2 2 2 2 2 2 2 2 2 2 2 2 2 2 2 2 2 2 2 2 2 2 2 2 2 2 2 2 2 2 2 2 2 2 2 2 2 2 2 2 2 2 2 2 2 2 2 2 2 2 2 2 2 2 2 2 2 2 2 2 2 2 2 2 2 2 2 2 3 3 3 3 3 3 3 3 3 3 3 3 3 3 3 4 4 4 4 4 4 4 4 4 5 6]","2"
"16","0.3","10","0.7","10","9","3","50","true","true","0.1","0.03","2","10","44","16","[2 2 2 2 2 2 2 2 2 2 2 2 2 2 2 2 2 2 2 2 2 2 2 2 2 2 2 2 2 2 2 2 2 2 2 2 2 2 2 2 2 2 2 2 2 2 2 2 2 2 2 2 2 2 2 2 2 2 2 2 2 2 2 2 2 2 2 2 2 2 2 2 2 2 2 2 2 2 2 2 2 2 3 3 3 3 3 3 3 3 3 3 3 3 3 3 3 3 4 4 4 4 4 4 4 4 4 5 6]","2"
"16","0.3","10","0.7","10","9","3","50","true","true","0.1","0.03","2","10","45","16","[2 2 2 2 2 2 2 2 2 2 2 2 2 2 2 2 2 2 2 2 2 2 2 2 2 2 2 2 2 2 2 2 2 2 2 2 2 2 2 2 2 2 2 2 2 2 2 2 2 2 2 2 2 2 2 2 2 2 2 2 2 2 2 2 2 2 2 2 2 2 2 2 2 2 2 2 2 2 2 2 2 2 2 2 3 3 3 3 3 3 3 3 3 3 3 3 3 3 3 3 4 4 4 4 4 4 4 4 4 5 6]","2"
"16","0.3","10","0.7","10","9","3","50","true","true","0.1","0.03","2","10","46","16","[2 2 2 2 2 2 2 2 2 2 2 2 2 2 2 2 2 2 2 2 2 2 2 2 2 2 2 2 2 2 2 2 2 2 2 2 2 2 2 2 2 2 2 2 2 2 2 2 2 2 2 2 2 2 2 2 2 2 2 2 2 2 2 2 2 2 2 2 2 2 2 2 2 2 2 2 2 2 2 2 2 2 2 2 2 2 2 3 3 3 3 3 3 3 3 3 3 3 3 3 3 3 4 4 4 4 4 4 4 4 4 5 6]","2"
"16","0.3","10","0.7","10","9","3","50","true","true","0.1","0.03","2","10","47","16","[2 2 2 2 2 2 2 2 2 2 2 2 2 2 2 2 2 2 2 2 2 2 2 2 2 2 2 2 2 2 2 2 2 2 2 2 2 2 2 2 2 2 2 2 2 2 2 2 2 2 2 2 2 2 2 2 2 2 2 2 2 2 2 2 2 2 2 2 2 2 2 2 2 2 2 2 2 2 2 2 2 2 2 2 2 2 2 2 2 2 3 3 3 3 3 3 3 3 3 3 3 3 3 3 3 3 4 4 4 4 4 4 4 4 4 5 6]","2"
"16","0.3","10","0.7","10","9","3","50","true","true","0.1","0.03","2","10","48","16","[2 2 2 2 2 2 2 2 2 2 2 2 2 2 2 2 2 2 2 2 2 2 2 2 2 2 2 2 2 2 2 2 2 2 2 2 2 2 2 2 2 2 2 2 2 2 2 2 2 2 2 2 2 2 2 2 2 2 2 2 2 2 2 2 2 2 2 2 2 2 2 2 2 2 2 2 2 2 2 2 2 2 2 2 2 2 2 2 2 2 2 3 3 3 3 3 3 3 3 3 3 3 3 3 3 3 3 4 4 4 4 4 4 4 4 4 5 6 11]","2"
"16","0.3","10","0.7","10","9","3","50","true","true","0.1","0.03","2","10","49","16","[2 2 2 2 2 2 2 2 2 2 2 2 2 2 2 2 2 2 2 2 2 2 2 2 2 2 2 2 2 2 2 2 2 2 2 2 2 2 2 2 2 2 2 2 2 2 2 2 2 2 2 2 2 2 2 2 2 2 2 2 2 2 2 2 2 2 2 2 2 2 2 2 2 2 2 2 2 2 2 2 2 2 2 2 2 2 2 2 2 2 2 2 2 2 2 3 3 3 3 3 3 3 3 3 3 3 3 3 3 3 3 3 3 3 4 4 4 4 4 4 4 4 5 6 11]","2"
"16","0.3","10","0.7","10","9","3","50","true","true","0.1","0.03","2","10","50","16","[2 2 2 2 2 2 2 2 2 2 2 2 2 2 2 2 2 2 2 2 2 2 2 2 2 2 2 2 2 2 2 2 2 2 2 2 2 2 2 2 2 2 2 2 2 2 2 2 2 2 2 2 2 2 2 2 2 2 2 2 2 2 2 2 2 2 2 2 2 2 2 2 2 2 2 2 2 2 2 2 2 2 2 2 2 2 2 2 2 2 2 2 2 2 2 2 2 2 2 2 2 3 3 3 3 3 3 3 3 3 3 3 3 3 3 3 3 3 3 3 4 4 4 4 4 4 4 4 5 5 11]","2"
"17","0.3","10","0.7","10","9","3","50","true","true","0.1","0.03","2","10","0","17","[]","0"
"17","0.3","10","0.7","10","9","3","50","true","true","0.1","0.03","2","10","1","17","[2 5]","2"
"17","0.3","10","0.7","10","9","3","50","true","true","0.1","0.03","2","10","2","17","[2 2 2 5 5]","2"
"17","0.3","10","0.7","10","9","3","50","true","true","0.1","0.03","2","10","3","17","[2 2 2 2 2 2 5 5 5]","2"
"17","0.3","10","0.7","10","9","3","50","true","true","0.1","0.03","2","10","4","17","[2 2 2 2 2 2 2 3 3 4 5 5 5]","2"
"17","0.3","10","0.7","10","9","3","50","true","true","0.1","0.03","2","10","5","17","[2 2 2 2 2 2 2 2 2 3 3 3 4 5 5]","2"
"17","0.3","10","0.7","10","9","3","50","true","true","0.1","0.03","2","10","6","17","[2 2 2 2 2 2 2 2 2 2 2 2 2 2 2 2 3 4 4 5 5]","2"
"17","0.3","10","0.7","10","9","3","50","true","true","0.1","0.03","2","10","7","17","[2 2 2 2 2 2 2 2 2 2 2 2 2 2 2 2 2 2 3 4 4 4 5]","2"
"17","0.3","10","0.7","10","9","3","50","true","true","0.1","0.03","2","10","8","17","[2 2 2 2 2 2 2 2 2 2 2 2 2 2 2 2 2 2 3 4 4 4 5]","2"
"17","0.3","10","0.7","10","9","3","50","true","true","0.1","0.03","2","10","9","17","[2 2 2 2 2 2 2 2 2 2 2 2 2 2 2 2 2 2 2 2 3 4 4 4 4 5]","2"
"17","0.3","10","0.7","10","9","3","50","true","true","0.1","0.03","2","10","10","17","[2 2 2 2 2 2 2 2 2 2 2 2 2 2 2 2 2 2 2 2 2 3 4 4 4 4 5]","2"
"17","0.3","10","0.7","10","9","3","50","true","true","0.1","0.03","2","10","11","17","[2 2 2 2 2 2 2 2 2 2 2 2 2 2 2 2 2 2 2 2 2 3 3 4 4 4 4 5 5]","2"
"17","0.3","10","0.7","10","9","3","50","true","true","0.1","0.03","2","10","12","17","[2 2 2 2 2 2 2 2 2 2 2 2 2 2 2 2 2 2 2 2 2 2 3 3 4 4 4 4 5 5 5]","2"
"17","0.3","10","0.7","10","9","3","50","true","true","0.1","0.03","2","10","13","17","[2 2 2 2 2 2 2 2 2 2 2 2 2 2 2 2 2 2 2 2 2 3 3 4 4 4 4 5 5 5]","2"
"17","0.3","10","0.7","10","9","3","50","true","true","0.1","0.03","2","10","14","17","[2 2 2 2 2 2 2 2 2 2 2 2 2 2 2 2 2 2 2 2 2 2 2 3 3 4 4 4 4 5 5 5]","2"
"17","0.3","10","0.7","10","9","3","50","true","true","0.1","0.03","2","10","15","17","[2 2 2 2 2 2 2 2 2 2 2 2 2 2 2 2 2 2 2 2 2 2 2 2 3 3 4 4 4 4 5 5 5]","2"
"17","0.3","10","0.7","10","9","3","50","true","true","0.1","0.03","2","10","16","17","[2 2 2 2 2 2 2 2 2 2 2 2 2 2 2 2 2 2 2 2 2 2 2 2 2 3 3 4 4 4 4 5 5 5]","2"
"17","0.3","10","0.7","10","9","3","50","true","true","0.1","0.03","2","10","17","17","[2 2 2 2 2 2 2 2 2 2 2 2 2 2 2 2 2 2 2 2 2 2 2 2 2 2 3 3 4 4 4 4 5 5 5]","2"
"17","0.3","10","0.7","10","9","3","50","true","true","0.1","0.03","2","10","18","17","[2 2 2 2 2 2 2 2 2 2 2 2 2 2 2 2 2 2 2 2 2 2 2 2 2 2 2 2 2 3 3 3 4 4 4 4 5 5 5]","2"
"17","0.3","10","0.7","10","9","3","50","true","true","0.1","0.03","2","10","19","17","[2 2 2 2 2 2 2 2 2 2 2 2 2 2 2 2 2 2 2 2 2 2 2 2 2 2 2 2 2 2 3 3 3 4 4 4 4 5 5 5]","2"
"17","0.3","10","0.7","10","9","3","50","true","true","0.1","0.03","2","10","20","17","[2 2 2 2 2 2 2 2 2 2 2 2 2 2 2 2 2 2 2 2 2 2 2 2 2 2 2 2 2 2 2 3 3 3 3 4 4 4 4 5 5 5]","2"
"17","0.3","10","0.7","10","9","3","50","true","true","0.1","0.03","2","10","21","17","[2 2 2 2 2 2 2 2 2 2 2 2 2 2 2 2 2 2 2 2 2 2 2 2 2 2 2 2 2 2 2 2 2 2 2 2 3 3 3 3 4 4 4 4 5 5]","2"
"17","0.3","10","0.7","10","9","3","50","true","true","0.1","0.03","2","10","22","17","[2 2 2 2 2 2 2 2 2 2 2 2 2 2 2 2 2 2 2 2 2 2 2 2 2 2 2 2 2 2 2 2 2 2 2 2 2 2 3 3 3 3 3 4 4 4 4 4 5 5]","2"
"17","0.3","10","0.7","10","9","3","50","true","true","0.1","0.03","2","10","23","17","[2 2 2 2 2 2 2 2 2 2 2 2 2 2 2 2 2 2 2 2 2 2 2 2 2 2 2 2 2 2 2 2 2 2 2 2 2 2 3 3 3 3 3 4 4 4 4 4 5 5]","2"
"17","0.3","10","0.7","10","9","3","50","true","true","0.1","0.03","2","10","24","17","[2 2 2 2 2 2 2 2 2 2 2 2 2 2 2 2 2 2 2 2 2 2 2 2 2 2 2 2 2 2 2 2 2 2 2 2 2 2 2 2 3 3 3 3 3 3 4 4 4 4 4 5 5]","2"
"17","0.3","10","0.7","10","9","3","50","true","true","0.1","0.03","2","10","25","17","[2 2 2 2 2 2 2 2 2 2 2 2 2 2 2 2 2 2 2 2 2 2 2 2 2 2 2 2 2 2 2 2 2 2 2 2 2 2 2 2 2 2 3 3 3 3 3 3 4 4 4 4 4 5 5]","2"
"17","0.3","10","0.7","10","9","3","50","true","true","0.1","0.03","2","10","26","17","[2 2 2 2 2 2 2 2 2 2 2 2 2 2 2 2 2 2 2 2 2 2 2 2 2 2 2 2 2 2 2 2 2 2 2 2 2 2 2 2 2 2 2 2 3 3 3 3 3 3 3 4 4 4 4 4 5 5]","2"
"17","0.3","10","0.7","10","9","3","50","true","true","0.1","0.03","2","10","27","17","[2 2 2 2 2 2 2 2 2 2 2 2 2 2 2 2 2 2 2 2 2 2 2 2 2 2 2 2 2 2 2 2 2 2 2 2 2 2 2 2 2 2 2 2 2 3 3 3 3 3 3 3 3 4 4 4 4 4 4 5 5]","2"
"17","0.3","10","0.7","10","9","3","50","true","true","0.1","0.03","2","10","28","17","[2 2 2 2 2 2 2 2 2 2 2 2 2 2 2 2 2 2 2 2 2 2 2 2 2 2 2 2 2 2 2 2 2 2 2 2 2 2 2 2 2 2 3 3 3 3 3 3 3 3 3 4 4 4 4 4 4 5 5]","2"
"17","0.3","10","0.7","10","9","3","50","true","true","0.1","0.03","2","10","29","17","[2 2 2 2 2 2 2 2 2 2 2 2 2 2 2 2 2 2 2 2 2 2 2 2 2 2 2 2 2 2 2 2 2 2 2 2 2 2 2 2 2 2 2 2 2 3 3 3 3 3 3 3 3 3 4 4 4 4 4 4 5 5]","2"
"17","0.3","10","0.7","10","9","3","50","true","true","0.1","0.03","2","10","30","17","[2 2 2 2 2 2 2 2 2 2 2 2 2 2 2 2 2 2 2 2 2 2 2 2 2 2 2 2 2 2 2 2 2 2 2 2 2 2 2 2 2 2 2 2 3 3 3 3 3 3 3 3 3 3 4 4 4 4 4 4 5 5]","2"
"17","0.3","10","0.7","10","9","3","50","true","true","0.1","0.03","2","10","31","17","[2 2 2 2 2 2 2 2 2 2 2 2 2 2 2 2 2 2 2 2 2 2 2 2 2 2 2 2 2 2 2 2 2 2 2 2 2 2 2 2 2 2 2 2 2 3 3 3 3 3 3 3 3 3 3 4 4 4 4 4 4 4 5 5]","2"
"17","0.3","10","0.7","10","9","3","50","true","true","0.1","0.03","2","10","32","17","[2 2 2 2 2 2 2 2 2 2 2 2 2 2 2 2 2 2 2 2 2 2 2 2 2 2 2 2 2 2 2 2 2 2 2 2 2 2 2 2 2 2 2 2 2 2 2 2 3 3 3 3 3 3 3 3 3 3 4 4 4 4 4 4 4 5 5]","2"
"17","0.3","10","0.7","10","9","3","50","true","true","0.1","0.03","2","10","33","17","[2 2 2 2 2 2 2 2 2 2 2 2 2 2 2 2 2 2 2 2 2 2 2 2 2 2 2 2 2 2 2 2 2 2 2 2 2 2 2 2 2 2 2 2 2 2 2 2 2 3 3 3 3 3 3 3 3 3 3 4 4 4 4 4 4 4 5 5]","2"
"17","0.3","10","0.7","10","9","3","50","true","true","0.1","0.03","2","10","34","17","[2 2 2 2 2 2 2 2 2 2 2 2 2 2 2 2 2 2 2 2 2 2 2 2 2 2 2 2 2 2 2 2 2 2 2 2 2 2 2 2 2 2 2 2 2 2 2 2 2 2 2 2 3 3 3 3 3 3 3 3 3 3 4 4 4 4 4 4 4 5 5]","2"
"17","0.3","10","0.7","10","9","3","50","true","true","0.1","0.03","2","10","35","17","[2 2 2 2 2 2 2 2 2 2 2 2 2 2 2 2 2 2 2 2 2 2 2 2 2 2 2 2 2 2 2 2 2 2 2 2 2 2 2 2 2 2 2 2 2 2 2 2 2 2 2 2 2 2 2 2 3 3 3 3 3 3 3 3 3 3 4 4 4 4 4 4 5 5]","2"
"17","0.3","10","0.7","10","9","3","50","true","true","0.1","0.03","2","10","36","17","[2 2 2 2 2 2 2 2 2 2 2 2 2 2 2 2 2 2 2 2 2 2 2 2 2 2 2 2 2 2 2 2 2 2 2 2 2 2 2 2 2 2 2 2 2 2 2 2 2 2 2 2 2 2 2 2 2 2 2 3 3 3 3 3 3 3 3 3 3 3 4 4 4 4 4 4 5 5]","2"
"17","0.3","10","0.7","10","9","3","50","true","true","0.1","0.03","2","10","37","17","[2 2 2 2 2 2 2 2 2 2 2 2 2 2 2 2 2 2 2 2 2 2 2 2 2 2 2 2 2 2 2 2 2 2 2 2 2 2 2 2 2 2 2 2 2 2 2 2 2 2 2 2 2 2 2 2 2 2 2 3 3 3 3 3 3 3 3 3 3 3 4 4 4 4 4 4 5 5]","2"
"17","0.3","10","0.7","10","9","3","50","true","true","0.1","0.03","2","10","38","17","[2 2 2 2 2 2 2 2 2 2 2 2 2 2 2 2 2 2 2 2 2 2 2 2 2 2 2 2 2 2 2 2 2 2 2 2 2 2 2 2 2 2 2 2 2 2 2 2 2 2 2 2 2 2 2 2 2 2 2 2 2 2 2 3 3 3 3 3 3 3 3 3 3 3 3 4 4 4 4 4 5 5 6]","2"
"17","0.3","10","0.7","10","9","3","50","true","true","0.1","0.03","2","10","39","17","[2 2 2 2 2 2 2 2 2 2 2 2 2 2 2 2 2 2 2 2 2 2 2 2 2 2 2 2 2 2 2 2 2 2 2 2 2 2 2 2 2 2 2 2 2 2 2 2 2 2 2 2 2 2 2 2 2 2 2 2 2 2 2 2 2 2 2 3 3 3 3 3 3 3 3 3 3 4 4 4 4 4 5 5 6]","2"
"17","0.3","10","0.7","10","9","3","50","true","true","0.1","0.03","2","10","40","17","[2 2 2 2 2 2 2 2 2 2 2 2 2 2 2 2 2 2 2 2 2 2 2 2 2 2 2 2 2 2 2 2 2 2 2 2 2 2 2 2 2 2 2 2 2 2 2 2 2 2 2 2 2 2 2 2 2 2 2 2 2 2 2 2 2 2 2 2 3 3 3 3 3 3 3 3 3 3 4 4 4 4 4 5 5 6]","2"
"17","0.3","10","0.7","10","9","3","50","true","true","0.1","0.03","2","10","41","17","[2 2 2 2 2 2 2 2 2 2 2 2 2 2 2 2 2 2 2 2 2 2 2 2 2 2 2 2 2 2 2 2 2 2 2 2 2 2 2 2 2 2 2 2 2 2 2 2 2 2 2 2 2 2 2 2 2 2 2 2 2 2 2 2 2 2 2 3 3 3 3 3 3 3 3 3 3 4 4 4 4 4 5 5 6 6]","2"
"17","0.3","10","0.7","10","9","3","50","true","true","0.1","0.03","2","10","42","17","[2 2 2 2 2 2 2 2 2 2 2 2 2 2 2 2 2 2 2 2 2 2 2 2 2 2 2 2 2 2 2 2 2 2 2 2 2 2 2 2 2 2 2 2 2 2 2 2 2 2 2 2 2 2 2 2 2 2 2 2 2 2 2 2 2 2 2 2 2 3 3 3 3 3 3 3 3 3 3 3 3 4 4 4 4 4 5 5 6 6]","2"
"17","0.3","10","0.7","10","9","3","50","true","true","0.1","0.03","2","10","43","17","[2 2 2 2 2 2 2 2 2 2 2 2 2 2 2 2 2 2 2 2 2 2 2 2 2 2 2 2 2 2 2 2 2 2 2 2 2 2 2 2 2 2 2 2 2 2 2 2 2 2 2 2 2 2 2 2 2 2 2 2 2 2 2 2 2 2 2 2 2 2 2 3 3 3 3 3 3 3 3 3 3 3 3 3 3 4 4 4 4 4 5 5 6 6]","2"
"17","0.3","10","0.7","10","9","3","50","true","true","0.1","0.03","2","10","44","17","[2 2 2 2 2 2 2 2 2 2 2 2 2 2 2 2 2 2 2 2 2 2 2 2 2 2 2 2 2 2 2 2 2 2 2 2 2 2 2 2 2 2 2 2 2 2 2 2 2 2 2 2 2 2 2 2 2 2 2 2 2 2 2 2 2 2 2 2 2 2 2 2 2 2 2 2 2 3 3 3 3 3 3 3 3 3 3 3 3 3 3 4 4 4 4 4 5 5 6 6]","2"
"17","0.3","10","0.7","10","9","3","50","true","true","0.1","0.03","2","10","45","17","[2 2 2 2 2 2 2 2 2 2 2 2 2 2 2 2 2 2 2 2 2 2 2 2 2 2 2 2 2 2 2 2 2 2 2 2 2 2 2 2 2 2 2 2 2 2 2 2 2 2 2 2 2 2 2 2 2 2 2 2 2 2 2 2 2 2 2 2 2 2 2 2 2 2 2 2 2 2 2 3 3 3 3 3 3 3 3 3 3 3 3 3 3 3 3 4 4 4 4 4 5 5 6 6]","2"
"17","0.3","10","0.7","10","9","3","50","true","true","0.1","0.03","2","10","46","17","[2 2 2 2 2 2 2 2 2 2 2 2 2 2 2 2 2 2 2 2 2 2 2 2 2 2 2 2 2 2 2 2 2 2 2 2 2 2 2 2 2 2 2 2 2 2 2 2 2 2 2 2 2 2 2 2 2 2 2 2 2 2 2 2 2 2 2 2 2 2 2 2 2 2 2 2 2 2 2 2 2 2 2 3 3 3 3 3 3 3 3 3 3 3 3 3 3 3 4 4 4 4 4 4 5 5 6 6]","2"
"17","0.3","10","0.7","10","9","3","50","true","true","0.1","0.03","2","10","47","17","[2 2 2 2 2 2 2 2 2 2 2 2 2 2 2 2 2 2 2 2 2 2 2 2 2 2 2 2 2 2 2 2 2 2 2 2 2 2 2 2 2 2 2 2 2 2 2 2 2 2 2 2 2 2 2 2 2 2 2 2 2 2 2 2 2 2 2 2 2 2 2 2 2 2 2 2 2 2 2 2 2 2 2 2 2 2 2 2 2 3 3 3 3 3 3 3 3 3 3 3 3 3 3 3 4 4 4 4 4 4 5 5 6 6]","2"
"17","0.3","10","0.7","10","9","3","50","true","true","0.1","0.03","2","10","48","17","[2 2 2 2 2 2 2 2 2 2 2 2 2 2 2 2 2 2 2 2 2 2 2 2 2 2 2 2 2 2 2 2 2 2 2 2 2 2 2 2 2 2 2 2 2 2 2 2 2 2 2 2 2 2 2 2 2 2 2 2 2 2 2 2 2 2 2 2 2 2 2 2 2 2 2 2 2 2 2 2 2 2 2 2 2 2 2 2 2 2 2 2 3 3 3 3 3 3 3 3 3 3 3 3 3 3 3 3 3 4 4 4 4 4 4 4 5 5 6]","2"
"17","0.3","10","0.7","10","9","3","50","true","true","0.1","0.03","2","10","49","17","[2 2 2 2 2 2 2 2 2 2 2 2 2 2 2 2 2 2 2 2 2 2 2 2 2 2 2 2 2 2 2 2 2 2 2 2 2 2 2 2 2 2 2 2 2 2 2 2 2 2 2 2 2 2 2 2 2 2 2 2 2 2 2 2 2 2 2 2 2 2 2 2 2 2 2 2 2 2 2 2 2 2 2 2 2 2 2 2 2 2 2 2 2 2 2 2 3 3 3 3 3 3 3 3 3 3 3 3 3 3 3 3 4 4 4 4 4 4 5 5 6 6]","2"
"17","0.3","10","0.7","10","9","3","50","true","true","0.1","0.03","2","10","50","17","[2 2 2 2 2 2 2 2 2 2 2 2 2 2 2 2 2 2 2 2 2 2 2 2 2 2 2 2 2 2 2 2 2 2 2 2 2 2 2 2 2 2 2 2 2 2 2 2 2 2 2 2 2 2 2 2 2 2 2 2 2 2 2 2 2 2 2 2 2 2 2 2 2 2 2 2 2 2 2 2 2 2 2 2 2 2 2 2 2 2 2 2 2 2 2 2 2 2 3 3 3 3 3 3 3 3 3 3 3 3 3 3 3 3 4 4 4 4 4 4 5 5 6 6 13]","2"
"18","0.3","10","0.7","10","9","3","50","true","true","0.1","0.03","2","10","0","18","[]","0"
"18","0.3","10","0.7","10","9","3","50","true","true","0.1","0.03","2","10","1","18","[2 2 2 3]","2"
"18","0.3","10","0.7","10","9","3","50","true","true","0.1","0.03","2","10","2","18","[2 2 2 2 2 2 2 3 3 3]","2"
"18","0.3","10","0.7","10","9","3","50","true","true","0.1","0.03","2","10","3","18","[2 2 2 2 2 2 2 2 2 2 2 3 3 3 3]","2"
"18","0.3","10","0.7","10","9","3","50","true","true","0.1","0.03","2","10","4","18","[2 2 2 2 2 2 2 2 2 2 2 2 2 2 2 3 3 3 3]","2"
"18","0.3","10","0.7","10","9","3","50","true","true","0.1","0.03","2","10","5","18","[2 2 2 2 2 2 2 2 2 2 2 2 2 2 2 2 2 3 3 3 3 7]","2"
"18","0.3","10","0.7","10","9","3","50","true","true","0.1","0.03","2","10","6","18","[2 2 2 2 2 2 2 2 2 2 2 2 2 2 2 2 2 2 3 3 3 3 3 7]","2"
"18","0.3","10","0.7","10","9","3","50","true","true","0.1","0.03","2","10","7","18","[2 2 2 2 2 2 2 2 2 2 2 2 2 2 2 2 2 2 2 3 3 3 3 3 3 3 7]","2"
"18","0.3","10","0.7","10","9","3","50","true","true","0.1","0.03","2","10","8","18","[2 2 2 2 2 2 2 2 2 2 2 2 2 2 2 2 2 2 2 2 2 3 3 3 3 3 3 3 3 7]","2"
"18","0.3","10","0.7","10","9","3","50","true","true","0.1","0.03","2","10","9","18","[2 2 2 2 2 2 2 2 2 2 2 2 2 2 2 2 2 2 2 2 2 3 3 3 3 3 3 3 3 7]","2"
"18","0.3","10","0.7","10","9","3","50","true","true","0.1","0.03","2","10","10","18","[2 2 2 2 2 2 2 2 2 2 2 2 2 2 2 2 2 2 2 2 2 3 3 3 3 3 3 3 3 3 7]","2"
"18","0.3","10","0.7","10","9","3","50","true","true","0.1","0.03","2","10","11","18","[2 2 2 2 2 2 2 2 2 2 2 2 2 2 2 2 2 2 2 2 2 2 3 3 3 3 3 3 3 3 3 3 3 7]","2"
"18","0.3","10","0.7","10","9","3","50","true","true","0.1","0.03","2","10","12","18","[2 2 2 2 2 2 2 2 2 2 2 2 2 2 2 2 2 2 2 2 2 2 2 2 3 3 3 3 3 3 3 3 3 3 3 3 4 7]","2"
"18","0.3","10","0.7","10","9","3","50","true","true","0.1","0.03","2","10","13","18","[2 2 2 2 2 2 2 2 2 2 2 2 2 2 2 2 2 2 2 2 2 2 2 2 2 2 2 3 3 3 3 3 3 3 3 3 3 3 3 4 7]","2"
"18","0.3","10","0.7","10","9","3","50","true","true","0.1","0.03","2","10","14","18","[2 2 2 2 2 2 2 2 2 2 2 2 2 2 2 2 2 2 2 2 2 2 2 2 2 2 2 2 2 3 3 3 3 3 3 3 3 3 3 3 3 3 4 7]","2"
"18","0.3","10","0.7","10","9","3","50","true","true","0.1","0.03","2","10","15","18","[2 2 2 2 2 2 2 2 2 2 2 2 2 2 2 2 2 2 2 2 2 2 2 2 2 2 2 2 2 3 3 3 3 3 3 3 3 3 3 3 3 3 4 7]","2"
"18","0.3","10","0.7","10","9","3","50","true","true","0.1","0.03","2","10","16","18","[2 2 2 2 2 2 2 2 2 2 2 2 2 2 2 2 2 2 2 2 2 2 2 2 2 2 2 2 3 3 3 3 3 3 3 3 3 3 3 3 3 4 7]","2"
"18","0.3","10","0.7","10","9","3","50","true","true","0.1","0.03","2","10","17","18","[2 2 2 2 2 2 2 2 2 2 2 2 2 2 2 2 2 2 2 2 2 2 2 2 2 2 2 2 2 2 3 3 3 3 3 3 3 3 3 3 3 3 3 4 7]","2"
"18","0.3","10","0.7","10","9","3","50","true","true","0.1","0.03","2","10","18","18","[2 2 2 2 2 2 2 2 2 2 2 2 2 2 2 2 2 2 2 2 2 2 2 2 2 2 2 2 2 2 2 2 3 3 3 3 3 3 3 3 3 3 3 3 3 4 4 4 7]","2"
"18","0.3","10","0.7","10","9","3","50","true","true","0.1","0.03","2","10","19","18","[2 2 2 2 2 2 2 2 2 2 2 2 2 2 2 2 2 2 2 2 2 2 2 2 2 2 2 2 2 2 2 2 3 3 3 3 3 3 3 3 3 3 3 3 3 4 4 4 7]","2"
"18","0.3","10","0.7","10","9","3","50","true","true","0.1","0.03","2","10","20","18","[2 2 2 2 2 2 2 2 2 2 2 2 2 2 2 2 2 2 2 2 2 2 2 2 2 2 2 2 2 2 2 2 2 3 3 3 3 3 3 3 3 3 3 3 3 3 4 4 4 7]","2"
"18","0.3","10","0.7","10","9","3","50","true","true","0.1","0.03","2","10","21","18","[2 2 2 2 2 2 2 2 2 2 2 2 2 2 2 2 2 2 2 2 2 2 2 2 2 2 2 2 2 2 2 2 2 3 3 3 3 3 3 3 3 3 3 3 3 3 4 4 4 7]","2"
"18","0.3","10","0.7","10","9","3","50","true","true","0.1","0.03","2","10","22","18","[2 2 2 2 2 2 2 2 2 2 2 2 2 2 2 2 2 2 2 2 2 2 2 2 2 2 2 2 2 2 2 2 3 3 3 3 3 3 3 3 3 3 3 3 3 4 4 4 7]","2"
"18","0.3","10","0.7","10","9","3","50","true","true","0.1","0.03","2","10","23","18","[2 2 2 2 2 2 2 2 2 2 2 2 2 2 2 2 2 2 2 2 2 2 2 2 2 2 2 2 2 2 2 2 2 2 2 3 3 3 3 3 3 3 3 3 3 3 3 3 4 4 4 7]","2"
"18","0.3","10","0.7","10","9","3","50","true","true","0.1","0.03","2","10","24","18","[2 2 2 2 2 2 2 2 2 2 2 2 2 2 2 2 2 2 2 2 2 2 2 2 2 2 2 2 2 2 2 2 2 2 2 2 2 3 3 3 3 3 3 3 3 3 3 3 3 3 3 3 4 4 4 7]","2"
"18","0.3","10","0.7","10","9","3","50","true","true","0.1","0.03","2","10","25","18","[2 2 2 2 2 2 2 2 2 2 2 2 2 2 2 2 2 2 2 2 2 2 2 2 2 2 2 2 2 2 2 2 2 2 2 2 2 2 2 2 3 3 3 3 3 3 3 3 3 3 3 3 3 3 3 3 4 4 7]","2"
"18","0.3","10","0.7","10","9","3","50","true","true","0.1","0.03","2","10","26","18","[2 2 2 2 2 2 2 2 2 2 2 2 2 2 2 2 2 2 2 2 2 2 2 2 2 2 2 2 2 2 2 2 2 2 2 2 2 2 2 2 2 2 2 2 3 3 3 3 3 3 3 3 3 3 3 3 3 3 3 3 4 4 7]","2"
"18","0.3","10","0.7","10","9","3","50","true","true","0.1","0.03","2","10","27","18","[2 2 2 2 2 2 2 2 2 2 2 2 2 2 2 2 2 2 2 2 2 2 2 2 2 2 2 2 2 2 2 2 2 2 2 2 2 2 2 2 2 2 2 2 2 2 2 3 3 3 3 3 3 3 3 3 3 3 3 3 3 3 3 4 4 7]","2"
"18","0.3","10","0.7","10","9","3","50","true","true","0.1","0.03","2","10","28","18","[2 2 2 2 2 2 2 2 2 2 2 2 2 2 2 2 2 2 2 2 2 2 2 2 2 2 2 2 2 2 2 2 2 2 2 2 2 2 2 2 2 2 2 2 2 2 2 2 2 3 3 3 3 3 3 3 3 3 3 3 3 3 3 3 3 4 4 7]","2"
"18","0.3","10","0.7","10","9","3","50","true","true","0.1","0.03","2","10","29","18","[2 2 2 2 2 2 2 2 2 2 2 2 2 2 2 2 2 2 2 2 2 2 2 2 2 2 2 2 2 2 2 2 2 2 2 2 2 2 2 2 2 2 2 2 2 2 2 2 2 2 2 2 2 2 2 2 3 3 3 3 3 3 3 3 3 3 3 3 3 3 3 4 4 7]","2"
"18","0.3","10","0.7","10","9","3","50","true","true","0.1","0.03","2","10","30","18","[2 2 2 2 2 2 2 2 2 2 2 2 2 2 2 2 2 2 2 2 2 2 2 2 2 2 2 2 2 2 2 2 2 2 2 2 2 2 2 2 2 2 2 2 2 2 2 2 2 2 2 2 2 2 3 3 3 3 3 3 3 3 3 3 3 3 3 3 3 4 4 7]","2"
"18","0.3","10","0.7","10","9","3","50","true","true","0.1","0.03","2","10","31","18","[2 2 2 2 2 2 2 2 2 2 2 2 2 2 2 2 2 2 2 2 2 2 2 2 2 2 2 2 2 2 2 2 2 2 2 2 2 2 2 2 2 2 2 2 2 2 2 2 2 2 2 2 2 2 2 3 3 3 3 3 3 3 3 3 3 3 3 3 3 4 4 7]","2"
"18","0.3","10","0.7","10","9","3","50","true","true","0.1","0.03","2","10","32","18","[2 2 2 2 2 2 2 2 2 2 2 2 2 2 2 2 2 2 2 2 2 2 2 2 2 2 2 2 2 2 2 2 2 2 2 2 2 2 2 2 2 2 2 2 2 2 2 2 2 2 2 2 2 2 2 2 2 2 2 3 3 3 3 3 3 3 3 3 3 3 3 3 3 4 4 7]","2"
"18","0.3","10","0.7","10","9","3","50","true","true","0.1","0.03","2","10","33","18","[2 2 2 2 2 2 2 2 2 2 2 2 2 2 2 2 2 2 2 2 2 2 2 2 2 2 2 2 2 2 2 2 2 2 2 2 2 2 2 2 2 2 2 2 2 2 2 2 2 2 2 2 2 2 2 2 2 2 2 2 3 3 3 3 3 3 3 3 3 3 3 3 3 3 3 4 4 7]","2"
"18","0.3","10","0.7","10","9","3","50","true","true","0.1","0.03","2","10","34","18","[2 2 2 2 2 2 2 2 2 2 2 2 2 2 2 2 2 2 2 2 2 2 2 2 2 2 2 2 2 2 2 2 2 2 2 2 2 2 2 2 2 2 2 2 2 2 2 2 2 2 2 2 2 2 2 2 2 2 2 2 2 2 3 3 3 3 3 3 3 3 3 3 3 3 3 3 4 4 7]","2"
"18","0.3","10","0.7","10","9","3","50","true","true","0.1","0.03","2","10","35","18","[2 2 2 2 2 2 2 2 2 2 2 2 2 2 2 2 2 2 2 2 2 2 2 2 2 2 2 2 2 2 2 2 2 2 2 2 2 2 2 2 2 2 2 2 2 2 2 2 2 2 2 2 2 2 2 2 2 2 2 2 2 2 3 3 3 3 3 3 3 3 3 3 3 3 3 3 3 4 4 7]","2"
"18","0.3","10","0.7","10","9","3","50","true","true","0.1","0.03","2","10","36","18","[2 2 2 2 2 2 2 2 2 2 2 2 2 2 2 2 2 2 2 2 2 2 2 2 2 2 2 2 2 2 2 2 2 2 2 2 2 2 2 2 2 2 2 2 2 2 2 2 2 2 2 2 2 2 2 2 2 2 2 2 2 2 2 2 3 3 3 3 3 3 3 3 3 3 3 3 3 3 3 3 4 4 7]","2"
"18","0.3","10","0.7","10","9","3","50","true","true","0.1","0.03","2","10","37","18","[2 2 2 2 2 2 2 2 2 2 2 2 2 2 2 2 2 2 2 2 2 2 2 2 2 2 2 2 2 2 2 2 2 2 2 2 2 2 2 2 2 2 2 2 2 2 2 2 2 2 2 2 2 2 2 2 2 2 2 2 2 2 2 2 2 2 3 3 3 3 3 3 3 3 3 3 3 3 3 3 3 3 4 4 7 10]","2"
"18","0.3","10","0.7","10","9","3","50","true","true","0.1","0.03","2","10","38","18","[2 2 2 2 2 2 2 2 2 2 2 2 2 2 2 2 2 2 2 2 2 2 2 2 2 2 2 2 2 2 2 2 2 2 2 2 2 2 2 2 2 2 2 2 2 2 2 2 2 2 2 2 2 2 2 2 2 2 2 2 2 2 2 2 2 2 2 2 2 2 3 3 3 3 3 3 3 3 3 3 3 3 3 3 3 3 4 4 7 10]","2"
"18","0.3","10","0.7","10","9","3","50","true","true","0.1","0.03","2","10","39","18","[2 2 2 2 2 2 2 2 2 2 2 2 2 2 2 2 2 2 2 2 2 2 2 2 2 2 2 2 2 2 2 2 2 2 2 2 2 2 2 2 2 2 2 2 2 2 2 2 2 2 2 2 2 2 2 2 2 2 2 2 2 2 2 2 2 2 2 2 3 3 3 3 3 3 3 3 3 3 3 3 3 3 3 3 4 4 5 7 10]","2"
"18","0.3","10","0.7","10","9","3","50","true","true","0.1","0.03","2","10","40","18","[2 2 2 2 2 2 2 2 2 2 2 2 2 2 2 2 2 2 2 2 2 2 2 2 2 2 2 2 2 2 2 2 2 2 2 2 2 2 2 2 2 2 2 2 2 2 2 2 2 2 2 2 2 2 2 2 2 2 2 2 2 2 2 2 2 2 2 2 2 2 2 2 2 3 3 3 3 3 3 3 3 3 3 3 3 3 3 3 3 3 4 4 5 7 10]","2"
"18","0.3","10","0.7","10","9","3","50","true","true","0.1","0.03","2","10","41","18","[2 2 2 2 2 2 2 2 2 2 2 2 2 2 2 2 2 2 2 2 2 2 2 2 2 2 2 2 2 2 2 2 2 2 2 2 2 2 2 2 2 2 2 2 2 2 2 2 2 2 2 2 2 2 2 2 2 2 2 2 2 2 2 2 2 2 2 2 2 2 2 2 2 2 2 2 2 3 3 3 3 3 3 3 3 3 3 3 3 3 3 3 3 3 3 4 4 5 7 10]","2"
"18","0.3","10","0.7","10","9","3","50","true","true","0.1","0.03","2","10","42","18","[2 2 2 2 2 2 2 2 2 2 2 2 2 2 2 2 2 2 2 2 2 2 2 2 2 2 2 2 2 2 2 2 2 2 2 2 2 2 2 2 2 2 2 2 2 2 2 2 2 2 2 2 2 2 2 2 2 2 2 2 2 2 2 2 2 2 2 2 2 2 2 2 2 2 2 2 2 2 2 2 2 3 3 3 3 3 3 3 3 3 3 3 3 3 3 3 3 3 3 4 4 5 7 10]","2"
"18","0.3","10","0.7","10","9","3","50","true","true","0.1","0.03","2","10","43","18","[2 2 2 2 2 2 2 2 2 2 2 2 2 2 2 2 2 2 2 2 2 2 2 2 2 2 2 2 2 2 2 2 2 2 2 2 2 2 2 2 2 2 2 2 2 2 2 2 2 2 2 2 2 2 2 2 2 2 2 2 2 2 2 2 2 2 2 2 2 2 2 2 2 2 2 2 2 2 2 2 2 2 2 2 2 2 2 3 3 3 3 3 3 3 3 3 3 3 3 3 3 3 3 3 3 3 4 4 5 7 10]","2"
"18","0.3","10","0.7","10","9","3","50","true","true","0.1","0.03","2","10","44","18","[2 2 2 2 2 2 2 2 2 2 2 2 2 2 2 2 2 2 2 2 2 2 2 2 2 2 2 2 2 2 2 2 2 2 2 2 2 2 2 2 2 2 2 2 2 2 2 2 2 2 2 2 2 2 2 2 2 2 2 2 2 2 2 2 2 2 2 2 2 2 2 2 2 2 2 2 2 2 2 2 2 2 2 2 2 2 2 2 2 2 2 3 3 3 3 3 3 3 3 3 3 3 3 3 3 3 3 3 3 3 4 4 5 7 10]","2"
"18","0.3","10","0.7","10","9","3","50","true","true","0.1","0.03","2","10","45","18","[2 2 2 2 2 2 2 2 2 2 2 2 2 2 2 2 2 2 2 2 2 2 2 2 2 2 2 2 2 2 2 2 2 2 2 2 2 2 2 2 2 2 2 2 2 2 2 2 2 2 2 2 2 2 2 2 2 2 2 2 2 2 2 2 2 2 2 2 2 2 2 2 2 2 2 2 2 2 2 2 2 2 2 2 2 2 2 2 2 2 2 2 2 2 3 3 3 3 3 3 3 3 3 3 3 3 3 3 3 3 3 3 3 4 4 5 7 10]","2"
"18","0.3","10","0.7","10","9","3","50","true","true","0.1","0.03","2","10","46","18","[2 2 2 2 2 2 2 2 2 2 2 2 2 2 2 2 2 2 2 2 2 2 2 2 2 2 2 2 2 2 2 2 2 2 2 2 2 2 2 2 2 2 2 2 2 2 2 2 2 2 2 2 2 2 2 2 2 2 2 2 2 2 2 2 2 2 2 2 2 2 2 2 2 2 2 2 2 2 2 2 2 2 2 2 2 2 2 2 2 2 2 2 2 2 2 2 2 3 3 3 3 3 3 3 3 3 3 3 3 3 3 3 3 3 3 3 3 3 4 5 7 10]","2"
"18","0.3","10","0.7","10","9","3","50","true","true","0.1","0.03","2","10","47","18","[2 2 2 2 2 2 2 2 2 2 2 2 2 2 2 2 2 2 2 2 2 2 2 2 2 2 2 2 2 2 2 2 2 2 2 2 2 2 2 2 2 2 2 2 2 2 2 2 2 2 2 2 2 2 2 2 2 2 2 2 2 2 2 2 2 2 2 2 2 2 2 2 2 2 2 2 2 2 2 2 2 2 2 2 2 2 2 2 2 2 2 2 2 2 2 2 2 2 2 2 3 3 3 3 3 3 3 3 3 3 3 3 3 3 3 3 3 3 3 3 3 3 4 5 7 10]","2"
"18","0.3","10","0.7","10","9","3","50","true","true","0.1","0.03","2","10","48","18","[2 2 2 2 2 2 2 2 2 2 2 2 2 2 2 2 2 2 2 2 2 2 2 2 2 2 2 2 2 2 2 2 2 2 2 2 2 2 2 2 2 2 2 2 2 2 2 2 2 2 2 2 2 2 2 2 2 2 2 2 2 2 2 2 2 2 2 2 2 2 2 2 2 2 2 2 2 2 2 2 2 2 2 2 2 2 2 2 2 2 2 2 2 2 2 2 2 2 2 2 2 2 2 2 2 3 3 3 3 3 3 3 3 3 3 3 3 3 3 3 3 3 3 3 3 3 3 4 5 7 10]","2"
"18","0.3","10","0.7","10","9","3","50","true","true","0.1","0.03","2","10","49","18","[2 2 2 2 2 2 2 2 2 2 2 2 2 2 2 2 2 2 2 2 2 2 2 2 2 2 2 2 2 2 2 2 2 2 2 2 2 2 2 2 2 2 2 2 2 2 2 2 2 2 2 2 2 2 2 2 2 2 2 2 2 2 2 2 2 2 2 2 2 2 2 2 2 2 2 2 2 2 2 2 2 2 2 2 2 2 2 2 2 2 2 2 2 2 2 2 2 2 2 2 2 2 2 2 2 2 2 2 2 2 3 3 3 3 3 3 3 3 3 3 3 3 3 3 3 3 3 3 3 3 3 3 4 5 7 10]","2"
"18","0.3","10","0.7","10","9","3","50","true","true","0.1","0.03","2","10","50","18","[2 2 2 2 2 2 2 2 2 2 2 2 2 2 2 2 2 2 2 2 2 2 2 2 2 2 2 2 2 2 2 2 2 2 2 2 2 2 2 2 2 2 2 2 2 2 2 2 2 2 2 2 2 2 2 2 2 2 2 2 2 2 2 2 2 2 2 2 2 2 2 2 2 2 2 2 2 2 2 2 2 2 2 2 2 2 2 2 2 2 2 2 2 2 2 2 2 2 2 2 2 2 2 2 2 2 2 2 2 2 2 2 2 2 2 2 2 3 3 3 3 3 3 3 3 3 3 3 3 3 3 3 3 3 3 3 3 3 4 5 5 7 10]","2"
"19","0.3","10","0.7","10","9","3","50","true","true","0.1","0.03","2","10","0","19","[]","0"
"19","0.3","10","0.7","10","9","3","50","true","true","0.1","0.03","2","10","1","19","[2 2 2 3 3 3]","2"
"19","0.3","10","0.7","10","9","3","50","true","true","0.1","0.03","2","10","2","19","[2 2 2 2 2 2 2 2 3 3 3 3 3]","2"
"19","0.3","10","0.7","10","9","3","50","true","true","0.1","0.03","2","10","3","19","[2 2 2 2 2 2 2 2 2 2 2 2 2 2 3 3 3 3]","2"
"19","0.3","10","0.7","10","9","3","50","true","true","0.1","0.03","2","10","4","19","[2 2 2 2 2 2 2 2 2 2 2 2 2 2 3 3 3 3 4]","2"
"19","0.3","10","0.7","10","9","3","50","true","true","0.1","0.03","2","10","5","19","[2 2 2 2 2 2 2 2 2 2 2 2 2 2 3 3 3 3 4 5]","2"
"19","0.3","10","0.7","10","9","3","50","true","true","0.1","0.03","2","10","6","19","[2 2 2 2 2 2 2 2 2 2 2 2 2 2 2 2 3 3 3 3 3 4 5]","2"
"19","0.3","10","0.7","10","9","3","50","true","true","0.1","0.03","2","10","7","19","[2 2 2 2 2 2 2 2 2 2 2 2 2 2 2 2 2 2 3 3 3 3 3 4 4 5]","2"
"19","0.3","10","0.7","10","9","3","50","true","true","0.1","0.03","2","10","8","19","[2 2 2 2 2 2 2 2 2 2 2 2 2 2 2 2 2 2 2 2 3 3 3 3 3 3 4 4 5]","2"
"19","0.3","10","0.7","10","9","3","50","true","true","0.1","0.03","2","10","9","19","[2 2 2 2 2 2 2 2 2 2 2 2 2 2 2 2 2 2 2 2 2 2 2 2 3 3 3 3 3 3 4 4 5]","2"
"19","0.3","10","0.7","10","9","3","50","true","true","0.1","0.03","2","10","10","19","[2 2 2 2 2 2 2 2 2 2 2 2 2 2 2 2 2 2 2 2 2 2 2 2 2 3 3 3 3 3 3 3 4 4 5]","2"
"19","0.3","10","0.7","10","9","3","50","true","true","0.1","0.03","2","10","11","19","[2 2 2 2 2 2 2 2 2 2 2 2 2 2 2 2 2 2 2 2 2 2 2 2 2 2 2 3 3 3 3 3 3 3 4 4 5]","2"
"19","0.3","10","0.7","10","9","3","50","true","true","0.1","0.03","2","10","12","19","[2 2 2 2 2 2 2 2 2 2 2 2 2 2 2 2 2 2 2 2 2 2 2 2 2 2 2 3 3 3 3 3 3 3 4 4 5]","2"
"19","0.3","10","0.7","10","9","3","50","true","true","0.1","0.03","2","10","13","19","[2 2 2 2 2 2 2 2 2 2 2 2 2 2 2 2 2 2 2 2 2 2 2 2 2 2 3 3 3 3 3 3 3 4 4 5]","2"
"19","0.3","10","0.7","10","9","3","50","true","true","0.1","0.03","2","10","14","19","[2 2 2 2 2 2 2 2 2 2 2 2 2 2 2 2 2 2 2 2 2 2 2 2 2 2 2 2 3 3 3 3 3 3 3 4 4 5]","2"
"19","0.3","10","0.7","10","9","3","50","true","true","0.1","0.03","2","10","15","19","[2 2 2 2 2 2 2 2 2 2 2 2 2 2 2 2 2 2 2 2 2 2 2 2 2 2 2 2 2 2 3 3 3 3 3 3 3 3 4 4 5]","2"
"19","0.3","10","0.7","10","9","3","50","true","true","0.1","0.03","2","10","16","19","[2 2 2 2 2 2 2 2 2 2 2 2 2 2 2 2 2 2 2 2 2 2 2 2 2 2 2 2 2 2 2 2 3 3 3 3 3 3 3 3 4 4 5]","2"
"19","0.3","10","0.7","10","9","3","50","true","true","0.1","0.03","2","10","17","19","[2 2 2 2 2 2 2 2 2 2 2 2 2 2 2 2 2 2 2 2 2 2 2 2 2 2 2 2 2 2 3 3 3 3 3 3 3 3 4 4 4 5]","2"
"19","0.3","10","0.7","10","9","3","50","true","true","0.1","0.03","2","10","18","19","[2 2 2 2 2 2 2 2 2 2 2 2 2 2 2 2 2 2 2 2 2 2 2 2 2 2 2 2 2 2 2 3 3 3 3 3 3 3 3 4 4 4 5]","2"
"19","0.3","10","0.7","10","9","3","50","true","true","0.1","0.03","2","10","19","19","[2 2 2 2 2 2 2 2 2 2 2 2 2 2 2 2 2 2 2 2 2 2 2 2 2 2 2 2 2 2 2 2 2 3 3 3 3 3 3 3 3 4 4 4 5]","2"
"19","0.3","10","0.7","10","9","3","50","true","true","0.1","0.03","2","10","20","19","[2 2 2 2 2 2 2 2 2 2 2 2 2 2 2 2 2 2 2 2 2 2 2 2 2 2 2 2 2 2 2 2 2 3 3 3 3 3 3 3 4 4 4 5]","2"
"19","0.3","10","0.7","10","9","3","50","true","true","0.1","0.03","2","10","21","19","[2 2 2 2 2 2 2 2 2 2 2 2 2 2 2 2 2 2 2 2 2 2 2 2 2 2 2 2 2 2 2 2 2 2 2 2 2 3 3 3 3 3 3 3 4 4 4 5]","2"
"19","0.3","10","0.7","10","9","3","50","true","true","0.1","0.03","2","10","22","19","[2 2 2 2 2 2 2 2 2 2 2 2 2 2 2 2 2 2 2 2 2 2 2 2 2 2 2 2 2 2 2 2 2 2 2 2 2 2 2 3 3 3 3 3 3 3 4 4 4 5]","2"
"19","0.3","10","0.7","10","9","3","50","true","true","0.1","0.03","2","10","23","19","[2 2 2 2 2 2 2 2 2 2 2 2 2 2 2 2 2 2 2 2 2 2 2 2 2 2 2 2 2 2 2 2 2 2 2 2 2 3 3 3 3 3 3 3 4 4 4 5]","2"
"19","0.3","10","0.7","10","9","3","50","true","true","0.1","0.03","2","10","24","19","[2 2 2 2 2 2 2 2 2 2 2 2 2 2 2 2 2 2 2 2 2 2 2 2 2 2 2 2 2 2 2 2 2 2 2 2 2 2 2 3 3 3 3 3 3 3 4 4 4 5]","2"
"19","0.3","10","0.7","10","9","3","50","true","true","0.1","0.03","2","10","25","19","[2 2 2 2 2 2 2 2 2 2 2 2 2 2 2 2 2 2 2 2 2 2 2 2 2 2 2 2 2 2 2 2 2 2 2 2 2 2 2 3 3 3 3 3 3 3 3 4 4 4 5]","2"
"19","0.3","10","0.7","10","9","3","50","true","true","0.1","0.03","2","10","26","19","[2 2 2 2 2 2 2 2 2 2 2 2 2 2 2 2 2 2 2 2 2 2 2 2 2 2 2 2 2 2 2 2 2 2 2 2 2 2 2 2 2 3 3 3 3 3 3 3 3 4 4 4 5]","2"
"19","0.3","10","0.7","10","9","3","50","true","true","0.1","0.03","2","10","27","19","[2 2 2 2 2 2 2 2 2 2 2 2 2 2 2 2 2 2 2 2 2 2 2 2 2 2 2 2 2 2 2 2 2 2 2 2 2 2 2 2 2 2 3 3 3 3 3 3 3 3 4 4 4 5]","2"
"19","0.3","10","0.7","10","9","3","50","true","true","0.1","0.03","2","10","28","19","[2 2 2 2 2 2 2 2 2 2 2 2 2 2 2 2 2 2 2 2 2 2 2 2 2 2 2 2 2 2 2 2 2 2 2 2 2 2 2 2 2 2 2 2 3 3 3 3 3 3 3 3 4 4 4 5]","2"
"19","0.3","10","0.7","10","9","3","50","true","true","0.1","0.03","2","10","29","19","[2 2 2 2 2 2 2 2 2 2 2 2 2 2 2 2 2 2 2 2 2 2 2 2 2 2 2 2 2 2 2 2 2 2 2 2 2 2 2 2 2 2 2 2 2 2 2 3 3 3 3 3 3 3 4 4 4 5]","2"
"19","0.3","10","0.7","10","9","3","50","true","true","0.1","0.03","2","10","30","19","[2 2 2 2 2 2 2 2 2 2 2 2 2 2 2 2 2 2 2 2 2 2 2 2 2 2 2 2 2 2 2 2 2 2 2 2 2 2 2 2 2 2 2 2 2 2 2 3 3 3 3 3 3 3 4 4 4 5]","2"
"19","0.3","10","0.7","10","9","3","50","true","true","0.1","0.03","2","10","31","19","[2 2 2 2 2 2 2 2 2 2 2 2 2 2 2 2 2 2 2 2 2 2 2 2 2 2 2 2 2 2 2 2 2 2 2 2 2 2 2 2 2 2 2 2 2 2 2 3 3 3 3 3 3 4 4 4 5]","2"
"19","0.3","10","0.7","10","9","3","50","true","true","0.1","0.03","2","10","32","19","[2 2 2 2 2 2 2 2 2 2 2 2 2 2 2 2 2 2 2 2 2 2 2 2 2 2 2 2 2 2 2 2 2 2 2 2 2 2 2 2 2 2 2 2 2 2 2 2 3 3 3 3 3 3 4 4 5]","2"
"19","0.3","10","0.7","10","9","3","50","true","true","0.1","0.03","2","10","33","19","[2 2 2 2 2 2 2 2 2 2 2 2 2 2 2 2 2 2 2 2 2 2 2 2 2 2 2 2 2 2 2 2 2 2 2 2 2 2 2 2 2 2 2 2 2 2 2 2 2 2 3 3 3 3 3 4 4 5]","2"
"19","0.3","10","0.7","10","9","3","50","true","true","0.1","0.03","2","10","34","19","[2 2 2 2 2 2 2 2 2 2 2 2 2 2 2 2 2 2 2 2 2 2 2 2 2 2 2 2 2 2 2 2 2 2 2 2 2 2 2 2 2 2 2 2 2 2 2 2 2 2 3 3 3 3 3 3 4 4 5]","2"
"19","0.3","10","0.7","10","9","3","50","true","true","0.1","0.03","2","10","35","19","[2 2 2 2 2 2 2 2 2 2 2 2 2 2 2 2 2 2 2 2 2 2 2 2 2 2 2 2 2 2 2 2 2 2 2 2 2 2 2 2 2 2 2 2 2 2 2 2 2 3 3 3 3 3 3 4 4 5]","2"
"19","0.3","10","0.7","10","9","3","50","true","true","0.1","0.03","2","10","36","19","[2 2 2 2 2 2 2 2 2 2 2 2 2 2 2 2 2 2 2 2 2 2 2 2 2 2 2 2 2 2 2 2 2 2 2 2 2 2 2 2 2 2 2 2 2 2 2 2 2 2 2 3 3 3 3 3 3 4 4 5]","2"
"19","0.3","10","0.7","10","9","3","50","true","true","0.1","0.03","2","10","37","19","[2 2 2 2 2 2 2 2 2 2 2 2 2 2 2 2 2 2 2 2 2 2 2 2 2 2 2 2 2 2 2 2 2 2 2 2 2 2 2 2 2 2 2 2 2 2 2 2 2 2 2 2 2 2 3 3 3 3 3 4 4 5]","2"
"19","0.3","10","0.7","10","9","3","50","true","true","0.1","0.03","2","10","38","19","[2 2 2 2 2 2 2 2 2 2 2 2 2 2 2 2 2 2 2 2 2 2 2 2 2 2 2 2 2 2 2 2 2 2 2 2 2 2 2 2 2 2 2 2 2 2 2 2 2 2 2 2 2 2 2 2 2 3 3 3 3 3 4 4 5]","2"
"19","0.3","10","0.7","10","9","3","50","true","true","0.1","0.03","2","10","39","19","[2 2 2 2 2 2 2 2 2 2 2 2 2 2 2 2 2 2 2 2 2 2 2 2 2 2 2 2 2 2 2 2 2 2 2 2 2 2 2 2 2 2 2 2 2 2 2 2 2 2 2 2 2 2 2 2 2 2 3 3 3 3 3 4 4 5]","2"
"19","0.3","10","0.7","10","9","3","50","true","true","0.1","0.03","2","10","40","19","[2 2 2 2 2 2 2 2 2 2 2 2 2 2 2 2 2 2 2 2 2 2 2 2 2 2 2 2 2 2 2 2 2 2 2 2 2 2 2 2 2 2 2 2 2 2 2 2 2 2 2 2 2 2 2 2 2 2 2 2 3 3 3 3 3 4 4 5]","2"
"19","0.3","10","0.7","10","9","3","50","true","true","0.1","0.03","2","10","41","19","[2 2 2 2 2 2 2 2 2 2 2 2 2 2 2 2 2 2 2 2 2 2 2 2 2 2 2 2 2 2 2 2 2 2 2 2 2 2 2 2 2 2 2 2 2 2 2 2 2 2 2 2 2 2 2 2 2 2 2 3 3 3 3 3 4 4 5]","2"
"19","0.3","10","0.7","10","9","3","50","true","true","0.1","0.03","2","10","42","19","[2 2 2 2 2 2 2 2 2 2 2 2 2 2 2 2 2 2 2 2 2 2 2 2 2 2 2 2 2 2 2 2 2 2 2 2 2 2 2 2 2 2 2 2 2 2 2 2 2 2 2 2 2 2 2 2 2 2 2 2 2 2 2 3 3 3 3 3 3 4 4 5]","2"
"19","0.3","10","0.7","10","9","3","50","true","true","0.1","0.03","2","10","43","19","[2 2 2 2 2 2 2 2 2 2 2 2 2 2 2 2 2 2 2 2 2 2 2 2 2 2 2 2 2 2 2 2 2 2 2 2 2 2 2 2 2 2 2 2 2 2 2 2 2 2 2 2 2 2 2 2 2 2 2 2 2 2 2 2 2 2 2 3 3 3 3 3 3 4 4 5]","2"
"19","0.3","10","0.7","10","9","3","50","true","true","0.1","0.03","2","10","44","19","[2 2 2 2 2 2 2 2 2 2 2 2 2 2 2 2 2 2 2 2 2 2 2 2 2 2 2 2 2 2 2 2 2 2 2 2 2 2 2 2 2 2 2 2 2 2 2 2 2 2 2 2 2 2 2 2 2 2 2 2 2 2 2 2 2 2 2 2 2 2 3 3 3 3 3 4 4 5]","2"
"19","0.3","10","0.7","10","9","3","50","true","true","0.1","0.03","2","10","45","19","[2 2 2 2 2 2 2 2 2 2 2 2 2 2 2 2 2 2 2 2 2 2 2 2 2 2 2 2 2 2 2 2 2 2 2 2 2 2 2 2 2 2 2 2 2 2 2 2 2 2 2 2 2 2 2 2 2 2 2 2 2 2 2 2 2 2 2 2 2 2 2 2 2 2 3 3 3 3 3 3 4 5]","2"
"19","0.3","10","0.7","10","9","3","50","true","true","0.1","0.03","2","10","46","19","[2 2 2 2 2 2 2 2 2 2 2 2 2 2 2 2 2 2 2 2 2 2 2 2 2 2 2 2 2 2 2 2 2 2 2 2 2 2 2 2 2 2 2 2 2 2 2 2 2 2 2 2 2 2 2 2 2 2 2 2 2 2 2 2 2 2 2 2 2 2 2 2 2 2 2 2 2 3 3 3 3 3 3 3 4 5]","2"
"19","0.3","10","0.7","10","9","3","50","true","true","0.1","0.03","2","10","47","19","[2 2 2 2 2 2 2 2 2 2 2 2 2 2 2 2 2 2 2 2 2 2 2 2 2 2 2 2 2 2 2 2 2 2 2 2 2 2 2 2 2 2 2 2 2 2 2 2 2 2 2 2 2 2 2 2 2 2 2 2 2 2 2 2 2 2 2 2 2 2 2 2 2 2 2 2 2 2 2 2 3 3 3 3 3 3 3 4 5]","2"
"19","0.3","10","0.7","10","9","3","50","true","true","0.1","0.03","2","10","48","19","[2 2 2 2 2 2 2 2 2 2 2 2 2 2 2 2 2 2 2 2 2 2 2 2 2 2 2 2 2 2 2 2 2 2 2 2 2 2 2 2 2 2 2 2 2 2 2 2 2 2 2 2 2 2 2 2 2 2 2 2 2 2 2 2 2 2 2 2 2 2 2 2 2 2 2 2 2 2 2 2 2 2 2 2 2 3 3 3 3 3 3 3 4 5]","2"
"19","0.3","10","0.7","10","9","3","50","true","true","0.1","0.03","2","10","49","19","[2 2 2 2 2 2 2 2 2 2 2 2 2 2 2 2 2 2 2 2 2 2 2 2 2 2 2 2 2 2 2 2 2 2 2 2 2 2 2 2 2 2 2 2 2 2 2 2 2 2 2 2 2 2 2 2 2 2 2 2 2 2 2 2 2 2 2 2 2 2 2 2 2 2 2 2 2 2 2 2 2 2 2 2 2 2 2 2 3 3 3 3 3 3 3 3 4 5]","2"
"19","0.3","10","0.7","10","9","3","50","true","true","0.1","0.03","2","10","50","19","[2 2 2 2 2 2 2 2 2 2 2 2 2 2 2 2 2 2 2 2 2 2 2 2 2 2 2 2 2 2 2 2 2 2 2 2 2 2 2 2 2 2 2 2 2 2 2 2 2 2 2 2 2 2 2 2 2 2 2 2 2 2 2 2 2 2 2 2 2 2 2 2 2 2 2 2 2 2 2 2 2 2 2 2 2 2 2 2 2 2 2 2 3 3 3 3 3 3 3 3 4 5]","2"
"20","0.3","10","0.7","10","9","3","50","true","true","0.1","0.03","2","10","0","20","[]","0"
"20","0.3","10","0.7","10","9","3","50","true","true","0.1","0.03","2","10","1","20","[2 2 3]","2"
"20","0.3","10","0.7","10","9","3","50","true","true","0.1","0.03","2","10","2","20","[2 2 2 2 2 2 2 2 3]","2"
"20","0.3","10","0.7","10","9","3","50","true","true","0.1","0.03","2","10","3","20","[2 2 2 2 2 2 2 2 2 2 2 2 2 2 3]","2"
"20","0.3","10","0.7","10","9","3","50","true","true","0.1","0.03","2","10","4","20","[2 2 2 2 2 2 2 2 2 2 2 2 2 2 2 3 3]","2"
"20","0.3","10","0.7","10","9","3","50","true","true","0.1","0.03","2","10","5","20","[2 2 2 2 2 2 2 2 2 2 2 2 2 2 2 2 2 3 3]","2"
"20","0.3","10","0.7","10","9","3","50","true","true","0.1","0.03","2","10","6","20","[2 2 2 2 2 2 2 2 2 2 2 2 2 2 2 2 2 2 2 3 3]","2"
"20","0.3","10","0.7","10","9","3","50","true","true","0.1","0.03","2","10","7","20","[2 2 2 2 2 2 2 2 2 2 2 2 2 2 2 2 2 2 2 2 2 3 3]","2"
"20","0.3","10","0.7","10","9","3","50","true","true","0.1","0.03","2","10","8","20","[2 2 2 2 2 2 2 2 2 2 2 2 2 2 2 2 2 2 2 2 2 2 3 3]","2"
"20","0.3","10","0.7","10","9","3","50","true","true","0.1","0.03","2","10","9","20","[2 2 2 2 2 2 2 2 2 2 2 2 2 2 2 2 2 2 2 2 2 2 2 2 2 2 3 3 3]","2"
"20","0.3","10","0.7","10","9","3","50","true","true","0.1","0.03","2","10","10","20","[2 2 2 2 2 2 2 2 2 2 2 2 2 2 2 2 2 2 2 2 2 2 2 2 2 2 3 3 3]","2"
"20","0.3","10","0.7","10","9","3","50","true","true","0.1","0.03","2","10","11","20","[2 2 2 2 2 2 2 2 2 2 2 2 2 2 2 2 2 2 2 2 2 2 2 2 2 2 2 2 2 2 3 3 3]","2"
"20","0.3","10","0.7","10","9","3","50","true","true","0.1","0.03","2","10","12","20","[2 2 2 2 2 2 2 2 2 2 2 2 2 2 2 2 2 2 2 2 2 2 2 2 2 2 2 2 2 2 2 2 3 3 3]","2"
"20","0.3","10","0.7","10","9","3","50","true","true","0.1","0.03","2","10","13","20","[2 2 2 2 2 2 2 2 2 2 2 2 2 2 2 2 2 2 2 2 2 2 2 2 2 2 2 2 2 2 2 2 2 2 3 3 3]","2"
"20","0.3","10","0.7","10","9","3","50","true","true","0.1","0.03","2","10","14","20","[2 2 2 2 2 2 2 2 2 2 2 2 2 2 2 2 2 2 2 2 2 2 2 2 2 2 2 2 2 2 2 2 2 2 2 3 3 3]","2"
"20","0.3","10","0.7","10","9","3","50","true","true","0.1","0.03","2","10","15","20","[2 2 2 2 2 2 2 2 2 2 2 2 2 2 2 2 2 2 2 2 2 2 2 2 2 2 2 2 2 2 2 2 2 2 2 3 3 3]","2"
"20","0.3","10","0.7","10","9","3","50","true","true","0.1","0.03","2","10","16","20","[2 2 2 2 2 2 2 2 2 2 2 2 2 2 2 2 2 2 2 2 2 2 2 2 2 2 2 2 2 2 2 2 2 2 2 2 3 3 3]","2"
"20","0.3","10","0.7","10","9","3","50","true","true","0.1","0.03","2","10","17","20","[2 2 2 2 2 2 2 2 2 2 2 2 2 2 2 2 2 2 2 2 2 2 2 2 2 2 2 2 2 2 2 2 2 2 2 2 2 2 2 2 3 3 3]","2"
"20","0.3","10","0.7","10","9","3","50","true","true","0.1","0.03","2","10","18","20","[2 2 2 2 2 2 2 2 2 2 2 2 2 2 2 2 2 2 2 2 2 2 2 2 2 2 2 2 2 2 2 2 2 2 2 2 2 2 2 2 2 3 3 3]","2"
"20","0.3","10","0.7","10","9","3","50","true","true","0.1","0.03","2","10","19","20","[2 2 2 2 2 2 2 2 2 2 2 2 2 2 2 2 2 2 2 2 2 2 2 2 2 2 2 2 2 2 2 2 2 2 2 2 2 2 2 2 2 2 2 3 3 3]","2"
"20","0.3","10","0.7","10","9","3","50","true","true","0.1","0.03","2","10","20","20","[2 2 2 2 2 2 2 2 2 2 2 2 2 2 2 2 2 2 2 2 2 2 2 2 2 2 2 2 2 2 2 2 2 2 2 2 2 2 2 2 2 2 2 2 2 2 3 3 3]","2"
"20","0.3","10","0.7","10","9","3","50","true","true","0.1","0.03","2","10","21","20","[2 2 2 2 2 2 2 2 2 2 2 2 2 2 2 2 2 2 2 2 2 2 2 2 2 2 2 2 2 2 2 2 2 2 2 2 2 2 2 2 2 2 2 2 2 2 2 2 2 2 3 3 3]","2"
"20","0.3","10","0.7","10","9","3","50","true","true","0.1","0.03","2","10","22","20","[2 2 2 2 2 2 2 2 2 2 2 2 2 2 2 2 2 2 2 2 2 2 2 2 2 2 2 2 2 2 2 2 2 2 2 2 2 2 2 2 2 2 2 2 2 2 2 2 2 2 2 2 3 3 3]","2"
"20","0.3","10","0.7","10","9","3","50","true","true","0.1","0.03","2","10","23","20","[2 2 2 2 2 2 2 2 2 2 2 2 2 2 2 2 2 2 2 2 2 2 2 2 2 2 2 2 2 2 2 2 2 2 2 2 2 2 2 2 2 2 2 2 2 2 2 2 2 2 2 2 2 3 3 3]","2"
"20","0.3","10","0.7","10","9","3","50","true","true","0.1","0.03","2","10","24","20","[2 2 2 2 2 2 2 2 2 2 2 2 2 2 2 2 2 2 2 2 2 2 2 2 2 2 2 2 2 2 2 2 2 2 2 2 2 2 2 2 2 2 2 2 2 2 2 2 2 2 2 2 3 3 3]","2"
"20","0.3","10","0.7","10","9","3","50","true","true","0.1","0.03","2","10","25","20","[2 2 2 2 2 2 2 2 2 2 2 2 2 2 2 2 2 2 2 2 2 2 2 2 2 2 2 2 2 2 2 2 2 2 2 2 2 2 2 2 2 2 2 2 2 2 2 2 2 2 2 2 2 2 3 3 3]","2"
"20","0.3","10","0.7","10","9","3","50","true","true","0.1","0.03","2","10","26","20","[2 2 2 2 2 2 2 2 2 2 2 2 2 2 2 2 2 2 2 2 2 2 2 2 2 2 2 2 2 2 2 2 2 2 2 2 2 2 2 2 2 2 2 2 2 2 2 2 2 2 2 2 2 3 3 3]","2"
"20","0.3","10","0.7","10","9","3","50","true","true","0.1","0.03","2","10","27","20","[2 2 2 2 2 2 2 2 2 2 2 2 2 2 2 2 2 2 2 2 2 2 2 2 2 2 2 2 2 2 2 2 2 2 2 2 2 2 2 2 2 2 2 2 2 2 2 2 2 2 2 2 2 2 3 3 3 3 3]","2"
"20","0.3","10","0.7","10","9","3","50","true","true","0.1","0.03","2","10","28","20","[2 2 2 2 2 2 2 2 2 2 2 2 2 2 2 2 2 2 2 2 2 2 2 2 2 2 2 2 2 2 2 2 2 2 2 2 2 2 2 2 2 2 2 2 2 2 2 2 2 2 2 2 2 3 3 3 3 3]","2"
"20","0.3","10","0.7","10","9","3","50","true","true","0.1","0.03","2","10","29","20","[2 2 2 2 2 2 2 2 2 2 2 2 2 2 2 2 2 2 2 2 2 2 2 2 2 2 2 2 2 2 2 2 2 2 2 2 2 2 2 2 2 2 2 2 2 2 2 2 2 2 2 2 2 2 2 2 2 3 3 3 3 3 3]","2"
"20","0.3","10","0.7","10","9","3","50","true","true","0.1","0.03","2","10","30","20","[2 2 2 2 2 2 2 2 2 2 2 2 2 2 2 2 2 2 2 2 2 2 2 2 2 2 2 2 2 2 2 2 2 2 2 2 2 2 2 2 2 2 2 2 2 2 2 2 2 2 2 2 2 2 2 2 2 2 2 2 3 3 3 3 3 3]","2"
"20","0.3","10","0.7","10","9","3","50","true","true","0.1","0.03","2","10","31","20","[2 2 2 2 2 2 2 2 2 2 2 2 2 2 2 2 2 2 2 2 2 2 2 2 2 2 2 2 2 2 2 2 2 2 2 2 2 2 2 2 2 2 2 2 2 2 2 2 2 2 2 2 2 2 2 2 2 2 2 2 2 2 2 2 3 3 3 3 3 3]","2"
"20","0.3","10","0.7","10","9","3","50","true","true","0.1","0.03","2","10","32","20","[2 2 2 2 2 2 2 2 2 2 2 2 2 2 2 2 2 2 2 2 2 2 2 2 2 2 2 2 2 2 2 2 2 2 2 2 2 2 2 2 2 2 2 2 2 2 2 2 2 2 2 2 2 2 2 2 2 2 2 2 2 2 2 2 2 2 2 3 3 3 3 3 3]","2"
"20","0.3","10","0.7","10","9","3","50","true","true","0.1","0.03","2","10","33","20","[2 2 2 2 2 2 2 2 2 2 2 2 2 2 2 2 2 2 2 2 2 2 2 2 2 2 2 2 2 2 2 2 2 2 2 2 2 2 2 2 2 2 2 2 2 2 2 2 2 2 2 2 2 2 2 2 2 2 2 2 2 2 2 2 2 2 3 3 3 3 3 3]","2"
"20","0.3","10","0.7","10","9","3","50","true","true","0.1","0.03","2","10","34","20","[2 2 2 2 2 2 2 2 2 2 2 2 2 2 2 2 2 2 2 2 2 2 2 2 2 2 2 2 2 2 2 2 2 2 2 2 2 2 2 2 2 2 2 2 2 2 2 2 2 2 2 2 2 2 2 2 2 2 2 2 2 2 2 2 2 2 2 2 3 3 3 3 3 3]","2"
"20","0.3","10","0.7","10","9","3","50","true","true","0.1","0.03","2","10","35","20","[2 2 2 2 2 2 2 2 2 2 2 2 2 2 2 2 2 2 2 2 2 2 2 2 2 2 2 2 2 2 2 2 2 2 2 2 2 2 2 2 2 2 2 2 2 2 2 2 2 2 2 2 2 2 2 2 2 2 2 2 2 2 2 2 2 2 2 2 2 2 3 3 3 3 3 3 4]","2"
"20","0.3","10","0.7","10","9","3","50","true","true","0.1","0.03","2","10","36","20","[2 2 2 2 2 2 2 2 2 2 2 2 2 2 2 2 2 2 2 2 2 2 2 2 2 2 2 2 2 2 2 2 2 2 2 2 2 2 2 2 2 2 2 2 2 2 2 2 2 2 2 2 2 2 2 2 2 2 2 2 2 2 2 2 2 2 2 2 2 2 2 2 2 3 3 3 3 3 3 3 4]","2"
"20","0.3","10","0.7","10","9","3","50","true","true","0.1","0.03","2","10","37","20","[2 2 2 2 2 2 2 2 2 2 2 2 2 2 2 2 2 2 2 2 2 2 2 2 2 2 2 2 2 2 2 2 2 2 2 2 2 2 2 2 2 2 2 2 2 2 2 2 2 2 2 2 2 2 2 2 2 2 2 2 2 2 2 2 2 2 2 2 2 2 2 2 2 2 3 3 3 3 3 3 3 4]","2"
"20","0.3","10","0.7","10","9","3","50","true","true","0.1","0.03","2","10","38","20","[2 2 2 2 2 2 2 2 2 2 2 2 2 2 2 2 2 2 2 2 2 2 2 2 2 2 2 2 2 2 2 2 2 2 2 2 2 2 2 2 2 2 2 2 2 2 2 2 2 2 2 2 2 2 2 2 2 2 2 2 2 2 2 2 2 2 2 2 2 2 2 2 3 3 3 3 3 3 3 3 4]","2"
"20","0.3","10","0.7","10","9","3","50","true","true","0.1","0.03","2","10","39","20","[2 2 2 2 2 2 2 2 2 2 2 2 2 2 2 2 2 2 2 2 2 2 2 2 2 2 2 2 2 2 2 2 2 2 2 2 2 2 2 2 2 2 2 2 2 2 2 2 2 2 2 2 2 2 2 2 2 2 2 2 2 2 2 2 2 2 2 2 2 2 2 3 3 3 3 3 3 3 3 3 4]","2"
"20","0.3","10","0.7","10","9","3","50","true","true","0.1","0.03","2","10","40","20","[2 2 2 2 2 2 2 2 2 2 2 2 2 2 2 2 2 2 2 2 2 2 2 2 2 2 2 2 2 2 2 2 2 2 2 2 2 2 2 2 2 2 2 2 2 2 2 2 2 2 2 2 2 2 2 2 2 2 2 2 2 2 2 2 2 2 2 2 2 2 2 2 2 3 3 3 3 3 3 3 3 3 4]","2"
"20","0.3","10","0.7","10","9","3","50","true","true","0.1","0.03","2","10","41","20","[2 2 2 2 2 2 2 2 2 2 2 2 2 2 2 2 2 2 2 2 2 2 2 2 2 2 2 2 2 2 2 2 2 2 2 2 2 2 2 2 2 2 2 2 2 2 2 2 2 2 2 2 2 2 2 2 2 2 2 2 2 2 2 2 2 2 2 2 2 2 2 2 2 2 2 2 3 3 3 3 3 3 3 3 3 4]","2"
"20","0.3","10","0.7","10","9","3","50","true","true","0.1","0.03","2","10","42","20","[2 2 2 2 2 2 2 2 2 2 2 2 2 2 2 2 2 2 2 2 2 2 2 2 2 2 2 2 2 2 2 2 2 2 2 2 2 2 2 2 2 2 2 2 2 2 2 2 2 2 2 2 2 2 2 2 2 2 2 2 2 2 2 2 2 2 2 2 2 2 2 2 2 2 2 2 2 2 2 3 3 3 3 3 3 3 3 3 4]","2"
"20","0.3","10","0.7","10","9","3","50","true","true","0.1","0.03","2","10","43","20","[2 2 2 2 2 2 2 2 2 2 2 2 2 2 2 2 2 2 2 2 2 2 2 2 2 2 2 2 2 2 2 2 2 2 2 2 2 2 2 2 2 2 2 2 2 2 2 2 2 2 2 2 2 2 2 2 2 2 2 2 2 2 2 2 2 2 2 2 2 2 2 2 2 2 2 2 2 2 2 2 2 3 3 3 3 3 3 3 3 3 4]","2"
"20","0.3","10","0.7","10","9","3","50","true","true","0.1","0.03","2","10","44","20","[2 2 2 2 2 2 2 2 2 2 2 2 2 2 2 2 2 2 2 2 2 2 2 2 2 2 2 2 2 2 2 2 2 2 2 2 2 2 2 2 2 2 2 2 2 2 2 2 2 2 2 2 2 2 2 2 2 2 2 2 2 2 2 2 2 2 2 2 2 2 2 2 2 2 2 2 2 2 2 2 2 2 2 2 2 2 3 3 3 3 3 3 3 3 3 3 4]","2"
"20","0.3","10","0.7","10","9","3","50","true","true","0.1","0.03","2","10","45","20","[2 2 2 2 2 2 2 2 2 2 2 2 2 2 2 2 2 2 2 2 2 2 2 2 2 2 2 2 2 2 2 2 2 2 2 2 2 2 2 2 2 2 2 2 2 2 2 2 2 2 2 2 2 2 2 2 2 2 2 2 2 2 2 2 2 2 2 2 2 2 2 2 2 2 2 2 2 2 2 2 2 2 2 2 2 2 2 2 3 3 3 3 3 3 3 3 3 3 4]","2"
"20","0.3","10","0.7","10","9","3","50","true","true","0.1","0.03","2","10","46","20","[2 2 2 2 2 2 2 2 2 2 2 2 2 2 2 2 2 2 2 2 2 2 2 2 2 2 2 2 2 2 2 2 2 2 2 2 2 2 2 2 2 2 2 2 2 2 2 2 2 2 2 2 2 2 2 2 2 2 2 2 2 2 2 2 2 2 2 2 2 2 2 2 2 2 2 2 2 2 2 2 2 2 2 2 2 2 2 2 2 2 2 2 2 3 3 3 3 3 3 3 3 3 3 3 3 3 4]","2"
"20","0.3","10","0.7","10","9","3","50","true","true","0.1","0.03","2","10","47","20","[2 2 2 2 2 2 2 2 2 2 2 2 2 2 2 2 2 2 2 2 2 2 2 2 2 2 2 2 2 2 2 2 2 2 2 2 2 2 2 2 2 2 2 2 2 2 2 2 2 2 2 2 2 2 2 2 2 2 2 2 2 2 2 2 2 2 2 2 2 2 2 2 2 2 2 2 2 2 2 2 2 2 2 2 2 2 2 2 2 2 2 2 2 2 3 3 3 3 3 3 3 3 3 3 3 3 3 3 4]","2"
"20","0.3","10","0.7","10","9","3","50","true","true","0.1","0.03","2","10","48","20","[2 2 2 2 2 2 2 2 2 2 2 2 2 2 2 2 2 2 2 2 2 2 2 2 2 2 2 2 2 2 2 2 2 2 2 2 2 2 2 2 2 2 2 2 2 2 2 2 2 2 2 2 2 2 2 2 2 2 2 2 2 2 2 2 2 2 2 2 2 2 2 2 2 2 2 2 2 2 2 2 2 2 2 2 2 2 2 2 2 2 2 2 2 2 2 3 3 3 3 3 3 3 3 3 3 3 3 3 3 3 4]","2"
"20","0.3","10","0.7","10","9","3","50","true","true","0.1","0.03","2","10","49","20","[2 2 2 2 2 2 2 2 2 2 2 2 2 2 2 2 2 2 2 2 2 2 2 2 2 2 2 2 2 2 2 2 2 2 2 2 2 2 2 2 2 2 2 2 2 2 2 2 2 2 2 2 2 2 2 2 2 2 2 2 2 2 2 2 2 2 2 2 2 2 2 2 2 2 2 2 2 2 2 2 2 2 2 2 2 2 2 2 2 2 2 2 2 2 2 2 2 2 3 3 3 3 3 3 3 3 3 3 3 3 3 3 4 9]","2"
"20","0.3","10","0.7","10","9","3","50","true","true","0.1","0.03","2","10","50","20","[2 2 2 2 2 2 2 2 2 2 2 2 2 2 2 2 2 2 2 2 2 2 2 2 2 2 2 2 2 2 2 2 2 2 2 2 2 2 2 2 2 2 2 2 2 2 2 2 2 2 2 2 2 2 2 2 2 2 2 2 2 2 2 2 2 2 2 2 2 2 2 2 2 2 2 2 2 2 2 2 2 2 2 2 2 2 2 2 2 2 2 2 2 2 2 2 2 2 2 3 3 3 3 3 3 3 3 3 3 3 3 3 3 3 4 9]","2"
"21","0.3","10","0.7","10","9","3","50","true","true","0.1","0.03","2","10","0","21","[]","0"
"21","0.3","10","0.7","10","9","3","50","true","true","0.1","0.03","2","10","1","21","[2 2 2]","2"
"21","0.3","10","0.7","10","9","3","50","true","true","0.1","0.03","2","10","2","21","[2 2 2 2 2 2 2 2]","2"
"21","0.3","10","0.7","10","9","3","50","true","true","0.1","0.03","2","10","3","21","[2 2 2 2 2 2 2 2 2 2 2 2 2]","2"
"21","0.3","10","0.7","10","9","3","50","true","true","0.1","0.03","2","10","4","21","[2 2 2 2 2 2 2 2 2 2 2 2 2 2 2]","2"
"21","0.3","10","0.7","10","9","3","50","true","true","0.1","0.03","2","10","5","21","[2 2 2 2 2 2 2 2 2 2 2 2 2 2 2 2 2 2 4]","2"
"21","0.3","10","0.7","10","9","3","50","true","true","0.1","0.03","2","10","6","21","[2 2 2 2 2 2 2 2 2 2 2 2 2 2 2 2 2 2 2 2 4]","2"
"21","0.3","10","0.7","10","9","3","50","true","true","0.1","0.03","2","10","7","21","[2 2 2 2 2 2 2 2 2 2 2 2 2 2 2 2 2 2 2 2 2 2 4]","2"
"21","0.3","10","0.7","10","9","3","50","true","true","0.1","0.03","2","10","8","21","[2 2 2 2 2 2 2 2 2 2 2 2 2 2 2 2 2 2 2 2 2 2 4 4]","2"
"21","0.3","10","0.7","10","9","3","50","true","true","0.1","0.03","2","10","9","21","[2 2 2 2 2 2 2 2 2 2 2 2 2 2 2 2 2 2 2 2 2 2 2 2 2 2 2 2 2 2 2 4 4]","2"
"21","0.3","10","0.7","10","9","3","50","true","true","0.1","0.03","2","10","10","21","[2 2 2 2 2 2 2 2 2 2 2 2 2 2 2 2 2 2 2 2 2 2 2 2 2 2 2 2 2 2 2 2 4 4]","2"
"21","0.3","10","0.7","10","9","3","50","true","true","0.1","0.03","2","10","11","21","[2 2 2 2 2 2 2 2 2 2 2 2 2 2 2 2 2 2 2 2 2 2 2 2 2 2 2 2 2 2 2 2 2 4 4]","2"
"21","0.3","10","0.7","10","9","3","50","true","true","0.1","0.03","2","10","12","21","[2 2 2 2 2 2 2 2 2 2 2 2 2 2 2 2 2 2 2 2 2 2 2 2 2 2 2 2 2 2 2 2 2 2 2 4 4]","2"
"21","0.3","10","0.7","10","9","3","50","true","true","0.1","0.03","2","10","13","21","[2 2 2 2 2 2 2 2 2 2 2 2 2 2 2 2 2 2 2 2 2 2 2 2 2 2 2 2 2 2 2 2 2 2 4 4]","2"
"21","0.3","10","0.7","10","9","3","50","true","true","0.1","0.03","2","10","14","21","[2 2 2 2 2 2 2 2 2 2 2 2 2 2 2 2 2 2 2 2 2 2 2 2 2 2 2 2 2 2 2 2 2 2 4 4]","2"
"21","0.3","10","0.7","10","9","3","50","true","true","0.1","0.03","2","10","15","21","[2 2 2 2 2 2 2 2 2 2 2 2 2 2 2 2 2 2 2 2 2 2 2 2 2 2 2 2 2 2 2 2 2 2 2 2 2 2 4 4]","2"
"21","0.3","10","0.7","10","9","3","50","true","true","0.1","0.03","2","10","16","21","[2 2 2 2 2 2 2 2 2 2 2 2 2 2 2 2 2 2 2 2 2 2 2 2 2 2 2 2 2 2 2 2 2 2 2 2 2 2 2 2 2 4 4]","2"
"21","0.3","10","0.7","10","9","3","50","true","true","0.1","0.03","2","10","17","21","[2 2 2 2 2 2 2 2 2 2 2 2 2 2 2 2 2 2 2 2 2 2 2 2 2 2 2 2 2 2 2 2 2 2 2 2 2 2 2 2 2 2 2 2 2 2 4 4]","2"
"21","0.3","10","0.7","10","9","3","50","true","true","0.1","0.03","2","10","18","21","[2 2 2 2 2 2 2 2 2 2 2 2 2 2 2 2 2 2 2 2 2 2 2 2 2 2 2 2 2 2 2 2 2 2 2 2 2 2 2 2 2 2 2 2 2 4 4 4]","2"
"21","0.3","10","0.7","10","9","3","50","true","true","0.1","0.03","2","10","19","21","[2 2 2 2 2 2 2 2 2 2 2 2 2 2 2 2 2 2 2 2 2 2 2 2 2 2 2 2 2 2 2 2 2 2 2 2 2 2 2 2 2 2 2 2 2 2 2 4 4 4]","2"
"21","0.3","10","0.7","10","9","3","50","true","true","0.1","0.03","2","10","20","21","[2 2 2 2 2 2 2 2 2 2 2 2 2 2 2 2 2 2 2 2 2 2 2 2 2 2 2 2 2 2 2 2 2 2 2 2 2 2 2 2 2 2 2 2 2 2 2 2 2 2 3 4 4 4]","2"
"21","0.3","10","0.7","10","9","3","50","true","true","0.1","0.03","2","10","21","21","[2 2 2 2 2 2 2 2 2 2 2 2 2 2 2 2 2 2 2 2 2 2 2 2 2 2 2 2 2 2 2 2 2 2 2 2 2 2 2 2 2 2 2 2 2 2 2 2 2 2 2 2 3 4 4 4]","2"
"21","0.3","10","0.7","10","9","3","50","true","true","0.1","0.03","2","10","22","21","[2 2 2 2 2 2 2 2 2 2 2 2 2 2 2 2 2 2 2 2 2 2 2 2 2 2 2 2 2 2 2 2 2 2 2 2 2 2 2 2 2 2 2 2 2 2 2 2 2 2 2 2 2 3 4 4 4]","2"
"21","0.3","10","0.7","10","9","3","50","true","true","0.1","0.03","2","10","23","21","[2 2 2 2 2 2 2 2 2 2 2 2 2 2 2 2 2 2 2 2 2 2 2 2 2 2 2 2 2 2 2 2 2 2 2 2 2 2 2 2 2 2 2 2 2 2 2 2 2 2 2 2 2 3 3 4 4 4]","2"
"21","0.3","10","0.7","10","9","3","50","true","true","0.1","0.03","2","10","24","21","[2 2 2 2 2 2 2 2 2 2 2 2 2 2 2 2 2 2 2 2 2 2 2 2 2 2 2 2 2 2 2 2 2 2 2 2 2 2 2 2 2 2 2 2 2 2 2 2 2 2 2 2 2 2 2 2 3 3 3 4 4 4]","2"
"21","0.3","10","0.7","10","9","3","50","true","true","0.1","0.03","2","10","25","21","[2 2 2 2 2 2 2 2 2 2 2 2 2 2 2 2 2 2 2 2 2 2 2 2 2 2 2 2 2 2 2 2 2 2 2 2 2 2 2 2 2 2 2 2 2 2 2 2 2 2 2 2 2 2 2 2 2 3 3 3 3 4 4 4 4]","2"
"21","0.3","10","0.7","10","9","3","50","true","true","0.1","0.03","2","10","26","21","[2 2 2 2 2 2 2 2 2 2 2 2 2 2 2 2 2 2 2 2 2 2 2 2 2 2 2 2 2 2 2 2 2 2 2 2 2 2 2 2 2 2 2 2 2 2 2 2 2 2 2 2 2 2 2 2 3 3 3 3 4 4 4 4 4]","2"
"21","0.3","10","0.7","10","9","3","50","true","true","0.1","0.03","2","10","27","21","[2 2 2 2 2 2 2 2 2 2 2 2 2 2 2 2 2 2 2 2 2 2 2 2 2 2 2 2 2 2 2 2 2 2 2 2 2 2 2 2 2 2 2 2 2 2 2 2 2 2 2 2 2 2 2 2 2 2 3 3 3 3 4 4 4 4 4]","2"
"21","0.3","10","0.7","10","9","3","50","true","true","0.1","0.03","2","10","28","21","[2 2 2 2 2 2 2 2 2 2 2 2 2 2 2 2 2 2 2 2 2 2 2 2 2 2 2 2 2 2 2 2 2 2 2 2 2 2 2 2 2 2 2 2 2 2 2 2 2 2 2 2 2 2 2 2 2 2 3 3 3 3 3 4 4 4 4 4]","2"
"21","0.3","10","0.7","10","9","3","50","true","true","0.1","0.03","2","10","29","21","[2 2 2 2 2 2 2 2 2 2 2 2 2 2 2 2 2 2 2 2 2 2 2 2 2 2 2 2 2 2 2 2 2 2 2 2 2 2 2 2 2 2 2 2 2 2 2 2 2 2 2 2 2 2 2 2 2 3 3 3 3 3 3 4 4 4 4 4]","2"
"21","0.3","10","0.7","10","9","3","50","true","true","0.1","0.03","2","10","30","21","[2 2 2 2 2 2 2 2 2 2 2 2 2 2 2 2 2 2 2 2 2 2 2 2 2 2 2 2 2 2 2 2 2 2 2 2 2 2 2 2 2 2 2 2 2 2 2 2 2 2 2 2 2 2 2 2 2 3 3 3 3 3 3 4 4 4 4 4]","2"
"21","0.3","10","0.7","10","9","3","50","true","true","0.1","0.03","2","10","31","21","[2 2 2 2 2 2 2 2 2 2 2 2 2 2 2 2 2 2 2 2 2 2 2 2 2 2 2 2 2 2 2 2 2 2 2 2 2 2 2 2 2 2 2 2 2 2 2 2 2 2 2 2 2 2 2 2 2 2 2 3 3 3 3 3 3 3 4 4 4 4]","2"
"21","0.3","10","0.7","10","9","3","50","true","true","0.1","0.03","2","10","32","21","[2 2 2 2 2 2 2 2 2 2 2 2 2 2 2 2 2 2 2 2 2 2 2 2 2 2 2 2 2 2 2 2 2 2 2 2 2 2 2 2 2 2 2 2 2 2 2 2 2 2 2 2 2 2 2 2 2 2 2 3 3 3 3 3 3 3 3 3 4 4 4 4]","2"
"21","0.3","10","0.7","10","9","3","50","true","true","0.1","0.03","2","10","33","21","[2 2 2 2 2 2 2 2 2 2 2 2 2 2 2 2 2 2 2 2 2 2 2 2 2 2 2 2 2 2 2 2 2 2 2 2 2 2 2 2 2 2 2 2 2 2 2 2 2 2 2 2 2 2 2 2 2 2 2 2 3 3 3 3 3 3 3 3 3 4 4 4 4 4 7]","2"
"21","0.3","10","0.7","10","9","3","50","true","true","0.1","0.03","2","10","34","21","[2 2 2 2 2 2 2 2 2 2 2 2 2 2 2 2 2 2 2 2 2 2 2 2 2 2 2 2 2 2 2 2 2 2 2 2 2 2 2 2 2 2 2 2 2 2 2 2 2 2 2 2 2 2 2 2 2 2 2 2 2 2 3 3 3 3 3 3 3 3 4 4 4 4 4]","2"
"21","0.3","10","0.7","10","9","3","50","true","true","0.1","0.03","2","10","35","21","[2 2 2 2 2 2 2 2 2 2 2 2 2 2 2 2 2 2 2 2 2 2 2 2 2 2 2 2 2 2 2 2 2 2 2 2 2 2 2 2 2 2 2 2 2 2 2 2 2 2 2 2 2 2 2 2 2 2 2 2 2 2 2 2 2 3 3 3 3 3 3 3 3 3 4 4 4 4]","2"
"21","0.3","10","0.7","10","9","3","50","true","true","0.1","0.03","2","10","36","21","[2 2 2 2 2 2 2 2 2 2 2 2 2 2 2 2 2 2 2 2 2 2 2 2 2 2 2 2 2 2 2 2 2 2 2 2 2 2 2 2 2 2 2 2 2 2 2 2 2 2 2 2 2 2 2 2 2 2 2 2 2 2 2 2 2 2 2 2 2 3 3 3 3 3 3 3 3 3 4 4 4 4]","2"
"21","0.3","10","0.7","10","9","3","50","true","true","0.1","0.03","2","10","37","21","[2 2 2 2 2 2 2 2 2 2 2 2 2 2 2 2 2 2 2 2 2 2 2 2 2 2 2 2 2 2 2 2 2 2 2 2 2 2 2 2 2 2 2 2 2 2 2 2 2 2 2 2 2 2 2 2 2 2 2 2 2 2 2 2 2 2 2 2 2 2 2 2 3 3 3 3 3 3 3 3 3 3 4 4 4 4]","2"
"21","0.3","10","0.7","10","9","3","50","true","true","0.1","0.03","2","10","38","21","[2 2 2 2 2 2 2 2 2 2 2 2 2 2 2 2 2 2 2 2 2 2 2 2 2 2 2 2 2 2 2 2 2 2 2 2 2 2 2 2 2 2 2 2 2 2 2 2 2 2 2 2 2 2 2 2 2 2 2 2 2 2 2 2 2 2 2 2 2 2 2 2 2 2 2 2 3 3 3 3 3 3 3 3 3 3 4 4 4 4]","2"
"21","0.3","10","0.7","10","9","3","50","true","true","0.1","0.03","2","10","39","21","[2 2 2 2 2 2 2 2 2 2 2 2 2 2 2 2 2 2 2 2 2 2 2 2 2 2 2 2 2 2 2 2 2 2 2 2 2 2 2 2 2 2 2 2 2 2 2 2 2 2 2 2 2 2 2 2 2 2 2 2 2 2 2 2 2 2 2 2 2 2 2 2 2 2 2 2 2 3 3 3 3 3 3 3 3 3 3 3 3 4 4 4 4]","2"
"21","0.3","10","0.7","10","9","3","50","true","true","0.1","0.03","2","10","40","21","[2 2 2 2 2 2 2 2 2 2 2 2 2 2 2 2 2 2 2 2 2 2 2 2 2 2 2 2 2 2 2 2 2 2 2 2 2 2 2 2 2 2 2 2 2 2 2 2 2 2 2 2 2 2 2 2 2 2 2 2 2 2 2 2 2 2 2 2 2 2 2 2 2 2 2 2 2 2 2 3 3 3 3 3 3 3 3 3 3 3 3 4 4 4 4]","2"
"21","0.3","10","0.7","10","9","3","50","true","true","0.1","0.03","2","10","41","21","[2 2 2 2 2 2 2 2 2 2 2 2 2 2 2 2 2 2 2 2 2 2 2 2 2 2 2 2 2 2 2 2 2 2 2 2 2 2 2 2 2 2 2 2 2 2 2 2 2 2 2 2 2 2 2 2 2 2 2 2 2 2 2 2 2 2 2 2 2 2 2 2 2 2 2 2 2 2 2 2 2 2 3 3 3 3 3 3 3 3 3 3 3 3 4 4 4 4]","2"
"21","0.3","10","0.7","10","9","3","50","true","true","0.1","0.03","2","10","42","21","[2 2 2 2 2 2 2 2 2 2 2 2 2 2 2 2 2 2 2 2 2 2 2 2 2 2 2 2 2 2 2 2 2 2 2 2 2 2 2 2 2 2 2 2 2 2 2 2 2 2 2 2 2 2 2 2 2 2 2 2 2 2 2 2 2 2 2 2 2 2 2 2 2 2 2 2 2 2 2 2 2 2 2 2 3 3 3 3 3 3 3 3 3 3 3 3 4 4 4 4]","2"
"21","0.3","10","0.7","10","9","3","50","true","true","0.1","0.03","2","10","43","21","[2 2 2 2 2 2 2 2 2 2 2 2 2 2 2 2 2 2 2 2 2 2 2 2 2 2 2 2 2 2 2 2 2 2 2 2 2 2 2 2 2 2 2 2 2 2 2 2 2 2 2 2 2 2 2 2 2 2 2 2 2 2 2 2 2 2 2 2 2 2 2 2 2 2 2 2 2 2 2 2 2 2 2 2 2 2 3 3 3 3 3 3 3 3 3 3 3 3 4 4 4 4 4]","2"
"21","0.3","10","0.7","10","9","3","50","true","true","0.1","0.03","2","10","44","21","[2 2 2 2 2 2 2 2 2 2 2 2 2 2 2 2 2 2 2 2 2 2 2 2 2 2 2 2 2 2 2 2 2 2 2 2 2 2 2 2 2 2 2 2 2 2 2 2 2 2 2 2 2 2 2 2 2 2 2 2 2 2 2 2 2 2 2 2 2 2 2 2 2 2 2 2 2 2 2 2 2 2 2 2 2 2 2 2 2 2 3 3 3 3 3 3 3 3 3 3 3 3 4 4 4 4 4 4]","2"
"21","0.3","10","0.7","10","9","3","50","true","true","0.1","0.03","2","10","45","21","[2 2 2 2 2 2 2 2 2 2 2 2 2 2 2 2 2 2 2 2 2 2 2 2 2 2 2 2 2 2 2 2 2 2 2 2 2 2 2 2 2 2 2 2 2 2 2 2 2 2 2 2 2 2 2 2 2 2 2 2 2 2 2 2 2 2 2 2 2 2 2 2 2 2 2 2 2 2 2 2 2 2 2 2 2 2 2 2 2 2 2 2 3 3 3 3 3 3 3 3 3 3 3 3 3 4 4 4 4 4 4]","2"
"21","0.3","10","0.7","10","9","3","50","true","true","0.1","0.03","2","10","46","21","[2 2 2 2 2 2 2 2 2 2 2 2 2 2 2 2 2 2 2 2 2 2 2 2 2 2 2 2 2 2 2 2 2 2 2 2 2 2 2 2 2 2 2 2 2 2 2 2 2 2 2 2 2 2 2 2 2 2 2 2 2 2 2 2 2 2 2 2 2 2 2 2 2 2 2 2 2 2 2 2 2 2 2 2 2 2 2 2 2 2 2 2 2 2 2 3 3 3 3 3 3 3 3 3 3 3 3 3 3 4 4 4 4 4 4]","2"
"21","0.3","10","0.7","10","9","3","50","true","true","0.1","0.03","2","10","47","21","[2 2 2 2 2 2 2 2 2 2 2 2 2 2 2 2 2 2 2 2 2 2 2 2 2 2 2 2 2 2 2 2 2 2 2 2 2 2 2 2 2 2 2 2 2 2 2 2 2 2 2 2 2 2 2 2 2 2 2 2 2 2 2 2 2 2 2 2 2 2 2 2 2 2 2 2 2 2 2 2 2 2 2 2 2 2 2 2 2 2 2 2 2 2 2 3 3 3 3 3 3 3 3 3 3 3 3 3 3 4 4 4 4 4 4 8]","2"
"21","0.3","10","0.7","10","9","3","50","true","true","0.1","0.03","2","10","48","21","[2 2 2 2 2 2 2 2 2 2 2 2 2 2 2 2 2 2 2 2 2 2 2 2 2 2 2 2 2 2 2 2 2 2 2 2 2 2 2 2 2 2 2 2 2 2 2 2 2 2 2 2 2 2 2 2 2 2 2 2 2 2 2 2 2 2 2 2 2 2 2 2 2 2 2 2 2 2 2 2 2 2 2 2 2 2 2 2 2 2 2 2 2 2 2 2 2 2 3 3 3 3 3 3 3 3 3 3 3 3 3 3 3 4 4 4 4 4 4 8]","2"
"21","0.3","10","0.7","10","9","3","50","true","true","0.1","0.03","2","10","49","21","[2 2 2 2 2 2 2 2 2 2 2 2 2 2 2 2 2 2 2 2 2 2 2 2 2 2 2 2 2 2 2 2 2 2 2 2 2 2 2 2 2 2 2 2 2 2 2 2 2 2 2 2 2 2 2 2 2 2 2 2 2 2 2 2 2 2 2 2 2 2 2 2 2 2 2 2 2 2 2 2 2 2 2 2 2 2 2 2 2 2 2 2 2 2 2 2 2 2 2 2 2 2 2 2 2 2 3 3 3 3 3 3 3 3 3 3 3 3 3 3 3 3 4 4 4 4 4 4 8]","2"
"21","0.3","10","0.7","10","9","3","50","true","true","0.1","0.03","2","10","50","21","[2 2 2 2 2 2 2 2 2 2 2 2 2 2 2 2 2 2 2 2 2 2 2 2 2 2 2 2 2 2 2 2 2 2 2 2 2 2 2 2 2 2 2 2 2 2 2 2 2 2 2 2 2 2 2 2 2 2 2 2 2 2 2 2 2 2 2 2 2 2 2 2 2 2 2 2 2 2 2 2 2 2 2 2 2 2 2 2 2 2 2 2 2 2 2 2 2 2 2 2 2 2 2 2 2 2 2 2 2 3 3 3 3 3 3 3 3 3 3 3 3 3 3 3 3 4 4 4 4 4 4 8]","2"
"22","0.3","10","0.7","10","9","3","50","true","true","0.1","0.03","2","10","0","22","[]","0"
"22","0.3","10","0.7","10","9","3","50","true","true","0.1","0.03","2","10","1","22","[2 2]","2"
"22","0.3","10","0.7","10","9","3","50","true","true","0.1","0.03","2","10","2","22","[2 2 2 2 2 2 2 2 4]","2"
"22","0.3","10","0.7","10","9","3","50","true","true","0.1","0.03","2","10","3","22","[2 2 2 2 2 2 2 2 2 4]","2"
"22","0.3","10","0.7","10","9","3","50","true","true","0.1","0.03","2","10","4","22","[2 2 2 2 2 2 2 2 2 3 4 4 4]","2"
"22","0.3","10","0.7","10","9","3","50","true","true","0.1","0.03","2","10","5","22","[2 2 2 2 2 2 2 2 2 2 2 2 3 4 4 4 6]","2"
"22","0.3","10","0.7","10","9","3","50","true","true","0.1","0.03","2","10","6","22","[2 2 2 2 2 2 2 2 2 2 2 2 3 4 4 4 6]","2"
"22","0.3","10","0.7","10","9","3","50","true","true","0.1","0.03","2","10","7","22","[2 2 2 2 2 2 2 2 2 2 2 2 2 2 2 2 3 4 4 4 6]","2"
"22","0.3","10","0.7","10","9","3","50","true","true","0.1","0.03","2","10","8","22","[2 2 2 2 2 2 2 2 2 2 2 2 2 2 2 2 2 2 2 2 3 3 4 4 4 6]","2"
"22","0.3","10","0.7","10","9","3","50","true","true","0.1","0.03","2","10","9","22","[2 2 2 2 2 2 2 2 2 2 2 2 2 2 2 2 2 2 2 2 2 2 3 3 3 4 4 4 6]","2"
"22","0.3","10","0.7","10","9","3","50","true","true","0.1","0.03","2","10","10","22","[2 2 2 2 2 2 2 2 2 2 2 2 2 2 2 2 2 2 2 2 2 2 3 3 3 3 4 4 4 6]","2"
"22","0.3","10","0.7","10","9","3","50","true","true","0.1","0.03","2","10","11","22","[2 2 2 2 2 2 2 2 2 2 2 2 2 2 2 2 2 2 2 2 2 2 2 2 2 3 3 3 3 4 4 4 6]","2"
"22","0.3","10","0.7","10","9","3","50","true","true","0.1","0.03","2","10","12","22","[2 2 2 2 2 2 2 2 2 2 2 2 2 2 2 2 2 2 2 2 2 2 2 2 2 2 3 3 3 3 4 4 4 6]","2"
"22","0.3","10","0.7","10","9","3","50","true","true","0.1","0.03","2","10","13","22","[2 2 2 2 2 2 2 2 2 2 2 2 2 2 2 2 2 2 2 2 2 2 2 2 2 2 3 3 3 3 4 4 4 6]","2"
"22","0.3","10","0.7","10","9","3","50","true","true","0.1","0.03","2","10","14","22","[2 2 2 2 2 2 2 2 2 2 2 2 2 2 2 2 2 2 2 2 2 2 2 2 2 2 2 2 3 3 3 3 4 4 4 6]","2"
"22","0.3","10","0.7","10","9","3","50","true","true","0.1","0.03","2","10","15","22","[2 2 2 2 2 2 2 2 2 2 2 2 2 2 2 2 2 2 2 2 2 2 2 2 2 2 2 2 2 2 3 3 3 3 4 4 4 6]","2"
"22","0.3","10","0.7","10","9","3","50","true","true","0.1","0.03","2","10","16","22","[2 2 2 2 2 2 2 2 2 2 2 2 2 2 2 2 2 2 2 2 2 2 2 2 2 2 2 2 2 2 2 2 3 3 3 3 4 4 4 6]","2"
"22","0.3","10","0.7","10","9","3","50","true","true","0.1","0.03","2","10","17","22","[2 2 2 2 2 2 2 2 2 2 2 2 2 2 2 2 2 2 2 2 2 2 2 2 2 2 2 2 2 2 2 2 2 2 2 3 3 3 3 4 4 4 6]","2"
"22","0.3","10","0.7","10","9","3","50","true","true","0.1","0.03","2","10","18","22","[2 2 2 2 2 2 2 2 2 2 2 2 2 2 2 2 2 2 2 2 2 2 2 2 2 2 2 2 2 2 2 2 2 2 2 2 2 2 2 2 3 3 3 4 4 4 6]","2"
"22","0.3","10","0.7","10","9","3","50","true","true","0.1","0.03","2","10","19","22","[2 2 2 2 2 2 2 2 2 2 2 2 2 2 2 2 2 2 2 2 2 2 2 2 2 2 2 2 2 2 2 2 2 2 2 2 2 2 2 2 3 3 3 4 4 4 6]","2"
"22","0.3","10","0.7","10","9","3","50","true","true","0.1","0.03","2","10","20","22","[2 2 2 2 2 2 2 2 2 2 2 2 2 2 2 2 2 2 2 2 2 2 2 2 2 2 2 2 2 2 2 2 2 2 2 2 2 2 2 2 2 2 3 3 3 3 4 4 4 6]","2"
"22","0.3","10","0.7","10","9","3","50","true","true","0.1","0.03","2","10","21","22","[2 2 2 2 2 2 2 2 2 2 2 2 2 2 2 2 2 2 2 2 2 2 2 2 2 2 2 2 2 2 2 2 2 2 2 2 2 2 2 2 2 2 2 3 3 3 3 4 4 4 6]","2"
"22","0.3","10","0.7","10","9","3","50","true","true","0.1","0.03","2","10","22","22","[2 2 2 2 2 2 2 2 2 2 2 2 2 2 2 2 2 2 2 2 2 2 2 2 2 2 2 2 2 2 2 2 2 2 2 2 2 2 2 2 2 2 2 2 2 3 3 3 3 4 4 4 6]","2"
"22","0.3","10","0.7","10","9","3","50","true","true","0.1","0.03","2","10","23","22","[2 2 2 2 2 2 2 2 2 2 2 2 2 2 2 2 2 2 2 2 2 2 2 2 2 2 2 2 2 2 2 2 2 2 2 2 2 2 2 2 2 2 2 2 2 2 2 3 3 3 3 4 4 4 6]","2"
"22","0.3","10","0.7","10","9","3","50","true","true","0.1","0.03","2","10","24","22","[2 2 2 2 2 2 2 2 2 2 2 2 2 2 2 2 2 2 2 2 2 2 2 2 2 2 2 2 2 2 2 2 2 2 2 2 2 2 2 2 2 2 2 2 2 2 2 2 3 3 3 3 4 4 4 6]","2"
"22","0.3","10","0.7","10","9","3","50","true","true","0.1","0.03","2","10","25","22","[2 2 2 2 2 2 2 2 2 2 2 2 2 2 2 2 2 2 2 2 2 2 2 2 2 2 2 2 2 2 2 2 2 2 2 2 2 2 2 2 2 2 2 2 2 2 2 2 3 3 3 3 4 4 4 6]","2"
"22","0.3","10","0.7","10","9","3","50","true","true","0.1","0.03","2","10","26","22","[2 2 2 2 2 2 2 2 2 2 2 2 2 2 2 2 2 2 2 2 2 2 2 2 2 2 2 2 2 2 2 2 2 2 2 2 2 2 2 2 2 2 2 2 2 2 2 2 2 2 2 2 3 3 3 3 4 4 4 6]","2"
"22","0.3","10","0.7","10","9","3","50","true","true","0.1","0.03","2","10","27","22","[2 2 2 2 2 2 2 2 2 2 2 2 2 2 2 2 2 2 2 2 2 2 2 2 2 2 2 2 2 2 2 2 2 2 2 2 2 2 2 2 2 2 2 2 2 2 2 2 2 2 3 3 3 3 4 4 4 6]","2"
"22","0.3","10","0.7","10","9","3","50","true","true","0.1","0.03","2","10","28","22","[2 2 2 2 2 2 2 2 2 2 2 2 2 2 2 2 2 2 2 2 2 2 2 2 2 2 2 2 2 2 2 2 2 2 2 2 2 2 2 2 2 2 2 2 2 2 2 2 2 2 2 2 2 3 3 3 3 4 4 4 6]","2"
"22","0.3","10","0.7","10","9","3","50","true","true","0.1","0.03","2","10","29","22","[2 2 2 2 2 2 2 2 2 2 2 2 2 2 2 2 2 2 2 2 2 2 2 2 2 2 2 2 2 2 2 2 2 2 2 2 2 2 2 2 2 2 2 2 2 2 2 2 2 2 2 2 2 2 2 2 3 3 3 3 4 4 4 6]","2"
"22","0.3","10","0.7","10","9","3","50","true","true","0.1","0.03","2","10","30","22","[2 2 2 2 2 2 2 2 2 2 2 2 2 2 2 2 2 2 2 2 2 2 2 2 2 2 2 2 2 2 2 2 2 2 2 2 2 2 2 2 2 2 2 2 2 2 2 2 2 2 2 2 2 2 2 2 2 2 3 3 3 3 4 4 4 6]","2"
"22","0.3","10","0.7","10","9","3","50","true","true","0.1","0.03","2","10","31","22","[2 2 2 2 2 2 2 2 2 2 2 2 2 2 2 2 2 2 2 2 2 2 2 2 2 2 2 2 2 2 2 2 2 2 2 2 2 2 2 2 2 2 2 2 2 2 2 2 2 2 2 2 2 2 2 2 2 2 3 3 3 3 4 4 4 6]","2"
"22","0.3","10","0.7","10","9","3","50","true","true","0.1","0.03","2","10","32","22","[2 2 2 2 2 2 2 2 2 2 2 2 2 2 2 2 2 2 2 2 2 2 2 2 2 2 2 2 2 2 2 2 2 2 2 2 2 2 2 2 2 2 2 2 2 2 2 2 2 2 2 2 2 2 2 2 2 2 3 3 3 3 4 4 4 6]","2"
"22","0.3","10","0.7","10","9","3","50","true","true","0.1","0.03","2","10","33","22","[2 2 2 2 2 2 2 2 2 2 2 2 2 2 2 2 2 2 2 2 2 2 2 2 2 2 2 2 2 2 2 2 2 2 2 2 2 2 2 2 2 2 2 2 2 2 2 2 2 2 2 2 2 2 2 2 2 2 2 2 2 2 3 3 3 3 4 4 4 6]","2"
"22","0.3","10","0.7","10","9","3","50","true","true","0.1","0.03","2","10","34","22","[2 2 2 2 2 2 2 2 2 2 2 2 2 2 2 2 2 2 2 2 2 2 2 2 2 2 2 2 2 2 2 2 2 2 2 2 2 2 2 2 2 2 2 2 2 2 2 2 2 2 2 2 2 2 2 2 2 2 2 2 2 2 3 3 3 3 3 4 4 4 6]","2"
"22","0.3","10","0.7","10","9","3","50","true","true","0.1","0.03","2","10","35","22","[2 2 2 2 2 2 2 2 2 2 2 2 2 2 2 2 2 2 2 2 2 2 2 2 2 2 2 2 2 2 2 2 2 2 2 2 2 2 2 2 2 2 2 2 2 2 2 2 2 2 2 2 2 2 2 2 2 2 2 2 2 2 2 2 3 3 3 3 3 4 4 4 6]","2"
"22","0.3","10","0.7","10","9","3","50","true","true","0.1","0.03","2","10","36","22","[2 2 2 2 2 2 2 2 2 2 2 2 2 2 2 2 2 2 2 2 2 2 2 2 2 2 2 2 2 2 2 2 2 2 2 2 2 2 2 2 2 2 2 2 2 2 2 2 2 2 2 2 2 2 2 2 2 2 2 2 2 2 2 2 3 3 3 3 3 4 4 4 6]","2"
"22","0.3","10","0.7","10","9","3","50","true","true","0.1","0.03","2","10","37","22","[2 2 2 2 2 2 2 2 2 2 2 2 2 2 2 2 2 2 2 2 2 2 2 2 2 2 2 2 2 2 2 2 2 2 2 2 2 2 2 2 2 2 2 2 2 2 2 2 2 2 2 2 2 2 2 2 2 2 2 2 2 2 2 2 2 2 2 3 3 3 3 3 4 4 4 6]","2"
"22","0.3","10","0.7","10","9","3","50","true","true","0.1","0.03","2","10","38","22","[2 2 2 2 2 2 2 2 2 2 2 2 2 2 2 2 2 2 2 2 2 2 2 2 2 2 2 2 2 2 2 2 2 2 2 2 2 2 2 2 2 2 2 2 2 2 2 2 2 2 2 2 2 2 2 2 2 2 2 2 2 2 2 2 2 2 2 3 3 3 3 3 3 3 4 4 4 6]","2"
"22","0.3","10","0.7","10","9","3","50","true","true","0.1","0.03","2","10","39","22","[2 2 2 2 2 2 2 2 2 2 2 2 2 2 2 2 2 2 2 2 2 2 2 2 2 2 2 2 2 2 2 2 2 2 2 2 2 2 2 2 2 2 2 2 2 2 2 2 2 2 2 2 2 2 2 2 2 2 2 2 2 2 2 2 2 2 2 2 2 3 3 3 3 3 3 3 3 4 4 4 6]","2"
"22","0.3","10","0.7","10","9","3","50","true","true","0.1","0.03","2","10","40","22","[2 2 2 2 2 2 2 2 2 2 2 2 2 2 2 2 2 2 2 2 2 2 2 2 2 2 2 2 2 2 2 2 2 2 2 2 2 2 2 2 2 2 2 2 2 2 2 2 2 2 2 2 2 2 2 2 2 2 2 2 2 2 2 2 2 2 2 2 2 2 2 2 2 2 2 2 3 3 3 3 3 3 3 3 4 4 4 6]","2"
"22","0.3","10","0.7","10","9","3","50","true","true","0.1","0.03","2","10","41","22","[2 2 2 2 2 2 2 2 2 2 2 2 2 2 2 2 2 2 2 2 2 2 2 2 2 2 2 2 2 2 2 2 2 2 2 2 2 2 2 2 2 2 2 2 2 2 2 2 2 2 2 2 2 2 2 2 2 2 2 2 2 2 2 2 2 2 2 2 2 2 2 2 2 2 2 2 3 3 3 3 3 3 3 3 4 4 4 6]","2"
"22","0.3","10","0.7","10","9","3","50","true","true","0.1","0.03","2","10","42","22","[2 2 2 2 2 2 2 2 2 2 2 2 2 2 2 2 2 2 2 2 2 2 2 2 2 2 2 2 2 2 2 2 2 2 2 2 2 2 2 2 2 2 2 2 2 2 2 2 2 2 2 2 2 2 2 2 2 2 2 2 2 2 2 2 2 2 2 2 2 2 2 2 2 2 2 2 2 2 2 2 3 3 3 3 3 3 3 3 3 4 4 4 6]","2"
"22","0.3","10","0.7","10","9","3","50","true","true","0.1","0.03","2","10","43","22","[2 2 2 2 2 2 2 2 2 2 2 2 2 2 2 2 2 2 2 2 2 2 2 2 2 2 2 2 2 2 2 2 2 2 2 2 2 2 2 2 2 2 2 2 2 2 2 2 2 2 2 2 2 2 2 2 2 2 2 2 2 2 2 2 2 2 2 2 2 2 2 2 2 2 2 2 2 2 2 2 2 2 2 3 3 3 3 3 3 3 3 3 3 4 4 4 6]","2"
"22","0.3","10","0.7","10","9","3","50","true","true","0.1","0.03","2","10","44","22","[2 2 2 2 2 2 2 2 2 2 2 2 2 2 2 2 2 2 2 2 2 2 2 2 2 2 2 2 2 2 2 2 2 2 2 2 2 2 2 2 2 2 2 2 2 2 2 2 2 2 2 2 2 2 2 2 2 2 2 2 2 2 2 2 2 2 2 2 2 2 2 2 2 2 2 2 2 2 2 2 2 2 2 2 2 3 3 3 3 3 3 3 3 3 3 3 4 4 4 6]","2"
"22","0.3","10","0.7","10","9","3","50","true","true","0.1","0.03","2","10","45","22","[2 2 2 2 2 2 2 2 2 2 2 2 2 2 2 2 2 2 2 2 2 2 2 2 2 2 2 2 2 2 2 2 2 2 2 2 2 2 2 2 2 2 2 2 2 2 2 2 2 2 2 2 2 2 2 2 2 2 2 2 2 2 2 2 2 2 2 2 2 2 2 2 2 2 2 2 2 2 2 2 2 2 2 2 2 2 2 2 2 3 3 3 3 3 3 3 3 3 3 3 4 4 4 4 6]","2"
"22","0.3","10","0.7","10","9","3","50","true","true","0.1","0.03","2","10","46","22","[2 2 2 2 2 2 2 2 2 2 2 2 2 2 2 2 2 2 2 2 2 2 2 2 2 2 2 2 2 2 2 2 2 2 2 2 2 2 2 2 2 2 2 2 2 2 2 2 2 2 2 2 2 2 2 2 2 2 2 2 2 2 2 2 2 2 2 2 2 2 2 2 2 2 2 2 2 2 2 2 2 2 2 2 2 2 2 2 2 2 2 2 3 3 3 3 3 3 3 3 3 3 4 4 4 4 6]","2"
"22","0.3","10","0.7","10","9","3","50","true","true","0.1","0.03","2","10","47","22","[2 2 2 2 2 2 2 2 2 2 2 2 2 2 2 2 2 2 2 2 2 2 2 2 2 2 2 2 2 2 2 2 2 2 2 2 2 2 2 2 2 2 2 2 2 2 2 2 2 2 2 2 2 2 2 2 2 2 2 2 2 2 2 2 2 2 2 2 2 2 2 2 2 2 2 2 2 2 2 2 2 2 2 2 2 2 2 2 2 2 2 2 2 2 2 2 2 3 3 3 3 3 3 3 3 3 3 4 4 4 4 6]","2"
"22","0.3","10","0.7","10","9","3","50","true","true","0.1","0.03","2","10","48","22","[2 2 2 2 2 2 2 2 2 2 2 2 2 2 2 2 2 2 2 2 2 2 2 2 2 2 2 2 2 2 2 2 2 2 2 2 2 2 2 2 2 2 2 2 2 2 2 2 2 2 2 2 2 2 2 2 2 2 2 2 2 2 2 2 2 2 2 2 2 2 2 2 2 2 2 2 2 2 2 2 2 2 2 2 2 2 2 2 2 2 2 2 2 2 2 2 2 2 2 2 2 3 3 3 3 3 3 3 3 3 3 4 4 4 4 6]","2"
"22","0.3","10","0.7","10","9","3","50","true","true","0.1","0.03","2","10","49","22","[2 2 2 2 2 2 2 2 2 2 2 2 2 2 2 2 2 2 2 2 2 2 2 2 2 2 2 2 2 2 2 2 2 2 2 2 2 2 2 2 2 2 2 2 2 2 2 2 2 2 2 2 2 2 2 2 2 2 2 2 2 2 2 2 2 2 2 2 2 2 2 2 2 2 2 2 2 2 2 2 2 2 2 2 2 2 2 2 2 2 2 2 2 2 2 2 2 2 2 2 2 2 2 2 2 3 3 3 3 3 3 3 3 3 3 4 4 4 4 6]","2"
"22","0.3","10","0.7","10","9","3","50","true","true","0.1","0.03","2","10","50","22","[2 2 2 2 2 2 2 2 2 2 2 2 2 2 2 2 2 2 2 2 2 2 2 2 2 2 2 2 2 2 2 2 2 2 2 2 2 2 2 2 2 2 2 2 2 2 2 2 2 2 2 2 2 2 2 2 2 2 2 2 2 2 2 2 2 2 2 2 2 2 2 2 2 2 2 2 2 2 2 2 2 2 2 2 2 2 2 2 2 2 2 2 2 2 2 2 2 2 2 2 2 2 2 2 2 2 2 2 3 3 3 3 3 3 3 3 3 3 4 4 4 4 6]","2"
"23","0.3","10","0.7","10","9","3","50","true","true","0.1","0.03","2","10","0","23","[]","0"
"23","0.3","10","0.7","10","9","3","50","true","true","0.1","0.03","2","10","1","23","[2 2 2 2 2 2]","2"
"23","0.3","10","0.7","10","9","3","50","true","true","0.1","0.03","2","10","2","23","[2 2 2 2 2 2 2 2 2 2 2 2 2]","2"
"23","0.3","10","0.7","10","9","3","50","true","true","0.1","0.03","2","10","3","23","[2 2 2 2 2 2 2 2 2 2 2 2 2 2 2 2 2 2]","2"
"23","0.3","10","0.7","10","9","3","50","true","true","0.1","0.03","2","10","4","23","[2 2 2 2 2 2 2 2 2 2 2 2 2 2 2 2 2 2 2 2 2 5]","2"
"23","0.3","10","0.7","10","9","3","50","true","true","0.1","0.03","2","10","5","23","[2 2 2 2 2 2 2 2 2 2 2 2 2 2 2 2 2 2 2 2 2 2 2 2 2 5]","2"
"23","0.3","10","0.7","10","9","3","50","true","true","0.1","0.03","2","10","6","23","[2 2 2 2 2 2 2 2 2 2 2 2 2 2 2 2 2 2 2 2 2 2 2 2 2 2 2 2 2 2 3 5]","2"
"23","0.3","10","0.7","10","9","3","50","true","true","0.1","0.03","2","10","7","23","[2 2 2 2 2 2 2 2 2 2 2 2 2 2 2 2 2 2 2 2 2 2 2 2 2 2 2 2 2 2 2 2 3 5]","2"
"23","0.3","10","0.7","10","9","3","50","true","true","0.1","0.03","2","10","8","23","[2 2 2 2 2 2 2 2 2 2 2 2 2 2 2 2 2 2 2 2 2 2 2 2 2 2 2 2 2 2 2 2 2 3 5]","2"
"23","0.3","10","0.7","10","9","3","50","true","true","0.1","0.03","2","10","9","23","[2 2 2 2 2 2 2 2 2 2 2 2 2 2 2 2 2 2 2 2 2 2 2 2 2 2 2 2 2 2 2 2 2 2 3 5]","2"
"23","0.3","10","0.7","10","9","3","50","true","true","0.1","0.03","2","10","10","23","[2 2 2 2 2 2 2 2 2 2 2 2 2 2 2 2 2 2 2 2 2 2 2 2 2 2 2 2 2 2 2 2 2 2 2 2 2 2 3 5]","2"
"23","0.3","10","0.7","10","9","3","50","true","true","0.1","0.03","2","10","11","23","[2 2 2 2 2 2 2 2 2 2 2 2 2 2 2 2 2 2 2 2 2 2 2 2 2 2 2 2 2 2 2 2 2 2 2 2 2 2 2 3 5]","2"
"23","0.3","10","0.7","10","9","3","50","true","true","0.1","0.03","2","10","12","23","[2 2 2 2 2 2 2 2 2 2 2 2 2 2 2 2 2 2 2 2 2 2 2 2 2 2 2 2 2 2 2 2 2 2 2 2 2 2 2 2 3 5]","2"
"23","0.3","10","0.7","10","9","3","50","true","true","0.1","0.03","2","10","13","23","[2 2 2 2 2 2 2 2 2 2 2 2 2 2 2 2 2 2 2 2 2 2 2 2 2 2 2 2 2 2 2 2 2 2 2 2 2 2 2 2 2 3 5]","2"
"23","0.3","10","0.7","10","9","3","50","true","true","0.1","0.03","2","10","14","23","[2 2 2 2 2 2 2 2 2 2 2 2 2 2 2 2 2 2 2 2 2 2 2 2 2 2 2 2 2 2 2 2 2 2 2 2 2 2 2 2 2 2 2 3 5]","2"
"23","0.3","10","0.7","10","9","3","50","true","true","0.1","0.03","2","10","15","23","[2 2 2 2 2 2 2 2 2 2 2 2 2 2 2 2 2 2 2 2 2 2 2 2 2 2 2 2 2 2 2 2 2 2 2 2 2 2 2 2 2 2 2 2 2 3 5]","2"
"23","0.3","10","0.7","10","9","3","50","true","true","0.1","0.03","2","10","16","23","[2 2 2 2 2 2 2 2 2 2 2 2 2 2 2 2 2 2 2 2 2 2 2 2 2 2 2 2 2 2 2 2 2 2 2 2 2 2 2 2 2 2 2 2 2 3 5]","2"
"23","0.3","10","0.7","10","9","3","50","true","true","0.1","0.03","2","10","17","23","[2 2 2 2 2 2 2 2 2 2 2 2 2 2 2 2 2 2 2 2 2 2 2 2 2 2 2 2 2 2 2 2 2 2 2 2 2 2 2 2 2 2 2 2 2 2 3 3 5]","2"
"23","0.3","10","0.7","10","9","3","50","true","true","0.1","0.03","2","10","18","23","[2 2 2 2 2 2 2 2 2 2 2 2 2 2 2 2 2 2 2 2 2 2 2 2 2 2 2 2 2 2 2 2 2 2 2 2 2 2 2 2 2 2 2 2 3 3 3 5]","2"
"23","0.3","10","0.7","10","9","3","50","true","true","0.1","0.03","2","10","19","23","[2 2 2 2 2 2 2 2 2 2 2 2 2 2 2 2 2 2 2 2 2 2 2 2 2 2 2 2 2 2 2 2 2 2 2 2 2 2 2 2 2 2 2 2 2 3 3 3 5]","2"
"23","0.3","10","0.7","10","9","3","50","true","true","0.1","0.03","2","10","20","23","[2 2 2 2 2 2 2 2 2 2 2 2 2 2 2 2 2 2 2 2 2 2 2 2 2 2 2 2 2 2 2 2 2 2 2 2 2 2 2 2 2 2 2 2 2 2 3 3 3 5]","2"
"23","0.3","10","0.7","10","9","3","50","true","true","0.1","0.03","2","10","21","23","[2 2 2 2 2 2 2 2 2 2 2 2 2 2 2 2 2 2 2 2 2 2 2 2 2 2 2 2 2 2 2 2 2 2 2 2 2 2 2 2 2 2 2 2 2 2 3 3 3 5]","2"
"23","0.3","10","0.7","10","9","3","50","true","true","0.1","0.03","2","10","22","23","[2 2 2 2 2 2 2 2 2 2 2 2 2 2 2 2 2 2 2 2 2 2 2 2 2 2 2 2 2 2 2 2 2 2 2 2 2 2 2 2 2 2 2 2 2 2 2 2 3 3 3 5]","2"
"23","0.3","10","0.7","10","9","3","50","true","true","0.1","0.03","2","10","23","23","[2 2 2 2 2 2 2 2 2 2 2 2 2 2 2 2 2 2 2 2 2 2 2 2 2 2 2 2 2 2 2 2 2 2 2 2 2 2 2 2 2 2 2 2 2 2 2 2 2 3 3 3 5]","2"
"23","0.3","10","0.7","10","9","3","50","true","true","0.1","0.03","2","10","24","23","[2 2 2 2 2 2 2 2 2 2 2 2 2 2 2 2 2 2 2 2 2 2 2 2 2 2 2 2 2 2 2 2 2 2 2 2 2 2 2 2 2 2 2 2 2 2 2 2 2 3 3 3 5]","2"
"23","0.3","10","0.7","10","9","3","50","true","true","0.1","0.03","2","10","25","23","[2 2 2 2 2 2 2 2 2 2 2 2 2 2 2 2 2 2 2 2 2 2 2 2 2 2 2 2 2 2 2 2 2 2 2 2 2 2 2 2 2 2 2 2 2 2 2 2 2 2 3 3 3 5]","2"
"23","0.3","10","0.7","10","9","3","50","true","true","0.1","0.03","2","10","26","23","[2 2 2 2 2 2 2 2 2 2 2 2 2 2 2 2 2 2 2 2 2 2 2 2 2 2 2 2 2 2 2 2 2 2 2 2 2 2 2 2 2 2 2 2 2 2 2 2 2 2 3 3 3 5]","2"
"23","0.3","10","0.7","10","9","3","50","true","true","0.1","0.03","2","10","27","23","[2 2 2 2 2 2 2 2 2 2 2 2 2 2 2 2 2 2 2 2 2 2 2 2 2 2 2 2 2 2 2 2 2 2 2 2 2 2 2 2 2 2 2 2 2 2 2 2 2 2 2 3 3 3 5]","2"
"23","0.3","10","0.7","10","9","3","50","true","true","0.1","0.03","2","10","28","23","[2 2 2 2 2 2 2 2 2 2 2 2 2 2 2 2 2 2 2 2 2 2 2 2 2 2 2 2 2 2 2 2 2 2 2 2 2 2 2 2 2 2 2 2 2 2 2 2 2 2 2 2 3 3 3 5]","2"
"23","0.3","10","0.7","10","9","3","50","true","true","0.1","0.03","2","10","29","23","[2 2 2 2 2 2 2 2 2 2 2 2 2 2 2 2 2 2 2 2 2 2 2 2 2 2 2 2 2 2 2 2 2 2 2 2 2 2 2 2 2 2 2 2 2 2 2 2 2 2 2 2 2 2 2 3 3 3 5]","2"
"23","0.3","10","0.7","10","9","3","50","true","true","0.1","0.03","2","10","30","23","[2 2 2 2 2 2 2 2 2 2 2 2 2 2 2 2 2 2 2 2 2 2 2 2 2 2 2 2 2 2 2 2 2 2 2 2 2 2 2 2 2 2 2 2 2 2 2 2 2 2 2 2 2 2 2 2 2 2 2 3 3 3 5]","2"
"23","0.3","10","0.7","10","9","3","50","true","true","0.1","0.03","2","10","31","23","[2 2 2 2 2 2 2 2 2 2 2 2 2 2 2 2 2 2 2 2 2 2 2 2 2 2 2 2 2 2 2 2 2 2 2 2 2 2 2 2 2 2 2 2 2 2 2 2 2 2 2 2 2 2 2 2 2 2 2 2 3 3 3 5]","2"
"23","0.3","10","0.7","10","9","3","50","true","true","0.1","0.03","2","10","32","23","[2 2 2 2 2 2 2 2 2 2 2 2 2 2 2 2 2 2 2 2 2 2 2 2 2 2 2 2 2 2 2 2 2 2 2 2 2 2 2 2 2 2 2 2 2 2 2 2 2 2 2 2 2 2 2 2 2 2 2 2 2 3 3 3 5]","2"
"23","0.3","10","0.7","10","9","3","50","true","true","0.1","0.03","2","10","33","23","[2 2 2 2 2 2 2 2 2 2 2 2 2 2 2 2 2 2 2 2 2 2 2 2 2 2 2 2 2 2 2 2 2 2 2 2 2 2 2 2 2 2 2 2 2 2 2 2 2 2 2 2 2 2 2 2 2 2 2 2 2 3 3 3 5]","2"
"23","0.3","10","0.7","10","9","3","50","true","true","0.1","0.03","2","10","34","23","[2 2 2 2 2 2 2 2 2 2 2 2 2 2 2 2 2 2 2 2 2 2 2 2 2 2 2 2 2 2 2 2 2 2 2 2 2 2 2 2 2 2 2 2 2 2 2 2 2 2 2 2 2 2 2 2 2 2 2 2 3 3 3 5]","2"
"23","0.3","10","0.7","10","9","3","50","true","true","0.1","0.03","2","10","35","23","[2 2 2 2 2 2 2 2 2 2 2 2 2 2 2 2 2 2 2 2 2 2 2 2 2 2 2 2 2 2 2 2 2 2 2 2 2 2 2 2 2 2 2 2 2 2 2 2 2 2 2 2 2 2 2 2 2 2 2 2 2 3 3 3 5]","2"
"23","0.3","10","0.7","10","9","3","50","true","true","0.1","0.03","2","10","36","23","[2 2 2 2 2 2 2 2 2 2 2 2 2 2 2 2 2 2 2 2 2 2 2 2 2 2 2 2 2 2 2 2 2 2 2 2 2 2 2 2 2 2 2 2 2 2 2 2 2 2 2 2 2 2 2 2 2 2 2 2 2 2 3 3 3 5]","2"
"23","0.3","10","0.7","10","9","3","50","true","true","0.1","0.03","2","10","37","23","[2 2 2 2 2 2 2 2 2 2 2 2 2 2 2 2 2 2 2 2 2 2 2 2 2 2 2 2 2 2 2 2 2 2 2 2 2 2 2 2 2 2 2 2 2 2 2 2 2 2 2 2 2 2 2 2 2 2 2 2 2 2 2 3 3 3 5]","2"
"23","0.3","10","0.7","10","9","3","50","true","true","0.1","0.03","2","10","38","23","[2 2 2 2 2 2 2 2 2 2 2 2 2 2 2 2 2 2 2 2 2 2 2 2 2 2 2 2 2 2 2 2 2 2 2 2 2 2 2 2 2 2 2 2 2 2 2 2 2 2 2 2 2 2 2 2 2 2 2 2 2 2 2 2 3 3 3 3 5]","2"
"23","0.3","10","0.7","10","9","3","50","true","true","0.1","0.03","2","10","39","23","[2 2 2 2 2 2 2 2 2 2 2 2 2 2 2 2 2 2 2 2 2 2 2 2 2 2 2 2 2 2 2 2 2 2 2 2 2 2 2 2 2 2 2 2 2 2 2 2 2 2 2 2 2 2 2 2 2 2 2 2 2 2 2 2 2 2 3 3 3 3 4]","2"
"23","0.3","10","0.7","10","9","3","50","true","true","0.1","0.03","2","10","40","23","[2 2 2 2 2 2 2 2 2 2 2 2 2 2 2 2 2 2 2 2 2 2 2 2 2 2 2 2 2 2 2 2 2 2 2 2 2 2 2 2 2 2 2 2 2 2 2 2 2 2 2 2 2 2 2 2 2 2 2 2 2 2 2 2 2 2 2 2 2 2 2 3 3 3 3 3 4]","2"
"23","0.3","10","0.7","10","9","3","50","true","true","0.1","0.03","2","10","41","23","[2 2 2 2 2 2 2 2 2 2 2 2 2 2 2 2 2 2 2 2 2 2 2 2 2 2 2 2 2 2 2 2 2 2 2 2 2 2 2 2 2 2 2 2 2 2 2 2 2 2 2 2 2 2 2 2 2 2 2 2 2 2 2 2 2 2 2 2 2 2 2 2 2 2 3 3 3 3 3 3]","2"
"23","0.3","10","0.7","10","9","3","50","true","true","0.1","0.03","2","10","42","23","[2 2 2 2 2 2 2 2 2 2 2 2 2 2 2 2 2 2 2 2 2 2 2 2 2 2 2 2 2 2 2 2 2 2 2 2 2 2 2 2 2 2 2 2 2 2 2 2 2 2 2 2 2 2 2 2 2 2 2 2 2 2 2 2 2 2 2 2 2 2 2 2 2 2 2 2 2 3 3 3 3 3 3]","2"
"23","0.3","10","0.7","10","9","3","50","true","true","0.1","0.03","2","10","43","23","[2 2 2 2 2 2 2 2 2 2 2 2 2 2 2 2 2 2 2 2 2 2 2 2 2 2 2 2 2 2 2 2 2 2 2 2 2 2 2 2 2 2 2 2 2 2 2 2 2 2 2 2 2 2 2 2 2 2 2 2 2 2 2 2 2 2 2 2 2 2 2 2 2 2 2 2 2 2 3 3 3 3 3 3]","2"
"23","0.3","10","0.7","10","9","3","50","true","true","0.1","0.03","2","10","44","23","[2 2 2 2 2 2 2 2 2 2 2 2 2 2 2 2 2 2 2 2 2 2 2 2 2 2 2 2 2 2 2 2 2 2 2 2 2 2 2 2 2 2 2 2 2 2 2 2 2 2 2 2 2 2 2 2 2 2 2 2 2 2 2 2 2 2 2 2 2 2 2 2 2 2 2 2 2 2 2 3 3 3 3 3 3 3]","2"
"23","0.3","10","0.7","10","9","3","50","true","true","0.1","0.03","2","10","45","23","[2 2 2 2 2 2 2 2 2 2 2 2 2 2 2 2 2 2 2 2 2 2 2 2 2 2 2 2 2 2 2 2 2 2 2 2 2 2 2 2 2 2 2 2 2 2 2 2 2 2 2 2 2 2 2 2 2 2 2 2 2 2 2 2 2 2 2 2 2 2 2 2 2 2 2 2 2 2 2 2 2 2 3 3 3 3 3 3 3 3]","2"
"23","0.3","10","0.7","10","9","3","50","true","true","0.1","0.03","2","10","46","23","[2 2 2 2 2 2 2 2 2 2 2 2 2 2 2 2 2 2 2 2 2 2 2 2 2 2 2 2 2 2 2 2 2 2 2 2 2 2 2 2 2 2 2 2 2 2 2 2 2 2 2 2 2 2 2 2 2 2 2 2 2 2 2 2 2 2 2 2 2 2 2 2 2 2 2 2 2 2 2 2 2 2 2 2 2 2 3 3 3 3 3 3 3 3]","2"
"23","0.3","10","0.7","10","9","3","50","true","true","0.1","0.03","2","10","47","23","[2 2 2 2 2 2 2 2 2 2 2 2 2 2 2 2 2 2 2 2 2 2 2 2 2 2 2 2 2 2 2 2 2 2 2 2 2 2 2 2 2 2 2 2 2 2 2 2 2 2 2 2 2 2 2 2 2 2 2 2 2 2 2 2 2 2 2 2 2 2 2 2 2 2 2 2 2 2 2 2 2 2 2 2 2 2 2 2 3 3 3 3 3 3 3 4]","2"
"23","0.3","10","0.7","10","9","3","50","true","true","0.1","0.03","2","10","48","23","[2 2 2 2 2 2 2 2 2 2 2 2 2 2 2 2 2 2 2 2 2 2 2 2 2 2 2 2 2 2 2 2 2 2 2 2 2 2 2 2 2 2 2 2 2 2 2 2 2 2 2 2 2 2 2 2 2 2 2 2 2 2 2 2 2 2 2 2 2 2 2 2 2 2 2 2 2 2 2 2 2 2 2 2 2 2 2 2 2 2 2 3 3 3 3 3 3 3 3 4 4]","2"
"23","0.3","10","0.7","10","9","3","50","true","true","0.1","0.03","2","10","49","23","[2 2 2 2 2 2 2 2 2 2 2 2 2 2 2 2 2 2 2 2 2 2 2 2 2 2 2 2 2 2 2 2 2 2 2 2 2 2 2 2 2 2 2 2 2 2 2 2 2 2 2 2 2 2 2 2 2 2 2 2 2 2 2 2 2 2 2 2 2 2 2 2 2 2 2 2 2 2 2 2 2 2 2 2 2 2 2 2 2 2 2 2 2 2 3 3 3 3 3 3 3 3 3 4 4]","2"
"23","0.3","10","0.7","10","9","3","50","true","true","0.1","0.03","2","10","50","23","[2 2 2 2 2 2 2 2 2 2 2 2 2 2 2 2 2 2 2 2 2 2 2 2 2 2 2 2 2 2 2 2 2 2 2 2 2 2 2 2 2 2 2 2 2 2 2 2 2 2 2 2 2 2 2 2 2 2 2 2 2 2 2 2 2 2 2 2 2 2 2 2 2 2 2 2 2 2 2 2 2 2 2 2 2 2 2 2 2 2 2 2 2 2 2 2 2 3 3 3 3 3 3 3 3 4 4]","2"
"24","0.3","10","0.7","10","9","3","50","true","true","0.1","0.03","2","10","0","24","[]","0"
"24","0.3","10","0.7","10","9","3","50","true","true","0.1","0.03","2","10","1","24","[2 2 2 2 2 3]","2"
"24","0.3","10","0.7","10","9","3","50","true","true","0.1","0.03","2","10","2","24","[2 2 2 2 2 3 3 3]","2"
"24","0.3","10","0.7","10","9","3","50","true","true","0.1","0.03","2","10","3","24","[2 2 2 2 2 2 2 2 3 3 3 6]","2"
"24","0.3","10","0.7","10","9","3","50","true","true","0.1","0.03","2","10","4","24","[2 2 2 2 2 2 2 2 2 3 3 3 4 6 7]","2"
"24","0.3","10","0.7","10","9","3","50","true","true","0.1","0.03","2","10","5","24","[2 2 2 2 2 2 2 2 2 2 3 3 3 4 6 7 7]","2"
"24","0.3","10","0.7","10","9","3","50","true","true","0.1","0.03","2","10","6","24","[2 2 2 2 2 2 2 2 2 2 2 2 3 3 3 4 6 6 7 7]","2"
"24","0.3","10","0.7","10","9","3","50","true","true","0.1","0.03","2","10","7","24","[2 2 2 2 2 2 2 2 2 2 2 3 3 3 4 5 6 6 7 7]","2"
"24","0.3","10","0.7","10","9","3","50","true","true","0.1","0.03","2","10","8","24","[2 2 2 2 2 2 2 2 2 2 2 2 3 3 3 3 4 5 6 6 7 7]","2"
"24","0.3","10","0.7","10","9","3","50","true","true","0.1","0.03","2","10","9","24","[2 2 2 2 2 2 2 2 2 2 2 2 3 3 3 3 4 5 6 6 7 7 8]","2"
"24","0.3","10","0.7","10","9","3","50","true","true","0.1","0.03","2","10","10","24","[2 2 2 2 2 2 2 2 2 2 2 2 2 2 3 3 3 3 4 5 6 6 7 7 8]","2"
"24","0.3","10","0.7","10","9","3","50","true","true","0.1","0.03","2","10","11","24","[2 2 2 2 2 2 2 2 2 2 2 2 2 2 2 2 3 3 3 3 4 5 6 6 7 7 8]","2"
"24","0.3","10","0.7","10","9","3","50","true","true","0.1","0.03","2","10","12","24","[2 2 2 2 2 2 2 2 2 2 2 2 2 2 2 2 2 2 2 3 3 3 3 4 5 6 6 7 7 8]","2"
"24","0.3","10","0.7","10","9","3","50","true","true","0.1","0.03","2","10","13","24","[2 2 2 2 2 2 2 2 2 2 2 2 2 2 2 2 2 2 2 2 3 3 3 3 4 5 6 6 6 7 7 8]","2"
"24","0.3","10","0.7","10","9","3","50","true","true","0.1","0.03","2","10","14","24","[2 2 2 2 2 2 2 2 2 2 2 2 2 2 2 2 2 2 2 2 2 3 3 3 3 4 5 6 6 6 7 7 8]","2"
"24","0.3","10","0.7","10","9","3","50","true","true","0.1","0.03","2","10","15","24","[2 2 2 2 2 2 2 2 2 2 2 2 2 2 2 2 2 2 2 2 2 2 2 2 2 3 3 3 3 3 4 5 6 6 6 7 7 8]","2"
"24","0.3","10","0.7","10","9","3","50","true","true","0.1","0.03","2","10","16","24","[2 2 2 2 2 2 2 2 2 2 2 2 2 2 2 2 2 2 2 2 2 2 2 2 2 2 2 2 3 3 3 3 3 4 4 5 6 6 6 7 7 8]","2"
"24","0.3","10","0.7","10","9","3","50","true","true","0.1","0.03","2","10","17","24","[2 2 2 2 2 2 2 2 2 2 2 2 2 2 2 2 2 2 2 2 2 2 2 2 2 2 2 2 2 2 3 3 3 3 3 3 4 4 5 6 6 6 7 7 8]","2"
"24","0.3","10","0.7","10","9","3","50","true","true","0.1","0.03","2","10","18","24","[2 2 2 2 2 2 2 2 2 2 2 2 2 2 2 2 2 2 2 2 2 2 2 2 2 2 2 2 2 2 2 2 2 3 3 3 3 3 3 4 4 5 6 6 6 7 7 8]","2"
"24","0.3","10","0.7","10","9","3","50","true","true","0.1","0.03","2","10","19","24","[2 2 2 2 2 2 2 2 2 2 2 2 2 2 2 2 2 2 2 2 2 2 2 2 2 2 2 2 2 2 2 2 2 3 3 3 3 3 3 4 4 5 6 6 6 7 7 8]","2"
"24","0.3","10","0.7","10","9","3","50","true","true","0.1","0.03","2","10","20","24","[2 2 2 2 2 2 2 2 2 2 2 2 2 2 2 2 2 2 2 2 2 2 2 2 2 2 2 2 2 2 2 2 3 3 3 3 3 3 3 4 4 5 6 6 6 7 7 8]","2"
"24","0.3","10","0.7","10","9","3","50","true","true","0.1","0.03","2","10","21","24","[2 2 2 2 2 2 2 2 2 2 2 2 2 2 2 2 2 2 2 2 2 2 2 2 2 2 2 2 2 2 2 2 2 3 3 3 3 3 3 3 4 4 4 5 6 6 6 7 7 8]","2"
"24","0.3","10","0.7","10","9","3","50","true","true","0.1","0.03","2","10","22","24","[2 2 2 2 2 2 2 2 2 2 2 2 2 2 2 2 2 2 2 2 2 2 2 2 2 2 2 2 2 2 2 2 2 2 3 3 3 3 3 3 4 4 4 5 6 6 6 7 7 8]","2"
"24","0.3","10","0.7","10","9","3","50","true","true","0.1","0.03","2","10","23","24","[2 2 2 2 2 2 2 2 2 2 2 2 2 2 2 2 2 2 2 2 2 2 2 2 2 2 2 2 2 2 2 2 2 2 2 3 3 3 3 3 3 4 4 4 5 6 6 6 7 7 8]","2"
"24","0.3","10","0.7","10","9","3","50","true","true","0.1","0.03","2","10","24","24","[2 2 2 2 2 2 2 2 2 2 2 2 2 2 2 2 2 2 2 2 2 2 2 2 2 2 2 2 2 2 2 2 2 2 2 2 3 3 3 3 3 3 4 4 4 5 6 6 6 7 7 8]","2"
"24","0.3","10","0.7","10","9","3","50","true","true","0.1","0.03","2","10","25","24","[2 2 2 2 2 2 2 2 2 2 2 2 2 2 2 2 2 2 2 2 2 2 2 2 2 2 2 2 2 2 2 2 2 2 2 2 2 3 3 3 3 3 3 4 4 4 5 6 6 6 7 7 8]","2"
"24","0.3","10","0.7","10","9","3","50","true","true","0.1","0.03","2","10","26","24","[2 2 2 2 2 2 2 2 2 2 2 2 2 2 2 2 2 2 2 2 2 2 2 2 2 2 2 2 2 2 2 2 2 2 2 2 2 2 3 3 3 3 3 3 3 4 4 5 6 6 6 7 7 8]","2"
"24","0.3","10","0.7","10","9","3","50","true","true","0.1","0.03","2","10","27","24","[2 2 2 2 2 2 2 2 2 2 2 2 2 2 2 2 2 2 2 2 2 2 2 2 2 2 2 2 2 2 2 2 2 2 2 2 2 2 2 2 3 3 3 3 3 3 3 4 4 4 6 6 6 7 7 8]","2"
"24","0.3","10","0.7","10","9","3","50","true","true","0.1","0.03","2","10","28","24","[2 2 2 2 2 2 2 2 2 2 2 2 2 2 2 2 2 2 2 2 2 2 2 2 2 2 2 2 2 2 2 2 2 2 2 2 2 2 2 2 2 2 3 3 3 3 3 3 3 4 4 6 6 6 7 7 8]","2"
"24","0.3","10","0.7","10","9","3","50","true","true","0.1","0.03","2","10","29","24","[2 2 2 2 2 2 2 2 2 2 2 2 2 2 2 2 2 2 2 2 2 2 2 2 2 2 2 2 2 2 2 2 2 2 2 2 2 2 2 2 2 2 2 2 3 3 3 3 3 3 3 3 4 4 6 6 6 7 7 8]","2"
"24","0.3","10","0.7","10","9","3","50","true","true","0.1","0.03","2","10","30","24","[2 2 2 2 2 2 2 2 2 2 2 2 2 2 2 2 2 2 2 2 2 2 2 2 2 2 2 2 2 2 2 2 2 2 2 2 2 2 2 2 2 2 2 2 2 2 2 2 3 3 3 3 3 3 3 3 4 4 6 6 6 7 7 8]","2"
"24","0.3","10","0.7","10","9","3","50","true","true","0.1","0.03","2","10","31","24","[2 2 2 2 2 2 2 2 2 2 2 2 2 2 2 2 2 2 2 2 2 2 2 2 2 2 2 2 2 2 2 2 2 2 2 2 2 2 2 2 2 2 2 2 2 2 2 2 2 3 3 3 3 3 3 3 3 3 4 4 6 6 6 7 7 8]","2"
"24","0.3","10","0.7","10","9","3","50","true","true","0.1","0.03","2","10","32","24","[2 2 2 2 2 2 2 2 2 2 2 2 2 2 2 2 2 2 2 2 2 2 2 2 2 2 2 2 2 2 2 2 2 2 2 2 2 2 2 2 2 2 2 2 2 2 2 2 2 2 3 3 3 3 3 3 3 3 3 4 4 4 6 6 6 7 7 8]","2"
"24","0.3","10","0.7","10","9","3","50","true","true","0.1","0.03","2","10","33","24","[2 2 2 2 2 2 2 2 2 2 2 2 2 2 2 2 2 2 2 2 2 2 2 2 2 2 2 2 2 2 2 2 2 2 2 2 2 2 2 2 2 2 2 2 2 2 2 2 2 2 2 2 2 2 3 3 3 3 3 3 3 3 3 3 4 4 4 6 6 6 7 7 8]","2"
"24","0.3","10","0.7","10","9","3","50","true","true","0.1","0.03","2","10","34","24","[2 2 2 2 2 2 2 2 2 2 2 2 2 2 2 2 2 2 2 2 2 2 2 2 2 2 2 2 2 2 2 2 2 2 2 2 2 2 2 2 2 2 2 2 2 2 2 2 2 2 2 2 2 2 2 2 3 3 3 3 3 3 3 3 3 3 3 4 4 4 4 6 6 6 7 7 8]","2"
"24","0.3","10","0.7","10","9","3","50","true","true","0.1","0.03","2","10","35","24","[2 2 2 2 2 2 2 2 2 2 2 2 2 2 2 2 2 2 2 2 2 2 2 2 2 2 2 2 2 2 2 2 2 2 2 2 2 2 2 2 2 2 2 2 2 2 2 2 2 2 2 2 2 2 2 2 2 3 3 3 3 3 3 3 3 3 3 3 3 4 4 4 4 6 6 6 7 7 8]","2"
"24","0.3","10","0.7","10","9","3","50","true","true","0.1","0.03","2","10","36","24","[2 2 2 2 2 2 2 2 2 2 2 2 2 2 2 2 2 2 2 2 2 2 2 2 2 2 2 2 2 2 2 2 2 2 2 2 2 2 2 2 2 2 2 2 2 2 2 2 2 2 2 2 2 2 2 2 2 2 2 2 3 3 3 3 3 3 3 3 3 3 3 3 4 4 4 4 5 6 6 6 7 7 8]","2"
"24","0.3","10","0.7","10","9","3","50","true","true","0.1","0.03","2","10","37","24","[2 2 2 2 2 2 2 2 2 2 2 2 2 2 2 2 2 2 2 2 2 2 2 2 2 2 2 2 2 2 2 2 2 2 2 2 2 2 2 2 2 2 2 2 2 2 2 2 2 2 2 2 2 2 2 2 2 2 2 2 2 2 3 3 3 3 3 3 3 3 3 3 3 3 3 4 4 4 4 5 6 6 6 7 7 8]","2"
"24","0.3","10","0.7","10","9","3","50","true","true","0.1","0.03","2","10","38","24","[2 2 2 2 2 2 2 2 2 2 2 2 2 2 2 2 2 2 2 2 2 2 2 2 2 2 2 2 2 2 2 2 2 2 2 2 2 2 2 2 2 2 2 2 2 2 2 2 2 2 2 2 2 2 2 2 2 2 2 2 2 2 2 2 3 3 3 3 3 3 3 3 3 3 3 3 3 4 4 4 4 5 6 6 6 7 7 8]","2"
"24","0.3","10","0.7","10","9","3","50","true","true","0.1","0.03","2","10","39","24","[2 2 2 2 2 2 2 2 2 2 2 2 2 2 2 2 2 2 2 2 2 2 2 2 2 2 2 2 2 2 2 2 2 2 2 2 2 2 2 2 2 2 2 2 2 2 2 2 2 2 2 2 2 2 2 2 2 2 2 2 2 2 2 2 2 2 3 3 3 3 3 3 3 3 3 3 3 3 3 4 4 4 4 5 6 6 6 7 7 8]","2"
"24","0.3","10","0.7","10","9","3","50","true","true","0.1","0.03","2","10","40","24","[2 2 2 2 2 2 2 2 2 2 2 2 2 2 2 2 2 2 2 2 2 2 2 2 2 2 2 2 2 2 2 2 2 2 2 2 2 2 2 2 2 2 2 2 2 2 2 2 2 2 2 2 2 2 2 2 2 2 2 2 2 2 2 2 2 2 2 2 2 3 3 3 3 3 3 3 3 3 3 3 3 3 4 4 4 4 4 5 6 6 6 7 7 8]","2"
"24","0.3","10","0.7","10","9","3","50","true","true","0.1","0.03","2","10","41","24","[2 2 2 2 2 2 2 2 2 2 2 2 2 2 2 2 2 2 2 2 2 2 2 2 2 2 2 2 2 2 2 2 2 2 2 2 2 2 2 2 2 2 2 2 2 2 2 2 2 2 2 2 2 2 2 2 2 2 2 2 2 2 2 2 2 2 2 2 2 2 2 2 3 3 3 3 3 3 3 3 3 3 3 3 3 4 4 4 4 4 5 5 6 6 6 7 7 8]","2"
"24","0.3","10","0.7","10","9","3","50","true","true","0.1","0.03","2","10","42","24","[2 2 2 2 2 2 2 2 2 2 2 2 2 2 2 2 2 2 2 2 2 2 2 2 2 2 2 2 2 2 2 2 2 2 2 2 2 2 2 2 2 2 2 2 2 2 2 2 2 2 2 2 2 2 2 2 2 2 2 2 2 2 2 2 2 2 2 2 2 2 2 2 2 2 2 2 2 3 3 3 3 3 3 3 3 3 3 3 3 3 3 4 4 4 4 4 5 5 5 6 6 7 7 8]","2"
"24","0.3","10","0.7","10","9","3","50","true","true","0.1","0.03","2","10","43","24","[2 2 2 2 2 2 2 2 2 2 2 2 2 2 2 2 2 2 2 2 2 2 2 2 2 2 2 2 2 2 2 2 2 2 2 2 2 2 2 2 2 2 2 2 2 2 2 2 2 2 2 2 2 2 2 2 2 2 2 2 2 2 2 2 2 2 2 2 2 2 2 2 2 2 2 2 2 2 2 2 2 2 3 3 3 3 3 3 3 3 3 3 3 3 3 3 4 4 4 4 4 5 5 5 6 6 7 7 8]","2"
"24","0.3","10","0.7","10","9","3","50","true","true","0.1","0.03","2","10","44","24","[2 2 2 2 2 2 2 2 2 2 2 2 2 2 2 2 2 2 2 2 2 2 2 2 2 2 2 2 2 2 2 2 2 2 2 2 2 2 2 2 2 2 2 2 2 2 2 2 2 2 2 2 2 2 2 2 2 2 2 2 2 2 2 2 2 2 2 2 2 2 2 2 2 2 2 2 2 2 2 2 2 2 2 2 3 3 3 3 3 3 3 3 3 3 3 3 3 3 3 3 4 4 4 4 4 5 5 5 6 6 7 7 8]","2"
"24","0.3","10","0.7","10","9","3","50","true","true","0.1","0.03","2","10","45","24","[2 2 2 2 2 2 2 2 2 2 2 2 2 2 2 2 2 2 2 2 2 2 2 2 2 2 2 2 2 2 2 2 2 2 2 2 2 2 2 2 2 2 2 2 2 2 2 2 2 2 2 2 2 2 2 2 2 2 2 2 2 2 2 2 2 2 2 2 2 2 2 2 2 2 2 2 2 2 2 2 2 2 2 2 2 2 3 3 3 3 3 3 3 3 3 3 3 3 3 3 3 3 3 4 4 4 4 4 4 5 5 5 6 7 7 8]","2"
"24","0.3","10","0.7","10","9","3","50","true","true","0.1","0.03","2","10","46","24","[2 2 2 2 2 2 2 2 2 2 2 2 2 2 2 2 2 2 2 2 2 2 2 2 2 2 2 2 2 2 2 2 2 2 2 2 2 2 2 2 2 2 2 2 2 2 2 2 2 2 2 2 2 2 2 2 2 2 2 2 2 2 2 2 2 2 2 2 2 2 2 2 2 2 2 2 2 2 2 2 2 2 2 2 2 2 2 2 3 3 3 3 3 3 3 3 3 3 3 3 3 3 3 3 3 3 4 4 4 4 4 4 4 5 5 5 6 7 7 8]","2"
"24","0.3","10","0.7","10","9","3","50","true","true","0.1","0.03","2","10","47","24","[2 2 2 2 2 2 2 2 2 2 2 2 2 2 2 2 2 2 2 2 2 2 2 2 2 2 2 2 2 2 2 2 2 2 2 2 2 2 2 2 2 2 2 2 2 2 2 2 2 2 2 2 2 2 2 2 2 2 2 2 2 2 2 2 2 2 2 2 2 2 2 2 2 2 2 2 2 2 2 2 2 2 2 2 2 2 2 2 2 2 2 2 2 2 2 2 3 3 3 3 3 3 3 3 3 3 3 3 3 3 3 3 3 3 3 4 4 4 4 4 4 5 5 5 6 6 7 8]","2"
"24","0.3","10","0.7","10","9","3","50","true","true","0.1","0.03","2","10","48","24","[2 2 2 2 2 2 2 2 2 2 2 2 2 2 2 2 2 2 2 2 2 2 2 2 2 2 2 2 2 2 2 2 2 2 2 2 2 2 2 2 2 2 2 2 2 2 2 2 2 2 2 2 2 2 2 2 2 2 2 2 2 2 2 2 2 2 2 2 2 2 2 2 2 2 2 2 2 2 2 2 2 2 2 2 2 2 2 2 2 2 2 2 2 2 2 2 2 2 2 2 3 3 3 3 3 3 3 3 3 3 3 3 3 3 3 3 3 3 3 3 4 4 4 4 4 4 5 5 5 6 6 7 8]","2"
"24","0.3","10","0.7","10","9","3","50","true","true","0.1","0.03","2","10","49","24","[2 2 2 2 2 2 2 2 2 2 2 2 2 2 2 2 2 2 2 2 2 2 2 2 2 2 2 2 2 2 2 2 2 2 2 2 2 2 2 2 2 2 2 2 2 2 2 2 2 2 2 2 2 2 2 2 2 2 2 2 2 2 2 2 2 2 2 2 2 2 2 2 2 2 2 2 2 2 2 2 2 2 2 2 2 2 2 2 2 2 2 2 2 2 2 2 2 2 2 2 2 2 2 2 3 3 3 3 3 3 3 3 3 3 3 3 3 3 3 3 3 3 3 3 4 4 4 4 4 4 4 5 5 5 6 6 7 8]","2"
"24","0.3","10","0.7","10","9","3","50","true","true","0.1","0.03","2","10","50","24","[2 2 2 2 2 2 2 2 2 2 2 2 2 2 2 2 2 2 2 2 2 2 2 2 2 2 2 2 2 2 2 2 2 2 2 2 2 2 2 2 2 2 2 2 2 2 2 2 2 2 2 2 2 2 2 2 2 2 2 2 2 2 2 2 2 2 2 2 2 2 2 2 2 2 2 2 2 2 2 2 2 2 2 2 2 2 2 2 2 2 2 2 2 2 2 2 2 2 2 2 2 2 2 2 2 2 2 2 2 2 3 3 3 3 3 3 3 3 3 3 3 3 3 3 3 3 3 3 3 3 4 4 4 4 4 4 4 4 5 5 5 6 6 7 8]","2"
"25","0.3","10","0.7","10","9","3","50","true","true","0.1","0.03","2","10","0","25","[]","0"
"25","0.3","10","0.7","10","9","3","50","true","true","0.1","0.03","2","10","1","25","[2 2 2 3 4]","2"
"25","0.3","10","0.7","10","9","3","50","true","true","0.1","0.03","2","10","2","25","[2 2 2 2 2 3 4 5]","2"
"25","0.3","10","0.7","10","9","3","50","true","true","0.1","0.03","2","10","3","25","[2 2 2 2 2 2 2 2 2 3 3 3 4 5]","2"
"25","0.3","10","0.7","10","9","3","50","true","true","0.1","0.03","2","10","4","25","[2 2 2 2 2 2 2 2 2 3 3 3 3 4 5]","2"
"25","0.3","10","0.7","10","9","3","50","true","true","0.1","0.03","2","10","5","25","[2 2 2 2 2 2 2 2 2 2 2 2 3 3 3 3 4 5 7]","2"
"25","0.3","10","0.7","10","9","3","50","true","true","0.1","0.03","2","10","6","25","[2 2 2 2 2 2 2 2 2 2 2 2 2 3 3 3 3 3 4 5 5 7 8]","2"
"25","0.3","10","0.7","10","9","3","50","true","true","0.1","0.03","2","10","7","25","[2 2 2 2 2 2 2 2 2 2 2 2 2 3 3 3 3 3 3 3 3 4 5 5 7 8]","2"
"25","0.3","10","0.7","10","9","3","50","true","true","0.1","0.03","2","10","8","25","[2 2 2 2 2 2 2 2 2 2 2 2 2 2 2 2 3 3 3 3 3 3 3 3 4 5 5 7 8]","2"
"25","0.3","10","0.7","10","9","3","50","true","true","0.1","0.03","2","10","9","25","[2 2 2 2 2 2 2 2 2 2 2 2 2 2 2 2 2 2 3 3 3 3 3 3 3 3 3 3 4 5 5 6 7]","2"
"25","0.3","10","0.7","10","9","3","50","true","true","0.1","0.03","2","10","10","25","[2 2 2 2 2 2 2 2 2 2 2 2 2 2 2 2 2 2 2 2 3 3 3 3 3 3 3 3 3 4 4 5 5 6 7]","2"
"25","0.3","10","0.7","10","9","3","50","true","true","0.1","0.03","2","10","11","25","[2 2 2 2 2 2 2 2 2 2 2 2 2 2 2 2 2 2 2 2 2 3 3 3 3 3 3 3 3 3 4 4 5 5 6 7]","2"
"25","0.3","10","0.7","10","9","3","50","true","true","0.1","0.03","2","10","12","25","[2 2 2 2 2 2 2 2 2 2 2 2 2 2 2 2 2 2 2 2 2 2 2 3 3 3 3 3 3 3 3 3 4 4 5 5 6 7]","2"
"25","0.3","10","0.7","10","9","3","50","true","true","0.1","0.03","2","10","13","25","[2 2 2 2 2 2 2 2 2 2 2 2 2 2 2 2 2 2 2 2 2 2 2 2 2 3 3 3 3 3 3 3 3 3 3 4 4 5 5 7]","2"
"25","0.3","10","0.7","10","9","3","50","true","true","0.1","0.03","2","10","14","25","[2 2 2 2 2 2 2 2 2 2 2 2 2 2 2 2 2 2 2 2 2 2 2 2 2 2 3 3 3 3 3 3 3 3 3 3 3 4 4 5 5 7]","2"
"25","0.3","10","0.7","10","9","3","50","true","true","0.1","0.03","2","10","15","25","[2 2 2 2 2 2 2 2 2 2 2 2 2 2 2 2 2 2 2 2 2 2 2 2 2 2 3 3 3 3 3 3 3 3 3 3 3 4 4 5 5 7]","2"
"25","0.3","10","0.7","10","9","3","50","true","true","0.1","0.03","2","10","16","25","[2 2 2 2 2 2 2 2 2 2 2 2 2 2 2 2 2 2 2 2 2 2 2 2 2 2 2 2 3 3 3 3 3 3 3 3 3 3 3 4 4 5 5 7]","2"
"25","0.3","10","0.7","10","9","3","50","true","true","0.1","0.03","2","10","17","25","[2 2 2 2 2 2 2 2 2 2 2 2 2 2 2 2 2 2 2 2 2 2 2 2 2 2 2 2 3 3 3 3 3 3 3 3 3 3 3 4 4 5 5 7]","2"
"25","0.3","10","0.7","10","9","3","50","true","true","0.1","0.03","2","10","18","25","[2 2 2 2 2 2 2 2 2 2 2 2 2 2 2 2 2 2 2 2 2 2 2 2 2 2 2 2 2 2 2 3 3 3 3 3 3 3 3 3 3 3 4 4 5 5 7]","2"
"25","0.3","10","0.7","10","9","3","50","true","true","0.1","0.03","2","10","19","25","[2 2 2 2 2 2 2 2 2 2 2 2 2 2 2 2 2 2 2 2 2 2 2 2 2 2 2 2 2 2 2 3 3 3 3 3 3 3 3 3 3 3 4 4 5 5 7 7]","2"
"25","0.3","10","0.7","10","9","3","50","true","true","0.1","0.03","2","10","20","25","[2 2 2 2 2 2 2 2 2 2 2 2 2 2 2 2 2 2 2 2 2 2 2 2 2 2 2 2 2 2 2 2 3 3 3 3 3 3 3 3 3 3 3 4 4 5 5 7 7]","2"
"25","0.3","10","0.7","10","9","3","50","true","true","0.1","0.03","2","10","21","25","[2 2 2 2 2 2 2 2 2 2 2 2 2 2 2 2 2 2 2 2 2 2 2 2 2 2 2 2 2 2 2 2 2 3 3 3 3 3 3 3 3 3 3 3 3 3 4 4 5 5 6 7]","2"
"25","0.3","10","0.7","10","9","3","50","true","true","0.1","0.03","2","10","22","25","[2 2 2 2 2 2 2 2 2 2 2 2 2 2 2 2 2 2 2 2 2 2 2 2 2 2 2 2 2 2 2 2 2 2 2 2 2 3 3 3 3 3 3 3 3 3 3 3 3 3 4 4 4 5 5]","2"
"25","0.3","10","0.7","10","9","3","50","true","true","0.1","0.03","2","10","23","25","[2 2 2 2 2 2 2 2 2 2 2 2 2 2 2 2 2 2 2 2 2 2 2 2 2 2 2 2 2 2 2 2 2 2 2 2 2 2 2 3 3 3 3 3 3 3 3 3 3 3 3 4 4 5 5]","2"
"25","0.3","10","0.7","10","9","3","50","true","true","0.1","0.03","2","10","24","25","[2 2 2 2 2 2 2 2 2 2 2 2 2 2 2 2 2 2 2 2 2 2 2 2 2 2 2 2 2 2 2 2 2 2 2 2 2 2 2 3 3 3 3 3 3 3 3 3 3 3 3 3 4 4 5 5]","2"
"25","0.3","10","0.7","10","9","3","50","true","true","0.1","0.03","2","10","25","25","[2 2 2 2 2 2 2 2 2 2 2 2 2 2 2 2 2 2 2 2 2 2 2 2 2 2 2 2 2 2 2 2 2 2 2 2 2 2 2 2 2 3 3 3 3 3 3 3 3 3 3 3 3 3 4 4 5 5]","2"
"25","0.3","10","0.7","10","9","3","50","true","true","0.1","0.03","2","10","26","25","[2 2 2 2 2 2 2 2 2 2 2 2 2 2 2 2 2 2 2 2 2 2 2 2 2 2 2 2 2 2 2 2 2 2 2 2 2 2 2 2 2 2 2 2 2 3 3 3 3 3 3 3 3 3 3 3 3 4 4 5 5]","2"
"25","0.3","10","0.7","10","9","3","50","true","true","0.1","0.03","2","10","27","25","[2 2 2 2 2 2 2 2 2 2 2 2 2 2 2 2 2 2 2 2 2 2 2 2 2 2 2 2 2 2 2 2 2 2 2 2 2 2 2 2 2 2 2 2 2 2 2 3 3 3 3 3 3 3 3 3 3 3 3 4 4 5 5]","2"
"25","0.3","10","0.7","10","9","3","50","true","true","0.1","0.03","2","10","28","25","[2 2 2 2 2 2 2 2 2 2 2 2 2 2 2 2 2 2 2 2 2 2 2 2 2 2 2 2 2 2 2 2 2 2 2 2 2 2 2 2 2 2 2 2 2 2 3 3 3 3 3 3 3 3 3 3 3 3 3 4 4 5 5]","2"
"25","0.3","10","0.7","10","9","3","50","true","true","0.1","0.03","2","10","29","25","[2 2 2 2 2 2 2 2 2 2 2 2 2 2 2 2 2 2 2 2 2 2 2 2 2 2 2 2 2 2 2 2 2 2 2 2 2 2 2 2 2 2 2 2 2 2 2 2 2 3 3 3 3 3 3 3 3 3 3 3 3 4 4 5 5]","2"
"25","0.3","10","0.7","10","9","3","50","true","true","0.1","0.03","2","10","30","25","[2 2 2 2 2 2 2 2 2 2 2 2 2 2 2 2 2 2 2 2 2 2 2 2 2 2 2 2 2 2 2 2 2 2 2 2 2 2 2 2 2 2 2 2 2 2 2 2 2 2 3 3 3 3 3 3 3 3 3 3 3 3 3 3 3 4 4 5 5]","2"
"25","0.3","10","0.7","10","9","3","50","true","true","0.1","0.03","2","10","31","25","[2 2 2 2 2 2 2 2 2 2 2 2 2 2 2 2 2 2 2 2 2 2 2 2 2 2 2 2 2 2 2 2 2 2 2 2 2 2 2 2 2 2 2 2 2 2 2 2 2 2 2 2 3 3 3 3 3 3 3 3 3 3 3 3 3 3 3 4 4 5 5]","2"
"25","0.3","10","0.7","10","9","3","50","true","true","0.1","0.03","2","10","32","25","[2 2 2 2 2 2 2 2 2 2 2 2 2 2 2 2 2 2 2 2 2 2 2 2 2 2 2 2 2 2 2 2 2 2 2 2 2 2 2 2 2 2 2 2 2 2 2 2 2 2 2 2 2 3 3 3 3 3 3 3 3 3 3 3 3 3 3 3 3 4 4 5 5]","2"
"25","0.3","10","0.7","10","9","3","50","true","true","0.1","0.03","2","10","33","25","[2 2 2 2 2 2 2 2 2 2 2 2 2 2 2 2 2 2 2 2 2 2 2 2 2 2 2 2 2 2 2 2 2 2 2 2 2 2 2 2 2 2 2 2 2 2 2 2 2 2 2 2 2 2 3 3 3 3 3 3 3 3 3 3 3 3 3 3 3 3 3 4 4 5 5]","2"
"25","0.3","10","0.7","10","9","3","50","true","true","0.1","0.03","2","10","34","25","[2 2 2 2 2 2 2 2 2 2 2 2 2 2 2 2 2 2 2 2 2 2 2 2 2 2 2 2 2 2 2 2 2 2 2 2 2 2 2 2 2 2 2 2 2 2 2 2 2 2 2 2 2 2 2 3 3 3 3 3 3 3 3 3 3 3 3 3 3 3 3 3 3 3 4 4 5 5]","2"
"25","0.3","10","0.7","10","9","3","50","true","true","0.1","0.03","2","10","35","25","[2 2 2 2 2 2 2 2 2 2 2 2 2 2 2 2 2 2 2 2 2 2 2 2 2 2 2 2 2 2 2 2 2 2 2 2 2 2 2 2 2 2 2 2 2 2 2 2 2 2 2 2 2 2 2 2 2 2 2 3 3 3 3 3 3 3 3 3 3 3 3 3 3 3 3 3 3 3 4 4 5 5]","2"
"25","0.3","10","0.7","10","9","3","50","true","true","0.1","0.03","2","10","36","25","[2 2 2 2 2 2 2 2 2 2 2 2 2 2 2 2 2 2 2 2 2 2 2 2 2 2 2 2 2 2 2 2 2 2 2 2 2 2 2 2 2 2 2 2 2 2 2 2 2 2 2 2 2 2 2 2 2 2 2 2 2 2 2 3 3 3 3 3 3 3 3 3 3 3 3 3 3 3 3 3 3 3 3 4 5 5]","2"
"25","0.3","10","0.7","10","9","3","50","true","true","0.1","0.03","2","10","37","25","[2 2 2 2 2 2 2 2 2 2 2 2 2 2 2 2 2 2 2 2 2 2 2 2 2 2 2 2 2 2 2 2 2 2 2 2 2 2 2 2 2 2 2 2 2 2 2 2 2 2 2 2 2 2 2 2 2 2 2 2 2 2 2 2 2 2 3 3 3 3 3 3 3 3 3 3 3 3 3 3 3 3 3 3 3 3 4 5 5]","2"
"25","0.3","10","0.7","10","9","3","50","true","true","0.1","0.03","2","10","38","25","[2 2 2 2 2 2 2 2 2 2 2 2 2 2 2 2 2 2 2 2 2 2 2 2 2 2 2 2 2 2 2 2 2 2 2 2 2 2 2 2 2 2 2 2 2 2 2 2 2 2 2 2 2 2 2 2 2 2 2 2 2 2 2 2 2 2 2 2 2 2 2 2 3 3 3 3 3 3 3 3 3 3 3 3 3 3 3 3 3 3 3 3 4 5 5]","2"
"25","0.3","10","0.7","10","9","3","50","true","true","0.1","0.03","2","10","39","25","[2 2 2 2 2 2 2 2 2 2 2 2 2 2 2 2 2 2 2 2 2 2 2 2 2 2 2 2 2 2 2 2 2 2 2 2 2 2 2 2 2 2 2 2 2 2 2 2 2 2 2 2 2 2 2 2 2 2 2 2 2 2 2 2 2 2 2 2 2 2 2 2 2 3 3 3 3 3 3 3 3 3 3 3 3 3 3 3 3 3 3 3 3 3 4 5 5 6]","2"
"25","0.3","10","0.7","10","9","3","50","true","true","0.1","0.03","2","10","40","25","[2 2 2 2 2 2 2 2 2 2 2 2 2 2 2 2 2 2 2 2 2 2 2 2 2 2 2 2 2 2 2 2 2 2 2 2 2 2 2 2 2 2 2 2 2 2 2 2 2 2 2 2 2 2 2 2 2 2 2 2 2 2 2 2 2 2 2 2 2 2 2 2 2 2 2 2 2 3 3 3 3 3 3 3 3 3 3 3 3 3 3 3 3 3 3 3 3 4 4 5 5 6]","2"
"25","0.3","10","0.7","10","9","3","50","true","true","0.1","0.03","2","10","41","25","[2 2 2 2 2 2 2 2 2 2 2 2 2 2 2 2 2 2 2 2 2 2 2 2 2 2 2 2 2 2 2 2 2 2 2 2 2 2 2 2 2 2 2 2 2 2 2 2 2 2 2 2 2 2 2 2 2 2 2 2 2 2 2 2 2 2 2 2 2 2 2 2 2 2 2 2 2 2 2 2 2 2 2 3 3 3 3 3 3 3 3 3 3 3 3 3 3 3 3 3 3 3 4 4 4 4 5 5]","2"
"25","0.3","10","0.7","10","9","3","50","true","true","0.1","0.03","2","10","42","25","[2 2 2 2 2 2 2 2 2 2 2 2 2 2 2 2 2 2 2 2 2 2 2 2 2 2 2 2 2 2 2 2 2 2 2 2 2 2 2 2 2 2 2 2 2 2 2 2 2 2 2 2 2 2 2 2 2 2 2 2 2 2 2 2 2 2 2 2 2 2 2 2 2 2 2 2 2 2 2 2 2 2 2 2 2 2 3 3 3 3 3 3 3 3 3 3 3 3 3 3 3 3 3 3 4 4 4 4 5 5]","2"
"25","0.3","10","0.7","10","9","3","50","true","true","0.1","0.03","2","10","43","25","[2 2 2 2 2 2 2 2 2 2 2 2 2 2 2 2 2 2 2 2 2 2 2 2 2 2 2 2 2 2 2 2 2 2 2 2 2 2 2 2 2 2 2 2 2 2 2 2 2 2 2 2 2 2 2 2 2 2 2 2 2 2 2 2 2 2 2 2 2 2 2 2 2 2 2 2 2 2 2 2 2 2 2 2 2 2 2 2 2 3 3 3 3 3 3 3 3 3 3 3 3 3 3 3 3 3 3 3 4 4 4 4 5 5]","2"
"25","0.3","10","0.7","10","9","3","50","true","true","0.1","0.03","2","10","44","25","[2 2 2 2 2 2 2 2 2 2 2 2 2 2 2 2 2 2 2 2 2 2 2 2 2 2 2 2 2 2 2 2 2 2 2 2 2 2 2 2 2 2 2 2 2 2 2 2 2 2 2 2 2 2 2 2 2 2 2 2 2 2 2 2 2 2 2 2 2 2 2 2 2 2 2 2 2 2 2 2 2 2 2 2 2 2 2 2 2 3 3 3 3 3 3 3 3 3 3 3 3 3 3 3 3 3 3 3 3 3 3 4 4 4 4 5 5]","2"
"25","0.3","10","0.7","10","9","3","50","true","true","0.1","0.03","2","10","45","25","[2 2 2 2 2 2 2 2 2 2 2 2 2 2 2 2 2 2 2 2 2 2 2 2 2 2 2 2 2 2 2 2 2 2 2 2 2 2 2 2 2 2 2 2 2 2 2 2 2 2 2 2 2 2 2 2 2 2 2 2 2 2 2 2 2 2 2 2 2 2 2 2 2 2 2 2 2 2 2 2 2 2 2 2 2 2 2 2 2 2 3 3 3 3 3 3 3 3 3 3 3 3 3 3 3 3 3 3 3 3 3 4 4 4 4 5 5]","2"
"25","0.3","10","0.7","10","9","3","50","true","true","0.1","0.03","2","10","46","25","[2 2 2 2 2 2 2 2 2 2 2 2 2 2 2 2 2 2 2 2 2 2 2 2 2 2 2 2 2 2 2 2 2 2 2 2 2 2 2 2 2 2 2 2 2 2 2 2 2 2 2 2 2 2 2 2 2 2 2 2 2 2 2 2 2 2 2 2 2 2 2 2 2 2 2 2 2 2 2 2 2 2 2 2 2 2 2 2 2 2 2 2 2 2 3 3 3 3 3 3 3 3 3 3 3 3 3 3 3 3 3 3 3 3 3 3 3 4 4 4 4 5 5]","2"
"25","0.3","10","0.7","10","9","3","50","true","true","0.1","0.03","2","10","47","25","[2 2 2 2 2 2 2 2 2 2 2 2 2 2 2 2 2 2 2 2 2 2 2 2 2 2 2 2 2 2 2 2 2 2 2 2 2 2 2 2 2 2 2 2 2 2 2 2 2 2 2 2 2 2 2 2 2 2 2 2 2 2 2 2 2 2 2 2 2 2 2 2 2 2 2 2 2 2 2 2 2 2 2 2 2 2 2 2 2 2 2 2 2 2 2 2 2 2 2 2 2 3 3 3 3 3 3 3 3 3 3 3 3 3 3 3 3 3 3 3 3 3 3 4 4 4 4 5 5]","2"
"25","0.3","10","0.7","10","9","3","50","true","true","0.1","0.03","2","10","48","25","[2 2 2 2 2 2 2 2 2 2 2 2 2 2 2 2 2 2 2 2 2 2 2 2 2 2 2 2 2 2 2 2 2 2 2 2 2 2 2 2 2 2 2 2 2 2 2 2 2 2 2 2 2 2 2 2 2 2 2 2 2 2 2 2 2 2 2 2 2 2 2 2 2 2 2 2 2 2 2 2 2 2 2 2 2 2 2 2 2 2 2 2 2 2 2 2 2 2 2 2 2 2 2 2 3 3 3 3 3 3 3 3 3 3 3 3 3 3 3 3 3 3 3 3 3 3 3 4 4 4 4 4 5 5]","2"
"25","0.3","10","0.7","10","9","3","50","true","true","0.1","0.03","2","10","49","25","[2 2 2 2 2 2 2 2 2 2 2 2 2 2 2 2 2 2 2 2 2 2 2 2 2 2 2 2 2 2 2 2 2 2 2 2 2 2 2 2 2 2 2 2 2 2 2 2 2 2 2 2 2 2 2 2 2 2 2 2 2 2 2 2 2 2 2 2 2 2 2 2 2 2 2 2 2 2 2 2 2 2 2 2 2 2 2 2 2 2 2 2 2 2 2 2 2 2 2 2 2 2 2 2 2 3 3 3 3 3 3 3 3 3 3 3 3 3 3 3 3 3 3 3 3 3 3 3 3 4 4 4 4 4 4 5 5 5]","2"
"25","0.3","10","0.7","10","9","3","50","true","true","0.1","0.03","2","10","50","25","[2 2 2 2 2 2 2 2 2 2 2 2 2 2 2 2 2 2 2 2 2 2 2 2 2 2 2 2 2 2 2 2 2 2 2 2 2 2 2 2 2 2 2 2 2 2 2 2 2 2 2 2 2 2 2 2 2 2 2 2 2 2 2 2 2 2 2 2 2 2 2 2 2 2 2 2 2 2 2 2 2 2 2 2 2 2 2 2 2 2 2 2 2 2 2 2 2 2 2 2 2 2 2 2 2 2 2 3 3 3 3 3 3 3 3 3 3 3 3 3 3 3 3 3 3 3 3 3 3 3 4 4 4 4 4 4 5 5 5]","2"
"26","0.3","10","0.7","10","9","3","50","true","true","0.1","0.03","2","10","0","26","[]","0"
"26","0.3","10","0.7","10","9","3","50","true","true","0.1","0.03","2","10","1","26","[2 2 2 2 2]","2"
"26","0.3","10","0.7","10","9","3","50","true","true","0.1","0.03","2","10","2","26","[2 2 2 2 2 2 2 2 2 2]","2"
"26","0.3","10","0.7","10","9","3","50","true","true","0.1","0.03","2","10","3","26","[2 2 2 2 2 2 2 2 2 2 2 2 2 2 2]","2"
"26","0.3","10","0.7","10","9","3","50","true","true","0.1","0.03","2","10","4","26","[2 2 2 2 2 2 2 2 2 2 2 2 2 2 2 2 2 2 2 2 2]","2"
"26","0.3","10","0.7","10","9","3","50","true","true","0.1","0.03","2","10","5","26","[2 2 2 2 2 2 2 2 2 2 2 2 2 2 2 2 2 2 2 2 2 2 2 2 2]","2"
"26","0.3","10","0.7","10","9","3","50","true","true","0.1","0.03","2","10","6","26","[2 2 2 2 2 2 2 2 2 2 2 2 2 2 2 2 2 2 2 2 2 2 2 2 2 2 2]","2"
"26","0.3","10","0.7","10","9","3","50","true","true","0.1","0.03","2","10","7","26","[2 2 2 2 2 2 2 2 2 2 2 2 2 2 2 2 2 2 2 2 2 2 2 2 2 2 2 2 2]","2"
"26","0.3","10","0.7","10","9","3","50","true","true","0.1","0.03","2","10","8","26","[2 2 2 2 2 2 2 2 2 2 2 2 2 2 2 2 2 2 2 2 2 2 2 2 2 2 2 2 2 2]","2"
"26","0.3","10","0.7","10","9","3","50","true","true","0.1","0.03","2","10","9","26","[2 2 2 2 2 2 2 2 2 2 2 2 2 2 2 2 2 2 2 2 2 2 2 2 2 2 2 2 2 2 2]","2"
"26","0.3","10","0.7","10","9","3","50","true","true","0.1","0.03","2","10","10","26","[2 2 2 2 2 2 2 2 2 2 2 2 2 2 2 2 2 2 2 2 2 2 2 2 2 2 2 2 2 2]","2"
"26","0.3","10","0.7","10","9","3","50","true","true","0.1","0.03","2","10","11","26","[2 2 2 2 2 2 2 2 2 2 2 2 2 2 2 2 2 2 2 2 2 2 2 2 2 2 2 2 2 2 2]","2"
"26","0.3","10","0.7","10","9","3","50","true","true","0.1","0.03","2","10","12","26","[2 2 2 2 2 2 2 2 2 2 2 2 2 2 2 2 2 2 2 2 2 2 2 2 2 2 2 2 2 2 2 2 2 2 2]","2"
"26","0.3","10","0.7","10","9","3","50","true","true","0.1","0.03","2","10","13","26","[2 2 2 2 2 2 2 2 2 2 2 2 2 2 2 2 2 2 2 2 2 2 2 2 2 2 2 2 2 2 2 2 2 2 2 2]","2"
"26","0.3","10","0.7","10","9","3","50","true","true","0.1","0.03","2","10","14","26","[2 2 2 2 2 2 2 2 2 2 2 2 2 2 2 2 2 2 2 2 2 2 2 2 2 2 2 2 2 2 2 2 2 2 2 2]","2"
"26","0.3","10","0.7","10","9","3","50","true","true","0.1","0.03","2","10","15","26","[2 2 2 2 2 2 2 2 2 2 2 2 2 2 2 2 2 2 2 2 2 2 2 2 2 2 2 2 2 2 2 2 2 2 2 2 2]","2"
"26","0.3","10","0.7","10","9","3","50","true","true","0.1","0.03","2","10","16","26","[2 2 2 2 2 2 2 2 2 2 2 2 2 2 2 2 2 2 2 2 2 2 2 2 2 2 2 2 2 2 2 2 2 2 2 2 2 2]","2"
"26","0.3","10","0.7","10","9","3","50","true","true","0.1","0.03","2","10","17","26","[2 2 2 2 2 2 2 2 2 2 2 2 2 2 2 2 2 2 2 2 2 2 2 2 2 2 2 2 2 2 2 2 2 2 2 2 2 2]","2"
"26","0.3","10","0.7","10","9","3","50","true","true","0.1","0.03","2","10","18","26","[2 2 2 2 2 2 2 2 2 2 2 2 2 2 2 2 2 2 2 2 2 2 2 2 2 2 2 2 2 2 2 2 2 2 2 2 2 2 2 2]","2"
"26","0.3","10","0.7","10","9","3","50","true","true","0.1","0.03","2","10","19","26","[2 2 2 2 2 2 2 2 2 2 2 2 2 2 2 2 2 2 2 2 2 2 2 2 2 2 2 2 2 2 2 2 2 2 2 2 2 2 2 2 2]","2"
"26","0.3","10","0.7","10","9","3","50","true","true","0.1","0.03","2","10","20","26","[2 2 2 2 2 2 2 2 2 2 2 2 2 2 2 2 2 2 2 2 2 2 2 2 2 2 2 2 2 2 2 2 2 2 2 2 2 2 2 2 2 2]","2"
"26","0.3","10","0.7","10","9","3","50","true","true","0.1","0.03","2","10","21","26","[2 2 2 2 2 2 2 2 2 2 2 2 2 2 2 2 2 2 2 2 2 2 2 2 2 2 2 2 2 2 2 2 2 2 2 2 2 2 2 2 2 2 2 2 2 3]","2"
"26","0.3","10","0.7","10","9","3","50","true","true","0.1","0.03","2","10","22","26","[2 2 2 2 2 2 2 2 2 2 2 2 2 2 2 2 2 2 2 2 2 2 2 2 2 2 2 2 2 2 2 2 2 2 2 2 2 2 2 2 2 2 2 2 2 2 2 3]","2"
"26","0.3","10","0.7","10","9","3","50","true","true","0.1","0.03","2","10","23","26","[2 2 2 2 2 2 2 2 2 2 2 2 2 2 2 2 2 2 2 2 2 2 2 2 2 2 2 2 2 2 2 2 2 2 2 2 2 2 2 2 2 2 2 2 2 2 2 2 2 2 3]","2"
"26","0.3","10","0.7","10","9","3","50","true","true","0.1","0.03","2","10","24","26","[2 2 2 2 2 2 2 2 2 2 2 2 2 2 2 2 2 2 2 2 2 2 2 2 2 2 2 2 2 2 2 2 2 2 2 2 2 2 2 2 2 2 2 2 2 2 2 2 2 2 2 3]","2"
"26","0.3","10","0.7","10","9","3","50","true","true","0.1","0.03","2","10","25","26","[2 2 2 2 2 2 2 2 2 2 2 2 2 2 2 2 2 2 2 2 2 2 2 2 2 2 2 2 2 2 2 2 2 2 2 2 2 2 2 2 2 2 2 2 2 2 2 2 2 2 2 2 3]","2"
"26","0.3","10","0.7","10","9","3","50","true","true","0.1","0.03","2","10","26","26","[2 2 2 2 2 2 2 2 2 2 2 2 2 2 2 2 2 2 2 2 2 2 2 2 2 2 2 2 2 2 2 2 2 2 2 2 2 2 2 2 2 2 2 2 2 2 2 2 2 2 2 2 2 2 2 2 2 3]","2"
"26","0.3","10","0.7","10","9","3","50","true","true","0.1","0.03","2","10","27","26","[2 2 2 2 2 2 2 2 2 2 2 2 2 2 2 2 2 2 2 2 2 2 2 2 2 2 2 2 2 2 2 2 2 2 2 2 2 2 2 2 2 2 2 2 2 2 2 2 2 2 2 2 2 2 2 2 2 2 2 3]","2"
"26","0.3","10","0.7","10","9","3","50","true","true","0.1","0.03","2","10","28","26","[2 2 2 2 2 2 2 2 2 2 2 2 2 2 2 2 2 2 2 2 2 2 2 2 2 2 2 2 2 2 2 2 2 2 2 2 2 2 2 2 2 2 2 2 2 2 2 2 2 2 2 2 2 2 2 2 2 2 2 2 2 3]","2"
"26","0.3","10","0.7","10","9","3","50","true","true","0.1","0.03","2","10","29","26","[2 2 2 2 2 2 2 2 2 2 2 2 2 2 2 2 2 2 2 2 2 2 2 2 2 2 2 2 2 2 2 2 2 2 2 2 2 2 2 2 2 2 2 2 2 2 2 2 2 2 2 2 2 2 2 2 2 2 2 2 2 2 2 3 3]","2"
"26","0.3","10","0.7","10","9","3","50","true","true","0.1","0.03","2","10","30","26","[2 2 2 2 2 2 2 2 2 2 2 2 2 2 2 2 2 2 2 2 2 2 2 2 2 2 2 2 2 2 2 2 2 2 2 2 2 2 2 2 2 2 2 2 2 2 2 2 2 2 2 2 2 2 2 2 2 2 2 2 2 2 2 3 3]","2"
"26","0.3","10","0.7","10","9","3","50","true","true","0.1","0.03","2","10","31","26","[2 2 2 2 2 2 2 2 2 2 2 2 2 2 2 2 2 2 2 2 2 2 2 2 2 2 2 2 2 2 2 2 2 2 2 2 2 2 2 2 2 2 2 2 2 2 2 2 2 2 2 2 2 2 2 2 2 2 2 2 2 2 2 2 2 3 3]","2"
"26","0.3","10","0.7","10","9","3","50","true","true","0.1","0.03","2","10","32","26","[2 2 2 2 2 2 2 2 2 2 2 2 2 2 2 2 2 2 2 2 2 2 2 2 2 2 2 2 2 2 2 2 2 2 2 2 2 2 2 2 2 2 2 2 2 2 2 2 2 2 2 2 2 2 2 2 2 2 2 2 2 2 2 2 2 3 3]","2"
"26","0.3","10","0.7","10","9","3","50","true","true","0.1","0.03","2","10","33","26","[2 2 2 2 2 2 2 2 2 2 2 2 2 2 2 2 2 2 2 2 2 2 2 2 2 2 2 2 2 2 2 2 2 2 2 2 2 2 2 2 2 2 2 2 2 2 2 2 2 2 2 2 2 2 2 2 2 2 2 2 2 2 2 2 2 2 3 3]","2"
"26","0.3","10","0.7","10","9","3","50","true","true","0.1","0.03","2","10","34","26","[2 2 2 2 2 2 2 2 2 2 2 2 2 2 2 2 2 2 2 2 2 2 2 2 2 2 2 2 2 2 2 2 2 2 2 2 2 2 2 2 2 2 2 2 2 2 2 2 2 2 2 2 2 2 2 2 2 2 2 2 2 2 2 2 2 2 2 2 3 3 3]","2"
"26","0.3","10","0.7","10","9","3","50","true","true","0.1","0.03","2","10","35","26","[2 2 2 2 2 2 2 2 2 2 2 2 2 2 2 2 2 2 2 2 2 2 2 2 2 2 2 2 2 2 2 2 2 2 2 2 2 2 2 2 2 2 2 2 2 2 2 2 2 2 2 2 2 2 2 2 2 2 2 2 2 2 2 2 2 2 2 2 3 3 3 3]","2"
"26","0.3","10","0.7","10","9","3","50","true","true","0.1","0.03","2","10","36","26","[2 2 2 2 2 2 2 2 2 2 2 2 2 2 2 2 2 2 2 2 2 2 2 2 2 2 2 2 2 2 2 2 2 2 2 2 2 2 2 2 2 2 2 2 2 2 2 2 2 2 2 2 2 2 2 2 2 2 2 2 2 2 2 2 2 2 2 2 2 3 3 3 3]","2"
"26","0.3","10","0.7","10","9","3","50","true","true","0.1","0.03","2","10","37","26","[2 2 2 2 2 2 2 2 2 2 2 2 2 2 2 2 2 2 2 2 2 2 2 2 2 2 2 2 2 2 2 2 2 2 2 2 2 2 2 2 2 2 2 2 2 2 2 2 2 2 2 2 2 2 2 2 2 2 2 2 2 2 2 2 2 2 2 2 2 2 2 3 3 3 3]","2"
"26","0.3","10","0.7","10","9","3","50","true","true","0.1","0.03","2","10","38","26","[2 2 2 2 2 2 2 2 2 2 2 2 2 2 2 2 2 2 2 2 2 2 2 2 2 2 2 2 2 2 2 2 2 2 2 2 2 2 2 2 2 2 2 2 2 2 2 2 2 2 2 2 2 2 2 2 2 2 2 2 2 2 2 2 2 2 2 2 2 2 2 3 3 3 3 3]","2"
"26","0.3","10","0.7","10","9","3","50","true","true","0.1","0.03","2","10","39","26","[2 2 2 2 2 2 2 2 2 2 2 2 2 2 2 2 2 2 2 2 2 2 2 2 2 2 2 2 2 2 2 2 2 2 2 2 2 2 2 2 2 2 2 2 2 2 2 2 2 2 2 2 2 2 2 2 2 2 2 2 2 2 2 2 2 2 2 2 2 2 2 2 2 2 3 3 3 3 3]","2"
"26","0.3","10","0.7","10","9","3","50","true","true","0.1","0.03","2","10","40","26","[2 2 2 2 2 2 2 2 2 2 2 2 2 2 2 2 2 2 2 2 2 2 2 2 2 2 2 2 2 2 2 2 2 2 2 2 2 2 2 2 2 2 2 2 2 2 2 2 2 2 2 2 2 2 2 2 2 2 2 2 2 2 2 2 2 2 2 2 2 2 2 2 2 2 2 2 2 2 3 3 3 3 3]","2"
"26","0.3","10","0.7","10","9","3","50","true","true","0.1","0.03","2","10","41","26","[2 2 2 2 2 2 2 2 2 2 2 2 2 2 2 2 2 2 2 2 2 2 2 2 2 2 2 2 2 2 2 2 2 2 2 2 2 2 2 2 2 2 2 2 2 2 2 2 2 2 2 2 2 2 2 2 2 2 2 2 2 2 2 2 2 2 2 2 2 2 2 2 2 2 2 2 2 2 2 2 2 3 3 3 3 3 3]","2"
"26","0.3","10","0.7","10","9","3","50","true","true","0.1","0.03","2","10","42","26","[2 2 2 2 2 2 2 2 2 2 2 2 2 2 2 2 2 2 2 2 2 2 2 2 2 2 2 2 2 2 2 2 2 2 2 2 2 2 2 2 2 2 2 2 2 2 2 2 2 2 2 2 2 2 2 2 2 2 2 2 2 2 2 2 2 2 2 2 2 2 2 2 2 2 2 2 2 2 2 2 2 3 3 3 3 3 3]","2"
"26","0.3","10","0.7","10","9","3","50","true","true","0.1","0.03","2","10","43","26","[2 2 2 2 2 2 2 2 2 2 2 2 2 2 2 2 2 2 2 2 2 2 2 2 2 2 2 2 2 2 2 2 2 2 2 2 2 2 2 2 2 2 2 2 2 2 2 2 2 2 2 2 2 2 2 2 2 2 2 2 2 2 2 2 2 2 2 2 2 2 2 2 2 2 2 2 2 2 2 2 2 3 3 3 3 3 3 3]","2"
"26","0.3","10","0.7","10","9","3","50","true","true","0.1","0.03","2","10","44","26","[2 2 2 2 2 2 2 2 2 2 2 2 2 2 2 2 2 2 2 2 2 2 2 2 2 2 2 2 2 2 2 2 2 2 2 2 2 2 2 2 2 2 2 2 2 2 2 2 2 2 2 2 2 2 2 2 2 2 2 2 2 2 2 2 2 2 2 2 2 2 2 2 2 2 2 2 2 2 2 2 2 2 2 2 2 2 3 3 3 3 3 3 3]","2"
"26","0.3","10","0.7","10","9","3","50","true","true","0.1","0.03","2","10","45","26","[2 2 2 2 2 2 2 2 2 2 2 2 2 2 2 2 2 2 2 2 2 2 2 2 2 2 2 2 2 2 2 2 2 2 2 2 2 2 2 2 2 2 2 2 2 2 2 2 2 2 2 2 2 2 2 2 2 2 2 2 2 2 2 2 2 2 2 2 2 2 2 2 2 2 2 2 2 2 2 2 2 2 2 2 2 2 2 2 2 3 3 3 3 3 3 3]","2"
"26","0.3","10","0.7","10","9","3","50","true","true","0.1","0.03","2","10","46","26","[2 2 2 2 2 2 2 2 2 2 2 2 2 2 2 2 2 2 2 2 2 2 2 2 2 2 2 2 2 2 2 2 2 2 2 2 2 2 2 2 2 2 2 2 2 2 2 2 2 2 2 2 2 2 2 2 2 2 2 2 2 2 2 2 2 2 2 2 2 2 2 2 2 2 2 2 2 2 2 2 2 2 2 2 2 2 2 2 2 2 2 2 2 2 2 3 3 3 3 3 3 3]","2"
"26","0.3","10","0.7","10","9","3","50","true","true","0.1","0.03","2","10","47","26","[2 2 2 2 2 2 2 2 2 2 2 2 2 2 2 2 2 2 2 2 2 2 2 2 2 2 2 2 2 2 2 2 2 2 2 2 2 2 2 2 2 2 2 2 2 2 2 2 2 2 2 2 2 2 2 2 2 2 2 2 2 2 2 2 2 2 2 2 2 2 2 2 2 2 2 2 2 2 2 2 2 2 2 2 2 2 2 2 2 2 2 2 2 2 2 2 2 2 2 3 3 3 3 3 3 3]","2"
"26","0.3","10","0.7","10","9","3","50","true","true","0.1","0.03","2","10","48","26","[2 2 2 2 2 2 2 2 2 2 2 2 2 2 2 2 2 2 2 2 2 2 2 2 2 2 2 2 2 2 2 2 2 2 2 2 2 2 2 2 2 2 2 2 2 2 2 2 2 2 2 2 2 2 2 2 2 2 2 2 2 2 2 2 2 2 2 2 2 2 2 2 2 2 2 2 2 2 2 2 2 2 2 2 2 2 2 2 2 2 2 2 2 2 2 2 2 2 2 2 2 3 3 3 3 3 3 3 3 3]","2"
"26","0.3","10","0.7","10","9","3","50","true","true","0.1","0.03","2","10","49","26","[2 2 2 2 2 2 2 2 2 2 2 2 2 2 2 2 2 2 2 2 2 2 2 2 2 2 2 2 2 2 2 2 2 2 2 2 2 2 2 2 2 2 2 2 2 2 2 2 2 2 2 2 2 2 2 2 2 2 2 2 2 2 2 2 2 2 2 2 2 2 2 2 2 2 2 2 2 2 2 2 2 2 2 2 2 2 2 2 2 2 2 2 2 2 2 2 2 2 2 2 2 2 2 2 2 2 2 2 2 3 3 3 3 3 3 3 3 3]","2"
"26","0.3","10","0.7","10","9","3","50","true","true","0.1","0.03","2","10","50","26","[2 2 2 2 2 2 2 2 2 2 2 2 2 2 2 2 2 2 2 2 2 2 2 2 2 2 2 2 2 2 2 2 2 2 2 2 2 2 2 2 2 2 2 2 2 2 2 2 2 2 2 2 2 2 2 2 2 2 2 2 2 2 2 2 2 2 2 2 2 2 2 2 2 2 2 2 2 2 2 2 2 2 2 2 2 2 2 2 2 2 2 2 2 2 2 2 2 2 2 2 2 2 2 2 2 2 2 2 2 2 3 3 3 3 3 3 3 3 3]","2"
"27","0.3","10","0.7","10","9","3","50","true","true","0.1","0.03","2","10","0","27","[]","0"
"27","0.3","10","0.7","10","9","3","50","true","true","0.1","0.03","2","10","1","27","[2 2 2 2 2 2]","2"
"27","0.3","10","0.7","10","9","3","50","true","true","0.1","0.03","2","10","2","27","[2 2 2 2 2 2 2 2 2 3]","2"
"27","0.3","10","0.7","10","9","3","50","true","true","0.1","0.03","2","10","3","27","[2 2 2 2 2 2 2 2 2 2 2 2 2 2 2 2 3]","2"
"27","0.3","10","0.7","10","9","3","50","true","true","0.1","0.03","2","10","4","27","[2 2 2 2 2 2 2 2 2 2 2 2 2 2 2 2 2 2 2 2 3]","2"
"27","0.3","10","0.7","10","9","3","50","true","true","0.1","0.03","2","10","5","27","[2 2 2 2 2 2 2 2 2 2 2 2 2 2 2 2 2 2 2 2 2 3 3]","2"
"27","0.3","10","0.7","10","9","3","50","true","true","0.1","0.03","2","10","6","27","[2 2 2 2 2 2 2 2 2 2 2 2 2 2 2 2 2 2 2 2 2 2 2 2 2 3 3]","2"
"27","0.3","10","0.7","10","9","3","50","true","true","0.1","0.03","2","10","7","27","[2 2 2 2 2 2 2 2 2 2 2 2 2 2 2 2 2 2 2 2 2 2 2 2 2 2 2 3 3]","2"
"27","0.3","10","0.7","10","9","3","50","true","true","0.1","0.03","2","10","8","27","[2 2 2 2 2 2 2 2 2 2 2 2 2 2 2 2 2 2 2 2 2 2 2 2 2 2 2 2 3 3]","2"
"27","0.3","10","0.7","10","9","3","50","true","true","0.1","0.03","2","10","9","27","[2 2 2 2 2 2 2 2 2 2 2 2 2 2 2 2 2 2 2 2 2 2 2 2 2 2 2 2 2 2 2 2 2 2 3 3 4]","2"
"27","0.3","10","0.7","10","9","3","50","true","true","0.1","0.03","2","10","10","27","[2 2 2 2 2 2 2 2 2 2 2 2 2 2 2 2 2 2 2 2 2 2 2 2 2 2 2 2 2 2 2 2 2 2 2 2 3 3 4]","2"
"27","0.3","10","0.7","10","9","3","50","true","true","0.1","0.03","2","10","11","27","[2 2 2 2 2 2 2 2 2 2 2 2 2 2 2 2 2 2 2 2 2 2 2 2 2 2 2 2 2 2 2 2 2 2 2 2 2 2 3 3 4]","2"
"27","0.3","10","0.7","10","9","3","50","true","true","0.1","0.03","2","10","12","27","[2 2 2 2 2 2 2 2 2 2 2 2 2 2 2 2 2 2 2 2 2 2 2 2 2 2 2 2 2 2 2 2 2 2 2 2 2 2 2 2 3 3 4]","2"
"27","0.3","10","0.7","10","9","3","50","true","true","0.1","0.03","2","10","13","27","[2 2 2 2 2 2 2 2 2 2 2 2 2 2 2 2 2 2 2 2 2 2 2 2 2 2 2 2 2 2 2 2 2 2 2 2 2 2 2 2 2 3 3 4]","2"
"27","0.3","10","0.7","10","9","3","50","true","true","0.1","0.03","2","10","14","27","[2 2 2 2 2 2 2 2 2 2 2 2 2 2 2 2 2 2 2 2 2 2 2 2 2 2 2 2 2 2 2 2 2 2 2 2 2 2 2 2 2 2 2 2 3 3 4]","2"
"27","0.3","10","0.7","10","9","3","50","true","true","0.1","0.03","2","10","15","27","[2 2 2 2 2 2 2 2 2 2 2 2 2 2 2 2 2 2 2 2 2 2 2 2 2 2 2 2 2 2 2 2 2 2 2 2 2 2 2 2 2 2 2 2 2 2 3 3 3 4]","2"
"27","0.3","10","0.7","10","9","3","50","true","true","0.1","0.03","2","10","16","27","[2 2 2 2 2 2 2 2 2 2 2 2 2 2 2 2 2 2 2 2 2 2 2 2 2 2 2 2 2 2 2 2 2 2 2 2 2 2 2 2 2 2 2 2 2 2 3 3 3 4]","2"
"27","0.3","10","0.7","10","9","3","50","true","true","0.1","0.03","2","10","17","27","[2 2 2 2 2 2 2 2 2 2 2 2 2 2 2 2 2 2 2 2 2 2 2 2 2 2 2 2 2 2 2 2 2 2 2 2 2 2 2 2 2 2 2 2 2 2 2 2 2 2 2 3 3 3 4]","2"
"27","0.3","10","0.7","10","9","3","50","true","true","0.1","0.03","2","10","18","27","[2 2 2 2 2 2 2 2 2 2 2 2 2 2 2 2 2 2 2 2 2 2 2 2 2 2 2 2 2 2 2 2 2 2 2 2 2 2 2 2 2 2 2 2 2 2 2 2 2 2 2 2 3 3 4]","2"
"27","0.3","10","0.7","10","9","3","50","true","true","0.1","0.03","2","10","19","27","[2 2 2 2 2 2 2 2 2 2 2 2 2 2 2 2 2 2 2 2 2 2 2 2 2 2 2 2 2 2 2 2 2 2 2 2 2 2 2 2 2 2 2 2 2 2 2 2 2 2 2 2 3 3 4]","2"
"27","0.3","10","0.7","10","9","3","50","true","true","0.1","0.03","2","10","20","27","[2 2 2 2 2 2 2 2 2 2 2 2 2 2 2 2 2 2 2 2 2 2 2 2 2 2 2 2 2 2 2 2 2 2 2 2 2 2 2 2 2 2 2 2 2 2 2 2 2 2 2 2 2 3 3 4]","2"
"27","0.3","10","0.7","10","9","3","50","true","true","0.1","0.03","2","10","21","27","[2 2 2 2 2 2 2 2 2 2 2 2 2 2 2 2 2 2 2 2 2 2 2 2 2 2 2 2 2 2 2 2 2 2 2 2 2 2 2 2 2 2 2 2 2 2 2 2 2 2 2 2 2 2 3 3 4]","2"
"27","0.3","10","0.7","10","9","3","50","true","true","0.1","0.03","2","10","22","27","[2 2 2 2 2 2 2 2 2 2 2 2 2 2 2 2 2 2 2 2 2 2 2 2 2 2 2 2 2 2 2 2 2 2 2 2 2 2 2 2 2 2 2 2 2 2 2 2 2 2 2 2 2 2 2 3 3 4]","2"
"27","0.3","10","0.7","10","9","3","50","true","true","0.1","0.03","2","10","23","27","[2 2 2 2 2 2 2 2 2 2 2 2 2 2 2 2 2 2 2 2 2 2 2 2 2 2 2 2 2 2 2 2 2 2 2 2 2 2 2 2 2 2 2 2 2 2 2 2 2 2 2 2 2 2 2 2 2 2 2 3 3 4]","2"
"27","0.3","10","0.7","10","9","3","50","true","true","0.1","0.03","2","10","24","27","[2 2 2 2 2 2 2 2 2 2 2 2 2 2 2 2 2 2 2 2 2 2 2 2 2 2 2 2 2 2 2 2 2 2 2 2 2 2 2 2 2 2 2 2 2 2 2 2 2 2 2 2 2 2 2 2 2 2 2 2 2 3 3 3 4]","2"
"27","0.3","10","0.7","10","9","3","50","true","true","0.1","0.03","2","10","25","27","[2 2 2 2 2 2 2 2 2 2 2 2 2 2 2 2 2 2 2 2 2 2 2 2 2 2 2 2 2 2 2 2 2 2 2 2 2 2 2 2 2 2 2 2 2 2 2 2 2 2 2 2 2 2 2 2 2 2 2 2 2 2 2 3 3 3 4]","2"
"27","0.3","10","0.7","10","9","3","50","true","true","0.1","0.03","2","10","26","27","[2 2 2 2 2 2 2 2 2 2 2 2 2 2 2 2 2 2 2 2 2 2 2 2 2 2 2 2 2 2 2 2 2 2 2 2 2 2 2 2 2 2 2 2 2 2 2 2 2 2 2 2 2 2 2 2 2 2 2 2 2 2 2 2 2 2 2 2 3 3 3 4]","2"
"27","0.3","10","0.7","10","9","3","50","true","true","0.1","0.03","2","10","27","27","[2 2 2 2 2 2 2 2 2 2 2 2 2 2 2 2 2 2 2 2 2 2 2 2 2 2 2 2 2 2 2 2 2 2 2 2 2 2 2 2 2 2 2 2 2 2 2 2 2 2 2 2 2 2 2 2 2 2 2 2 2 2 2 2 2 2 2 2 2 2 3 3 3 4]","2"
"27","0.3","10","0.7","10","9","3","50","true","true","0.1","0.03","2","10","28","27","[2 2 2 2 2 2 2 2 2 2 2 2 2 2 2 2 2 2 2 2 2 2 2 2 2 2 2 2 2 2 2 2 2 2 2 2 2 2 2 2 2 2 2 2 2 2 2 2 2 2 2 2 2 2 2 2 2 2 2 2 2 2 2 2 2 2 2 2 2 2 2 2 3 3 3 4]","2"
"27","0.3","10","0.7","10","9","3","50","true","true","0.1","0.03","2","10","29","27","[2 2 2 2 2 2 2 2 2 2 2 2 2 2 2 2 2 2 2 2 2 2 2 2 2 2 2 2 2 2 2 2 2 2 2 2 2 2 2 2 2 2 2 2 2 2 2 2 2 2 2 2 2 2 2 2 2 2 2 2 2 2 2 2 2 2 2 2 2 2 2 3 3 3 3 4]","2"
"27","0.3","10","0.7","10","9","3","50","true","true","0.1","0.03","2","10","30","27","[2 2 2 2 2 2 2 2 2 2 2 2 2 2 2 2 2 2 2 2 2 2 2 2 2 2 2 2 2 2 2 2 2 2 2 2 2 2 2 2 2 2 2 2 2 2 2 2 2 2 2 2 2 2 2 2 2 2 2 2 2 2 2 2 2 2 2 2 2 2 2 3 3 3 3 4]","2"
"27","0.3","10","0.7","10","9","3","50","true","true","0.1","0.03","2","10","31","27","[2 2 2 2 2 2 2 2 2 2 2 2 2 2 2 2 2 2 2 2 2 2 2 2 2 2 2 2 2 2 2 2 2 2 2 2 2 2 2 2 2 2 2 2 2 2 2 2 2 2 2 2 2 2 2 2 2 2 2 2 2 2 2 2 2 2 2 2 2 2 3 3 3 3 4]","2"
"27","0.3","10","0.7","10","9","3","50","true","true","0.1","0.03","2","10","32","27","[2 2 2 2 2 2 2 2 2 2 2 2 2 2 2 2 2 2 2 2 2 2 2 2 2 2 2 2 2 2 2 2 2 2 2 2 2 2 2 2 2 2 2 2 2 2 2 2 2 2 2 2 2 2 2 2 2 2 2 2 2 2 2 2 2 2 2 2 2 2 2 2 2 2 3 3 3 3 4]","2"
"27","0.3","10","0.7","10","9","3","50","true","true","0.1","0.03","2","10","33","27","[2 2 2 2 2 2 2 2 2 2 2 2 2 2 2 2 2 2 2 2 2 2 2 2 2 2 2 2 2 2 2 2 2 2 2 2 2 2 2 2 2 2 2 2 2 2 2 2 2 2 2 2 2 2 2 2 2 2 2 2 2 2 2 2 2 2 2 2 2 2 2 2 3 3 3 3 4]","2"
"27","0.3","10","0.7","10","9","3","50","true","true","0.1","0.03","2","10","34","27","[2 2 2 2 2 2 2 2 2 2 2 2 2 2 2 2 2 2 2 2 2 2 2 2 2 2 2 2 2 2 2 2 2 2 2 2 2 2 2 2 2 2 2 2 2 2 2 2 2 2 2 2 2 2 2 2 2 2 2 2 2 2 2 2 2 2 2 2 2 2 2 2 2 3 3 3 3 3 4 4]","2"
"27","0.3","10","0.7","10","9","3","50","true","true","0.1","0.03","2","10","35","27","[2 2 2 2 2 2 2 2 2 2 2 2 2 2 2 2 2 2 2 2 2 2 2 2 2 2 2 2 2 2 2 2 2 2 2 2 2 2 2 2 2 2 2 2 2 2 2 2 2 2 2 2 2 2 2 2 2 2 2 2 2 2 2 2 2 2 2 2 2 2 2 2 2 2 3 3 3 3 3 4 4]","2"
"27","0.3","10","0.7","10","9","3","50","true","true","0.1","0.03","2","10","36","27","[2 2 2 2 2 2 2 2 2 2 2 2 2 2 2 2 2 2 2 2 2 2 2 2 2 2 2 2 2 2 2 2 2 2 2 2 2 2 2 2 2 2 2 2 2 2 2 2 2 2 2 2 2 2 2 2 2 2 2 2 2 2 2 2 2 2 2 2 2 2 2 2 2 2 3 3 3 3 3 3 4 4 4]","2"
"27","0.3","10","0.7","10","9","3","50","true","true","0.1","0.03","2","10","37","27","[2 2 2 2 2 2 2 2 2 2 2 2 2 2 2 2 2 2 2 2 2 2 2 2 2 2 2 2 2 2 2 2 2 2 2 2 2 2 2 2 2 2 2 2 2 2 2 2 2 2 2 2 2 2 2 2 2 2 2 2 2 2 2 2 2 2 2 2 2 2 2 2 2 2 2 2 2 3 3 3 3 3 3 4 4 4]","2"
"27","0.3","10","0.7","10","9","3","50","true","true","0.1","0.03","2","10","38","27","[2 2 2 2 2 2 2 2 2 2 2 2 2 2 2 2 2 2 2 2 2 2 2 2 2 2 2 2 2 2 2 2 2 2 2 2 2 2 2 2 2 2 2 2 2 2 2 2 2 2 2 2 2 2 2 2 2 2 2 2 2 2 2 2 2 2 2 2 2 2 2 2 2 2 2 2 2 2 2 2 3 3 3 3 3 3 3 4 4 4]","2"
"27","0.3","10","0.7","10","9","3","50","true","true","0.1","0.03","2","10","39","27","[2 2 2 2 2 2 2 2 2 2 2 2 2 2 2 2 2 2 2 2 2 2 2 2 2 2 2 2 2 2 2 2 2 2 2 2 2 2 2 2 2 2 2 2 2 2 2 2 2 2 2 2 2 2 2 2 2 2 2 2 2 2 2 2 2 2 2 2 2 2 2 2 2 2 2 2 2 2 2 2 2 2 2 2 2 3 3 3 3 3 3 3 4 4 4]","2"
"27","0.3","10","0.7","10","9","3","50","true","true","0.1","0.03","2","10","40","27","[2 2 2 2 2 2 2 2 2 2 2 2 2 2 2 2 2 2 2 2 2 2 2 2 2 2 2 2 2 2 2 2 2 2 2 2 2 2 2 2 2 2 2 2 2 2 2 2 2 2 2 2 2 2 2 2 2 2 2 2 2 2 2 2 2 2 2 2 2 2 2 2 2 2 2 2 2 2 2 2 2 2 2 2 2 2 2 3 3 3 3 3 3 3 3 4 4 4]","2"
"27","0.3","10","0.7","10","9","3","50","true","true","0.1","0.03","2","10","41","27","[2 2 2 2 2 2 2 2 2 2 2 2 2 2 2 2 2 2 2 2 2 2 2 2 2 2 2 2 2 2 2 2 2 2 2 2 2 2 2 2 2 2 2 2 2 2 2 2 2 2 2 2 2 2 2 2 2 2 2 2 2 2 2 2 2 2 2 2 2 2 2 2 2 2 2 2 2 2 2 2 2 2 2 2 2 2 2 2 2 2 2 2 3 3 3 3 3 3 3 3 3 4 4 4]","2"
"27","0.3","10","0.7","10","9","3","50","true","true","0.1","0.03","2","10","42","27","[2 2 2 2 2 2 2 2 2 2 2 2 2 2 2 2 2 2 2 2 2 2 2 2 2 2 2 2 2 2 2 2 2 2 2 2 2 2 2 2 2 2 2 2 2 2 2 2 2 2 2 2 2 2 2 2 2 2 2 2 2 2 2 2 2 2 2 2 2 2 2 2 2 2 2 2 2 2 2 2 2 2 2 2 2 2 2 2 2 2 2 2 2 3 3 3 3 3 3 3 3 3 4 4 4]","2"
"27","0.3","10","0.7","10","9","3","50","true","true","0.1","0.03","2","10","43","27","[2 2 2 2 2 2 2 2 2 2 2 2 2 2 2 2 2 2 2 2 2 2 2 2 2 2 2 2 2 2 2 2 2 2 2 2 2 2 2 2 2 2 2 2 2 2 2 2 2 2 2 2 2 2 2 2 2 2 2 2 2 2 2 2 2 2 2 2 2 2 2 2 2 2 2 2 2 2 2 2 2 2 2 2 2 2 2 2 2 2 2 2 2 2 2 2 2 2 2 3 3 3 3 3 3 3 3 3 4 4 4]","2"
"27","0.3","10","0.7","10","9","3","50","true","true","0.1","0.03","2","10","44","27","[2 2 2 2 2 2 2 2 2 2 2 2 2 2 2 2 2 2 2 2 2 2 2 2 2 2 2 2 2 2 2 2 2 2 2 2 2 2 2 2 2 2 2 2 2 2 2 2 2 2 2 2 2 2 2 2 2 2 2 2 2 2 2 2 2 2 2 2 2 2 2 2 2 2 2 2 2 2 2 2 2 2 2 2 2 2 2 2 2 2 2 2 2 2 2 2 2 2 2 2 2 2 2 3 3 3 3 3 3 3 3 3 3 4 4 4]","2"
"27","0.3","10","0.7","10","9","3","50","true","true","0.1","0.03","2","10","45","27","[2 2 2 2 2 2 2 2 2 2 2 2 2 2 2 2 2 2 2 2 2 2 2 2 2 2 2 2 2 2 2 2 2 2 2 2 2 2 2 2 2 2 2 2 2 2 2 2 2 2 2 2 2 2 2 2 2 2 2 2 2 2 2 2 2 2 2 2 2 2 2 2 2 2 2 2 2 2 2 2 2 2 2 2 2 2 2 2 2 2 2 2 2 2 2 2 2 2 2 2 2 2 2 2 2 2 2 3 3 3 3 3 3 3 3 3 3 4 4 4]","2"
"27","0.3","10","0.7","10","9","3","50","true","true","0.1","0.03","2","10","46","27","[2 2 2 2 2 2 2 2 2 2 2 2 2 2 2 2 2 2 2 2 2 2 2 2 2 2 2 2 2 2 2 2 2 2 2 2 2 2 2 2 2 2 2 2 2 2 2 2 2 2 2 2 2 2 2 2 2 2 2 2 2 2 2 2 2 2 2 2 2 2 2 2 2 2 2 2 2 2 2 2 2 2 2 2 2 2 2 2 2 2 2 2 2 2 2 2 2 2 2 2 2 2 2 2 2 2 2 2 2 2 2 3 3 3 3 3 3 3 3 3 3 4 4 4]","2"
"27","0.3","10","0.7","10","9","3","50","true","true","0.1","0.03","2","10","47","27","[2 2 2 2 2 2 2 2 2 2 2 2 2 2 2 2 2 2 2 2 2 2 2 2 2 2 2 2 2 2 2 2 2 2 2 2 2 2 2 2 2 2 2 2 2 2 2 2 2 2 2 2 2 2 2 2 2 2 2 2 2 2 2 2 2 2 2 2 2 2 2 2 2 2 2 2 2 2 2 2 2 2 2 2 2 2 2 2 2 2 2 2 2 2 2 2 2 2 2 2 2 2 2 2 2 2 2 2 2 2 2 2 2 2 2 3 3 3 3 3 3 3 3 3 3 4 4 4 4]","2"
"27","0.3","10","0.7","10","9","3","50","true","true","0.1","0.03","2","10","48","27","[2 2 2 2 2 2 2 2 2 2 2 2 2 2 2 2 2 2 2 2 2 2 2 2 2 2 2 2 2 2 2 2 2 2 2 2 2 2 2 2 2 2 2 2 2 2 2 2 2 2 2 2 2 2 2 2 2 2 2 2 2 2 2 2 2 2 2 2 2 2 2 2 2 2 2 2 2 2 2 2 2 2 2 2 2 2 2 2 2 2 2 2 2 2 2 2 2 2 2 2 2 2 2 2 2 2 2 2 2 2 2 2 2 2 2 2 2 2 2 3 3 3 3 3 3 3 3 3 3 3 4 4 4 4 5]","2"
"27","0.3","10","0.7","10","9","3","50","true","true","0.1","0.03","2","10","49","27","[2 2 2 2 2 2 2 2 2 2 2 2 2 2 2 2 2 2 2 2 2 2 2 2 2 2 2 2 2 2 2 2 2 2 2 2 2 2 2 2 2 2 2 2 2 2 2 2 2 2 2 2 2 2 2 2 2 2 2 2 2 2 2 2 2 2 2 2 2 2 2 2 2 2 2 2 2 2 2 2 2 2 2 2 2 2 2 2 2 2 2 2 2 2 2 2 2 2 2 2 2 2 2 2 2 2 2 2 2 2 2 2 2 2 2 2 2 2 2 2 2 2 2 2 2 3 3 3 3 3 3 3 3 3 3 3 4 4 4 4 5]","2"
"27","0.3","10","0.7","10","9","3","50","true","true","0.1","0.03","2","10","50","27","[2 2 2 2 2 2 2 2 2 2 2 2 2 2 2 2 2 2 2 2 2 2 2 2 2 2 2 2 2 2 2 2 2 2 2 2 2 2 2 2 2 2 2 2 2 2 2 2 2 2 2 2 2 2 2 2 2 2 2 2 2 2 2 2 2 2 2 2 2 2 2 2 2 2 2 2 2 2 2 2 2 2 2 2 2 2 2 2 2 2 2 2 2 2 2 2 2 2 2 2 2 2 2 2 2 2 2 2 2 2 2 2 2 2 2 2 2 2 2 2 2 2 2 2 2 2 2 2 3 3 3 3 3 3 3 3 3 3 3 4 4 4 4 5]","2"
"28","0.3","10","0.7","10","9","3","50","true","true","0.1","0.03","2","10","0","28","[]","0"
"28","0.3","10","0.7","10","9","3","50","true","true","0.1","0.03","2","10","1","28","[2 2 2 4]","2"
"28","0.3","10","0.7","10","9","3","50","true","true","0.1","0.03","2","10","2","28","[2 2 2 2 3 4 7]","2"
"28","0.3","10","0.7","10","9","3","50","true","true","0.1","0.03","2","10","3","28","[2 2 2 2 2 2 3 4 7]","2"
"28","0.3","10","0.7","10","9","3","50","true","true","0.1","0.03","2","10","4","28","[2 2 2 2 2 2 2 2 2 3 4 7]","2"
"28","0.3","10","0.7","10","9","3","50","true","true","0.1","0.03","2","10","5","28","[2 2 2 2 2 2 2 2 2 2 2 3 4 5 7]","2"
"28","0.3","10","0.7","10","9","3","50","true","true","0.1","0.03","2","10","6","28","[2 2 2 2 2 2 2 2 2 2 2 2 3 4 5 7]","2"
"28","0.3","10","0.7","10","9","3","50","true","true","0.1","0.03","2","10","7","28","[2 2 2 2 2 2 2 2 2 2 2 2 2 3 3 4 5 7]","2"
"28","0.3","10","0.7","10","9","3","50","true","true","0.1","0.03","2","10","8","28","[2 2 2 2 2 2 2 2 2 2 2 2 2 2 3 3 4 5 7]","2"
"28","0.3","10","0.7","10","9","3","50","true","true","0.1","0.03","2","10","9","28","[2 2 2 2 2 2 2 2 2 2 2 2 2 2 2 3 3 4 5 7]","2"
"28","0.3","10","0.7","10","9","3","50","true","true","0.1","0.03","2","10","10","28","[2 2 2 2 2 2 2 2 2 2 2 2 2 2 2 3 3 3 4 5 7]","2"
"28","0.3","10","0.7","10","9","3","50","true","true","0.1","0.03","2","10","11","28","[2 2 2 2 2 2 2 2 2 2 2 2 2 2 2 2 2 2 3 3 3 3 4 5 7]","2"
"28","0.3","10","0.7","10","9","3","50","true","true","0.1","0.03","2","10","12","28","[2 2 2 2 2 2 2 2 2 2 2 2 2 2 2 2 2 2 2 3 3 3 3 3 4 5 7]","2"
"28","0.3","10","0.7","10","9","3","50","true","true","0.1","0.03","2","10","13","28","[2 2 2 2 2 2 2 2 2 2 2 2 2 2 2 2 2 2 2 2 2 2 2 2 2 2 3 3 3 3 4 5 7]","2"
"28","0.3","10","0.7","10","9","3","50","true","true","0.1","0.03","2","10","14","28","[2 2 2 2 2 2 2 2 2 2 2 2 2 2 2 2 2 2 2 2 2 2 2 2 2 2 2 3 3 3 3 3 4 5 7]","2"
"28","0.3","10","0.7","10","9","3","50","true","true","0.1","0.03","2","10","15","28","[2 2 2 2 2 2 2 2 2 2 2 2 2 2 2 2 2 2 2 2 2 2 2 2 2 2 2 2 2 3 3 3 3 4 4 5 7]","2"
"28","0.3","10","0.7","10","9","3","50","true","true","0.1","0.03","2","10","16","28","[2 2 2 2 2 2 2 2 2 2 2 2 2 2 2 2 2 2 2 2 2 2 2 2 2 2 2 2 3 3 3 3 3 4 4 4 5 7]","2"
"28","0.3","10","0.7","10","9","3","50","true","true","0.1","0.03","2","10","17","28","[2 2 2 2 2 2 2 2 2 2 2 2 2 2 2 2 2 2 2 2 2 2 2 2 2 2 2 2 3 3 3 3 3 4 4 4 4 5 7]","2"
"28","0.3","10","0.7","10","9","3","50","true","true","0.1","0.03","2","10","18","28","[2 2 2 2 2 2 2 2 2 2 2 2 2 2 2 2 2 2 2 2 2 2 2 2 2 2 2 2 3 3 3 3 3 4 4 4 4 5 7]","2"
"28","0.3","10","0.7","10","9","3","50","true","true","0.1","0.03","2","10","19","28","[2 2 2 2 2 2 2 2 2 2 2 2 2 2 2 2 2 2 2 2 2 2 2 2 2 2 2 2 2 3 3 3 3 3 4 4 4 4 5 7]","2"
"28","0.3","10","0.7","10","9","3","50","true","true","0.1","0.03","2","10","20","28","[2 2 2 2 2 2 2 2 2 2 2 2 2 2 2 2 2 2 2 2 2 2 2 2 2 2 2 2 2 3 3 3 3 3 4 4 4 4 5 7]","2"
"28","0.3","10","0.7","10","9","3","50","true","true","0.1","0.03","2","10","21","28","[2 2 2 2 2 2 2 2 2 2 2 2 2 2 2 2 2 2 2 2 2 2 2 2 2 2 2 2 2 2 3 3 3 3 3 3 4 4 4 4 5 7]","2"
"28","0.3","10","0.7","10","9","3","50","true","true","0.1","0.03","2","10","22","28","[2 2 2 2 2 2 2 2 2 2 2 2 2 2 2 2 2 2 2 2 2 2 2 2 2 2 2 2 2 2 2 2 3 3 3 3 3 3 4 4 4 5 7]","2"
"28","0.3","10","0.7","10","9","3","50","true","true","0.1","0.03","2","10","23","28","[2 2 2 2 2 2 2 2 2 2 2 2 2 2 2 2 2 2 2 2 2 2 2 2 2 2 2 2 2 2 2 2 2 3 3 3 3 3 3 4 4 4 5 7]","2"
"28","0.3","10","0.7","10","9","3","50","true","true","0.1","0.03","2","10","24","28","[2 2 2 2 2 2 2 2 2 2 2 2 2 2 2 2 2 2 2 2 2 2 2 2 2 2 2 2 2 2 2 2 2 3 3 3 3 3 3 4 4 4 5 7]","2"
"28","0.3","10","0.7","10","9","3","50","true","true","0.1","0.03","2","10","25","28","[2 2 2 2 2 2 2 2 2 2 2 2 2 2 2 2 2 2 2 2 2 2 2 2 2 2 2 2 2 2 2 2 2 3 3 3 3 3 3 4 4 4 5 7]","2"
"28","0.3","10","0.7","10","9","3","50","true","true","0.1","0.03","2","10","26","28","[2 2 2 2 2 2 2 2 2 2 2 2 2 2 2 2 2 2 2 2 2 2 2 2 2 2 2 2 2 2 2 2 2 2 2 3 3 3 3 3 3 4 4 4 5 5 7]","2"
"28","0.3","10","0.7","10","9","3","50","true","true","0.1","0.03","2","10","27","28","[2 2 2 2 2 2 2 2 2 2 2 2 2 2 2 2 2 2 2 2 2 2 2 2 2 2 2 2 2 2 2 2 2 2 2 3 3 3 3 3 3 3 4 4 4 5 5 7]","2"
"28","0.3","10","0.7","10","9","3","50","true","true","0.1","0.03","2","10","28","28","[2 2 2 2 2 2 2 2 2 2 2 2 2 2 2 2 2 2 2 2 2 2 2 2 2 2 2 2 2 2 2 2 2 2 2 2 2 2 3 3 3 3 3 3 3 4 4 4 5 5 7]","2"
"28","0.3","10","0.7","10","9","3","50","true","true","0.1","0.03","2","10","29","28","[2 2 2 2 2 2 2 2 2 2 2 2 2 2 2 2 2 2 2 2 2 2 2 2 2 2 2 2 2 2 2 2 2 2 2 2 2 2 2 2 2 2 2 3 3 3 3 3 3 3 3 4 4 4 5 5 7]","2"
"28","0.3","10","0.7","10","9","3","50","true","true","0.1","0.03","2","10","30","28","[2 2 2 2 2 2 2 2 2 2 2 2 2 2 2 2 2 2 2 2 2 2 2 2 2 2 2 2 2 2 2 2 2 2 2 2 2 2 2 2 2 2 2 2 3 3 3 3 3 3 3 3 3 4 4 4 5 5 7]","2"
"28","0.3","10","0.7","10","9","3","50","true","true","0.1","0.03","2","10","31","28","[2 2 2 2 2 2 2 2 2 2 2 2 2 2 2 2 2 2 2 2 2 2 2 2 2 2 2 2 2 2 2 2 2 2 2 2 2 2 2 2 2 2 2 2 2 2 3 3 3 3 3 3 3 3 4 4 4 5 5 7]","2"
"28","0.3","10","0.7","10","9","3","50","true","true","0.1","0.03","2","10","32","28","[2 2 2 2 2 2 2 2 2 2 2 2 2 2 2 2 2 2 2 2 2 2 2 2 2 2 2 2 2 2 2 2 2 2 2 2 2 2 2 2 2 2 2 2 2 2 2 2 2 3 3 3 3 3 3 3 3 3 4 4 4 5 5 7]","2"
"28","0.3","10","0.7","10","9","3","50","true","true","0.1","0.03","2","10","33","28","[2 2 2 2 2 2 2 2 2 2 2 2 2 2 2 2 2 2 2 2 2 2 2 2 2 2 2 2 2 2 2 2 2 2 2 2 2 2 2 2 2 2 2 2 2 2 2 2 2 2 2 2 2 3 3 3 3 3 3 3 3 3 4 4 4 5 5 6]","2"
"28","0.3","10","0.7","10","9","3","50","true","true","0.1","0.03","2","10","34","28","[2 2 2 2 2 2 2 2 2 2 2 2 2 2 2 2 2 2 2 2 2 2 2 2 2 2 2 2 2 2 2 2 2 2 2 2 2 2 2 2 2 2 2 2 2 2 2 2 2 2 2 2 2 3 3 3 3 3 3 3 3 3 3 4 4 4 5 5 6]","2"
"28","0.3","10","0.7","10","9","3","50","true","true","0.1","0.03","2","10","35","28","[2 2 2 2 2 2 2 2 2 2 2 2 2 2 2 2 2 2 2 2 2 2 2 2 2 2 2 2 2 2 2 2 2 2 2 2 2 2 2 2 2 2 2 2 2 2 2 2 2 2 2 2 2 2 3 3 3 3 3 3 3 3 3 3 3 4 4 4 5 5]","2"
"28","0.3","10","0.7","10","9","3","50","true","true","0.1","0.03","2","10","36","28","[2 2 2 2 2 2 2 2 2 2 2 2 2 2 2 2 2 2 2 2 2 2 2 2 2 2 2 2 2 2 2 2 2 2 2 2 2 2 2 2 2 2 2 2 2 2 2 2 2 2 2 2 2 2 2 2 3 3 3 3 3 3 3 3 3 3 3 3 3 4 4 4 5 5]","2"
"28","0.3","10","0.7","10","9","3","50","true","true","0.1","0.03","2","10","37","28","[2 2 2 2 2 2 2 2 2 2 2 2 2 2 2 2 2 2 2 2 2 2 2 2 2 2 2 2 2 2 2 2 2 2 2 2 2 2 2 2 2 2 2 2 2 2 2 2 2 2 2 2 2 2 2 2 2 3 3 3 3 3 3 3 3 3 3 3 3 3 4 4 4 5 5]","2"
"28","0.3","10","0.7","10","9","3","50","true","true","0.1","0.03","2","10","38","28","[2 2 2 2 2 2 2 2 2 2 2 2 2 2 2 2 2 2 2 2 2 2 2 2 2 2 2 2 2 2 2 2 2 2 2 2 2 2 2 2 2 2 2 2 2 2 2 2 2 2 2 2 2 2 2 2 2 2 2 2 3 3 3 3 3 3 3 3 3 3 3 3 3 4 4 4 5 5]","2"
"28","0.3","10","0.7","10","9","3","50","true","true","0.1","0.03","2","10","39","28","[2 2 2 2 2 2 2 2 2 2 2 2 2 2 2 2 2 2 2 2 2 2 2 2 2 2 2 2 2 2 2 2 2 2 2 2 2 2 2 2 2 2 2 2 2 2 2 2 2 2 2 2 2 2 2 2 2 2 2 2 2 2 2 3 3 3 3 3 3 3 3 3 3 3 3 3 3 4 4 4 5 5]","2"
"28","0.3","10","0.7","10","9","3","50","true","true","0.1","0.03","2","10","40","28","[2 2 2 2 2 2 2 2 2 2 2 2 2 2 2 2 2 2 2 2 2 2 2 2 2 2 2 2 2 2 2 2 2 2 2 2 2 2 2 2 2 2 2 2 2 2 2 2 2 2 2 2 2 2 2 2 2 2 2 2 2 2 2 2 2 3 3 3 3 3 3 3 3 3 3 3 3 3 3 3 3 3 4 4 4 5 5]","2"
"28","0.3","10","0.7","10","9","3","50","true","true","0.1","0.03","2","10","41","28","[2 2 2 2 2 2 2 2 2 2 2 2 2 2 2 2 2 2 2 2 2 2 2 2 2 2 2 2 2 2 2 2 2 2 2 2 2 2 2 2 2 2 2 2 2 2 2 2 2 2 2 2 2 2 2 2 2 2 2 2 2 2 2 2 2 2 2 2 2 2 2 3 3 3 3 3 3 3 3 3 3 3 3 3 3 3 3 3 3 4 4 4 5 5 5]","2"
"28","0.3","10","0.7","10","9","3","50","true","true","0.1","0.03","2","10","42","28","[2 2 2 2 2 2 2 2 2 2 2 2 2 2 2 2 2 2 2 2 2 2 2 2 2 2 2 2 2 2 2 2 2 2 2 2 2 2 2 2 2 2 2 2 2 2 2 2 2 2 2 2 2 2 2 2 2 2 2 2 2 2 2 2 2 2 2 2 2 2 2 2 2 3 3 3 3 3 3 3 3 3 3 3 3 3 3 3 3 3 3 4 4 4 4 5 5 5]","2"
"28","0.3","10","0.7","10","9","3","50","true","true","0.1","0.03","2","10","43","28","[2 2 2 2 2 2 2 2 2 2 2 2 2 2 2 2 2 2 2 2 2 2 2 2 2 2 2 2 2 2 2 2 2 2 2 2 2 2 2 2 2 2 2 2 2 2 2 2 2 2 2 2 2 2 2 2 2 2 2 2 2 2 2 2 2 2 2 2 2 2 2 2 2 2 3 3 3 3 3 3 3 3 3 3 3 3 3 3 3 3 3 3 3 4 4 4 4 5 5 5]","2"
"28","0.3","10","0.7","10","9","3","50","true","true","0.1","0.03","2","10","44","28","[2 2 2 2 2 2 2 2 2 2 2 2 2 2 2 2 2 2 2 2 2 2 2 2 2 2 2 2 2 2 2 2 2 2 2 2 2 2 2 2 2 2 2 2 2 2 2 2 2 2 2 2 2 2 2 2 2 2 2 2 2 2 2 2 2 2 2 2 2 2 2 2 2 2 2 2 2 2 2 3 3 3 3 3 3 3 3 3 3 3 3 3 3 3 3 3 3 3 3 4 4 4 4 5 5 5]","2"
"28","0.3","10","0.7","10","9","3","50","true","true","0.1","0.03","2","10","45","28","[2 2 2 2 2 2 2 2 2 2 2 2 2 2 2 2 2 2 2 2 2 2 2 2 2 2 2 2 2 2 2 2 2 2 2 2 2 2 2 2 2 2 2 2 2 2 2 2 2 2 2 2 2 2 2 2 2 2 2 2 2 2 2 2 2 2 2 2 2 2 2 2 2 2 2 2 2 2 2 2 2 2 3 3 3 3 3 3 3 3 3 3 3 3 3 3 3 3 3 3 3 3 4 4 4 4 5 5 5 5]","2"
"28","0.3","10","0.7","10","9","3","50","true","true","0.1","0.03","2","10","46","28","[2 2 2 2 2 2 2 2 2 2 2 2 2 2 2 2 2 2 2 2 2 2 2 2 2 2 2 2 2 2 2 2 2 2 2 2 2 2 2 2 2 2 2 2 2 2 2 2 2 2 2 2 2 2 2 2 2 2 2 2 2 2 2 2 2 2 2 2 2 2 2 2 2 2 2 2 2 2 2 2 2 2 2 2 2 2 2 2 2 3 3 3 3 3 3 3 3 3 3 3 3 3 3 3 3 3 3 3 3 4 4 4 4 4 5 5 5 5]","2"
"28","0.3","10","0.7","10","9","3","50","true","true","0.1","0.03","2","10","47","28","[2 2 2 2 2 2 2 2 2 2 2 2 2 2 2 2 2 2 2 2 2 2 2 2 2 2 2 2 2 2 2 2 2 2 2 2 2 2 2 2 2 2 2 2 2 2 2 2 2 2 2 2 2 2 2 2 2 2 2 2 2 2 2 2 2 2 2 2 2 2 2 2 2 2 2 2 2 2 2 2 2 2 2 2 2 2 2 2 2 2 2 2 2 2 2 3 3 3 3 3 3 3 3 3 3 3 3 3 3 3 3 3 3 3 3 3 3 4 4 4 4 4 5 5 5 5]","2"
"28","0.3","10","0.7","10","9","3","50","true","true","0.1","0.03","2","10","48","28","[2 2 2 2 2 2 2 2 2 2 2 2 2 2 2 2 2 2 2 2 2 2 2 2 2 2 2 2 2 2 2 2 2 2 2 2 2 2 2 2 2 2 2 2 2 2 2 2 2 2 2 2 2 2 2 2 2 2 2 2 2 2 2 2 2 2 2 2 2 2 2 2 2 2 2 2 2 2 2 2 2 2 2 2 2 2 2 2 2 2 2 2 2 2 3 3 3 3 3 3 3 3 3 3 3 3 3 3 3 3 3 3 3 3 3 3 3 4 4 4 4 5 5 5 5 5]","2"
"28","0.3","10","0.7","10","9","3","50","true","true","0.1","0.03","2","10","49","28","[2 2 2 2 2 2 2 2 2 2 2 2 2 2 2 2 2 2 2 2 2 2 2 2 2 2 2 2 2 2 2 2 2 2 2 2 2 2 2 2 2 2 2 2 2 2 2 2 2 2 2 2 2 2 2 2 2 2 2 2 2 2 2 2 2 2 2 2 2 2 2 2 2 2 2 2 2 2 2 2 2 2 2 2 2 2 2 2 2 2 2 2 2 2 2 2 2 3 3 3 3 3 3 3 3 3 3 3 3 3 3 3 3 3 3 3 3 3 3 3 4 4 4 4 5 5 5 5 5]","2"
"28","0.3","10","0.7","10","9","3","50","true","true","0.1","0.03","2","10","50","28","[2 2 2 2 2 2 2 2 2 2 2 2 2 2 2 2 2 2 2 2 2 2 2 2 2 2 2 2 2 2 2 2 2 2 2 2 2 2 2 2 2 2 2 2 2 2 2 2 2 2 2 2 2 2 2 2 2 2 2 2 2 2 2 2 2 2 2 2 2 2 2 2 2 2 2 2 2 2 2 2 2 2 2 2 2 2 2 2 2 2 2 2 2 2 2 2 2 2 2 2 3 3 3 3 3 3 3 3 3 3 3 3 3 3 3 3 3 3 3 3 3 3 3 3 3 4 4 4 4 4 5 5 5 5 5 8]","2"
"29","0.3","10","0.7","10","9","3","50","true","true","0.1","0.03","2","10","0","29","[]","0"
"29","0.3","10","0.7","10","9","3","50","true","true","0.1","0.03","2","10","1","29","[2 2 2 2 2 2]","2"
"29","0.3","10","0.7","10","9","3","50","true","true","0.1","0.03","2","10","2","29","[2 2 2 2 2 2 2 2 2 2 2 2 2 2 2 2]","2"
"29","0.3","10","0.7","10","9","3","50","true","true","0.1","0.03","2","10","3","29","[2 2 2 2 2 2 2 2 2 2 2 2 2 2 2 2 2 2 2 2 2]","2"
"29","0.3","10","0.7","10","9","3","50","true","true","0.1","0.03","2","10","4","29","[2 2 2 2 2 2 2 2 2 2 2 2 2 2 2 2 2 2 2 2 2 2 2 2 2 2]","2"
"29","0.3","10","0.7","10","9","3","50","true","true","0.1","0.03","2","10","5","29","[2 2 2 2 2 2 2 2 2 2 2 2 2 2 2 2 2 2 2 2 2 2 2 2 2 2 2 2]","2"
"29","0.3","10","0.7","10","9","3","50","true","true","0.1","0.03","2","10","6","29","[2 2 2 2 2 2 2 2 2 2 2 2 2 2 2 2 2 2 2 2 2 2 2 2 2 2 2 2]","2"
"29","0.3","10","0.7","10","9","3","50","true","true","0.1","0.03","2","10","7","29","[2 2 2 2 2 2 2 2 2 2 2 2 2 2 2 2 2 2 2 2 2 2 2 2 2 2 2 2 2 2]","2"
"29","0.3","10","0.7","10","9","3","50","true","true","0.1","0.03","2","10","8","29","[2 2 2 2 2 2 2 2 2 2 2 2 2 2 2 2 2 2 2 2 2 2 2 2 2 2 2 2 2]","2"
"29","0.3","10","0.7","10","9","3","50","true","true","0.1","0.03","2","10","9","29","[2 2 2 2 2 2 2 2 2 2 2 2 2 2 2 2 2 2 2 2 2 2 2 2 2 2 2 2 2 2 2 2]","2"
"29","0.3","10","0.7","10","9","3","50","true","true","0.1","0.03","2","10","10","29","[2 2 2 2 2 2 2 2 2 2 2 2 2 2 2 2 2 2 2 2 2 2 2 2 2 2 2 2 2 2 2 2 2 2 2 2]","2"
"29","0.3","10","0.7","10","9","3","50","true","true","0.1","0.03","2","10","11","29","[2 2 2 2 2 2 2 2 2 2 2 2 2 2 2 2 2 2 2 2 2 2 2 2 2 2 2 2 2 2 2 2 2 2 2 2 2 2 2 2 2]","2"
"29","0.3","10","0.7","10","9","3","50","true","true","0.1","0.03","2","10","12","29","[2 2 2 2 2 2 2 2 2 2 2 2 2 2 2 2 2 2 2 2 2 2 2 2 2 2 2 2 2 2 2 2 2 2 2 2 2 2 2 2 2 2 2 2]","2"
"29","0.3","10","0.7","10","9","3","50","true","true","0.1","0.03","2","10","13","29","[2 2 2 2 2 2 2 2 2 2 2 2 2 2 2 2 2 2 2 2 2 2 2 2 2 2 2 2 2 2 2 2 2 2 2 2 2 2 2 2 2 2 2 2]","2"
"29","0.3","10","0.7","10","9","3","50","true","true","0.1","0.03","2","10","14","29","[2 2 2 2 2 2 2 2 2 2 2 2 2 2 2 2 2 2 2 2 2 2 2 2 2 2 2 2 2 2 2 2 2 2 2 2 2 2 2 2 2 2 2 2 2]","2"
"29","0.3","10","0.7","10","9","3","50","true","true","0.1","0.03","2","10","15","29","[2 2 2 2 2 2 2 2 2 2 2 2 2 2 2 2 2 2 2 2 2 2 2 2 2 2 2 2 2 2 2 2 2 2 2 2 2 2 2 2 2 2 2 2 2 2 2 2 2 2]","2"
"29","0.3","10","0.7","10","9","3","50","true","true","0.1","0.03","2","10","16","29","[2 2 2 2 2 2 2 2 2 2 2 2 2 2 2 2 2 2 2 2 2 2 2 2 2 2 2 2 2 2 2 2 2 2 2 2 2 2 2 2 2 2 2 2 2 2 2 2 2 2 2 2 2]","2"
"29","0.3","10","0.7","10","9","3","50","true","true","0.1","0.03","2","10","17","29","[2 2 2 2 2 2 2 2 2 2 2 2 2 2 2 2 2 2 2 2 2 2 2 2 2 2 2 2 2 2 2 2 2 2 2 2 2 2 2 2 2 2 2 2 2 2 2 2 2 2 2 2 2]","2"
"29","0.3","10","0.7","10","9","3","50","true","true","0.1","0.03","2","10","18","29","[2 2 2 2 2 2 2 2 2 2 2 2 2 2 2 2 2 2 2 2 2 2 2 2 2 2 2 2 2 2 2 2 2 2 2 2 2 2 2 2 2 2 2 2 2 2 2 2 2 2 2 2 2 2 2]","2"
"29","0.3","10","0.7","10","9","3","50","true","true","0.1","0.03","2","10","19","29","[2 2 2 2 2 2 2 2 2 2 2 2 2 2 2 2 2 2 2 2 2 2 2 2 2 2 2 2 2 2 2 2 2 2 2 2 2 2 2 2 2 2 2 2 2 2 2 2 2 2 2 2 2 2 2 2]","2"
"29","0.3","10","0.7","10","9","3","50","true","true","0.1","0.03","2","10","20","29","[2 2 2 2 2 2 2 2 2 2 2 2 2 2 2 2 2 2 2 2 2 2 2 2 2 2 2 2 2 2 2 2 2 2 2 2 2 2 2 2 2 2 2 2 2 2 2 2 2 2 2 2 2 2 2 2]","2"
"29","0.3","10","0.7","10","9","3","50","true","true","0.1","0.03","2","10","21","29","[2 2 2 2 2 2 2 2 2 2 2 2 2 2 2 2 2 2 2 2 2 2 2 2 2 2 2 2 2 2 2 2 2 2 2 2 2 2 2 2 2 2 2 2 2 2 2 2 2 2 2 2 2 2 2 2 2 2 2]","2"
"29","0.3","10","0.7","10","9","3","50","true","true","0.1","0.03","2","10","22","29","[2 2 2 2 2 2 2 2 2 2 2 2 2 2 2 2 2 2 2 2 2 2 2 2 2 2 2 2 2 2 2 2 2 2 2 2 2 2 2 2 2 2 2 2 2 2 2 2 2 2 2 2 2 2 2 2 2 2 2 2 2]","2"
"29","0.3","10","0.7","10","9","3","50","true","true","0.1","0.03","2","10","23","29","[2 2 2 2 2 2 2 2 2 2 2 2 2 2 2 2 2 2 2 2 2 2 2 2 2 2 2 2 2 2 2 2 2 2 2 2 2 2 2 2 2 2 2 2 2 2 2 2 2 2 2 2 2 2 2 2 2 2 2 2 2 2 3]","2"
"29","0.3","10","0.7","10","9","3","50","true","true","0.1","0.03","2","10","24","29","[2 2 2 2 2 2 2 2 2 2 2 2 2 2 2 2 2 2 2 2 2 2 2 2 2 2 2 2 2 2 2 2 2 2 2 2 2 2 2 2 2 2 2 2 2 2 2 2 2 2 2 2 2 2 2 2 2 2 2 2 2 3]","2"
"29","0.3","10","0.7","10","9","3","50","true","true","0.1","0.03","2","10","25","29","[2 2 2 2 2 2 2 2 2 2 2 2 2 2 2 2 2 2 2 2 2 2 2 2 2 2 2 2 2 2 2 2 2 2 2 2 2 2 2 2 2 2 2 2 2 2 2 2 2 2 2 2 2 2 2 2 2 2 2 2 3 3]","2"
"29","0.3","10","0.7","10","9","3","50","true","true","0.1","0.03","2","10","26","29","[2 2 2 2 2 2 2 2 2 2 2 2 2 2 2 2 2 2 2 2 2 2 2 2 2 2 2 2 2 2 2 2 2 2 2 2 2 2 2 2 2 2 2 2 2 2 2 2 2 2 2 2 2 2 2 2 2 2 2 2 2 2 3 3]","2"
"29","0.3","10","0.7","10","9","3","50","true","true","0.1","0.03","2","10","27","29","[2 2 2 2 2 2 2 2 2 2 2 2 2 2 2 2 2 2 2 2 2 2 2 2 2 2 2 2 2 2 2 2 2 2 2 2 2 2 2 2 2 2 2 2 2 2 2 2 2 2 2 2 2 2 2 2 2 2 2 2 2 2 2 2 3 3]","2"
"29","0.3","10","0.7","10","9","3","50","true","true","0.1","0.03","2","10","28","29","[2 2 2 2 2 2 2 2 2 2 2 2 2 2 2 2 2 2 2 2 2 2 2 2 2 2 2 2 2 2 2 2 2 2 2 2 2 2 2 2 2 2 2 2 2 2 2 2 2 2 2 2 2 2 2 2 2 2 2 2 2 2 2 2 3 3]","2"
"29","0.3","10","0.7","10","9","3","50","true","true","0.1","0.03","2","10","29","29","[2 2 2 2 2 2 2 2 2 2 2 2 2 2 2 2 2 2 2 2 2 2 2 2 2 2 2 2 2 2 2 2 2 2 2 2 2 2 2 2 2 2 2 2 2 2 2 2 2 2 2 2 2 2 2 2 2 2 2 2 2 2 2 2 2 2 3 3]","2"
"29","0.3","10","0.7","10","9","3","50","true","true","0.1","0.03","2","10","30","29","[2 2 2 2 2 2 2 2 2 2 2 2 2 2 2 2 2 2 2 2 2 2 2 2 2 2 2 2 2 2 2 2 2 2 2 2 2 2 2 2 2 2 2 2 2 2 2 2 2 2 2 2 2 2 2 2 2 2 2 2 2 2 2 2 2 2 3 3]","2"
"29","0.3","10","0.7","10","9","3","50","true","true","0.1","0.03","2","10","31","29","[2 2 2 2 2 2 2 2 2 2 2 2 2 2 2 2 2 2 2 2 2 2 2 2 2 2 2 2 2 2 2 2 2 2 2 2 2 2 2 2 2 2 2 2 2 2 2 2 2 2 2 2 2 2 2 2 2 2 2 2 2 2 2 2 2 2 2 2 3 3]","2"
"29","0.3","10","0.7","10","9","3","50","true","true","0.1","0.03","2","10","32","29","[2 2 2 2 2 2 2 2 2 2 2 2 2 2 2 2 2 2 2 2 2 2 2 2 2 2 2 2 2 2 2 2 2 2 2 2 2 2 2 2 2 2 2 2 2 2 2 2 2 2 2 2 2 2 2 2 2 2 2 2 2 2 2 2 2 2 2 2 3 3]","2"
"29","0.3","10","0.7","10","9","3","50","true","true","0.1","0.03","2","10","33","29","[2 2 2 2 2 2 2 2 2 2 2 2 2 2 2 2 2 2 2 2 2 2 2 2 2 2 2 2 2 2 2 2 2 2 2 2 2 2 2 2 2 2 2 2 2 2 2 2 2 2 2 2 2 2 2 2 2 2 2 2 2 2 2 2 2 2 2 3 3]","2"
"29","0.3","10","0.7","10","9","3","50","true","true","0.1","0.03","2","10","34","29","[2 2 2 2 2 2 2 2 2 2 2 2 2 2 2 2 2 2 2 2 2 2 2 2 2 2 2 2 2 2 2 2 2 2 2 2 2 2 2 2 2 2 2 2 2 2 2 2 2 2 2 2 2 2 2 2 2 2 2 2 2 2 2 2 2 2 2 2 3 3]","2"
"29","0.3","10","0.7","10","9","3","50","true","true","0.1","0.03","2","10","35","29","[2 2 2 2 2 2 2 2 2 2 2 2 2 2 2 2 2 2 2 2 2 2 2 2 2 2 2 2 2 2 2 2 2 2 2 2 2 2 2 2 2 2 2 2 2 2 2 2 2 2 2 2 2 2 2 2 2 2 2 2 2 2 2 2 2 2 2 2 3 3]","2"
"29","0.3","10","0.7","10","9","3","50","true","true","0.1","0.03","2","10","36","29","[2 2 2 2 2 2 2 2 2 2 2 2 2 2 2 2 2 2 2 2 2 2 2 2 2 2 2 2 2 2 2 2 2 2 2 2 2 2 2 2 2 2 2 2 2 2 2 2 2 2 2 2 2 2 2 2 2 2 2 2 2 2 2 2 2 2 2 2 2 2 2 3 3]","2"
"29","0.3","10","0.7","10","9","3","50","true","true","0.1","0.03","2","10","37","29","[2 2 2 2 2 2 2 2 2 2 2 2 2 2 2 2 2 2 2 2 2 2 2 2 2 2 2 2 2 2 2 2 2 2 2 2 2 2 2 2 2 2 2 2 2 2 2 2 2 2 2 2 2 2 2 2 2 2 2 2 2 2 2 2 2 2 2 2 2 2 2 2 2 3 3]","2"
"29","0.3","10","0.7","10","9","3","50","true","true","0.1","0.03","2","10","38","29","[2 2 2 2 2 2 2 2 2 2 2 2 2 2 2 2 2 2 2 2 2 2 2 2 2 2 2 2 2 2 2 2 2 2 2 2 2 2 2 2 2 2 2 2 2 2 2 2 2 2 2 2 2 2 2 2 2 2 2 2 2 2 2 2 2 2 2 2 2 2 2 2 2 2 2 3 3 3]","2"
"29","0.3","10","0.7","10","9","3","50","true","true","0.1","0.03","2","10","39","29","[2 2 2 2 2 2 2 2 2 2 2 2 2 2 2 2 2 2 2 2 2 2 2 2 2 2 2 2 2 2 2 2 2 2 2 2 2 2 2 2 2 2 2 2 2 2 2 2 2 2 2 2 2 2 2 2 2 2 2 2 2 2 2 2 2 2 2 2 2 2 2 2 2 2 3 3 3 3 3]","2"
"29","0.3","10","0.7","10","9","3","50","true","true","0.1","0.03","2","10","40","29","[2 2 2 2 2 2 2 2 2 2 2 2 2 2 2 2 2 2 2 2 2 2 2 2 2 2 2 2 2 2 2 2 2 2 2 2 2 2 2 2 2 2 2 2 2 2 2 2 2 2 2 2 2 2 2 2 2 2 2 2 2 2 2 2 2 2 2 2 2 2 2 2 2 2 2 2 2 2 3 3 3 3 3]","2"
"29","0.3","10","0.7","10","9","3","50","true","true","0.1","0.03","2","10","41","29","[2 2 2 2 2 2 2 2 2 2 2 2 2 2 2 2 2 2 2 2 2 2 2 2 2 2 2 2 2 2 2 2 2 2 2 2 2 2 2 2 2 2 2 2 2 2 2 2 2 2 2 2 2 2 2 2 2 2 2 2 2 2 2 2 2 2 2 2 2 2 2 2 2 2 2 2 2 2 2 2 3 3 3 3 3]","2"
"29","0.3","10","0.7","10","9","3","50","true","true","0.1","0.03","2","10","42","29","[2 2 2 2 2 2 2 2 2 2 2 2 2 2 2 2 2 2 2 2 2 2 2 2 2 2 2 2 2 2 2 2 2 2 2 2 2 2 2 2 2 2 2 2 2 2 2 2 2 2 2 2 2 2 2 2 2 2 2 2 2 2 2 2 2 2 2 2 2 2 2 2 2 2 2 2 2 2 2 2 3 3 3 3 3]","2"
"29","0.3","10","0.7","10","9","3","50","true","true","0.1","0.03","2","10","43","29","[2 2 2 2 2 2 2 2 2 2 2 2 2 2 2 2 2 2 2 2 2 2 2 2 2 2 2 2 2 2 2 2 2 2 2 2 2 2 2 2 2 2 2 2 2 2 2 2 2 2 2 2 2 2 2 2 2 2 2 2 2 2 2 2 2 2 2 2 2 2 2 2 2 2 2 2 2 2 2 2 2 3 3 3 3 3 4]","2"
"29","0.3","10","0.7","10","9","3","50","true","true","0.1","0.03","2","10","44","29","[2 2 2 2 2 2 2 2 2 2 2 2 2 2 2 2 2 2 2 2 2 2 2 2 2 2 2 2 2 2 2 2 2 2 2 2 2 2 2 2 2 2 2 2 2 2 2 2 2 2 2 2 2 2 2 2 2 2 2 2 2 2 2 2 2 2 2 2 2 2 2 2 2 2 2 2 2 2 2 2 2 2 3 3 3 3 3 4]","2"
"29","0.3","10","0.7","10","9","3","50","true","true","0.1","0.03","2","10","45","29","[2 2 2 2 2 2 2 2 2 2 2 2 2 2 2 2 2 2 2 2 2 2 2 2 2 2 2 2 2 2 2 2 2 2 2 2 2 2 2 2 2 2 2 2 2 2 2 2 2 2 2 2 2 2 2 2 2 2 2 2 2 2 2 2 2 2 2 2 2 2 2 2 2 2 2 2 2 2 2 2 2 2 2 2 3 3 3 3 3 4]","2"
"29","0.3","10","0.7","10","9","3","50","true","true","0.1","0.03","2","10","46","29","[2 2 2 2 2 2 2 2 2 2 2 2 2 2 2 2 2 2 2 2 2 2 2 2 2 2 2 2 2 2 2 2 2 2 2 2 2 2 2 2 2 2 2 2 2 2 2 2 2 2 2 2 2 2 2 2 2 2 2 2 2 2 2 2 2 2 2 2 2 2 2 2 2 2 2 2 2 2 2 2 2 2 2 2 2 3 3 3 3 3 3 4]","2"
"29","0.3","10","0.7","10","9","3","50","true","true","0.1","0.03","2","10","47","29","[2 2 2 2 2 2 2 2 2 2 2 2 2 2 2 2 2 2 2 2 2 2 2 2 2 2 2 2 2 2 2 2 2 2 2 2 2 2 2 2 2 2 2 2 2 2 2 2 2 2 2 2 2 2 2 2 2 2 2 2 2 2 2 2 2 2 2 2 2 2 2 2 2 2 2 2 2 2 2 2 2 2 2 2 2 2 2 2 3 3 3 3 3 3 4]","2"
"29","0.3","10","0.7","10","9","3","50","true","true","0.1","0.03","2","10","48","29","[2 2 2 2 2 2 2 2 2 2 2 2 2 2 2 2 2 2 2 2 2 2 2 2 2 2 2 2 2 2 2 2 2 2 2 2 2 2 2 2 2 2 2 2 2 2 2 2 2 2 2 2 2 2 2 2 2 2 2 2 2 2 2 2 2 2 2 2 2 2 2 2 2 2 2 2 2 2 2 2 2 2 2 2 2 2 2 2 2 2 2 2 2 3 3 3 3 3 3 3 4]","2"
"29","0.3","10","0.7","10","9","3","50","true","true","0.1","0.03","2","10","49","29","[2 2 2 2 2 2 2 2 2 2 2 2 2 2 2 2 2 2 2 2 2 2 2 2 2 2 2 2 2 2 2 2 2 2 2 2 2 2 2 2 2 2 2 2 2 2 2 2 2 2 2 2 2 2 2 2 2 2 2 2 2 2 2 2 2 2 2 2 2 2 2 2 2 2 2 2 2 2 2 2 2 2 2 2 2 2 2 2 2 2 2 2 2 2 2 2 3 3 3 3 3 3 3 4]","2"
"29","0.3","10","0.7","10","9","3","50","true","true","0.1","0.03","2","10","50","29","[2 2 2 2 2 2 2 2 2 2 2 2 2 2 2 2 2 2 2 2 2 2 2 2 2 2 2 2 2 2 2 2 2 2 2 2 2 2 2 2 2 2 2 2 2 2 2 2 2 2 2 2 2 2 2 2 2 2 2 2 2 2 2 2 2 2 2 2 2 2 2 2 2 2 2 2 2 2 2 2 2 2 2 2 2 2 2 2 2 2 2 2 2 2 2 2 2 2 2 3 3 3 3 3 3 3 3 4]","2"
"30","0.3","10","0.7","10","9","3","50","true","true","0.1","0.03","2","10","0","30","[]","0"
"30","0.3","10","0.7","10","9","3","50","true","true","0.1","0.03","2","10","1","30","[2 3 3]","2"
"30","0.3","10","0.7","10","9","3","50","true","true","0.1","0.03","2","10","2","30","[2 2 2 2 2 2 3 3]","2"
"30","0.3","10","0.7","10","9","3","50","true","true","0.1","0.03","2","10","3","30","[2 2 2 2 2 2 2 2 2 2 2 2 3 3]","2"
"30","0.3","10","0.7","10","9","3","50","true","true","0.1","0.03","2","10","4","30","[2 2 2 2 2 2 2 2 2 2 2 2 2 2 2 2 2 3 3]","2"
"30","0.3","10","0.7","10","9","3","50","true","true","0.1","0.03","2","10","5","30","[2 2 2 2 2 2 2 2 2 2 2 2 2 2 2 2 2 2 3 3]","2"
"30","0.3","10","0.7","10","9","3","50","true","true","0.1","0.03","2","10","6","30","[2 2 2 2 2 2 2 2 2 2 2 2 2 2 2 2 2 2 2 3 3 3]","2"
"30","0.3","10","0.7","10","9","3","50","true","true","0.1","0.03","2","10","7","30","[2 2 2 2 2 2 2 2 2 2 2 2 2 2 2 2 2 2 2 2 2 2 2 3 3 3]","2"
"30","0.3","10","0.7","10","9","3","50","true","true","0.1","0.03","2","10","8","30","[2 2 2 2 2 2 2 2 2 2 2 2 2 2 2 2 2 2 2 2 2 2 2 2 3 3 3]","2"
"30","0.3","10","0.7","10","9","3","50","true","true","0.1","0.03","2","10","9","30","[2 2 2 2 2 2 2 2 2 2 2 2 2 2 2 2 2 2 2 2 2 2 2 2 2 3 3 3 3]","2"
"30","0.3","10","0.7","10","9","3","50","true","true","0.1","0.03","2","10","10","30","[2 2 2 2 2 2 2 2 2 2 2 2 2 2 2 2 2 2 2 2 2 2 2 2 2 2 2 3 3 3 3]","2"
"30","0.3","10","0.7","10","9","3","50","true","true","0.1","0.03","2","10","11","30","[2 2 2 2 2 2 2 2 2 2 2 2 2 2 2 2 2 2 2 2 2 2 2 2 2 2 3 3 3 3 4]","2"
"30","0.3","10","0.7","10","9","3","50","true","true","0.1","0.03","2","10","12","30","[2 2 2 2 2 2 2 2 2 2 2 2 2 2 2 2 2 2 2 2 2 2 2 2 2 2 2 2 2 3 3 3 3 4 5]","2"
"30","0.3","10","0.7","10","9","3","50","true","true","0.1","0.03","2","10","13","30","[2 2 2 2 2 2 2 2 2 2 2 2 2 2 2 2 2 2 2 2 2 2 2 2 2 2 2 2 2 3 3 3 3 4 5]","2"
"30","0.3","10","0.7","10","9","3","50","true","true","0.1","0.03","2","10","14","30","[2 2 2 2 2 2 2 2 2 2 2 2 2 2 2 2 2 2 2 2 2 2 2 2 2 2 2 2 2 2 2 3 3 3 3 4 5]","2"
"30","0.3","10","0.7","10","9","3","50","true","true","0.1","0.03","2","10","15","30","[2 2 2 2 2 2 2 2 2 2 2 2 2 2 2 2 2 2 2 2 2 2 2 2 2 2 2 2 2 2 2 2 2 3 3 3 3 3 4 5]","2"
"30","0.3","10","0.7","10","9","3","50","true","true","0.1","0.03","2","10","16","30","[2 2 2 2 2 2 2 2 2 2 2 2 2 2 2 2 2 2 2 2 2 2 2 2 2 2 2 2 2 2 2 2 2 2 2 3 3 3 3 3 4 5]","2"
"30","0.3","10","0.7","10","9","3","50","true","true","0.1","0.03","2","10","17","30","[2 2 2 2 2 2 2 2 2 2 2 2 2 2 2 2 2 2 2 2 2 2 2 2 2 2 2 2 2 2 2 2 2 2 2 3 3 3 3 3 4 5]","2"
"30","0.3","10","0.7","10","9","3","50","true","true","0.1","0.03","2","10","18","30","[2 2 2 2 2 2 2 2 2 2 2 2 2 2 2 2 2 2 2 2 2 2 2 2 2 2 2 2 2 2 2 2 2 2 2 2 2 3 3 3 3 3 4 5]","2"
"30","0.3","10","0.7","10","9","3","50","true","true","0.1","0.03","2","10","19","30","[2 2 2 2 2 2 2 2 2 2 2 2 2 2 2 2 2 2 2 2 2 2 2 2 2 2 2 2 2 2 2 2 2 2 2 2 2 2 2 3 3 3 3 4 5]","2"
"30","0.3","10","0.7","10","9","3","50","true","true","0.1","0.03","2","10","20","30","[2 2 2 2 2 2 2 2 2 2 2 2 2 2 2 2 2 2 2 2 2 2 2 2 2 2 2 2 2 2 2 2 2 2 2 2 2 2 2 2 2 3 3 3 3 4 5]","2"
"30","0.3","10","0.7","10","9","3","50","true","true","0.1","0.03","2","10","21","30","[2 2 2 2 2 2 2 2 2 2 2 2 2 2 2 2 2 2 2 2 2 2 2 2 2 2 2 2 2 2 2 2 2 2 2 2 2 2 2 2 2 3 3 3 3 4 5]","2"
"30","0.3","10","0.7","10","9","3","50","true","true","0.1","0.03","2","10","22","30","[2 2 2 2 2 2 2 2 2 2 2 2 2 2 2 2 2 2 2 2 2 2 2 2 2 2 2 2 2 2 2 2 2 2 2 2 2 2 2 2 3 3 3 3 4 5]","2"
"30","0.3","10","0.7","10","9","3","50","true","true","0.1","0.03","2","10","23","30","[2 2 2 2 2 2 2 2 2 2 2 2 2 2 2 2 2 2 2 2 2 2 2 2 2 2 2 2 2 2 2 2 2 2 2 2 2 2 2 2 2 3 3 3 3 4 5]","2"
"30","0.3","10","0.7","10","9","3","50","true","true","0.1","0.03","2","10","24","30","[2 2 2 2 2 2 2 2 2 2 2 2 2 2 2 2 2 2 2 2 2 2 2 2 2 2 2 2 2 2 2 2 2 2 2 2 2 2 2 2 2 3 3 3 3 4 5]","2"
"30","0.3","10","0.7","10","9","3","50","true","true","0.1","0.03","2","10","25","30","[2 2 2 2 2 2 2 2 2 2 2 2 2 2 2 2 2 2 2 2 2 2 2 2 2 2 2 2 2 2 2 2 2 2 2 2 2 2 2 2 2 3 3 3 3 4 5]","2"
"30","0.3","10","0.7","10","9","3","50","true","true","0.1","0.03","2","10","26","30","[2 2 2 2 2 2 2 2 2 2 2 2 2 2 2 2 2 2 2 2 2 2 2 2 2 2 2 2 2 2 2 2 2 2 2 2 2 2 2 2 2 3 3 3 3 4 5]","2"
"30","0.3","10","0.7","10","9","3","50","true","true","0.1","0.03","2","10","27","30","[2 2 2 2 2 2 2 2 2 2 2 2 2 2 2 2 2 2 2 2 2 2 2 2 2 2 2 2 2 2 2 2 2 2 2 2 2 2 2 2 2 2 2 2 3 3 3 3 3 4 5]","2"
"30","0.3","10","0.7","10","9","3","50","true","true","0.1","0.03","2","10","28","30","[2 2 2 2 2 2 2 2 2 2 2 2 2 2 2 2 2 2 2 2 2 2 2 2 2 2 2 2 2 2 2 2 2 2 2 2 2 2 2 2 2 2 2 2 2 3 3 3 3 3 4 5]","2"
"30","0.3","10","0.7","10","9","3","50","true","true","0.1","0.03","2","10","29","30","[2 2 2 2 2 2 2 2 2 2 2 2 2 2 2 2 2 2 2 2 2 2 2 2 2 2 2 2 2 2 2 2 2 2 2 2 2 2 2 2 2 2 2 2 2 2 3 3 3 3 3 4 5]","2"
"30","0.3","10","0.7","10","9","3","50","true","true","0.1","0.03","2","10","30","30","[2 2 2 2 2 2 2 2 2 2 2 2 2 2 2 2 2 2 2 2 2 2 2 2 2 2 2 2 2 2 2 2 2 2 2 2 2 2 2 2 2 2 2 2 2 2 2 2 3 3 3 3 3 4 5]","2"
"30","0.3","10","0.7","10","9","3","50","true","true","0.1","0.03","2","10","31","30","[2 2 2 2 2 2 2 2 2 2 2 2 2 2 2 2 2 2 2 2 2 2 2 2 2 2 2 2 2 2 2 2 2 2 2 2 2 2 2 2 2 2 2 2 2 2 2 2 3 3 3 3 3 4 5]","2"
"30","0.3","10","0.7","10","9","3","50","true","true","0.1","0.03","2","10","32","30","[2 2 2 2 2 2 2 2 2 2 2 2 2 2 2 2 2 2 2 2 2 2 2 2 2 2 2 2 2 2 2 2 2 2 2 2 2 2 2 2 2 2 2 2 2 2 2 2 2 2 3 3 3 3 3 4 5]","2"
"30","0.3","10","0.7","10","9","3","50","true","true","0.1","0.03","2","10","33","30","[2 2 2 2 2 2 2 2 2 2 2 2 2 2 2 2 2 2 2 2 2 2 2 2 2 2 2 2 2 2 2 2 2 2 2 2 2 2 2 2 2 2 2 2 2 2 2 2 2 3 3 3 3 3 4 4 5]","2"
"30","0.3","10","0.7","10","9","3","50","true","true","0.1","0.03","2","10","34","30","[2 2 2 2 2 2 2 2 2 2 2 2 2 2 2 2 2 2 2 2 2 2 2 2 2 2 2 2 2 2 2 2 2 2 2 2 2 2 2 2 2 2 2 2 2 2 2 2 2 2 3 3 3 3 3 4 4 5]","2"
"30","0.3","10","0.7","10","9","3","50","true","true","0.1","0.03","2","10","35","30","[2 2 2 2 2 2 2 2 2 2 2 2 2 2 2 2 2 2 2 2 2 2 2 2 2 2 2 2 2 2 2 2 2 2 2 2 2 2 2 2 2 2 2 2 2 2 2 2 2 2 2 2 3 3 3 3 3 3 4 4 5]","2"
"30","0.3","10","0.7","10","9","3","50","true","true","0.1","0.03","2","10","36","30","[2 2 2 2 2 2 2 2 2 2 2 2 2 2 2 2 2 2 2 2 2 2 2 2 2 2 2 2 2 2 2 2 2 2 2 2 2 2 2 2 2 2 2 2 2 2 2 2 2 2 2 2 2 2 3 3 3 3 3 3 4 4 5]","2"
"30","0.3","10","0.7","10","9","3","50","true","true","0.1","0.03","2","10","37","30","[2 2 2 2 2 2 2 2 2 2 2 2 2 2 2 2 2 2 2 2 2 2 2 2 2 2 2 2 2 2 2 2 2 2 2 2 2 2 2 2 2 2 2 2 2 2 2 2 2 2 2 2 2 2 2 2 3 3 3 3 3 3 4 4 5]","2"
"30","0.3","10","0.7","10","9","3","50","true","true","0.1","0.03","2","10","38","30","[2 2 2 2 2 2 2 2 2 2 2 2 2 2 2 2 2 2 2 2 2 2 2 2 2 2 2 2 2 2 2 2 2 2 2 2 2 2 2 2 2 2 2 2 2 2 2 2 2 2 2 2 2 2 2 2 2 2 2 2 3 3 3 3 3 3 4 4 5]","2"
"30","0.3","10","0.7","10","9","3","50","true","true","0.1","0.03","2","10","39","30","[2 2 2 2 2 2 2 2 2 2 2 2 2 2 2 2 2 2 2 2 2 2 2 2 2 2 2 2 2 2 2 2 2 2 2 2 2 2 2 2 2 2 2 2 2 2 2 2 2 2 2 2 2 2 2 2 2 2 2 3 3 3 3 3 3 3 4 5]","2"
"30","0.3","10","0.7","10","9","3","50","true","true","0.1","0.03","2","10","40","30","[2 2 2 2 2 2 2 2 2 2 2 2 2 2 2 2 2 2 2 2 2 2 2 2 2 2 2 2 2 2 2 2 2 2 2 2 2 2 2 2 2 2 2 2 2 2 2 2 2 2 2 2 2 2 2 2 2 2 2 2 2 3 3 3 3 3 3 3 4 4 5]","2"
"30","0.3","10","0.7","10","9","3","50","true","true","0.1","0.03","2","10","41","30","[2 2 2 2 2 2 2 2 2 2 2 2 2 2 2 2 2 2 2 2 2 2 2 2 2 2 2 2 2 2 2 2 2 2 2 2 2 2 2 2 2 2 2 2 2 2 2 2 2 2 2 2 2 2 2 2 2 2 2 2 2 2 2 3 3 3 3 3 3 3 4 4 5]","2"
"30","0.3","10","0.7","10","9","3","50","true","true","0.1","0.03","2","10","42","30","[2 2 2 2 2 2 2 2 2 2 2 2 2 2 2 2 2 2 2 2 2 2 2 2 2 2 2 2 2 2 2 2 2 2 2 2 2 2 2 2 2 2 2 2 2 2 2 2 2 2 2 2 2 2 2 2 2 2 2 2 2 2 2 2 2 2 3 3 3 3 3 3 3 4 4 5]","2"
"30","0.3","10","0.7","10","9","3","50","true","true","0.1","0.03","2","10","43","30","[2 2 2 2 2 2 2 2 2 2 2 2 2 2 2 2 2 2 2 2 2 2 2 2 2 2 2 2 2 2 2 2 2 2 2 2 2 2 2 2 2 2 2 2 2 2 2 2 2 2 2 2 2 2 2 2 2 2 2 2 2 2 2 2 2 2 2 2 2 2 2 3 3 3 3 3 3 4 4 5]","2"
"30","0.3","10","0.7","10","9","3","50","true","true","0.1","0.03","2","10","44","30","[2 2 2 2 2 2 2 2 2 2 2 2 2 2 2 2 2 2 2 2 2 2 2 2 2 2 2 2 2 2 2 2 2 2 2 2 2 2 2 2 2 2 2 2 2 2 2 2 2 2 2 2 2 2 2 2 2 2 2 2 2 2 2 2 2 2 2 2 2 2 2 2 2 2 2 3 3 3 3 3 4 4 5]","2"
"30","0.3","10","0.7","10","9","3","50","true","true","0.1","0.03","2","10","45","30","[2 2 2 2 2 2 2 2 2 2 2 2 2 2 2 2 2 2 2 2 2 2 2 2 2 2 2 2 2 2 2 2 2 2 2 2 2 2 2 2 2 2 2 2 2 2 2 2 2 2 2 2 2 2 2 2 2 2 2 2 2 2 2 2 2 2 2 2 2 2 2 2 2 2 2 2 2 2 3 3 3 3 3 4 4 5]","2"
"30","0.3","10","0.7","10","9","3","50","true","true","0.1","0.03","2","10","46","30","[2 2 2 2 2 2 2 2 2 2 2 2 2 2 2 2 2 2 2 2 2 2 2 2 2 2 2 2 2 2 2 2 2 2 2 2 2 2 2 2 2 2 2 2 2 2 2 2 2 2 2 2 2 2 2 2 2 2 2 2 2 2 2 2 2 2 2 2 2 2 2 2 2 2 2 2 2 2 2 3 3 3 3 3 3 4 4 5]","2"
"30","0.3","10","0.7","10","9","3","50","true","true","0.1","0.03","2","10","47","30","[2 2 2 2 2 2 2 2 2 2 2 2 2 2 2 2 2 2 2 2 2 2 2 2 2 2 2 2 2 2 2 2 2 2 2 2 2 2 2 2 2 2 2 2 2 2 2 2 2 2 2 2 2 2 2 2 2 2 2 2 2 2 2 2 2 2 2 2 2 2 2 2 2 2 2 2 2 2 2 2 2 3 3 3 3 3 3 3 4 4 5]","2"
"30","0.3","10","0.7","10","9","3","50","true","true","0.1","0.03","2","10","48","30","[2 2 2 2 2 2 2 2 2 2 2 2 2 2 2 2 2 2 2 2 2 2 2 2 2 2 2 2 2 2 2 2 2 2 2 2 2 2 2 2 2 2 2 2 2 2 2 2 2 2 2 2 2 2 2 2 2 2 2 2 2 2 2 2 2 2 2 2 2 2 2 2 2 2 2 2 2 2 2 2 2 2 2 2 2 2 3 3 3 3 3 3 3 4 4 5]","2"
"30","0.3","10","0.7","10","9","3","50","true","true","0.1","0.03","2","10","49","30","[2 2 2 2 2 2 2 2 2 2 2 2 2 2 2 2 2 2 2 2 2 2 2 2 2 2 2 2 2 2 2 2 2 2 2 2 2 2 2 2 2 2 2 2 2 2 2 2 2 2 2 2 2 2 2 2 2 2 2 2 2 2 2 2 2 2 2 2 2 2 2 2 2 2 2 2 2 2 2 2 2 2 2 2 2 2 2 2 3 3 3 3 3 3 3 4 4 5]","2"
"30","0.3","10","0.7","10","9","3","50","true","true","0.1","0.03","2","10","50","30","[2 2 2 2 2 2 2 2 2 2 2 2 2 2 2 2 2 2 2 2 2 2 2 2 2 2 2 2 2 2 2 2 2 2 2 2 2 2 2 2 2 2 2 2 2 2 2 2 2 2 2 2 2 2 2 2 2 2 2 2 2 2 2 2 2 2 2 2 2 2 2 2 2 2 2 2 2 2 2 2 2 2 2 2 2 2 2 2 2 2 2 3 3 3 3 3 3 3 4 4 5]","2"
